source,target,classifier,strategy,run_type,budget,macro_f1,macro_f1_sd,recovery,n_seeds,rec_lo,rec_hi
books,clothing,logreg,random,target_only,50,0.7814726182146101,0.01598620931841221,-0.926410243644213,5,-1.0828207428067629,-0.744066568918295
books,clothing,logreg,random,target_only,100,0.8128024417099085,0.028153819700084393,-0.4931305196710305,5,-0.8072113866348003,-0.249462169438652
books,clothing,logreg,random,target_only,250,0.8650883788344593,0.007699277100908629,0.22996440642724444,5,0.14724464443303645,0.3071549568003465
books,clothing,logreg,random,target_only,500,0.8917012083030127,0.004358161613136858,0.5980098698180806,5,0.551692760472808,0.642949023551098
books,clothing,logreg,random,target_only,1000,0.908112481787063,0.003190988806990864,0.8249716350602269,5,0.7920209649938013,0.8579855843978004
books,clothing,logreg,random,target_only,2000,0.9190871256034029,0.0076461236700475395,0.9767468483537641,5,0.8864439266538866,1.0653419261439923
books,clothing,logreg,random,transfer,50,0.8572587220498085,0.008513487197537346,0.1216831857887862,5,0.029115956791143392,0.2087626669377003
books,clothing,logreg,random,transfer,100,0.8662387196190012,0.013644558347414557,0.24587318860331386,5,0.08824922436186582,0.3586155244797459
books,clothing,logreg,random,transfer,250,0.882847156370102,0.0032314112015665174,0.47556164797886485,5,0.4402123206696672,0.5093396133392243
books,clothing,logreg,random,transfer,500,0.8942820298519155,0.005044521077696144,0.633701665161278,5,0.5704737888976844,0.6760297120851038
books,clothing,logreg,random,transfer,1000,0.9106816852145443,0.005163777103644779,0.860502756135871,5,0.8009791977882126,0.9088836049608332
books,clothing,logreg,random,transfer,2000,0.9228533541882129,0.0034953736623564704,1.0288323789949192,5,0.9858494289837637,1.0617583139924818
books,clothing,logreg,self_training,target_only,50,0.7611422914111671,0.10214269482371124,-1.2075710483644293,5,-2.4251909142502317,-0.2456802410051976
books,clothing,logreg,self_training,target_only,100,0.785044762927517,0.08480124189299663,-0.8770088202549994,5,-1.885751547009757,-0.08427153794922224
books,clothing,logreg,self_training,target_only,250,0.8597224249907892,0.021482353130610376,0.1557552746526215,5,-0.09373554066258526,0.3638083167036425
books,clothing,logreg,self_training,target_only,500,0.885355749471503,0.016264819419086148,0.510254550947157,5,0.33324652350401224,0.6850609003566078
books,clothing,logreg,self_training,target_only,1000,0.9048996116381438,0.005612143648858828,0.7805388443203019,5,0.7179029544988074,0.8335286151933999
books,clothing,logreg,self_training,target_only,2000,0.9164399632716776,0.007897565131514996,0.9401375848328792,5,0.8518704987989759,1.0250359722642286
books,clothing,logreg,self_training,transfer,50,0.8695246251451614,0.013020295718126473,0.2913160312541933,5,0.15365308228984825,0.42897898021853836
books,clothing,logreg,self_training,transfer,100,0.8728404112678978,0.014273909163174024,0.3371721113635786,5,0.17412866051666154,0.4608536261324406
books,clothing,logreg,self_training,transfer,250,0.8890356332553211,0.003641720844545844,0.5611459653320907,5,0.5221021159102,0.5972963577239527
books,clothing,logreg,self_training,transfer,500,0.8958816266494699,0.006882498215146551,0.6558234897230004,5,0.5688704334021966,0.7224474431409144
books,clothing,logreg,self_training,transfer,1000,0.9107593704209351,0.0037673081675824623,0.8615771134423188,5,0.8165063324913204,0.8987414829868106
books,clothing,logreg,self_training,transfer,2000,0.9226904515820115,0.004128800527432975,1.0265794969683089,5,0.9748112672676263,1.0651237878563076
books,clothing,logreg,uncertainty,target_only,50,0.703669705034942,0.027006635792118854,-2.0023953908907384,5,-2.316499134011754,-1.7636279546601075
books,clothing,logreg,uncertainty,target_only,100,0.6744208192407642,0.0279251205059642,-2.4068965258979738,5,-2.7081292597930497,-2.1344484400563095
books,clothing,logreg,uncertainty,target_only,250,0.7222369431377192,0.01360546661507592,-1.7456174425143938,5,-1.8826002860916098,-1.6102712391889789
books,clothing,logreg,uncertainty,target_only,500,0.7976914605126736,0.010465225176964778,-0.7021097296268224,5,-0.8055120138509757,-0.5888348465875909
books,clothing,logreg,uncertainty,target_only,1000,0.9018170055610064,0.00562836507094842,0.7379075569011248,5,0.6846588611077066,0.8075768177813536
books,clothing,logreg,uncertainty,target_only,2000,0.9190871256034029,0.0076461236700475395,0.9767468483537641,5,0.8864439266538866,1.0653419261439923
books,clothing,logreg,uncertainty,transfer,50,0.8634086814924515,0.007109957691038024,0.20673482133836316,5,0.13213539833828286,0.28028879053727457
books,clothing,logreg,uncertainty,transfer,100,0.875638180662883,0.004118104801899515,0.3758642141576389,5,0.32932036159181116,0.4180526956728996
books,clothing,logreg,uncertainty,transfer,250,0.8944643824796632,0.0029786438822722787,0.6362235337006328,5,0.599842312700466,0.6638374943727803
books,clothing,logreg,uncertainty,transfer,500,0.9049295343009531,0.005168415593808736,0.7809526635390549,5,0.722597043407432,0.8328710675114925
books,clothing,logreg,uncertainty,transfer,1000,0.9170932843590162,0.0023382983528874453,0.9491727707614052,5,0.9195136503513753,0.9699607629885969
books,clothing,logreg,uncertainty,transfer,2000,0.9228533541882129,0.0034953736623564704,1.0288323789949192,5,0.9858494289837637,1.0617583139924818
books,clothing,svm,random,target_only,50,0.7536649635247917,0.03288138002932336,-1.385053577608978,5,-1.7995963059322002,-1.063139359987732
books,clothing,svm,random,target_only,100,0.8155536052741283,0.02497713076167325,-0.498754167782121,5,-0.8103409067849917,-0.2502511032845406
books,clothing,svm,random,target_only,250,0.8651781974121479,0.01100938417569285,0.21191333891423764,5,0.0882291275521654,0.3355975502763099
books,clothing,svm,random,target_only,500,0.8902583138558734,0.0056893234884350585,0.5710825139705172,5,0.49728960692387003,0.6257488044562579
books,clothing,svm,random,target_only,1000,0.9052327343181077,0.0050579448624349516,0.7855292952059403,5,0.7292997503707647,0.8417588400411159
books,clothing,svm,random,target_only,2000,0.9181276156998168,0.006486137992555786,0.9701952603225296,5,0.8892965359400249,1.0370334775253576
books,clothing,svm,random,transfer,50,0.8629052210710885,0.005755126570709085,0.17936233225633216,5,0.11964328635975863,0.23746604235417368
books,clothing,svm,random,transfer,100,0.8717110117503293,0.005960100444304891,0.3054689466764767,5,0.23409448563397853,0.3647596651713701
books,clothing,svm,random,transfer,250,0.8832733651460272,0.0020710252737774393,0.47105194706485365,5,0.4500604538863464,0.4959732899613781
books,clothing,svm,random,transfer,500,0.8941987028544517,0.005889399598239912,0.6275123263757245,5,0.5567865460117446,0.6863980379954937
books,clothing,svm,random,transfer,1000,0.9104449724319055,0.005754795324910738,0.8601730979063866,5,0.7918298464736085,0.9217926375434453
books,clothing,svm,random,transfer,2000,0.9204548439273392,0.004322011473145862,1.0035232013838256,5,0.9486911878262673,1.048042336109021
books,clothing,svm,self_training,target_only,50,0.6706092475147267,0.14793909161014665,-2.574483980373583,5,-4.160869502253729,-0.9425784584723699
books,clothing,svm,self_training,target_only,100,0.7694509005926365,0.13184374603442295,-1.1589851697182092,5,-2.8322803514514985,0.07155735876853925
books,clothing,svm,self_training,target_only,250,0.8676579140995389,0.011294713345419934,0.24742504792013112,5,0.12070025027807374,0.3727020462385159
books,clothing,svm,self_training,target_only,500,0.8930282028027863,0.010404243399065814,0.6107497431993936,5,0.47769788412654757,0.7105889212841593
books,clothing,svm,self_training,target_only,1000,0.902022262577216,0.012059207123984289,0.7395525355164511,5,0.5854656202057649,0.8433778127644217
books,clothing,svm,self_training,target_only,2000,0.9173996046603342,0.007920312080096368,0.9597695063165826,5,0.8593651488153247,1.038042184026662
books,clothing,svm,self_training,transfer,50,0.8689531516565939,0.0076919807761438065,0.26597398113235204,5,0.1801750160237988,0.34657083325056776
books,clothing,svm,self_training,transfer,100,0.8771523577323954,0.006174288544186392,0.38339377417716547,5,0.31726440198238554,0.4508637809736221
books,clothing,svm,self_training,transfer,250,0.8875978002470075,0.0031660614374360795,0.5329816351222681,5,0.5028794016020248,0.5714854723400897
books,clothing,svm,self_training,transfer,500,0.8950731313586997,0.005835048437660865,0.6400349063733575,5,0.578483094443934,0.7011713046549019
books,clothing,svm,self_training,transfer,1000,0.910440420313955,0.005413280722390568,0.8601079076010418,5,0.797601058912427,0.919190126513009
books,clothing,svm,self_training,transfer,2000,0.9206897772618479,0.004611085236484672,1.0068876519491978,5,0.9510555927386438,1.0571253059698749
books,clothing,svm,uncertainty,target_only,50,0.6754632235090334,0.07025920103218862,-2.504970804167646,5,-3.2934879147668843,-1.7335381722283203
books,clothing,svm,uncertainty,target_only,100,0.6950702897292396,0.06796851606486733,-2.224180489043447,5,-2.963089078234403,-1.5020409385016966
books,clothing,svm,uncertainty,target_only,250,0.7557845688057763,0.020334132943010234,-1.3546989785015817,5,-1.5689172569952268,-1.1117504171855184
books,clothing,svm,uncertainty,target_only,500,0.8360679291394819,0.014891650926071738,-0.2049711306862267,5,-0.35867784606923414,-0.04351038849047324
books,clothing,svm,uncertainty,target_only,1000,0.9082150636094004,0.004488467875183729,0.8282388557338287,5,0.7780789131611854,0.8776523262733452
books,clothing,svm,uncertainty,target_only,2000,0.9181276156998168,0.006486137992555786,0.9701952603225296,5,0.8892965359400249,1.0370334775253576
books,clothing,svm,uncertainty,transfer,50,0.8654792516233083,0.0041878395269246,0.21622469819011406,5,0.17049269058387417,0.2619567057963539
books,clothing,svm,uncertainty,transfer,100,0.8772366144762962,0.0019490962119861049,0.3846004043484281,5,0.3613899621618756,0.40511908990836343
books,clothing,svm,uncertainty,transfer,250,0.8934156234034921,0.005156003021020278,0.6162979446149485,5,0.5566420020384243,0.6665813983157535
books,clothing,svm,uncertainty,transfer,500,0.9059624663911482,0.0035037185163782733,0.7959796959157681,5,0.759145776633652,0.8351415171071175
books,clothing,svm,uncertainty,transfer,1000,0.9179681262702356,0.005444229146321235,0.9679112323762734,5,0.9085027821670575,1.0250104236425504
books,clothing,svm,uncertainty,transfer,2000,0.9204548439273392,0.004322011473145862,1.0035232013838256,5,0.9486911878262673,1.048042336109021
books,electronics,logreg,random,target_only,50,0.7454035259326033,0.026642176500909658,-0.965306155328585,5,-1.2134129665598394,-0.7316073014840527
books,electronics,logreg,random,target_only,100,0.7853168081654704,0.019175050051343484,-0.48466160561815175,5,-0.6650957248768842,-0.3113313848332305
books,electronics,logreg,random,target_only,250,0.8450603664975128,0.0042759905226045225,0.2347835035329419,5,0.1900829323831137,0.2711342433732278
books,electronics,logreg,random,target_only,500,0.8717541969444849,0.003943524981428664,0.5562364985629077,5,0.5215907251176619,0.5950983218113646
books,electronics,logreg,random,target_only,1000,0.8938909135296156,0.005764892220229178,0.8228117231473215,5,0.7700159842220632,0.8758812286033149
books,electronics,logreg,random,target_only,2000,0.9081243880819247,0.005813948464765795,0.9942143636792503,5,0.9470682045639377,1.0523589151625683
books,electronics,logreg,random,transfer,50,0.8397839545997419,0.013334438998954683,0.17124378745811275,5,0.017506360793218833,0.2741874273798945
books,electronics,logreg,random,transfer,100,0.8504477288092683,0.012420883455978474,0.299659308969169,5,0.16714848777425334,0.40601356453197857
books,electronics,logreg,random,transfer,250,0.8689501781327473,0.008223670380777636,0.5224698854519144,5,0.4372740986288928,0.5942123950901634
books,electronics,logreg,random,transfer,500,0.884407915185799,0.005491319842853005,0.7086153650959875,5,0.6556652285381592,0.7639910429821006
books,electronics,logreg,random,transfer,1000,0.8989425317127075,0.005250576934241899,0.8836444237194107,5,0.836516890887426,0.9327321569667569
books,electronics,logreg,random,transfer,2000,0.9107808213149824,0.007578091198012918,1.026203718693693,5,0.9559812937408931,1.093755367858103
books,electronics,logreg,self_training,target_only,50,0.7157200830699236,0.05607960206022037,-1.322760722591398,5,-1.880056601266085,-0.8195299258778679
books,electronics,logreg,self_training,target_only,100,0.7746805931077337,0.04562815448575851,-0.6127452537436738,5,-1.0341305608012084,-0.19135994668613945
books,electronics,logreg,self_training,target_only,250,0.844140370979251,0.005414588349784393,0.22370471454659174,5,0.17179054620355666,0.27609933633284617
books,electronics,logreg,self_training,target_only,500,0.8577932134621203,0.03289922673396947,0.38811525560809573,5,0.08078653816278455,0.6635099754562922
books,electronics,logreg,self_training,target_only,1000,0.8922147951178474,0.0022196380451304397,0.802627535473016,5,0.7825328128568065,0.8235195772524598
books,electronics,logreg,self_training,target_only,2000,0.9063762626094451,0.006357590649900985,0.9731630510947552,5,0.9238453525841527,1.0350566576059657
books,electronics,logreg,self_training,transfer,50,0.8464735348042712,0.016049726402056,0.25180118803465873,5,0.08975592588028705,0.3916955149299055
books,electronics,logreg,self_training,transfer,100,0.8605087985888644,0.012918923378537825,0.4208169307755032,5,0.29688499511411603,0.5367920701483004
books,electronics,logreg,self_training,transfer,250,0.8773528347057544,0.006444722519186975,0.6236565295705642,5,0.5526897395739406,0.6687275931039081
books,electronics,logreg,self_training,transfer,500,0.8886513574824122,0.006078780346303636,0.7597158333556056,5,0.6896703131826512,0.8067316369749176
books,electronics,logreg,self_training,transfer,1000,0.9003775329729644,0.005474751743018213,0.9009250254636114,5,0.8458107344242929,0.9509637135390611
books,electronics,logreg,self_training,transfer,2000,0.9115811518433139,0.007215304347987322,1.0358414754726293,5,0.9675344129161759,1.0994724067864863
books,electronics,logreg,uncertainty,target_only,50,0.701161113073943,0.05897928794563716,-1.49808305106188,5,-2.1456972571201582,-1.0152720522509884
books,electronics,logreg,uncertainty,target_only,100,0.6459203515026759,0.057385012862073745,-2.1633044882810717,5,-2.7300805367451195,-1.6788437156761962
books,electronics,logreg,uncertainty,target_only,250,0.7142551884742572,0.022078792230494786,-1.3404013064752143,5,-1.534194919148847,-1.1466076938015815
books,electronics,logreg,uncertainty,target_only,500,0.7889143402351696,0.009935778460653657,-0.4413393308019383,5,-0.5220399079046237,-0.3436974903688048
books,electronics,logreg,uncertainty,target_only,1000,0.88315007387639,0.005471856816559076,0.693468162562233,5,0.6468024502323048,0.7444289246691705
books,electronics,logreg,uncertainty,target_only,2000,0.9081243880819247,0.005813948464765795,0.9942143636792503,5,0.9470682045639377,1.0523589151625683
books,electronics,logreg,uncertainty,transfer,50,0.8415837406941353,0.007219811805906197,0.19291720864827822,5,0.12395157493235351,0.2587491786116777
books,electronics,logreg,uncertainty,transfer,100,0.8569682871458429,0.00561062199977049,0.37818131092476426,5,0.31610256314453256,0.4218477655784961
books,electronics,logreg,uncertainty,transfer,250,0.8794680337221171,0.00417957651803514,0.6491282227486923,5,0.6049976627348785,0.6871380759102921
books,electronics,logreg,uncertainty,transfer,500,0.8950946471897918,0.008897380679833703,0.8373073494326061,5,0.7438036872746154,0.9124431093769529
books,electronics,logreg,uncertainty,transfer,1000,0.9056577037096238,0.008224113577328822,0.9645100063055526,5,0.8884736563714115,1.0397492888008337
books,electronics,logreg,uncertainty,transfer,2000,0.9107808213149824,0.007578091198012918,1.026203718693693,5,0.9559812937408931,1.093755367858103
books,electronics,svm,random,target_only,50,0.7318354347254503,0.02142336657120996,-1.1784850729698428,5,-1.3630829746290178,-0.9661479420967144
books,electronics,svm,random,target_only,100,0.7836799025480027,0.019647916609141742,-0.5298562384610349,5,-0.7216386454429795,-0.3465975333223639
books,electronics,svm,random,target_only,250,0.8432443041831114,0.005061752050324314,0.21535708966167677,5,0.1657107986893031,0.2629927238138315
books,electronics,svm,random,target_only,500,0.8714943170122084,0.005045322158984742,0.5687944700763556,5,0.5218854796410444,0.615703460511667
books,electronics,svm,random,target_only,1000,0.8918167364348741,0.007107675740680122,0.8230493168931823,5,0.7540204544637321,0.8893389122417427
books,electronics,svm,random,target_only,2000,0.9071685998910043,0.006448395268211123,1.0151172793838006,5,0.9580838205353205,1.0781911114658604
books,electronics,svm,random,transfer,50,0.839442482013259,0.011238489465316808,0.16779229467754647,5,0.05491952906190119,0.2695804873208817
books,electronics,svm,random,transfer,100,0.8519605294863402,0.010292998009396183,0.3244062379546042,5,0.2103951871510575,0.41845896950600486
books,electronics,svm,random,transfer,250,0.8675956690696769,0.006359737131179768,0.5200182828121809,5,0.450345099603817,0.5787110103632069
books,electronics,svm,random,transfer,500,0.8816130772737372,0.0045083929679546044,0.6953908062095336,5,0.6550202333615497,0.7389121234744119
books,electronics,svm,random,transfer,1000,0.8966200438425096,0.00510828566405975,0.8831437457966805,5,0.8370396523952668,0.9362848751848551
books,electronics,svm,random,transfer,2000,0.9107006659577415,0.007072011983608702,1.0593071417258588,5,0.9871042535157635,1.1221454008432212
books,electronics,svm,self_training,target_only,50,0.6401542698077493,0.1040773112153247,-2.325512897626383,5,-3.2761663394082254,-1.3241449096473898
books,electronics,svm,self_training,target_only,100,0.7913823748149313,0.03662712815532091,-0.4334902071530419,5,-0.8071244057335136,-0.09890761851756873
books,electronics,svm,self_training,target_only,250,0.8493137581869312,0.011652968182386444,0.291292344510412,5,0.18013148503167015,0.40126995477774974
books,electronics,svm,self_training,target_only,500,0.8601138910738818,0.03237529215602177,0.426413369013544,5,0.1003347604554949,0.6939921879952594
books,electronics,svm,self_training,target_only,1000,0.8926960096990699,0.0036764866713191,0.8340499504520432,5,0.7952356046052083,0.8687012007068574
books,electronics,svm,self_training,target_only,2000,0.9060563702232948,0.0074854531632270365,1.0012021161393485,5,0.9339902743588991,1.0763754081771855
books,electronics,svm,self_training,transfer,50,0.8477122668815943,0.014525416313419852,0.2712560034602513,5,0.11717407615298037,0.4033119003511061
books,electronics,svm,self_training,transfer,100,0.8600591311092277,0.010296380868262933,0.4257282642464763,5,0.3152822967920944,0.5155150575367873
books,electronics,svm,self_training,transfer,250,0.8733567195094813,0.004962704402008816,0.592095084624607,5,0.5418365864256038,0.6365968929431244
books,electronics,svm,self_training,transfer,500,0.8845683793147856,0.005434537289280929,0.7323647438159057,5,0.6856501195758271,0.7882833988738593
books,electronics,svm,self_training,transfer,1000,0.8976582137742998,0.004489510324597962,0.8961323438315546,5,0.8609570162564001,0.9403550269141874
books,electronics,svm,self_training,transfer,2000,0.9103807113439014,0.006928273549311194,1.0553041729041686,5,0.9851047717310017,1.1171768070875778
books,electronics,svm,uncertainty,target_only,50,0.615069793995678,0.08304973825596557,-2.6393460797112516,5,-3.4473233783811166,-1.8986546723910795
books,electronics,svm,uncertainty,target_only,100,0.6717286510244579,0.061232338321563544,-1.930484171340149,5,-2.6096909683555043,-1.3873219247745574
books,electronics,svm,uncertainty,target_only,250,0.7463052521671516,0.01851704369854202,-0.9974524340605238,5,-1.1680575393037402,-0.8062911711081334
books,electronics,svm,uncertainty,target_only,500,0.8184856012354954,0.006357902938107017,-0.0944003311653173,5,-0.15737655351924396,-0.03379243626491617
books,electronics,svm,uncertainty,target_only,1000,0.8869998620887463,0.008425422666040319,0.7627851513162864,5,0.6891835419800438,0.8448662666208848
books,electronics,svm,uncertainty,target_only,2000,0.9071685998910043,0.006448395268211123,1.0151172793838006,5,0.9580838205353205,1.0781911114658604
books,electronics,svm,uncertainty,transfer,50,0.8437451665621364,0.009505753234706375,0.2216234049466203,5,0.11274495186221975,0.3015937956860636
books,electronics,svm,uncertainty,transfer,100,0.8548956904093515,0.008386778408143686,0.36112818898523064,5,0.2728259599107055,0.4322644503225894
books,electronics,svm,uncertainty,transfer,250,0.8803020700316656,0.006211111040671039,0.6789887263894063,5,0.6178923077427261,0.7470397561031092
books,electronics,svm,uncertainty,transfer,500,0.8951730788395684,0.0059472055916965205,0.8650406913561344,5,0.8080590654637716,0.9220223172484975
books,electronics,svm,uncertainty,transfer,1000,0.9010252011006361,0.003458798696946425,0.9382568974630507,5,0.8991181287799744,0.9673882792468735
books,electronics,svm,uncertainty,transfer,2000,0.9107006659577415,0.007072011983608702,1.0593071417258588,5,0.9871042535157635,1.1221454008432212
clothing,books,logreg,random,target_only,50,0.6791044938748871,0.04599056178805692,-1.120557016108867,5,-1.4569875299396848,-0.7983661756379582
clothing,books,logreg,random,target_only,100,0.7556078551394486,0.017190090229745998,-0.3981336077144225,5,-0.5252185063775169,-0.2870090024108233
clothing,books,logreg,random,target_only,250,0.8183819583141052,0.02645918394964604,0.19464402747357817,5,0.002422776321848938,0.40992387459151824
clothing,books,logreg,random,target_only,500,0.8610048023883138,0.01350498404702669,0.5971327519241518,5,0.49031025769008174,0.6931081731369696
clothing,books,logreg,random,target_only,1000,0.8877845298717292,0.004155848309840396,0.8500144774412897,5,0.8189900717662162,0.8795781172411502
clothing,books,logreg,random,target_only,2000,0.903908725788957,0.002884693473398159,1.002275716419549,5,0.9817679853651178,1.0227141653949636
clothing,books,logreg,random,transfer,50,0.8157792380551957,0.020090389056653845,0.17006646631209638,5,0.019968805273775647,0.3201641273504171
clothing,books,logreg,random,transfer,100,0.8267161999802013,0.016348684340189285,0.27334450770454566,5,0.15773945762522315,0.38830819021173496
clothing,books,logreg,random,transfer,250,0.8483365444043234,0.010737528905206512,0.47750603278476655,5,0.4018219010149872,0.5591966346585446
clothing,books,logreg,random,transfer,500,0.8722892889633457,0.008139253654658606,0.7036924784350472,5,0.6408098530236718,0.7614035708867137
clothing,books,logreg,random,transfer,1000,0.892306609637604,0.005651848414303776,0.8927166048183807,5,0.8552981022319699,0.9406888492565418
clothing,books,logreg,random,transfer,2000,0.9052652432989667,0.002689990414053376,1.0150853497079357,5,0.9954286185067523,1.0363039149322792
clothing,books,logreg,self_training,target_only,50,0.47864758762419485,0.06165982395566069,-3.0134772624368322,5,-3.4169973884079035,-2.5474924495335203
clothing,books,logreg,self_training,target_only,100,0.5878288962743936,0.10840759796373639,-1.982475070843196,5,-2.7343581837226325,-1.128448348644578
clothing,books,logreg,self_training,target_only,250,0.593862289949342,0.11304789396416436,-1.9255015633946975,5,-2.623275265278647,-0.9800457404912308
clothing,books,logreg,self_training,target_only,500,0.8173318597601227,0.07589871410485675,0.18472791707034159,5,-0.4546725143445009,0.5802571680318016
clothing,books,logreg,self_training,target_only,1000,0.8825141029966769,0.005520705082880374,0.8002456871053726,5,0.7598390714375922,0.840713553731901
clothing,books,logreg,self_training,target_only,2000,0.9021403601274006,0.004586992494793819,0.9855769893650417,5,0.9529727327880243,1.0174861329010434
clothing,books,logreg,self_training,transfer,50,0.7857160080737394,0.036095646302145,-0.11382146634283577,5,-0.38409554150716396,0.15645260882149245
clothing,books,logreg,self_training,transfer,100,0.8126855855340731,0.025742013055448158,0.14085301788636384,5,-0.042804126646820956,0.3268159607241074
clothing,books,logreg,self_training,transfer,250,0.8481156243534494,0.009075321629245547,0.47541987848387157,5,0.4128747506359506,0.5403121265256108
clothing,books,logreg,self_training,transfer,500,0.8745008225426988,0.006587328030564348,0.7245760526959222,5,0.6722596666017131,0.7649962137100924
clothing,books,logreg,self_training,transfer,1000,0.8931052970049157,0.006141368673216017,0.9002586322613256,5,0.8611826696427604,0.9498400749133934
clothing,books,logreg,self_training,transfer,2000,0.9058232806613462,0.0028169561801087628,1.0203549123347015,5,1.003006878932418,1.0438751374048736
clothing,books,logreg,uncertainty,target_only,50,0.6758378153923725,0.027176323493952537,-1.151404353591282,5,-1.3429900194570057,-0.9598186877255579
clothing,books,logreg,uncertainty,target_only,100,0.6953653616544281,0.028493662842764274,-0.9670051808617413,5,-1.1766594386881848,-0.7781785551478292
clothing,books,logreg,uncertainty,target_only,250,0.7076254790531383,0.022303885057965406,-0.8512325448351579,5,-1.0208245420290187,-0.6944479179011227
clothing,books,logreg,uncertainty,target_only,500,0.7417403784204931,0.03350445568115588,-0.52908458335187,5,-0.7626741105042942,-0.28293890258890836
clothing,books,logreg,uncertainty,target_only,1000,0.8668932596015354,0.0101095079686135,0.6527376202573154,5,0.5777561248504376,0.7250286229891882
clothing,books,logreg,uncertainty,target_only,2000,0.903908725788957,0.002884693473398159,1.002275716419549,5,0.9817679853651178,1.0227141653949636
clothing,books,logreg,uncertainty,transfer,50,0.8271580452687942,0.010405874800040855,0.27751686528586034,5,0.2035613696559387,0.3534239878135836
clothing,books,logreg,uncertainty,transfer,100,0.8446824466896029,0.008391461558033218,0.4430002845138413,5,0.37995221945228735,0.5020797035213315
clothing,books,logreg,uncertainty,transfer,250,0.8691050424048405,0.003142690956853395,0.6736235479470334,5,0.6509045044994268,0.6962734495792788
clothing,books,logreg,uncertainty,transfer,500,0.8855084171240544,0.002704639874699408,0.8285210802638903,5,0.8081092194089121,0.8459669570631163
clothing,books,logreg,uncertainty,transfer,1000,0.9002960568239697,0.004837351308291851,0.9681611810063726,5,0.9308636370616968,1.003055943811833
clothing,books,logreg,uncertainty,transfer,2000,0.9052652432989667,0.002689990414053376,1.0150853497079357,5,0.9954286185067523,1.0363039149322792
clothing,books,svm,random,target_only,50,0.6200709823394777,0.08468420676674902,-1.8122557157688164,5,-2.4377642027888955,-1.1108206266333531
clothing,books,svm,random,target_only,100,0.7361117111198092,0.04382962426493671,-0.6631750904490866,5,-0.9868917936679923,-0.3483995727146213
clothing,books,svm,random,target_only,250,0.8228840819705369,0.014672121568416773,0.19607882156641257,5,0.0873972160596445,0.3015678977374849
clothing,books,svm,random,target_only,500,0.8654021630829847,0.007859920796192438,0.6171094695604762,5,0.5697691185095421,0.6896220954926228
clothing,books,svm,random,target_only,1000,0.8844749294770022,0.006282222438615594,0.8059754527800627,5,0.752198863102072,0.8444897525955473
clothing,books,svm,random,target_only,2000,0.9019846624479901,0.0050959150749064815,0.9793636684777802,5,0.9398432714648555,1.015902228599124
clothing,books,svm,random,transfer,50,0.8200461703913675,0.018910956556408755,0.16797671253737184,5,0.029537871092658246,0.32127295499474545
clothing,books,svm,random,transfer,100,0.8319034773244176,0.015549531671346777,0.28539239760282764,5,0.17041913112524631,0.4003656640804089
clothing,books,svm,random,transfer,250,0.8505372534914756,0.008592462589449667,0.46991132811250774,5,0.40231694595942924,0.5375057102655864
clothing,books,svm,random,transfer,500,0.8733729950146376,0.008133006382614147,0.6960397609901399,5,0.6350528656497768,0.7570266563305029
clothing,books,svm,random,transfer,1000,0.8901722285137346,0.0017387735143642316,0.8623923333751087,5,0.8491542798310172,0.8758759628104315
clothing,books,svm,random,transfer,2000,0.9047093981925031,0.002912016231028043,1.0063450661822253,5,0.9808913654309608,1.0277480252764835
clothing,books,svm,self_training,target_only,50,0.5137012399805503,0.17359929999132145,-2.865570455770791,5,-4.0165496912950776,-1.3257631124294216
clothing,books,svm,self_training,target_only,100,0.511276182660338,0.043482689411446285,-2.889584320654566,5,-3.2294062928811575,-2.60888321782539
clothing,books,svm,self_training,target_only,250,0.6868159753333849,0.13052329471138754,-1.1513207225770172,5,-2.1211359526017723,-0.12022339033447502
clothing,books,svm,self_training,target_only,500,0.8700917539943912,0.007162903050016924,0.6635476306579807,5,0.6139948768768505,0.7252903087382265
clothing,books,svm,self_training,target_only,1000,0.8759298729950981,0.025584327172710475,0.7213589655447373,5,0.4955903221308676,0.8600997651743889
clothing,books,svm,self_training,target_only,2000,0.9027857444398153,0.004909872461103882,0.9872962952871243,5,0.9483051825942027,1.024535003883492
clothing,books,svm,self_training,transfer,50,0.816891609363253,0.030963352164389724,0.13673901697224985,5,-0.09847897036530659,0.37631866548055265
clothing,books,svm,self_training,transfer,100,0.8316797955899075,0.02262814276312844,0.2831774136910139,5,0.11594780455817573,0.4504070228238521
clothing,books,svm,self_training,transfer,250,0.8571691586154682,0.007410273526662247,0.5355830432683527,5,0.4781512006644334,0.5930148858722719
clothing,books,svm,self_training,transfer,500,0.876983519646549,0.0065839651689207045,0.7317925862729157,5,0.6836309861840718,0.7799541863617595
clothing,books,svm,self_training,transfer,1000,0.8910524699899589,0.002303491619720744,0.8711088283210074,5,0.8543948782395603,0.8878245301939965
clothing,books,svm,self_training,transfer,2000,0.9046280213529523,0.0024341380177304475,1.0055392409287958,5,0.9879879962985945,1.02462935974251
clothing,books,svm,uncertainty,target_only,50,0.6394073396125203,0.052147418822925555,-1.6207795526987379,5,-1.99360459092067,-1.222006705132485
clothing,books,svm,uncertainty,target_only,100,0.6263828722193139,0.029786613141419133,-1.7497529165680166,5,-2.0154294126361014,-1.5251458101073907
clothing,books,svm,uncertainty,target_only,250,0.7112029083686181,0.05628121037752431,-0.9098317854056243,5,-1.330093674635227,-0.47420007245419205
clothing,books,svm,uncertainty,target_only,500,0.7928488770536409,0.01613713951548093,-0.10134151015906967,5,-0.22238054928641443,0.028704039174309408
clothing,books,svm,uncertainty,target_only,1000,0.8803793606861545,0.0056367465717274134,0.7654195307629236,5,0.7233799337380852,0.8089118886278699
clothing,books,svm,uncertainty,target_only,2000,0.9019846624479901,0.0050959150749064815,0.9793636684777802,5,0.9398432714648555,1.015902228599124
clothing,books,svm,uncertainty,transfer,50,0.8303286357478192,0.009643704584616893,0.26979770113170404,5,0.20295068277145695,0.34071365588054076
clothing,books,svm,uncertainty,transfer,100,0.844928660277348,0.011188520665071543,0.41437284722401097,5,0.3366067748480984,0.5100348604278243
clothing,books,svm,uncertainty,transfer,250,0.8677474538354147,0.009852869443309294,0.6403334547308948,5,0.5691219697570687,0.7227972976027734
clothing,books,svm,uncertainty,transfer,500,0.8863709928045861,0.004381343083533267,0.8247510125081507,5,0.7905033470236416,0.8564499420832746
clothing,books,svm,uncertainty,transfer,1000,0.9017492819526275,0.003347905423119295,0.9770328388661232,5,0.9508478257449081,1.003239723583472
clothing,books,svm,uncertainty,transfer,2000,0.9047093981925031,0.002912016231028043,1.0063450661822253,5,0.9808913654309608,1.0277480252764835
clothing,electronics,logreg,random,target_only,50,0.7415913753802126,0.02627629453492087,-2.2992754926876655,5,-2.6860928275157994,-1.885587802962828
clothing,electronics,logreg,random,target_only,100,0.7879366409083822,0.017326779547913177,-1.3837456906093137,5,-1.6548766335971137,-1.1378543347512138
clothing,electronics,logreg,random,target_only,250,0.8450196474467209,0.005205861863857074,-0.25609666146917237,5,-0.3407789245551994,-0.17875428923185083
clothing,electronics,logreg,random,target_only,500,0.8726204555863115,0.003544680142998253,0.2891448454088631,5,0.24422799490006675,0.35070515243527645
clothing,electronics,logreg,random,target_only,1000,0.8939733379861698,0.007314134823558863,0.7109613993665107,5,0.6145457394109581,0.8330651304622343
clothing,electronics,logreg,random,target_only,2000,0.9083646069392879,0.005398801246277128,0.9952544218823924,5,0.9289742814517552,1.0890650833607185
clothing,electronics,logreg,random,transfer,50,0.8698335279076359,0.0076733657891521695,0.23409034702620354,5,0.10945663104478787,0.3637608712571378
clothing,electronics,logreg,random,transfer,100,0.8735312160271494,0.010584630794227492,0.30713650683616167,5,0.11725042144899223,0.4171375525477904
clothing,electronics,logreg,random,transfer,250,0.8858742107833224,0.004676611181344032,0.5509667971018357,5,0.46696111090021264,0.6073433800448094
clothing,electronics,logreg,random,transfer,500,0.8939945286428836,0.005096909304101771,0.7113800112252622,5,0.616679202284007,0.7754692908151516
clothing,electronics,logreg,random,transfer,1000,0.906042157999001,0.004676709954506928,0.9493754913291628,5,0.8691434198453608,1.0155039663440033
clothing,electronics,logreg,random,transfer,2000,0.9142189327084171,0.0066628057573712785,1.110903985039073,5,1.0099705596044033,1.2118374104737428
clothing,electronics,logreg,self_training,target_only,50,0.6779658713303769,0.07866027624589941,-3.5561686071412906,5,-4.743654708039912,-2.3767266735649515
clothing,electronics,logreg,self_training,target_only,100,0.7216508823970207,0.06180835542081824,-2.6931909312161153,5,-3.5309600043930613,-1.661063064195202
clothing,electronics,logreg,self_training,target_only,250,0.8211828560076178,0.032708929696109404,-0.7269817173582218,5,-1.2895766163882805,-0.34094482657348574
clothing,electronics,logreg,self_training,target_only,500,0.8721466656505996,0.017084457206144186,0.2797853390790224,5,-0.025168733692307467,0.49101896324276123
clothing,electronics,logreg,self_training,target_only,1000,0.8913487020199924,0.005129501132111481,0.6591129005121512,5,0.5722730162664263,0.7397477259005735
clothing,electronics,logreg,self_training,target_only,2000,0.9066144150228469,0.006670051124036073,0.9606801705409194,5,0.8801590193437768,1.074109862630078
clothing,electronics,logreg,self_training,transfer,50,0.8702619139900598,0.010676831343284131,0.24255292072785534,5,0.08918681073187248,0.42779649829940264
clothing,electronics,logreg,self_training,transfer,100,0.8737318518294869,0.01629277365007318,0.3110999765522272,5,0.029923109353682874,0.5105999924581142
clothing,electronics,logreg,self_training,transfer,250,0.8895596117663158,0.006024019399246001,0.6237702300757687,5,0.5163800832902157,0.6932545739082492
clothing,electronics,logreg,self_training,transfer,500,0.8961642432675809,0.003887838021333941,0.7542417443122836,5,0.684542349618378,0.8006148725648315
clothing,electronics,logreg,self_training,transfer,1000,0.9067647405873824,0.004606680481352569,0.9636497842172688,5,0.8942894720360295,1.0315586919073485
clothing,electronics,logreg,self_training,transfer,2000,0.9134954784086518,0.006754775614792949,1.0966124718860308,5,0.9924545466103556,1.1963163639452212
clothing,electronics,logreg,uncertainty,target_only,50,0.6701385618773711,0.07888800227747601,-3.7107935724456915,5,-5.076527203158004,-2.786191124953227
clothing,electronics,logreg,uncertainty,target_only,100,0.6927316854639276,0.028165198244330593,-3.264476613640929,5,-3.705850322534883,-2.8670880108940824
clothing,electronics,logreg,uncertainty,target_only,250,0.7082430162528686,0.0102538817800222,-2.958057275110238,5,-3.1116952513441816,-2.8044192988762937
clothing,electronics,logreg,uncertainty,target_only,500,0.7469428013633224,0.023249739407013203,-2.193560487814609,5,-2.540387721550986,-1.8385841362214852
clothing,electronics,logreg,uncertainty,target_only,1000,0.8842142914191522,0.007350709770946158,0.5181758392849851,5,0.4280478880152045,0.6444866544418801
clothing,electronics,logreg,uncertainty,target_only,2000,0.9083646069392879,0.005398801246277128,0.9952544218823924,5,0.9289742814517552,1.0890650833607185
clothing,electronics,logreg,uncertainty,transfer,50,0.8732105529784165,0.00411248305065084,0.30080195304313717,5,0.25294434059705606,0.3730977803631235
clothing,electronics,logreg,uncertainty,transfer,100,0.8846556965463567,0.007476818537262524,0.5268955983399939,5,0.3957142261125194,0.6313836364490643
clothing,electronics,logreg,uncertainty,transfer,250,0.8969392996102705,0.009103177264334733,0.7695526325321598,5,0.624444584696459,0.9052691515501226
clothing,electronics,logreg,uncertainty,transfer,500,0.9052608040563142,0.007024432477489778,0.9339401968638326,5,0.823482104921173,1.0410212931416751
clothing,electronics,logreg,uncertainty,transfer,1000,0.9139016570128021,0.006097293581506362,1.1046363468779714,5,1.0210391403099794,1.1901314936411984
clothing,electronics,logreg,uncertainty,transfer,2000,0.9142189327084171,0.0066628057573712785,1.110903985039073,5,1.0099705596044033,1.2118374104737428
clothing,music,logreg,random,target_only,50,0.7245822857799562,0.03680410726912178,-0.9767393986189152,5,-1.32142022796576,-0.7106752022652463
clothing,music,logreg,random,target_only,100,0.7635510253954223,0.023243715504335065,-0.5271633314421944,5,-0.7491262784887599,-0.33260728152534347
clothing,music,logreg,random,target_only,250,0.8237263195550717,0.017054138721823653,0.16706933701086635,5,0.043914331151358225,0.33804873396013907
clothing,music,logreg,random,target_only,500,0.8489390971300997,0.01091881565463724,0.4579450875902804,5,0.35605289064134527,0.5399393053432823
clothing,music,logreg,random,target_only,1000,0.8778109547246359,0.008109306292400828,0.7910350545104914,5,0.7192694983073196,0.8592444365132152
clothing,music,logreg,random,target_only,2000,0.8951338616462816,0.006455052752765585,0.9908866392102171,5,0.9318379245522725,1.0481683679153793
clothing,music,logreg,random,transfer,50,0.8267556639166646,0.00814963015657791,0.20201839457977738,5,0.12473531748601863,0.27297362419021187
clothing,music,logreg,random,transfer,100,0.8336216699410306,0.008417734359611668,0.28123039928164506,5,0.20736587662953046,0.35433139406830494
clothing,music,logreg,random,transfer,250,0.8481558285994483,0.008419023851686828,0.4489086448151641,5,0.38016715808482904,0.5333398549106425
clothing,music,logreg,random,transfer,500,0.8630457995456297,0.006050070996646044,0.6206918393556162,5,0.5723086654516294,0.6824127469241091
clothing,music,logreg,random,transfer,1000,0.8814457281285109,0.005238987251752379,0.8329688493449547,5,0.786077998482709,0.8808644032934397
clothing,music,logreg,random,transfer,2000,0.8968900750214092,0.003404551735350194,1.0111477898171919,5,0.9878149997616044,1.0459777256951173
clothing,music,logreg,self_training,target_only,50,0.638404792139696,0.10850080078971706,-1.9709552509211625,5,-3.0535587627153626,-1.0706025675765993
clothing,music,logreg,self_training,target_only,100,0.6853127297799582,0.12021283171385268,-1.4297859359323328,5,-2.4926026016925684,-0.3936779496619148
clothing,music,logreg,self_training,target_only,250,0.813675476474239,0.02203159668810776,0.05111438058477219,5,-0.17262557057812614,0.2317805660072895
clothing,music,logreg,self_training,target_only,500,0.8435606282035628,0.01247512436260643,0.3958945585948558,5,0.2712743148755077,0.48524379603041473
clothing,music,logreg,self_training,target_only,1000,0.8736301667280676,0.00865035595845076,0.7428019773377599,5,0.6561699639475813,0.8086484870281423
clothing,music,logreg,self_training,target_only,2000,0.8936661919970093,0.006765646621318995,0.9739543710551384,5,0.9129182240640776,1.0313317768302057
clothing,music,logreg,self_training,transfer,50,0.826178982769197,0.013889020024390733,0.19536531714253644,5,0.06454081584573583,0.3247166871160583
clothing,music,logreg,self_training,transfer,100,0.8352935674104403,0.014260723442528348,0.3005188108760918,5,0.17739421259076,0.42243359396313596
clothing,music,logreg,self_training,transfer,250,0.8531773445408641,0.008521359554651145,0.5068410647621236,5,0.45082143779877193,0.5950175091469319
clothing,music,logreg,self_training,transfer,500,0.8647679763988263,0.004991097014019541,0.6405603160957691,5,0.5910130080851536,0.68150717548383
clothing,music,logreg,self_training,transfer,1000,0.880549933361743,0.004074694822996476,0.8226342095230115,5,0.7875921386476465,0.8592396242736708
clothing,music,logreg,self_training,transfer,2000,0.8956065411882264,0.004054924995034102,0.9963398668896168,5,0.9638006972539505,1.0329663007539465
clothing,music,logreg,uncertainty,target_only,50,0.695748373772966,0.009686759761674837,-1.3093915934124425,5,-1.3947116375025221,-1.2240830861833971
clothing,music,logreg,uncertainty,target_only,100,0.6888122887660137,0.0356402698512081,-1.3894120880396632,5,-1.753829729230904,-1.129031965033033
clothing,music,logreg,uncertainty,target_only,250,0.7030683410968959,0.0117136297028493,-1.2249423103761379,5,-1.3322286377911063,-1.1375334730761175
clothing,music,logreg,uncertainty,target_only,500,0.7587418708865444,0.012886441788738398,-0.5826457717746598,5,-0.6801516078880674,-0.46342419210441854
clothing,music,logreg,uncertainty,target_only,1000,0.8685646099492853,0.009626799292592674,0.6843614653494934,5,0.5971238817200564,0.7652416515831998
clothing,music,logreg,uncertainty,target_only,2000,0.8951338616462816,0.006455052752765585,0.9908866392102171,5,0.9318379245522725,1.0481683679153793
clothing,music,logreg,uncertainty,transfer,50,0.8284225719001117,0.008495703427104406,0.22124924327898016,5,0.14062820548945884,0.29520630786810875
clothing,music,logreg,uncertainty,transfer,100,0.8436599953964692,0.007676007923013486,0.39704094188140915,5,0.3292262864644877,0.46485428970368964
clothing,music,logreg,uncertainty,transfer,250,0.8627838303985937,0.010841759286670192,0.6176695435357307,5,0.5221152937276543,0.7221702649611242
clothing,music,logreg,uncertainty,transfer,500,0.8814233310522036,0.007093962336525993,0.8327104578860121,5,0.7683437321912988,0.9000899697244391
clothing,music,logreg,uncertainty,transfer,1000,0.8924323076382853,0.006211965189805644,0.959719246110892,5,0.9098752084694869,1.0194371619325322
clothing,music,logreg,uncertainty,transfer,2000,0.8968900750214092,0.003404551735350194,1.0111477898171919,5,0.9878149997616044,1.0459777256951173
clothing,music,svm,random,target_only,50,0.710881652362271,0.050777257535704744,-1.3005260818762852,5,-1.8761849783213804,-0.9434197255469726
clothing,music,svm,random,target_only,100,0.7557573018584796,0.03425921334332139,-0.7400255803003277,5,-1.0873303604424762,-0.41834844817874883
clothing,music,svm,random,target_only,250,0.8231245837368366,0.015790729302772612,0.10139723377656393,5,-0.010698307383421804,0.27211544613650773
clothing,music,svm,random,target_only,500,0.8517400488399038,0.008324388100462715,0.4588067135982127,5,0.37285495217193004,0.5313124822097567
clothing,music,svm,random,target_only,1000,0.8773185693870506,0.006549182402567765,0.7782845096233791,5,0.709082788486822,0.8393467535302847
clothing,music,svm,random,target_only,2000,0.8925005008636774,0.005925952436106298,0.9679080650052363,5,0.9120753504910949,1.023760879596393
clothing,music,svm,random,transfer,50,0.8294496509612396,0.008822715507501489,0.18039783636570378,5,0.07980169359747517,0.24758765215533854
clothing,music,svm,random,transfer,100,0.8361281716167911,0.007374566061324499,0.263813100974592,5,0.19713735703776147,0.33192720201398707
clothing,music,svm,random,transfer,250,0.8498041849700764,0.009262202062576979,0.43462761686752815,5,0.3557771751413785,0.5366844697780302
clothing,music,svm,random,transfer,500,0.8633734695011357,0.007161145837339343,0.6041090811152655,5,0.5385539058337673,0.6793954059478586
clothing,music,svm,random,transfer,1000,0.8833064143462852,0.005665376467385907,0.8530731787721931,5,0.7994756191947983,0.9082898767959608
clothing,music,svm,random,transfer,2000,0.8976254293769479,0.005432321006821271,1.0319188377623363,5,0.9866717812148039,1.0920100916791888
clothing,music,svm,self_training,target_only,50,0.6319240099953357,0.1675056790358102,-2.2867134384216508,5,-3.9013501095457785,-0.6720767672975226
clothing,music,svm,self_training,target_only,100,0.7507910575124102,0.08167830807588622,-0.8020543749399645,5,-1.716359684443781,-0.19217915745498845
clothing,music,svm,self_training,target_only,250,0.8321459053326474,0.018246287146283496,0.21407427212800104,5,0.021327586472358596,0.38720484920619536
clothing,music,svm,self_training,target_only,500,0.8525257616021011,0.012115682533819994,0.46862032971853945,5,0.3443367765329107,0.5778423481390491
clothing,music,svm,self_training,target_only,1000,0.8812303061617897,0.006056865885590023,0.8271424191776381,5,0.7638657533475158,0.8786945867869976
clothing,music,svm,self_training,target_only,2000,0.8922577800941992,0.005754560961417674,0.9648764629100535,5,0.9110571287756782,1.0186957970444286
clothing,music,svm,self_training,transfer,50,0.8328727663942725,0.013447592352639322,0.22315282573537204,5,0.07902953389140197,0.3340308712553849
clothing,music,svm,self_training,transfer,100,0.8400868056187283,0.010298113692447845,0.3132567606998723,5,0.21671809094227643,0.40979543045746814
clothing,music,svm,self_training,transfer,250,0.8533743987455615,0.009226172886176389,0.4792198764639476,5,0.39655941079608603,0.5765500803235992
clothing,music,svm,self_training,transfer,500,0.8643192429257059,0.008178700329012027,0.6159218678893834,5,0.5380917700718476,0.6941424348185965
clothing,music,svm,self_training,transfer,1000,0.8830620816708306,0.004891154613696455,0.8500214438406409,5,0.803378568547406,0.9006429937816689
clothing,music,svm,self_training,transfer,2000,0.8980206071632306,0.005079114671230317,1.0368546403615135,5,0.9987124777908025,1.0920570397904612
clothing,music,svm,uncertainty,target_only,50,0.644490082210442,0.06725396459276815,-2.129762177359637,5,-2.8264460041466557,-1.6153660752012935
clothing,music,svm,uncertainty,target_only,100,0.6816790435518454,0.03933792850794896,-1.6652690342195797,5,-2.0544332619009835,-1.315238069896502
clothing,music,svm,uncertainty,target_only,250,0.7239876520075703,0.03374687947432844,-1.1368310834236108,5,-1.5235152374966348,-0.881173906593764
clothing,music,svm,uncertainty,target_only,500,0.7878961128411289,0.005699009212641414,-0.33860922470302823,5,-0.39771854399437706,-0.2856799016163292
clothing,music,svm,uncertainty,target_only,1000,0.8772247010050152,0.006138026094336092,0.7771120859191296,5,0.7173941437609421,0.8368300280773168
clothing,music,svm,uncertainty,target_only,2000,0.8925005008636774,0.005925952436106298,0.9679080650052363,5,0.9120753504910949,1.023760879596393
clothing,music,svm,uncertainty,transfer,50,0.8341789455363486,0.009684874502106838,0.2394671091496666,5,0.14077225247932967,0.3298327905711718
clothing,music,svm,uncertainty,transfer,100,0.8415089137696464,0.012125771921730033,0.33101900683632535,5,0.21148662474247448,0.45055138893017627
clothing,music,svm,uncertainty,transfer,250,0.8630101952127717,0.01042491732469431,0.5995717557924324,5,0.4968288300307037,0.7057065707793713
clothing,music,svm,uncertainty,transfer,500,0.8789850684728615,0.008171040931868573,0.799099218356494,5,0.7141998155867191,0.8804445829418442
clothing,music,svm,uncertainty,transfer,1000,0.8914739550086134,0.0066972399036471005,0.9550864240236917,5,0.8993069960251291,1.0297030154343498
clothing,music,svm,uncertainty,transfer,2000,0.8976254293769479,0.005432321006821271,1.0319188377623363,5,0.9866717812148039,1.0920100916791888
electronics,books,logreg,random,target_only,50,0.6832006406774443,0.055042181510253765,-1.3701094824179934,5,-1.8218705627843712,-0.9066316731110448
electronics,books,logreg,random,target_only,100,0.7561913867834096,0.016353305225443142,-0.5854297423613535,5,-0.7167056382031018,-0.4600883986780482
electronics,books,logreg,random,target_only,250,0.8265025961989052,0.018808722876337308,0.17044390560934503,5,0.016204310844467804,0.32886581188325137
electronics,books,logreg,random,target_only,500,0.8600107479579144,0.012199292872995282,0.5306699508927606,5,0.41461401504720186,0.6321940345880667
electronics,books,logreg,random,target_only,1000,0.8877057657818306,0.0043099761241329965,0.8284024792791017,5,0.7913852330278246,0.8638279660709903
electronics,books,logreg,random,target_only,2000,0.9031867255330113,0.0026327735823430875,0.9948289938916298,5,0.9714800946981097,1.0155095105704446
electronics,books,logreg,random,transfer,50,0.823879978885983,0.015084674924852796,0.14224971961781746,5,0.032192216110504976,0.2606425467210055
electronics,books,logreg,random,transfer,100,0.8281908607217021,0.009530020168022256,0.18859342506996118,5,0.10836934905413638,0.26896678588229034
electronics,books,logreg,random,transfer,250,0.8443053673391319,0.01071103257443243,0.36183082211408385,5,0.2777888561365399,0.44455964410653925
electronics,books,logreg,random,transfer,500,0.8621808676329463,0.011162586161955132,0.5539996061345869,5,0.4641765114171726,0.6438227008520011
electronics,books,logreg,random,transfer,1000,0.886506674702263,0.006088177283065821,0.815511770157519,5,0.7635971339463304,0.8638470242970856
electronics,books,logreg,random,transfer,2000,0.9041452313038694,0.004820878355444494,1.0051333146342605,5,0.9610344659315416,1.043930823816342
electronics,books,logreg,self_training,target_only,50,0.5311437522800401,0.1487540898376964,-3.0047819036079075,5,-4.089390872063106,-1.5981790864213496
electronics,books,logreg,self_training,target_only,100,0.6130616209103981,0.11003998398900078,-2.1241320227374625,5,-3.0515107283892533,-1.196753317085672
electronics,books,logreg,self_training,target_only,250,0.6572070196438908,0.13072486206864686,-1.6495513142103193,5,-2.7325801739490236,-0.5665224544716148
electronics,books,logreg,self_training,target_only,500,0.8143697170279272,0.08942254606839375,0.040010597526696313,5,-0.8277118616943591,0.5627955451832791
electronics,books,logreg,self_training,target_only,1000,0.8833161399657177,0.004779788320803831,0.7812122445151932,5,0.7412041217361109,0.821287795625481
electronics,books,logreg,self_training,target_only,2000,0.9025403809065947,0.005004499355089745,0.9878805304150792,5,0.9490490137756955,1.030938075943192
electronics,books,logreg,self_training,transfer,50,0.8070716060494287,0.0376345528418726,-0.03844701704815344,5,-0.3465534452679964,0.26965941117168957
electronics,books,logreg,self_training,transfer,100,0.815030486442863,0.024588886553977573,0.04711413325431531,5,-0.1558382270504805,0.23264751578361248
electronics,books,logreg,self_training,transfer,250,0.8405258643195536,0.02235993446929648,0.32119965165529046,5,0.13758486934290728,0.49922383021757355
electronics,books,logreg,self_training,transfer,500,0.8600213483355764,0.016907193943505393,0.5307839091961368,5,0.3791488768858833,0.6594750719521152
electronics,books,logreg,self_training,transfer,1000,0.8838887830689666,0.008778465148323462,0.7873683871137397,5,0.7152925895546431,0.8594093262970836
electronics,books,logreg,self_training,transfer,2000,0.9028612265293632,0.005501355346421005,0.9913297492997122,5,0.9456018486719941,1.0370576499274302
electronics,books,logreg,uncertainty,target_only,50,0.6533901917210164,0.03876077130709875,-1.69058374232133,5,-2.0324754414490362,-1.4313675021296843
electronics,books,logreg,uncertainty,target_only,100,0.6566204420688743,0.051315160550958784,-1.65585725795857,5,-2.157546386553513,-1.2951987091939465
electronics,books,logreg,uncertainty,target_only,250,0.7194031974905152,0.03484147830450191,-0.9809175041879674,5,-1.2967891811761412,-0.6996031021092615
electronics,books,logreg,uncertainty,target_only,500,0.772362728996432,0.016766607470271352,-0.4115813399123713,5,-0.5616492101243942,-0.28560554012869327
electronics,books,logreg,uncertainty,target_only,1000,0.8724241068423495,0.007973066640821595,0.6641185281757973,5,0.5876831531191198,0.7220685614464254
electronics,books,logreg,uncertainty,target_only,2000,0.9031867255330113,0.0026327735823430875,0.9948289938916298,5,0.9714800946981097,1.0155095105704446
electronics,books,logreg,uncertainty,transfer,50,0.8225568327711006,0.013353725297421517,0.12802536920529345,5,0.03332613616887338,0.2486302257578769
electronics,books,logreg,uncertainty,transfer,100,0.8413839314539684,0.008118963400833014,0.3304242168488867,5,0.2643599411007143,0.3973796806550512
electronics,books,logreg,uncertainty,transfer,250,0.855986615093404,0.004201859784619703,0.4874089116715254,5,0.45801428244593784,0.525368943809346
electronics,books,logreg,uncertainty,transfer,500,0.8875102022410152,0.0038411917815369687,0.8263000929279783,5,0.792710197530368,0.8564378441177419
electronics,books,logreg,uncertainty,transfer,1000,0.8929957413917862,0.01840173848524349,0.8852718347519148,5,0.7127522672682607,1.0095242062326621
electronics,books,logreg,uncertainty,transfer,2000,0.9041452313038694,0.004820878355444494,1.0051333146342605,5,0.9610344659315416,1.043930823816342
electronics,books,svm,random,target_only,50,0.6170243798552371,0.08729206545781361,-1.9911916102751075,5,-2.6685926807437736,-1.2296487532629918
electronics,books,svm,random,target_only,100,0.734861181475278,0.045098929099918666,-0.7632539545482945,5,-1.1179005730055789,-0.41880543309483304
electronics,books,svm,random,target_only,250,0.8230608366036624,0.014321558535285722,0.1558449709595603,5,0.04501963030219611,0.26541185625047004
electronics,books,svm,random,target_only,500,0.85412751119677,0.017852005274423377,0.4795803324648257,5,0.34105294929507013,0.6181077156345812
electronics,books,svm,random,target_only,1000,0.8873947274750751,0.003679802371399644,0.8262467983543036,5,0.7994104840406009,0.8590479029869768
electronics,books,svm,random,target_only,2000,0.9022247642206812,0.003450638174129232,0.9807856207373173,5,0.9524799434190369,1.0108370358422625
electronics,books,svm,random,transfer,50,0.8210816150093896,0.008450503873412441,0.1352201687651505,5,0.07044550141132673,0.2053221650305978
electronics,books,svm,random,transfer,100,0.8230191173853327,0.011114185400479214,0.15541022902452717,5,0.06579306914467961,0.24263169983039923
electronics,books,svm,random,transfer,250,0.8410373913764054,0.013727750114542558,0.3431725988500689,5,0.2314332788810458,0.46146519422324267
electronics,books,svm,random,transfer,500,0.8606671677077756,0.009174277301887433,0.5477278922677138,5,0.47375374867276177,0.6164730146722474
electronics,books,svm,random,transfer,1000,0.8922099287477909,0.0057019443409636475,0.8764243904255548,5,0.8323234767112009,0.9215110073281945
electronics,books,svm,random,transfer,2000,0.9016608779274288,0.006922714546335626,0.9749095514320292,5,0.9154157906668379,1.0283753074492343
electronics,books,svm,self_training,target_only,50,0.5122493485704301,0.18091669520716835,-3.083016952831658,5,-4.3734619617345185,-1.3833257147668934
electronics,books,svm,self_training,target_only,100,0.5014444961447125,0.0412192350414212,-3.1956106839555796,5,-3.552680836627142,-2.9114003642009285
electronics,books,svm,self_training,target_only,250,0.6850481998788635,0.1285700085468167,-1.2823382729049226,5,-2.291951832352118,-0.23556009551938467
electronics,books,svm,self_training,target_only,500,0.8063593137291578,0.10199983365108325,-0.018195978587894724,5,-0.9583407568296266,0.7073545377021551
electronics,books,svm,self_training,target_only,1000,0.889619928840558,0.005547451385793915,0.8494348729683925,5,0.8003615507004159,0.8912020170272573
electronics,books,svm,self_training,target_only,2000,0.9019821185965435,0.003692787187076117,0.9782570923422853,5,0.9490414197057866,1.010755927710617
electronics,books,svm,self_training,transfer,50,0.8073373133534645,0.030587678259889048,-0.008004573615404187,5,-0.2578706542930695,0.24186150706226112
electronics,books,svm,self_training,transfer,100,0.8058723029701564,0.025512664859322284,-0.02327095382059007,5,-0.2281796996424068,0.18157835768780375
electronics,books,svm,self_training,transfer,250,0.8333435829538512,0.02718128086273883,0.26299801036738424,5,0.049570227974333705,0.48404830126174775
electronics,books,svm,self_training,transfer,500,0.8593211969564113,0.013604063298954966,0.5337019840082868,5,0.41164617989483177,0.6328313582116238
electronics,books,svm,self_training,transfer,1000,0.8913884026347587,0.00817601580320186,0.8678635432582322,5,0.8000740831738419,0.9288206109062266
electronics,books,svm,self_training,transfer,2000,0.9010143611946843,0.007165759692347958,0.9681724181232486,5,0.9093991386405568,1.0275340626198288
electronics,books,svm,uncertainty,target_only,50,0.6475302481392745,0.05342825751101332,-1.67330022259643,5,-2.1425477437437808,-1.2591451154779336
electronics,books,svm,uncertainty,target_only,100,0.6843296145586332,0.025486923783038778,-1.2898264087116669,5,-1.4929944647311977,-1.0863036886154436
electronics,books,svm,uncertainty,target_only,250,0.7317486383322802,0.022637728586654263,-0.795688719221262,5,-0.9937765843720253,-0.6265384832932319
electronics,books,svm,uncertainty,target_only,500,0.7915277204162903,0.026134933933806323,-0.17275102143453003,5,-0.3944007250914558,0.029712625953781102
electronics,books,svm,uncertainty,target_only,1000,0.8781270614438578,0.007500905183994794,0.7296715693598259,5,0.6709953413453768,0.7940391417825434
electronics,books,svm,uncertainty,target_only,2000,0.9022247642206812,0.003450638174129232,0.9807856207373173,5,0.9524799434190369,1.0108370358422625
electronics,books,svm,uncertainty,transfer,50,0.8278063398376354,0.006973009205253673,0.20529626322356992,5,0.1428316631447207,0.25845364743543753
electronics,books,svm,uncertainty,transfer,100,0.8400843612104051,0.009825507413967375,0.33324139219996873,5,0.2536189452121874,0.41286383918775005
electronics,books,svm,uncertainty,transfer,250,0.8618708181244644,0.015238322660518843,0.5602707282125425,5,0.439956545970053,0.6805849104550323
electronics,books,svm,uncertainty,transfer,500,0.8795535019361115,0.0124176655125968,0.7445360257097169,5,0.6466332862127808,0.8424387652066528
electronics,books,svm,uncertainty,transfer,1000,0.8932258030320336,0.009377763085780722,0.8870104744838132,5,0.8130867681756122,0.9567670445047867
electronics,books,svm,uncertainty,transfer,2000,0.9016608779274288,0.006922714546335626,0.9749095514320292,5,0.9154157906668379,1.0283753074492343
electronics,music,logreg,random,target_only,50,0.7256945060090937,0.03734515523466807,-1.4127012575062414,5,-1.8566030958132305,-1.100204882188838
electronics,music,logreg,random,target_only,100,0.7637914015605082,0.022963920215507944,-0.8727446666987049,5,-1.14241530873696,-0.6376615872793965
electronics,music,logreg,random,target_only,250,0.8237295484717908,0.017665738940392698,-0.023226694247118214,5,-0.17648213885518077,0.18747770501692224
electronics,music,logreg,random,target_only,500,0.8498922408845269,0.011541106475367735,0.34758352524864505,5,0.20854802299230135,0.4540254777242487
electronics,music,logreg,random,target_only,1000,0.8782056130110713,0.008020124726178898,0.7488758527844088,5,0.6572671593756005,0.8280512205839118
electronics,music,logreg,random,target_only,2000,0.8951286622315855,0.0059175092056330475,0.988730356174193,5,0.9228791660725226,1.0545815462758632
electronics,music,logreg,random,transfer,50,0.8326107731319118,0.007049231834187884,0.10264906860087719,5,0.019028623128439854,0.17174501175231272
electronics,music,logreg,random,transfer,100,0.8368949396828859,0.010326930598192894,0.16336960584763843,5,0.04204970377465174,0.2711848503017409
electronics,music,logreg,random,transfer,250,0.8482198458228684,0.010619284166874101,0.32388026221615507,5,0.20953359004816371,0.43656875212590374
electronics,music,logreg,random,transfer,500,0.8648863158506016,0.009476819132566297,0.5600982061382719,5,0.4605517950197807,0.6596446172567629
electronics,music,logreg,random,transfer,1000,0.8834792020442801,0.004486194149216318,0.823619716148513,5,0.7724259383432885,0.8691708403773812
electronics,music,logreg,random,transfer,2000,0.8958592368405658,0.007686689788449725,0.9990849682622878,5,0.9150649640751981,1.0784739234756748
electronics,music,logreg,self_training,target_only,50,0.6460540084950951,0.11463888929644354,-2.541465449586932,5,-3.9655240759139003,-1.372300912818853
electronics,music,logreg,self_training,target_only,100,0.6622877740049635,0.14418274337788856,-2.311380332314112,5,-3.8868104288299135,-0.7359502357983104
electronics,music,logreg,self_training,target_only,250,0.8139076079117762,0.022469162603817188,-0.16243545294354253,5,-0.4373883957944364,0.06631982523723713
electronics,music,logreg,self_training,target_only,500,0.844372960903464,0.012974293542015103,0.26935742416738984,5,0.10660723998254688,0.384039125572767
electronics,music,logreg,self_training,target_only,1000,0.8741704466611173,0.008172884001568575,0.6916844561069052,5,0.5859665543685038,0.7623876043214345
electronics,music,logreg,self_training,target_only,2000,0.8935804963135239,0.005834778669567252,0.966787823087927,5,0.9019876004367908,1.031588045739063
electronics,music,logreg,self_training,transfer,50,0.840346052595778,0.012492568447879554,0.21228307073671981,5,0.06436605707295133,0.3329401055581592
electronics,music,logreg,self_training,transfer,100,0.840634875203448,0.017220182232797407,0.2163766239863601,5,-0.003007478216274706,0.35446932643567175
electronics,music,logreg,self_training,transfer,250,0.8549158205808187,0.00928368044019394,0.41878394531434215,5,0.31787829126945144,0.5217401632755456
electronics,music,logreg,self_training,transfer,500,0.8678156960325477,0.00972554736746954,0.6016170258039886,5,0.4901830101727024,0.692894926217076
electronics,music,logreg,self_training,transfer,1000,0.8812259661902118,0.0050017026936234376,0.7916840549236739,5,0.7360400968419233,0.8439395020777949
electronics,music,logreg,self_training,transfer,2000,0.8959967292782676,0.008937585446235536,1.001033682110193,5,0.8956573599881658,1.0920330732634114
electronics,music,logreg,uncertainty,target_only,50,0.6854665908601951,0.027865443759582793,-1.9828613087308782,5,-2.320169726951946,-1.6948776749335313
electronics,music,logreg,uncertainty,target_only,100,0.7032328790805293,0.027754522196738834,-1.7310553733677392,5,-2.0526086888334203,-1.4261379693102003
electronics,music,logreg,uncertainty,target_only,250,0.7300893688041292,0.021364241983271897,-1.3504117953984527,5,-1.5770199245523493,-1.1328105933002408
electronics,music,logreg,uncertainty,target_only,500,0.777327247478072,0.017068016572730674,-0.680897821711554,5,-0.8671515378504043,-0.5047952545015159
electronics,music,logreg,uncertainty,target_only,1000,0.8725170958845592,0.004365922322889384,0.6682511123712052,5,0.6213933095131865,0.7155805658540266
electronics,music,logreg,uncertainty,target_only,2000,0.8951286622315855,0.0059175092056330475,0.988730356174193,5,0.9228791660725226,1.0545815462758632
electronics,music,logreg,uncertainty,transfer,50,0.8372943631964356,0.011396374976885875,0.16903073270700728,5,0.052409175625244164,0.30679217756724786
electronics,music,logreg,uncertainty,transfer,100,0.8373663993741832,0.007040138279633439,0.17005171902068095,5,0.0929299634664651,0.249530717982586
electronics,music,logreg,uncertainty,transfer,250,0.8641048627509893,0.005520528006443339,0.5490224807954224,5,0.49449748171898167,0.6151639481315708
electronics,music,logreg,uncertainty,transfer,500,0.8775718610234927,0.008423874955369174,0.73989353132022,5,0.6474049383387814,0.8325205298357121
electronics,music,logreg,uncertainty,transfer,1000,0.8933978890620796,0.00421564317685903,0.964199685983331,5,0.9209583334111462,1.0074410385555157
electronics,music,logreg,uncertainty,transfer,2000,0.8958592368405658,0.007686689788449725,0.9990849682622878,5,0.9150649640751981,1.0784739234756748
electronics,music,svm,random,target_only,50,0.7120450578664991,0.05253033214216363,-1.6994962271322342,5,-2.4008387089038257,-1.2643821482270359
electronics,music,svm,random,target_only,100,0.7560572547736657,0.03312047648562106,-1.050345206545276,5,-1.4446131642802416,-0.6794479511699906
electronics,music,svm,random,target_only,250,0.823305377198418,0.015477856831791379,-0.058479533566876366,5,-0.18904064052220054,0.14153123014562094
electronics,music,svm,random,target_only,500,0.8513227107583704,0.00817760979970916,0.3547577495646752,5,0.25795016095097806,0.4395143650409027
electronics,music,svm,random,target_only,1000,0.8776398282965319,0.006656918736267986,0.7429179621720732,5,0.6590868477576128,0.8082090203881942
electronics,music,svm,random,target_only,2000,0.8932239850909894,0.0055986144192842376,0.9727740475078639,5,0.9114422206109237,1.03615524319045
electronics,music,svm,random,transfer,50,0.8295485048412026,0.010777545503192045,0.033602501999688034,5,-0.08214529909787086,0.16452984040715854
electronics,music,svm,random,transfer,100,0.8382462303462308,0.010820619234238948,0.16188824516046477,5,0.028658771824565044,0.2681023369201921
electronics,music,svm,random,transfer,250,0.8470040375376137,0.014669991461890637,0.2910601537652862,5,0.11812467874578628,0.46335832696324103
electronics,music,svm,random,transfer,500,0.8635610298534807,0.009707166945003544,0.5352649246011049,5,0.42889053679634886,0.6416393124058607
electronics,music,svm,random,transfer,1000,0.8790898609481227,0.007833870805959642,0.764304992173098,5,0.6858536040465736,0.8615384667015192
electronics,music,svm,random,transfer,2000,0.8983474767564206,0.006632343287043217,1.0483421871896563,5,0.9613097070745511,1.1180302254597192
electronics,music,svm,self_training,target_only,50,0.6320563988980046,0.16950405134740937,-2.879276452925173,5,-4.7933354056116695,-0.9652175002386774
electronics,music,svm,self_training,target_only,100,0.744151225116978,0.08133562531510165,-1.2259513304358776,5,-2.271587947364126,-0.47697063595157774
electronics,music,svm,self_training,target_only,250,0.8282373444928197,0.023481535538932057,0.014263747333538612,5,-0.280076962592332,0.250470151338278
electronics,music,svm,self_training,target_only,500,0.8529833378252996,0.011065584090007335,0.3792509089855781,5,0.24079811578025004,0.49445570102995295
electronics,music,svm,self_training,target_only,1000,0.8793106425039777,0.006867825042891327,0.7675613752301028,5,0.6795617690648488,0.8389373678704459
electronics,music,svm,self_training,target_only,2000,0.8933037172952126,0.005699228150366231,0.9739500451944657,5,0.9114422206109237,1.0373312408770516
electronics,music,svm,self_training,transfer,50,0.8357008099056131,0.014240695906308649,0.12434496413917724,5,-0.03683159665027257,0.2811056513213184
electronics,music,svm,self_training,transfer,100,0.8434980484967166,0.019271108017212994,0.23934911628025754,5,-0.011155884850329723,0.4065637346711924
electronics,music,svm,self_training,transfer,250,0.8508560225661347,0.01619373956098201,0.34787440500169475,5,0.16314937580325034,0.5129582365766703
electronics,music,svm,self_training,transfer,500,0.8642078338277976,0.011454361327096601,0.544804858745566,5,0.42514264291028275,0.6828066558686692
electronics,music,svm,self_training,transfer,1000,0.8772437582912935,0.007951730931611034,0.7370761895228547,5,0.6551965404802822,0.8317965724919734
electronics,music,svm,self_training,transfer,2000,0.8976156973849072,0.007634059893882165,1.0375489217031748,5,0.9360883082282878,1.1168209149167962
electronics,music,svm,uncertainty,target_only,50,0.6456976160895855,0.05369807407182641,-2.678077451642845,5,-3.3437405496817134,-2.0982085446471093
electronics,music,svm,uncertainty,target_only,100,0.6897931894570883,0.024701945760495916,-2.0276966829832266,5,-2.3056326972660757,-1.7493086378406357
electronics,music,svm,uncertainty,target_only,250,0.7358922431545387,0.02486782101656498,-1.347765894276785,5,-1.611457184321382,-1.071643373653319
electronics,music,svm,uncertainty,target_only,500,0.798226872916312,0.006908833235813783,-0.42837101350962303,5,-0.513221534976008,-0.362738619616242
electronics,music,svm,uncertainty,target_only,1000,0.8781693737341584,0.005053349015171861,0.7507284098533723,5,0.6947513141676713,0.8067055055390732
electronics,music,svm,uncertainty,target_only,2000,0.8932239850909894,0.0055986144192842376,0.9727740475078639,5,0.9114422206109237,1.03615524319045
electronics,music,svm,uncertainty,transfer,50,0.8274530660853567,0.010618646425486003,0.0026961555202339588,5,-0.12164134987294828,0.13419022360514474
electronics,music,svm,uncertainty,transfer,100,0.8394774282937902,0.007678152491239303,0.1800476068912248,5,0.09392906519535318,0.2661661485870964
electronics,music,svm,uncertainty,transfer,250,0.8559364796662712,0.006621438978125304,0.4228078130875984,5,0.3487201297630942,0.49689549641210257
electronics,music,svm,uncertainty,transfer,500,0.8736964099242719,0.010241429037834753,0.6847551291202848,5,0.5857335695978961,0.8182854817195244
electronics,music,svm,uncertainty,transfer,1000,0.8905646248818251,0.007802512373466972,0.9335502296755319,5,0.8447901164902945,1.0223103428607692
electronics,music,svm,uncertainty,transfer,2000,0.8983474767564206,0.006632343287043217,1.0483421871896563,5,0.9613097070745511,1.1180302254597192
music,books,logreg,random,target_only,50,0.6840631349774303,0.05235105585644636,-1.8698830550826422,5,-2.384355956316971,-1.3328581214618815
music,books,logreg,random,target_only,100,0.7569748981800067,0.016078409422267553,-0.9170421897404026,5,-1.0866609546950312,-0.7711944633880876
music,books,logreg,random,target_only,250,0.8169077967611207,0.023685617347391927,-0.13381445750419424,5,-0.36890012690966123,0.11127479242599721
music,books,logreg,random,target_only,500,0.8635113968808412,0.008176501294492718,0.47522052828763117,5,0.40846436473663206,0.5704225680986494
music,books,logreg,random,target_only,1000,0.8884241863737545,0.004443248163822959,0.8007910927048378,5,0.755617272830201,0.8419881606385221
music,books,logreg,random,target_only,2000,0.9021465140666904,0.0035128963704378923,0.9801201065584605,5,0.9455475076555524,1.015812413954051
music,books,logreg,random,transfer,50,0.8403404577776505,0.010160055699830278,0.17241318011618723,5,0.06801033772954934,0.27177456236290004
music,books,logreg,random,transfer,100,0.8499917823282399,0.008918176579648659,0.2985406530032679,5,0.19534348356879444,0.3747682729428236
music,books,logreg,random,transfer,250,0.8660418204395726,0.0062733948888740385,0.508289142561642,5,0.44546328756654263,0.5711149975567416
music,books,logreg,random,transfer,500,0.8793840297152136,0.008891994020387676,0.682650612828894,5,0.5988296342494711,0.7867424107637073
music,books,logreg,random,transfer,1000,0.895761548630581,0.00649178283750014,0.8966787560260446,5,0.8330635763531493,0.9612071872021684
music,books,logreg,random,transfer,2000,0.9080636695715925,0.005411306984573339,1.0574479247870576,5,0.9945614839792689,1.1024353761879833
music,books,logreg,self_training,target_only,50,0.5472909051218975,0.1535588657217678,-3.657278725219561,5,-4.980006832920256,-1.9297456772048456
music,books,logreg,self_training,target_only,100,0.6298775650323629,0.12338073381908411,-2.578002336357902,5,-3.7973036483153395,-1.3587010244004638
music,books,logreg,self_training,target_only,250,0.6062212063413148,0.10682228688333266,-2.8871533470583017,5,-3.8371556999497316,-1.687515075815098
music,books,logreg,self_training,target_only,500,0.8348868957538071,0.039959914178693996,0.10114379188922809,5,-0.3574641503929988,0.4416546049638928
music,books,logreg,self_training,target_only,1000,0.8831586248593413,0.004461683256112875,0.7319785723442147,5,0.6896324815753345,0.7804238654887116
music,books,logreg,self_training,target_only,2000,0.9002935582988926,0.00688897382963165,0.9559049196026329,5,0.8825632854537423,1.0229873728311116
music,books,logreg,self_training,transfer,50,0.8151492694049963,0.023850137054179245,-0.1567956151958844,5,-0.3819322309078866,0.06990114090817504
music,books,logreg,self_training,transfer,100,0.8345481013554041,0.02005944939329916,0.0967162875529168,5,-0.10307863010532477,0.2946883746937131
music,books,logreg,self_training,transfer,250,0.86128828716475,0.008794451446970417,0.44616801751861057,5,0.350083338565735,0.5213319727660053
music,books,logreg,self_training,transfer,500,0.8806014503505633,0.00807143810257734,0.6985603656687642,5,0.614300656573284,0.786902535429883
music,books,logreg,self_training,transfer,1000,0.8968801270319912,0.00735826947776812,0.9112967979597089,5,0.8373795564951771,0.9852140394242406
music,books,logreg,self_training,transfer,2000,0.9076578478519671,0.004544781957825311,1.0521444798898618,5,1.0027227416777988,1.0920899221203706
music,books,logreg,uncertainty,target_only,50,0.616562242462727,0.047695333478735585,-2.752012440109099,5,-3.1392918491210384,-2.2174386998769577
music,books,logreg,uncertainty,target_only,100,0.5204978070477853,0.05837912937124195,-4.0074219343915285,5,-4.486856065600794,-3.3181308055791305
music,books,logreg,uncertainty,target_only,250,0.5797432108519953,0.02117965161434441,-3.2331786662441027,5,-3.44758736522519,-3.0162860416160813
music,books,logreg,uncertainty,target_only,500,0.7236893918621442,0.021908715733703912,-1.3520308561802505,5,-1.5700482821898998,-1.133896074480654
music,books,logreg,uncertainty,target_only,1000,0.8665231458639646,0.006296352944970173,0.5145793008810162,5,0.44187271550791624,0.5608379041583685
music,books,logreg,uncertainty,target_only,2000,0.9021465140666904,0.0035128963704378923,0.9801201065584605,5,0.9455475076555524,1.015812413954051
music,books,logreg,uncertainty,transfer,50,0.8493798651604582,0.007582260830757166,0.29054386814913064,5,0.21652496538918495,0.3652615336742488
music,books,logreg,uncertainty,transfer,100,0.8678391567951502,0.003285501915630868,0.5317774721964842,5,0.4960823591463564,0.5637369801172498
music,books,logreg,uncertainty,transfer,250,0.8835659838250353,0.006837486896652022,0.7373021066043639,5,0.6817878339989902,0.8156936684667956
music,books,logreg,uncertainty,transfer,500,0.8965527104119488,0.0056269687179787585,0.9070179831037049,5,0.8506270734857642,0.9675610781182599
music,books,logreg,uncertainty,transfer,1000,0.9085457467371345,0.005096207464731139,1.0637479071685108,5,1.0039740633070573,1.101410205108845
music,books,logreg,uncertainty,transfer,2000,0.9080636695715925,0.005411306984573339,1.0574479247870576,5,0.9945614839792689,1.1024353761879833
music,books,svm,random,target_only,50,0.6162918305354069,0.08122970949171175,-3.190603444194759,5,-4.0801086295740685,-2.223332714009638
music,books,svm,random,target_only,100,0.736395773989073,0.04413017983146854,-1.441650826969837,5,-1.927953151765853,-0.9741174063146628
music,books,svm,random,target_only,250,0.8241739702468642,0.013044892294321766,-0.1634254692856218,5,-0.30736585367381447,-0.02176182243568058
music,books,svm,random,target_only,500,0.8643873872369919,0.008382649298650884,0.42216197164277436,5,0.3401566561542432,0.5265167655765538
music,books,svm,random,target_only,1000,0.885869178416189,0.0013944729189775754,0.7349796346200945,5,0.7207327647832125,0.7516211288288147
music,books,svm,random,target_only,2000,0.9016672702080293,0.0021725927500969144,0.9650313147895961,5,0.9370231839448173,0.9847818617080181
music,books,svm,random,transfer,50,0.8495105965493183,0.0039952181833251945,0.20552627042492197,5,0.15785131725923948,0.24617113284327977
music,books,svm,random,transfer,100,0.8570422490866558,0.010217971826015691,0.31520213150343,5,0.18539900006571816,0.3975755125061919
music,books,svm,random,transfer,250,0.870233721285613,0.007616129304092451,0.507296239023859,5,0.42176640646241237,0.5929317766719125
music,books,svm,random,transfer,500,0.886522948043552,0.008104548619489806,0.744499822450394,5,0.667135865391048,0.8534994281033625
music,books,svm,random,transfer,1000,0.8964339952130402,0.005548538335733426,0.8888244082055918,5,0.8195775392976579,0.9405795207035998
music,books,svm,random,transfer,2000,0.9086240317340831,0.005717532737460038,1.0663356177835701,5,1.0020448296511593,1.1292209235609594
music,books,svm,self_training,target_only,50,0.5004845837690113,0.14428936768217066,-4.87698760029732,5,-6.364460631078866,-3.0530427572970806
music,books,svm,self_training,target_only,100,0.5118406967685537,0.042368661270920885,-4.711619978045069,5,-5.216399008844052,-4.314915289436851
music,books,svm,self_training,target_only,250,0.6892070271433053,0.12999497427287715,-2.1288129627519035,5,-3.5555121014763045,-0.6814164248984302
music,books,svm,self_training,target_only,500,0.849445826879875,0.04621675807243269,0.20458309504173253,5,-0.3989965195863617,0.6027372171898484
music,books,svm,self_training,target_only,1000,0.8796662449274552,0.01681563101705868,0.6446525691829941,5,0.4232136588218013,0.7894097767386781
music,books,svm,self_training,target_only,2000,0.9021407155718659,0.004572146707162376,0.971925622206858,5,0.913748078484603,1.0174956493872827
music,books,svm,self_training,transfer,50,0.84853993952997,0.006158130346245986,0.19139157105036025,5,0.11655210335165303,0.25059983243623235
music,books,svm,self_training,transfer,100,0.8574579167090167,0.0132955044230273,0.3212550799339238,5,0.147114734229222,0.41898256043710685
music,books,svm,self_training,transfer,250,0.8706608089988535,0.00742489942460167,0.5135154867219569,5,0.4261977947082836,0.5960883594212999
music,books,svm,self_training,transfer,500,0.8869744519540937,0.007820182450147668,0.7510746186088078,5,0.6699905361048216,0.8533079192184269
music,books,svm,self_training,transfer,1000,0.8973907736864213,0.005575878967443152,0.9027570083101836,5,0.8393176692890677,0.9672901310490933
music,books,svm,self_training,transfer,2000,0.9074999033128085,0.006009646484988699,1.049966069141369,5,0.9836605430139966,1.1152143673810309
music,books,svm,uncertainty,target_only,50,0.5693106045849463,0.09297091625434106,-3.874743662439905,5,-4.874512470011348,-2.825545951495318
music,books,svm,uncertainty,target_only,100,0.5720664287463837,0.05569844854567531,-3.8346133741149666,5,-4.494680439963573,-3.275121509073968
music,books,svm,uncertainty,target_only,250,0.6795889876682529,0.023925261324366603,-2.2688707729182687,5,-2.5329056059666994,-2.020841114299292
music,books,svm,uncertainty,target_only,500,0.7775361261931153,0.011479905637922855,-0.8425653632308963,5,-0.9785846653898874,-0.7136405805743575
music,books,svm,uncertainty,target_only,1000,0.8806022932066438,0.00810852225864517,0.6582832963736243,5,0.5673692110334864,0.7583114636346279
music,books,svm,uncertainty,target_only,2000,0.9016672702080293,0.0021725927500969144,0.9650313147895961,5,0.9370231839448173,0.9847818617080181
music,books,svm,uncertainty,transfer,50,0.8558582736113335,0.007940269413928992,0.29796109056213893,5,0.20799744874506493,0.3785604635494999
music,books,svm,uncertainty,transfer,100,0.8701189648058973,0.006416740712717024,0.5056251561287343,5,0.43853511197547074,0.585406206993302
music,books,svm,uncertainty,transfer,250,0.8845383323456515,0.00816930836281505,0.7155998653031274,5,0.6156070876869437,0.8039455936571688
music,books,svm,uncertainty,transfer,500,0.8979808864069797,0.003255751653113855,0.9113502247975058,5,0.872579016821389,0.9429577878888139
music,books,svm,uncertainty,transfer,1000,0.9061432346302688,0.004175520534048193,1.0302102711650074,5,0.9765109215085974,1.0755952472663781
music,books,svm,uncertainty,transfer,2000,0.9086240317340831,0.005717532737460038,1.0663356177835701,5,1.0020448296511593,1.1292209235609594
music,clothing,logreg,random,target_only,50,0.7801913318188876,0.01633415565278446,-0.18619651874958953,5,-0.2919655602061318,-0.08042747729304726
music,clothing,logreg,random,target_only,100,0.8118862561114621,0.027798720313844002,0.08124663806623018,5,-0.10642044872839293,0.227565461100966
music,clothing,logreg,random,target_only,250,0.865772334100234,0.009650456435667296,0.5359397199208816,5,0.4757195574203889,0.5968293706337638
music,clothing,logreg,random,target_only,500,0.8925510164174941,0.0045898402249636315,0.7618994120212952,5,0.7324094605406841,0.791352446559457
music,clothing,logreg,random,target_only,1000,0.9073123903849748,0.0033959792157355682,0.8864565308949557,5,0.8631617349772341,0.9084461109134567
music,clothing,logreg,random,target_only,2000,0.9205252536092423,0.004710611702275731,0.9979472484197679,5,0.9732031212839178,1.033766290853133
music,clothing,logreg,random,transfer,50,0.8285286760652658,0.00722608210916956,0.2216761052078379,5,0.17484035478677945,0.2685118556288963
music,clothing,logreg,random,transfer,100,0.8426698186992526,0.006436490372156196,0.34099968497427485,5,0.30057848647886926,0.3813655561190116
music,clothing,logreg,random,transfer,250,0.8719175259781988,0.006491955145528963,0.5877931176419443,5,0.549079828086938,0.6318384800061727
music,clothing,logreg,random,transfer,500,0.8941917813471221,0.007206746738503777,0.7757442582282683,5,0.7384285884993236,0.82882834459047
music,clothing,logreg,random,transfer,1000,0.9089219152741773,0.0044839318605744485,0.900037772275071,5,0.8705479281727815,0.9295276163773603
music,clothing,logreg,random,transfer,2000,0.9186677088743955,0.006862639860376244,0.9822732047392033,5,0.9357655579774271,1.0249640985767314
music,clothing,logreg,self_training,target_only,50,0.7575055872451005,0.08714669327005428,-0.37761982323599186,5,-1.0271044165134398,0.10005362277443892
music,clothing,logreg,self_training,target_only,100,0.7836355257209645,0.08072950229033377,-0.15713426003099018,5,-0.7331436349202819,0.3313285964531201
music,clothing,logreg,self_training,target_only,250,0.8553027697267659,0.02681453465018275,0.4475970780303406,5,0.2565149819609264,0.5913155584329874
music,clothing,logreg,self_training,target_only,500,0.8844205790411866,0.009922476444739379,0.6932944259944808,5,0.6210876274213046,0.744594783152753
music,clothing,logreg,self_training,target_only,1000,0.9047511972422798,0.005128044422758202,0.8648450711869462,5,0.8311520489881487,0.8962399294074489
music,clothing,logreg,self_training,target_only,2000,0.9186020362388037,0.0038013276524072547,0.9817190561690102,5,0.9621143752216014,1.0099361306182584
music,clothing,logreg,self_training,transfer,50,0.8333965552964677,0.009010312249082955,0.26275148297410755,5,0.20468015075934365,0.31855715804003537
music,clothing,logreg,self_training,transfer,100,0.8531364045125016,0.006735078705190615,0.42931719364347193,5,0.3846350901373981,0.47159295021328224
music,clothing,logreg,self_training,transfer,250,0.8792090290900214,0.004993852594824771,0.6493191396686033,5,0.6208853147717455,0.6835320268212101
music,clothing,logreg,self_training,transfer,500,0.897385900846999,0.007199780027109521,0.8026963782083814,5,0.7673497867348416,0.85609507591262
music,clothing,logreg,self_training,transfer,1000,0.9099576244069778,0.004163551485457882,0.9087771312166562,5,0.8827571994400537,0.9347929488009777
music,clothing,logreg,self_training,transfer,2000,0.9182660027811931,0.007297124815849726,0.9788835911630189,5,0.9304409618194043,1.0242197552942007
music,clothing,logreg,uncertainty,target_only,50,0.6809673605198576,0.04703347862843698,-1.0234527264330349,5,-1.3576339749444597,-0.7566128785166018
music,clothing,logreg,uncertainty,target_only,100,0.5947296003825805,0.04625922900490407,-1.7511307166039152,5,-2.035704290987488,-1.4677621458008598
music,clothing,logreg,uncertainty,target_only,250,0.6905984991628025,0.01898643837566439,-0.9421847575108485,5,-1.0378901647108656,-0.80069109155663
music,clothing,logreg,uncertainty,target_only,500,0.7819860335230414,0.022452490495992225,-0.17105274730937542,5,-0.31450527840695913,-0.02760021621179175
music,clothing,logreg,uncertainty,target_only,1000,0.8954101717885738,0.009047931162293512,0.7860250900386925,5,0.7346159868983453,0.8500979100955895
music,clothing,logreg,uncertainty,target_only,2000,0.9205252536092423,0.004710611702275731,0.9979472484197679,5,0.9732031212839178,1.033766290853133
music,clothing,logreg,uncertainty,transfer,50,0.8408526020948435,0.006824938795598113,0.32566593182140247,5,0.28511198643386804,0.36840533829040756
music,clothing,logreg,uncertainty,transfer,100,0.862601255744319,0.0072686250021322795,0.5091820221208303,5,0.4652593306494469,0.5630955222186089
music,clothing,logreg,uncertainty,transfer,250,0.887952619379522,0.006341258165460427,0.7230979367826899,5,0.6823582032345683,0.7638376703308114
music,clothing,logreg,uncertainty,transfer,500,0.9040579800734143,0.006044987240890846,0.8589956744100707,5,0.8225477688443478,0.9036748023337493
music,clothing,logreg,uncertainty,transfer,1000,0.9157951909892924,0.004157874274117077,0.958034773244294,5,0.9290894777537207,0.9838208603466407
music,clothing,logreg,uncertainty,transfer,2000,0.9186677088743955,0.006862639860376244,0.9822732047392033,5,0.9357655579774271,1.0249640985767314
music,clothing,svm,random,target_only,50,0.7525047724733273,0.034150896917399455,-0.5828161145146928,5,-0.86051882318922,-0.3770674118924246
music,clothing,svm,random,target_only,100,0.8138027893089786,0.025352738796609424,-0.00427619738389603,5,-0.21164612224039855,0.16208884129270165
music,clothing,svm,random,target_only,250,0.8646999966349662,0.010637439390745945,0.4760993127653953,5,0.40139021748000153,0.5566889486977764
music,clothing,svm,random,target_only,500,0.8888996023975295,0.004833723819398969,0.7044988375005673,5,0.6638014120800028,0.7333716910246474
music,clothing,svm,random,target_only,1000,0.9052269352888398,0.004848914613549341,0.8585986649587977,5,0.8204502124890565,0.8927508077702996
music,clothing,svm,random,target_only,2000,0.9185233277067482,0.005182326899649363,0.9840920196332229,5,0.9492821629691056,1.0247775220700244
music,clothing,svm,random,transfer,50,0.8380886201467513,0.00826841069224899,0.22493713260047343,5,0.1640260697907649,0.2821729897836587
music,clothing,svm,random,transfer,100,0.8530011389004419,0.00615754996480822,0.3656837310932632,5,0.3202975193393834,0.4099986233705911
music,clothing,svm,random,transfer,250,0.8756895860284434,0.005835684802875599,0.5798207129870406,5,0.5396821379806107,0.6274711302402529
music,clothing,svm,random,transfer,500,0.8948501329540642,0.008158310480060367,0.7606608413104464,5,0.7098798136694706,0.8277897236045968
music,clothing,svm,random,transfer,1000,0.9082065356358326,0.005058898349229827,0.886720581895424,5,0.8491400692850363,0.9243010945058117
music,clothing,svm,random,transfer,2000,0.9179420992415632,0.0062000560195868025,0.9786062978196822,5,0.9287735704752681,1.0211844825388738
music,clothing,svm,self_training,target_only,50,0.6653381325211846,0.1477703446544398,-1.4055079935960495,5,-2.4525562968399433,-0.3258239408824608
music,clothing,svm,self_training,target_only,100,0.7645612341467221,0.13146038229427118,-0.4690254129962762,5,-1.5605787076504558,0.3499428738859083
music,clothing,svm,self_training,target_only,250,0.8687719440424757,0.012970544712220462,0.5145309658157335,5,0.4202399035894141,0.6077666515935285
music,clothing,svm,self_training,target_only,500,0.8934398467376562,0.00836248891522656,0.7473503475475083,5,0.6767766470983033,0.7949071386477864
music,clothing,svm,self_training,target_only,1000,0.9041074594260129,0.005172676103641835,0.848032883122066,5,0.8106259503455554,0.8854398158985767
music,clothing,svm,self_training,target_only,2000,0.9183612601995088,0.004905154492428003,0.982562402085248,5,0.9498356480969331,1.0202145878765405
music,clothing,svm,self_training,transfer,50,0.8485720412055722,0.010146041776993603,0.323881239827936,5,0.2479672929645635,0.39585480018120467
music,clothing,svm,self_training,transfer,100,0.8577763752478363,0.006049447108860376,0.4107531311051513,5,0.36774004847807945,0.4543991357016023
music,clothing,svm,self_training,transfer,250,0.8801051636564313,0.0068403387177529505,0.6214955998244083,5,0.5746580543222515,0.671443697847716
music,clothing,svm,self_training,transfer,500,0.8953186887393383,0.00878797567212483,0.7650831413974188,5,0.7101205241725022,0.8367941235096696
music,clothing,svm,self_training,transfer,1000,0.9094017912009408,0.004446736567432008,0.8980015839781148,5,0.8664818942918124,0.9320885711375801
music,clothing,svm,self_training,transfer,2000,0.9178616879965107,0.006359684240289902,0.9778473643753284,5,0.9308702177064475,1.023389743039984
music,clothing,svm,uncertainty,target_only,50,0.5925182243259239,0.049154423992754416,-2.0927932570934433,5,-2.472968145249032,-1.7284241500550785
music,clothing,svm,uncertainty,target_only,100,0.6557006449830342,0.057837812973651134,-1.4964680528198215,5,-1.9440343595320893,-1.0957042625642668
music,clothing,svm,uncertainty,target_only,250,0.7552974286455063,0.02329572006210402,-0.5564586048621524,5,-0.7183932725097286,-0.3962003992213
music,clothing,svm,uncertainty,target_only,500,0.8251338849075511,0.012146687174311246,0.10266838984762092,5,0.017804919818927067,0.20431740163313744
music,clothing,svm,uncertainty,target_only,1000,0.9084535015175451,0.006526310082318074,0.8890514830911862,5,0.8537952583555214,0.9449370990769344
music,clothing,svm,uncertainty,target_only,2000,0.9185233277067482,0.005182326899649363,0.9840920196332229,5,0.9492821629691056,1.0247775220700244
music,clothing,svm,uncertainty,transfer,50,0.8508317708887759,0.00906406981481347,0.34520890899484863,5,0.27984480012865254,0.40661913094572527
music,clothing,svm,uncertainty,transfer,100,0.8648493256118421,0.00576896349277999,0.4775087021448049,5,0.42980962771909004,0.5142030872285089
music,clothing,svm,uncertainty,transfer,250,0.8894942533158041,0.008154065466640607,0.7101112424483935,5,0.6519286648450496,0.7720820879159928
music,clothing,svm,uncertainty,transfer,500,0.9062187774231933,0.006523742492831265,0.8679598204388231,5,0.8159053736879021,0.9057232778575379
music,clothing,svm,uncertainty,transfer,1000,0.9158516218909464,0.006789177618985365,0.9588760576647285,5,0.9068008278529698,1.006732467405229
music,clothing,svm,uncertainty,transfer,2000,0.9179420992415632,0.0062000560195868025,0.9786062978196822,5,0.9287735704752681,1.0211844825388738
music,electronics,logreg,random,target_only,50,0.74412451779418,0.027067828791981205,-0.22961243159550185,5,-0.3859298276881362,-0.07680977752680919
music,electronics,logreg,random,target_only,100,0.7882724172313103,0.01778991980738888,0.10042588066502389,5,-0.0007128712162078263,0.19682414222384326
music,electronics,logreg,random,target_only,250,0.8439790898443749,0.0049073327281884535,0.5168746006555986,5,0.48513404435652935,0.5421455877869519
music,electronics,logreg,random,target_only,500,0.8716611212416661,0.0030435916147897504,0.7238183293219056,5,0.7046198305178721,0.7403910532278954
music,electronics,logreg,random,target_only,1000,0.8946874201808553,0.0073951431097540555,0.8959570026537754,5,0.8576729673915058,0.9403944849821254
music,electronics,logreg,random,target_only,2000,0.9078829601533893,0.006228821110747229,0.9946034569002185,5,0.9647381867364249,1.0354948702473261
music,electronics,logreg,random,transfer,50,0.8004341215068942,0.009407896410908225,0.19134364582486701,5,0.13740488106183965,0.2452824105878943
music,electronics,logreg,random,transfer,100,0.8209730124072072,0.011008625971996387,0.3448870980585488,5,0.27990309857861895,0.4098710975384786
music,electronics,logreg,random,transfer,250,0.8551873683967155,0.011198010450611187,0.6006648009578412,5,0.5452757786748922,0.6738090240973355
music,electronics,logreg,random,transfer,500,0.8806749908700796,0.004479638788523155,0.7912036943568725,5,0.770655784957728,0.8214381292775681
music,electronics,logreg,random,transfer,1000,0.8977710636007634,0.0057466696220087555,0.9190095257159208,5,0.885233126307409,0.952656902081519
music,electronics,logreg,random,transfer,2000,0.9118884912291563,0.0058742531969272534,1.0245477743605715,5,0.9886415238048013,1.0569285232573897
music,electronics,logreg,self_training,target_only,50,0.698175919921921,0.039586455650761895,-0.5731123010308241,5,-0.7869050940619958,-0.3593546856880795
music,electronics,logreg,self_training,target_only,100,0.7341051964418688,0.06700767405159626,-0.3045142944535909,5,-0.6308339987279774,0.12698627771312626
music,electronics,logreg,self_training,target_only,250,0.8365882641986747,0.010810876928232457,0.46162269391896416,5,0.3919570366111518,0.5139055874925729
music,electronics,logreg,self_training,target_only,500,0.8688957412470583,0.013175103209770882,0.7031450615602285,5,0.6168091255331036,0.7594439980822487
music,electronics,logreg,self_training,target_only,1000,0.8914048878950434,0.007333463976693847,0.8714176377154084,5,0.8209603082129964,0.9081103895487297
music,electronics,logreg,self_training,target_only,2000,0.9064556080752482,0.00633725201852379,0.9839329408195571,5,0.9527115249361044,1.0217618669398265
music,electronics,logreg,self_training,transfer,50,0.7894079711347602,0.007844584620069442,0.10891498883446718,5,0.06513197256507526,0.15269800510385909
music,electronics,logreg,self_training,transfer,100,0.8219967017181788,0.012003137334502131,0.35253993537991135,5,0.2828854211332722,0.4216614420037034
music,electronics,logreg,self_training,transfer,250,0.8590031432498071,0.0121743851722466,0.6291905498278163,5,0.5690033620913997,0.7030213867341294
music,electronics,logreg,self_training,transfer,500,0.88287589105713,0.006190848965206289,0.8076570566334274,5,0.7796145429896079,0.8482637596827851
music,electronics,logreg,self_training,transfer,1000,0.8995334147984613,0.00599055316666876,0.9321844088318624,5,0.897868573628444,0.9663927818766872
music,electronics,logreg,self_training,transfer,2000,0.9118134449151171,0.006612199140461589,1.02398674746818,5,0.9869412169513174,1.0603518019149465
music,electronics,logreg,uncertainty,target_only,50,0.6894164899655616,0.0675353524691348,-0.6385955406870634,5,-1.0978616170210322,-0.37960624290184003
music,electronics,logreg,uncertainty,target_only,100,0.5983130724178073,0.07190597913438307,-1.3196611984415219,5,-1.739710715850102,-0.9398071494522068
music,electronics,logreg,uncertainty,target_only,250,0.5997924998097955,0.03445609195310998,-1.308601380742627,5,-1.5027761158378565,-1.1117360311673399
music,electronics,logreg,uncertainty,target_only,500,0.7737089008205555,0.019259121901882618,-0.008447212688574393,5,-0.12483383604519278,0.09579384749537148
music,electronics,logreg,uncertainty,target_only,1000,0.8792188604384295,0.010345446995101228,0.7803180387261357,5,0.7357314745051508,0.8452207413537106
music,electronics,logreg,uncertainty,target_only,2000,0.9078829601533893,0.006228821110747229,0.9946034569002185,5,0.9647381867364249,1.0354948702473261
music,electronics,logreg,uncertainty,transfer,50,0.8098081278808704,0.011079744760428974,0.2614213003051738,5,0.20268924146088652,0.325101382761756
music,electronics,logreg,uncertainty,transfer,100,0.8396942390820209,0.009619353058313258,0.484842161243405,5,0.4272242987917204,0.538661877879657
music,electronics,logreg,uncertainty,transfer,250,0.8763705301526044,0.006955619681630031,0.7590246559767936,5,0.7155628223919687,0.7954331497566092
music,electronics,logreg,uncertainty,transfer,500,0.8960361648152511,0.003150043553193825,0.9060398697546276,5,0.8880958430388974,0.9239878292921584
music,electronics,logreg,uncertainty,transfer,1000,0.9084424056108004,0.006007340046703721,0.9987857268817987,5,0.9659077671669654,1.0329251721695336
music,electronics,logreg,uncertainty,transfer,2000,0.9118884912291563,0.0058742531969272534,1.0245477743605715,5,0.9886415238048013,1.0569285232573897
music,electronics,svm,random,target_only,50,0.7303837553324523,0.022206503297876566,-0.4695126976647315,5,-0.5991244832563326,-0.31771291192849294
music,electronics,svm,random,target_only,100,0.7878622974526537,0.01759181080926512,0.011562120378661883,5,-0.11241905517692748,0.11067423239191945
music,electronics,svm,random,target_only,250,0.8417233424684873,0.004689156039474556,0.4623597828599529,5,0.4327552517644479,0.4919643139554578
music,electronics,svm,random,target_only,500,0.8725230007695199,0.005238518474890093,0.7201418953913064,5,0.686950218997118,0.7538009900615292
music,electronics,svm,random,target_only,1000,0.8919681843979841,0.007602410244107921,0.8828911202467509,5,0.8301280928192618,0.9304909119526897
music,electronics,svm,random,target_only,2000,0.9074022766984173,0.006379828619266454,1.0120689468097233,5,0.97086679019116,1.0564885354449587
music,electronics,svm,random,transfer,50,0.8088398982802211,0.010733342405351117,0.18713712852699924,5,0.12199323156610675,0.25682894583643917
music,electronics,svm,random,transfer,100,0.832247722313773,0.012480567886335588,0.38305223479715267,5,0.3043383849589305,0.4658491374953109
music,electronics,svm,random,transfer,250,0.8593671561269444,0.011207140749675324,0.6100321860253516,5,0.5489176761967247,0.6926920417807243
music,electronics,svm,random,transfer,500,0.8839364169931491,0.006446251139358999,0.8156681027462807,5,0.7805769741141608,0.8622260649409389
music,electronics,svm,random,transfer,1000,0.8994662572526672,0.006812341538539589,0.9456473054453836,5,0.9031233049415629,0.9874101366609453
music,electronics,svm,random,transfer,2000,0.9124509376555283,0.006378690917576277,1.0543244314082318,5,1.013472763294152,1.0939035780884239
music,electronics,svm,self_training,target_only,50,0.6187966927535988,0.07648366273077362,-1.4034564590401917,5,-1.9195630267434836,-0.913378274360179
music,electronics,svm,self_training,target_only,100,0.7843384203062238,0.05377723408644038,-0.017931469655004886,5,-0.3830167915271544,0.312795767551809
music,electronics,svm,self_training,target_only,250,0.8386779974024906,0.017181938485554455,0.4368713350068398,5,0.3288318512811306,0.5448823963433634
music,electronics,svm,self_training,target_only,500,0.8734546409781277,0.01468706666257127,0.7279393903747499,5,0.6187800797159773,0.7973915003462133
music,electronics,svm,self_training,target_only,1000,0.8932390257769065,0.00809975975406789,0.8935276075788166,5,0.8371129458290296,0.9431270155589526
music,electronics,svm,self_training,target_only,2000,0.9060446090545486,0.0070541087468246715,1.0007057547271605,5,0.961328261457342,1.0496444554295046
music,electronics,svm,self_training,transfer,50,0.808947269645602,0.012797371131757747,0.18803578841220825,5,0.11436797542950382,0.27848975253005576
music,electronics,svm,self_training,transfer,100,0.8329027964724091,0.013162478750127582,0.3885349709634911,5,0.2999947131603379,0.4774199802660961
music,electronics,svm,self_training,transfer,250,0.8649297619604386,0.011066965403624429,0.6565892052273898,5,0.5964172886196799,0.7380621664247957
music,electronics,svm,self_training,transfer,500,0.8849717135655697,0.0067228746310342554,0.8243331643819178,5,0.779634977712498,0.8691795790472175
music,electronics,svm,self_training,transfer,1000,0.9001073084468161,0.007536818560644516,0.9510126744197178,5,0.9031655361758434,0.99874694057253
music,electronics,svm,self_training,transfer,2000,0.9122916318086691,0.006532014994288894,1.0529910985075683,5,1.0101165085190065,1.093220134965349
music,electronics,svm,uncertainty,target_only,50,0.6466545851125283,0.12104076489500426,-1.170295874180225,5,-2.059036320800574,-0.5437018059013179
music,electronics,svm,uncertainty,target_only,100,0.6124127486760196,0.055403499902492846,-1.456887785274913,5,-1.802434242286714,-1.0413648501601847
music,electronics,svm,uncertainty,target_only,250,0.7030238683505915,0.040547446146451345,-0.6985051558234872,5,-0.969415846962623,-0.46179600287309375
music,electronics,svm,uncertainty,target_only,500,0.8087423130890607,0.015693469947009136,0.18632037541619512,5,0.0792388375511077,0.274124900657989
music,electronics,svm,uncertainty,target_only,1000,0.8880457928301768,0.0069116441277374705,0.8500621071894651,5,0.8105481773156887,0.8969456068482415
music,electronics,svm,uncertainty,target_only,2000,0.9074022766984173,0.006379828619266454,1.0120689468097233,5,0.97086679019116,1.0564885354449587
music,electronics,svm,uncertainty,transfer,50,0.8168855769258361,0.011486668114748098,0.2544765781320461,5,0.18433523447332886,0.3296768241297886
music,electronics,svm,uncertainty,transfer,100,0.8428996353390753,0.011809101054525536,0.4722049330292185,5,0.383257104291443,0.5439319491614077
music,electronics,svm,uncertainty,transfer,250,0.8806126589170857,0.005934560726214567,0.7878494376813486,5,0.749079503881158,0.8266193714815392
music,electronics,svm,uncertainty,transfer,500,0.8958711708319174,0.008607470749892487,0.9155577192812865,5,0.8637191945153029,0.9720536272343656
music,electronics,svm,uncertainty,transfer,1000,0.9098894048649033,0.006556077320609094,1.032885319076798,5,0.9960714106310082,1.0804997706619173
music,electronics,svm,uncertainty,transfer,2000,0.9124509376555283,0.006378690917576277,1.0543244314082318,5,1.013472763294152,1.0939035780884239
