config_hash,experiment,source,target,classifier,strategy,seed,budget,run_type,macro_f1,accuracy,n_source_train,n_target_labeled,n_target_val,n_pseudo,chosen_C,val_score,tuning,fit_seconds
1f7f2e0f41,main,__none__,books,logreg,__none__,0,2000,ceiling,0.9039800893113197,0.904,0,2000,1500,0,10.0,0.8759964727885594,target_full,6.436
1f7f2e0f41,main,__none__,books,logreg,__none__,1,2000,ceiling,0.9039800893113197,0.904,0,2000,1500,0,10.0,0.8759964727885594,target_full,6.363
1f7f2e0f41,main,__none__,books,logreg,__none__,2,2000,ceiling,0.9039800893113197,0.904,0,2000,1500,0,10.0,0.8759964727885594,target_full,6.715
1f7f2e0f41,main,__none__,books,logreg,__none__,3,2000,ceiling,0.9039800893113197,0.904,0,2000,1500,0,10.0,0.8759964727885594,target_full,6.641
1f7f2e0f41,main,__none__,books,logreg,__none__,4,2000,ceiling,0.9039800893113197,0.904,0,2000,1500,0,10.0,0.8759964727885594,target_full,6.484
1f7f2e0f41,main,__none__,books,svm,__none__,0,2000,ceiling,0.9039778150343856,0.904,0,2000,1500,0,1.0,0.8799965865695736,target_full,6.485
1f7f2e0f41,main,__none__,books,svm,__none__,1,2000,ceiling,0.9039778150343856,0.904,0,2000,1500,0,1.0,0.8799965865695736,target_full,7.56
1f7f2e0f41,main,__none__,books,svm,__none__,2,2000,ceiling,0.9039778150343856,0.904,0,2000,1500,0,1.0,0.8799965865695736,target_full,6.663
1f7f2e0f41,main,__none__,books,svm,__none__,3,2000,ceiling,0.9039778150343856,0.904,0,2000,1500,0,1.0,0.8799965865695736,target_full,6.546
1f7f2e0f41,main,__none__,books,svm,__none__,4,2000,ceiling,0.9039778150343856,0.904,0,2000,1500,0,1.0,0.8799965865695736,target_full,7.074
1f7f2e0f41,main,__none__,music,logreg,__none__,0,2000,ceiling,0.8903772686304232,0.8904,0,2000,1500,0,10.0,0.8899643484488975,target_full,3.869
1f7f2e0f41,main,__none__,music,logreg,__none__,1,2000,ceiling,0.8903772686304232,0.8904,0,2000,1500,0,10.0,0.8899643484488975,target_full,3.77
1f7f2e0f41,main,__none__,music,logreg,__none__,2,2000,ceiling,0.8903772686304232,0.8904,0,2000,1500,0,10.0,0.8899643484488975,target_full,3.627
1f7f2e0f41,main,__none__,music,logreg,__none__,3,2000,ceiling,0.8903772686304232,0.8904,0,2000,1500,0,10.0,0.8899643484488975,target_full,3.587
1f7f2e0f41,main,__none__,music,logreg,__none__,4,2000,ceiling,0.8903772686304232,0.8904,0,2000,1500,0,10.0,0.8899643484488975,target_full,3.48
1f7f2e0f41,main,__none__,music,svm,__none__,0,2000,ceiling,0.8919750419136837,0.892,0,2000,1500,0,1.0,0.8926318793955907,target_full,3.52
1f7f2e0f41,main,__none__,music,svm,__none__,1,2000,ceiling,0.8919750419136837,0.892,0,2000,1500,0,1.0,0.8926318793955907,target_full,3.418
1f7f2e0f41,main,__none__,music,svm,__none__,2,2000,ceiling,0.8919750419136837,0.892,0,2000,1500,0,1.0,0.8926318793955907,target_full,3.494
1f7f2e0f41,main,__none__,music,svm,__none__,3,2000,ceiling,0.8919750419136837,0.892,0,2000,1500,0,1.0,0.8926318793955907,target_full,3.459
1f7f2e0f41,main,__none__,music,svm,__none__,4,2000,ceiling,0.8919750419136837,0.892,0,2000,1500,0,1.0,0.8926318793955907,target_full,3.499
1f7f2e0f41,main,__none__,electronics,logreg,__none__,0,2000,ceiling,0.9031999380479603,0.9032,0,2000,1500,0,10.0,0.9092867268694493,target_full,3.801
1f7f2e0f41,main,__none__,electronics,logreg,__none__,1,2000,ceiling,0.9031999380479603,0.9032,0,2000,1500,0,10.0,0.9092867268694493,target_full,3.957
1f7f2e0f41,main,__none__,electronics,logreg,__none__,2,2000,ceiling,0.9031999380479603,0.9032,0,2000,1500,0,10.0,0.9092867268694493,target_full,3.811
1f7f2e0f41,main,__none__,electronics,logreg,__none__,3,2000,ceiling,0.9031999380479603,0.9032,0,2000,1500,0,10.0,0.9092867268694493,target_full,3.771
1f7f2e0f41,main,__none__,electronics,logreg,__none__,4,2000,ceiling,0.9031999380479603,0.9032,0,2000,1500,0,10.0,0.9092867268694493,target_full,3.821
1f7f2e0f41,main,__none__,electronics,svm,__none__,0,2000,ceiling,0.8979881013321394,0.898,0,2000,1500,0,0.1,0.9092242410434584,target_full,3.778
1f7f2e0f41,main,__none__,electronics,svm,__none__,1,2000,ceiling,0.8979881013321394,0.898,0,2000,1500,0,0.1,0.9092242410434584,target_full,3.698
1f7f2e0f41,main,__none__,electronics,svm,__none__,2,2000,ceiling,0.8979881013321394,0.898,0,2000,1500,0,0.1,0.9092242410434584,target_full,3.752
1f7f2e0f41,main,__none__,electronics,svm,__none__,3,2000,ceiling,0.8979881013321394,0.898,0,2000,1500,0,0.1,0.9092242410434584,target_full,3.833
1f7f2e0f41,main,__none__,electronics,svm,__none__,4,2000,ceiling,0.8979881013321394,0.898,0,2000,1500,0,0.1,0.9092242410434584,target_full,3.689
1f7f2e0f41,main,__none__,clothing,logreg,__none__,0,2000,ceiling,0.9163836111877928,0.9164,0,2000,1500,0,10.0,0.9139632527492854,target_full,2.52
1f7f2e0f41,main,__none__,clothing,logreg,__none__,1,2000,ceiling,0.9163836111877928,0.9164,0,2000,1500,0,10.0,0.9139632527492854,target_full,2.549
1f7f2e0f41,main,__none__,clothing,logreg,__none__,2,2000,ceiling,0.9163836111877928,0.9164,0,2000,1500,0,10.0,0.9139632527492854,target_full,2.583
1f7f2e0f41,main,__none__,clothing,logreg,__none__,3,2000,ceiling,0.9163836111877928,0.9164,0,2000,1500,0,10.0,0.9139632527492854,target_full,2.564
1f7f2e0f41,main,__none__,clothing,logreg,__none__,4,2000,ceiling,0.9163836111877928,0.9164,0,2000,1500,0,10.0,0.9139632527492854,target_full,2.494
1f7f2e0f41,main,__none__,clothing,svm,__none__,0,2000,ceiling,0.9143907405024927,0.9144,0,2000,1500,0,1.0,0.9146543768969397,target_full,2.443
1f7f2e0f41,main,__none__,clothing,svm,__none__,1,2000,ceiling,0.9143907405024927,0.9144,0,2000,1500,0,1.0,0.9146543768969397,target_full,2.516
1f7f2e0f41,main,__none__,clothing,svm,__none__,2,2000,ceiling,0.9143907405024927,0.9144,0,2000,1500,0,1.0,0.9146543768969397,target_full,2.596
1f7f2e0f41,main,__none__,clothing,svm,__none__,3,2000,ceiling,0.9143907405024927,0.9144,0,2000,1500,0,1.0,0.9146543768969397,target_full,2.505
1f7f2e0f41,main,__none__,clothing,svm,__none__,4,2000,ceiling,0.9143907405024927,0.9144,0,2000,1500,0,1.0,0.9146543768969397,target_full,2.52
1f7f2e0f41,main,books,music,logreg,random,0,0,source_only,0.8569179337378534,0.8572,2000,0,0,0,10.0,0.8733222982979851,source_val_fallback,0.104
1f7f2e0f41,main,books,music,logreg,random,0,50,transfer,0.8511305434663596,0.8512,2000,50,0,0,0.1,0.7931878306878307,budget_cv,0.331
1f7f2e0f41,main,books,music,logreg,random,0,50,target_only,0.6803006654457517,0.696,0,50,0,0,0.01,0.6154401154401155,budget_cv,0.105
1f7f2e0f41,main,books,music,logreg,random,0,100,transfer,0.8631576117018007,0.8632,2000,100,0,0,1.0,0.8264477469650329,budget_cv,0.351
1f7f2e0f41,main,books,music,logreg,random,0,100,target_only,0.7953560321629417,0.7968,0,100,0,0,0.01,0.768652526766117,budget_cv,0.118
1f7f2e0f41,main,books,music,logreg,random,0,250,transfer,0.8779812383952157,0.878,2000,250,0,0,10.0,0.8674404991733246,budget_cv,0.445
1f7f2e0f41,main,books,music,logreg,random,0,250,target_only,0.8526973359352534,0.8528,0,250,0,0,1.0,0.8104489807558407,budget_cv,0.15
1f7f2e0f41,main,books,music,logreg,random,0,500,transfer,0.8807596299803262,0.8808,2000,500,0,0,10.0,0.8858286062584234,budget_cv,0.421
1f7f2e0f41,main,books,music,logreg,random,0,500,target_only,0.8553732020405118,0.8556,0,500,0,0,10.0,0.8493528901098687,budget_cv,0.168
1f7f2e0f41,main,books,music,logreg,random,0,1000,transfer,0.8879982079713276,0.888,2000,1000,0,0,10.0,0.8988387364820171,budget_cv,0.462
1f7f2e0f41,main,books,music,logreg,random,0,1000,target_only,0.8759615778583574,0.876,0,1000,0,0,10.0,0.8867819792584517,budget_cv,0.198
1f7f2e0f41,main,books,music,logreg,random,0,2000,transfer,0.8971912982714857,0.8972,2000,2000,0,0,10.0,0.8974371267382105,budget_cv,0.531
1f7f2e0f41,main,books,music,logreg,random,0,2000,target_only,0.8899759003212064,0.89,0,2000,0,0,10.0,0.8873365098731553,budget_cv,0.286
1f7f2e0f41,main,books,music,logreg,random,1,0,source_only,0.8569179337378534,0.8572,2000,0,0,0,10.0,0.8733222982979851,source_val_fallback,0.104
1f7f2e0f41,main,books,music,logreg,random,1,50,transfer,0.8450530110884389,0.8452,2000,50,0,0,0.01,0.8379629629629629,budget_cv,0.334
1f7f2e0f41,main,books,music,logreg,random,1,50,target_only,0.7236538321369596,0.7252,0,50,0,0,10.0,0.7584797526747992,budget_cv,0.114
1f7f2e0f41,main,books,music,logreg,random,1,100,transfer,0.8635290569449623,0.8636,2000,100,0,0,1.0,0.8493856633562515,budget_cv,0.351
1f7f2e0f41,main,books,music,logreg,random,1,100,target_only,0.790395170704733,0.7904,0,100,0,0,1.0,0.7644394978835206,budget_cv,0.126
1f7f2e0f41,main,books,music,logreg,random,1,250,transfer,0.8719160589083662,0.872,2000,250,0,0,10.0,0.8836810313647572,budget_cv,0.384
1f7f2e0f41,main,books,music,logreg,random,1,250,target_only,0.8261645851277635,0.8264,0,250,0,0,10.0,0.8714112843315074,budget_cv,0.147
1f7f2e0f41,main,books,music,logreg,random,1,500,transfer,0.8827882788278828,0.8828,2000,500,0,0,10.0,0.8859341692803687,budget_cv,0.412
1f7f2e0f41,main,books,music,logreg,random,1,500,target_only,0.8583955592847392,0.8584,0,500,0,0,10.0,0.8538153144333567,budget_cv,0.163
1f7f2e0f41,main,books,music,logreg,random,1,1000,transfer,0.8899704064405163,0.89,2000,1000,0,0,10.0,0.8809428252567232,budget_cv,0.46
1f7f2e0f41,main,books,music,logreg,random,1,1000,target_only,0.8759186820674798,0.876,0,1000,0,0,10.0,0.8577919553315576,budget_cv,0.21
1f7f2e0f41,main,books,music,logreg,random,1,2000,transfer,0.8971912982714857,0.8972,2000,2000,0,0,10.0,0.8969871119868542,budget_cv,0.534
1f7f2e0f41,main,books,music,logreg,random,1,2000,target_only,0.8899759003212064,0.89,0,2000,0,0,10.0,0.890870333234151,budget_cv,0.26
1f7f2e0f41,main,books,music,logreg,random,2,0,source_only,0.8569179337378534,0.8572,2000,0,0,0,10.0,0.8733222982979851,source_val_fallback,0.104
1f7f2e0f41,main,books,music,logreg,random,2,50,transfer,0.8479964978393102,0.848,2000,50,0,0,0.1,0.8759750053867701,budget_cv,0.338
1f7f2e0f41,main,books,music,logreg,random,2,50,target_only,0.7574225476789609,0.7592,0,50,0,0,0.01,0.6116959064327485,budget_cv,0.119
1f7f2e0f41,main,books,music,logreg,random,2,100,transfer,0.8671978751660027,0.8672,2000,100,0,0,10.0,0.8768309215150735,budget_cv,0.364
1f7f2e0f41,main,books,music,logreg,random,2,100,target_only,0.7868167476763026,0.7872,0,100,0,0,0.1,0.7329573934837091,budget_cv,0.128
1f7f2e0f41,main,books,music,logreg,random,2,250,transfer,0.8779956078418822,0.878,2000,250,0,0,10.0,0.8872457645490194,budget_cv,0.383
1f7f2e0f41,main,books,music,logreg,random,2,250,target_only,0.8359872988564234,0.836,0,250,0,0,10.0,0.8235991091990943,budget_cv,0.148
1f7f2e0f41,main,books,music,logreg,random,2,500,transfer,0.8843902147877796,0.8844,2000,500,0,0,10.0,0.9039179261341097,budget_cv,0.429
1f7f2e0f41,main,books,music,logreg,random,2,500,target_only,0.8631495514506468,0.8632,0,500,0,0,10.0,0.8492310026302222,budget_cv,0.169
1f7f2e0f41,main,books,music,logreg,random,2,1000,transfer,0.8871999278079539,0.8872,2000,1000,0,0,10.0,0.9019456961377923,budget_cv,0.471
1f7f2e0f41,main,books,music,logreg,random,2,1000,target_only,0.8771896053281949,0.8772,0,1000,0,0,10.0,0.8808916268458287,budget_cv,0.213
1f7f2e0f41,main,books,music,logreg,random,2,2000,transfer,0.8971912982714857,0.8972,2000,2000,0,0,10.0,0.8914889652374015,budget_cv,0.556
1f7f2e0f41,main,books,music,logreg,random,2,2000,target_only,0.8899759003212064,0.89,0,2000,0,0,10.0,0.8828895895129865,budget_cv,0.294
1f7f2e0f41,main,books,music,logreg,random,3,0,source_only,0.8569179337378534,0.8572,2000,0,0,0,10.0,0.8733222982979851,source_val_fallback,0.109
1f7f2e0f41,main,books,music,logreg,random,3,50,transfer,0.862161462139921,0.8624,2000,50,0,0,10.0,0.8616471734892787,budget_cv,0.403
1f7f2e0f41,main,books,music,logreg,random,3,50,target_only,0.7312191897552701,0.7408,0,50,0,0,10.0,0.6808676830415962,budget_cv,0.115
1f7f2e0f41,main,books,music,logreg,random,3,100,transfer,0.8626892506419979,0.8628,2000,100,0,0,1.0,0.826482684841818,budget_cv,0.347
1f7f2e0f41,main,books,music,logreg,random,3,100,target_only,0.7963798679122251,0.798,0,100,0,0,0.01,0.7915549504259182,budget_cv,0.117
1f7f2e0f41,main,books,music,logreg,random,3,250,transfer,0.8687432130636998,0.8688,2000,250,0,0,1.0,0.8555260643495938,budget_cv,0.376
1f7f2e0f41,main,books,music,logreg,random,3,250,target_only,0.7973541780197158,0.8008,0,250,0,0,0.01,0.7813304577285383,budget_cv,0.141
1f7f2e0f41,main,books,music,logreg,random,3,500,transfer,0.8867528710748265,0.8868,2000,500,0,0,10.0,0.8798505164209031,budget_cv,0.456
1f7f2e0f41,main,books,music,logreg,random,3,500,target_only,0.8576665754128993,0.858,0,500,0,0,10.0,0.8426954223452107,budget_cv,0.175
1f7f2e0f41,main,books,music,logreg,random,3,1000,transfer,0.8919844457601894,0.892,2000,1000,0,0,10.0,0.8809379772062028,budget_cv,0.492
1f7f2e0f41,main,books,music,logreg,random,3,1000,target_only,0.8735171081720117,0.8736,0,1000,0,0,10.0,0.8637924348668239,budget_cv,0.212
1f7f2e0f41,main,books,music,logreg,random,3,2000,transfer,0.8971912982714857,0.8972,2000,2000,0,0,10.0,0.8944700545900354,budget_cv,0.529
1f7f2e0f41,main,books,music,logreg,random,3,2000,target_only,0.8899759003212064,0.89,0,2000,0,0,10.0,0.8938707007555854,budget_cv,0.269
1f7f2e0f41,main,books,music,logreg,random,4,0,source_only,0.8569179337378534,0.8572,2000,0,0,0,10.0,0.8733222982979851,source_val_fallback,0.104
1f7f2e0f41,main,books,music,logreg,random,4,50,transfer,0.8601626344622415,0.8604,2000,50,0,0,1.0,0.7965963987703119,budget_cv,0.352
1f7f2e0f41,main,books,music,logreg,random,4,50,target_only,0.7305583408552463,0.7312,0,50,0,0,0.01,0.7071733821733822,budget_cv,0.12
1f7f2e0f41,main,books,music,logreg,random,4,100,transfer,0.8508789483406194,0.8512,2000,100,0,0,0.1,0.8045456651147708,budget_cv,0.344
1f7f2e0f41,main,books,music,logreg,random,4,100,target_only,0.7637627324643128,0.7652,0,100,0,0,0.01,0.7180572513905847,budget_cv,0.128
1f7f2e0f41,main,books,music,logreg,random,4,250,transfer,0.8755854882913543,0.8756,2000,250,0,0,10.0,0.8552867697072091,budget_cv,0.38
1f7f2e0f41,main,books,music,logreg,random,4,250,target_only,0.8348685746240134,0.8352,0,250,0,0,1.0,0.8216669724588881,budget_cv,0.14
1f7f2e0f41,main,books,music,logreg,random,4,500,transfer,0.881599696895224,0.8816,2000,500,0,0,10.0,0.8819568728318314,budget_cv,0.437
1f7f2e0f41,main,books,music,logreg,random,4,500,target_only,0.8591996395510773,0.8592,0,500,0,0,10.0,0.8598419425459923,budget_cv,0.171
1f7f2e0f41,main,books,music,logreg,random,4,1000,transfer,0.8911965879249973,0.8912,2000,1000,0,0,10.0,0.8989530561245047,budget_cv,0.513
1f7f2e0f41,main,books,music,logreg,random,4,1000,target_only,0.8847733780412625,0.8848,0,1000,0,0,10.0,0.877407879559048,budget_cv,0.211
1f7f2e0f41,main,books,music,logreg,random,4,2000,transfer,0.8971912982714857,0.8972,2000,2000,0,0,10.0,0.8969697748184968,budget_cv,0.531
1f7f2e0f41,main,books,music,logreg,random,4,2000,target_only,0.8899759003212064,0.89,0,2000,0,0,10.0,0.8858923647901409,budget_cv,0.295
1f7f2e0f41,main,books,music,logreg,uncertainty,0,0,source_only,0.8569179337378534,0.8572,2000,0,0,0,10.0,0.8733222982979851,source_val_fallback,0.102
1f7f2e0f41,main,books,music,logreg,uncertainty,0,50,transfer,0.8651031116589178,0.8652,2000,50,0,0,10.0,0.6732804232804233,budget_cv,0.364
1f7f2e0f41,main,books,music,logreg,uncertainty,0,50,target_only,0.6200814297865787,0.6464,0,50,0,0,10.0,0.5584235209235209,budget_cv,0.113
1f7f2e0f41,main,books,music,logreg,uncertainty,0,100,transfer,0.8694307822938528,0.8696,2000,100,0,0,10.0,0.6223925667828106,budget_cv,0.363
1f7f2e0f41,main,books,music,logreg,uncertainty,0,100,target_only,0.6797815097828166,0.6836,0,100,0,0,10.0,0.547699214365881,budget_cv,0.121
1f7f2e0f41,main,books,music,logreg,uncertainty,0,250,transfer,0.8803646070653541,0.8804,2000,250,0,0,10.0,0.6345389897849478,budget_cv,0.393
1f7f2e0f41,main,books,music,logreg,uncertainty,0,250,target_only,0.7142766004477643,0.7148,0,250,0,0,10.0,0.5730897455153748,budget_cv,0.137
1f7f2e0f41,main,books,music,logreg,uncertainty,0,500,transfer,0.8911882309190562,0.8912,2000,500,0,0,10.0,0.6575240855768728,budget_cv,0.413
1f7f2e0f41,main,books,music,logreg,uncertainty,0,500,target_only,0.7313179483294383,0.7316,0,500,0,0,1.0,0.6334247958622905,budget_cv,0.151
1f7f2e0f41,main,books,music,logreg,uncertainty,0,1000,transfer,0.8987844370950477,0.8988,2000,1000,0,0,10.0,0.771671312683223,budget_cv,0.464
1f7f2e0f41,main,books,music,logreg,uncertainty,0,1000,target_only,0.8723468758758645,0.8724,0,1000,0,0,10.0,0.6800844630862558,budget_cv,0.191
1f7f2e0f41,main,books,music,logreg,uncertainty,0,2000,transfer,0.8971912982714857,0.8972,2000,2000,0,0,10.0,0.8944578462059315,budget_cv,0.538
1f7f2e0f41,main,books,music,logreg,uncertainty,0,2000,target_only,0.8899759003212064,0.89,0,2000,0,0,10.0,0.8883616299475966,budget_cv,0.284
1f7f2e0f41,main,books,music,logreg,uncertainty,1,0,source_only,0.8569179337378534,0.8572,2000,0,0,0,10.0,0.8733222982979851,source_val_fallback,0.107
1f7f2e0f41,main,books,music,logreg,uncertainty,1,50,transfer,0.8471482505116932,0.8472,2000,50,0,0,0.01,0.636002886002886,budget_cv,0.344
1f7f2e0f41,main,books,music,logreg,uncertainty,1,50,target_only,0.6200397030275495,0.6232,0,50,0,0,0.01,0.5096803168414422,budget_cv,0.12
1f7f2e0f41,main,books,music,logreg,uncertainty,1,100,transfer,0.870758125632705,0.8708,2000,100,0,0,10.0,0.644502259556023,budget_cv,0.379
1f7f2e0f41,main,books,music,logreg,uncertainty,1,100,target_only,0.6122766134415327,0.6276,0,100,0,0,1.0,0.5861891916856455,budget_cv,0.114
1f7f2e0f41,main,books,music,logreg,uncertainty,1,250,transfer,0.8859958958522507,0.886,2000,250,0,0,10.0,0.6299817535772592,budget_cv,0.383
1f7f2e0f41,main,books,music,logreg,uncertainty,1,250,target_only,0.695691180325356,0.6976,0,250,0,0,1.0,0.5831490594126992,budget_cv,0.138
1f7f2e0f41,main,books,music,logreg,uncertainty,1,500,transfer,0.8923681581959206,0.8924,2000,500,0,0,10.0,0.6273860084457062,budget_cv,0.433
1f7f2e0f41,main,books,music,logreg,uncertainty,1,500,target_only,0.7175205080111184,0.718,0,500,0,0,1.0,0.5685762021687867,budget_cv,0.159
1f7f2e0f41,main,books,music,logreg,uncertainty,1,1000,transfer,0.897590561946189,0.8976,2000,1000,0,0,10.0,0.788842305854598,budget_cv,0.491
1f7f2e0f41,main,books,music,logreg,uncertainty,1,1000,target_only,0.8687785006695496,0.8688,0,1000,0,0,10.0,0.698570405797115,budget_cv,0.19
1f7f2e0f41,main,books,music,logreg,uncertainty,1,2000,transfer,0.8971912982714857,0.8972,2000,2000,0,0,10.0,0.8954649362553342,budget_cv,0.538
1f7f2e0f41,main,books,music,logreg,uncertainty,1,2000,target_only,0.8899759003212064,0.89,0,2000,0,0,10.0,0.8938772581516278,budget_cv,0.276
1f7f2e0f41,main,books,music,logreg,uncertainty,2,0,source_only,0.8569179337378534,0.8572,2000,0,0,0,10.0,0.8733222982979851,source_val_fallback,0.102
1f7f2e0f41,main,books,music,logreg,uncertainty,2,50,transfer,0.8461731731141472,0.8464,2000,50,0,0,0.01,0.7191279008229472,budget_cv,0.334
1f7f2e0f41,main,books,music,logreg,uncertainty,2,50,target_only,0.6815379689888212,0.6844,0,50,0,0,0.1,0.43056191202644295,budget_cv,0.107
1f7f2e0f41,main,books,music,logreg,uncertainty,2,100,transfer,0.8702392212046414,0.8704,2000,100,0,0,10.0,0.7178513071895424,budget_cv,0.365
1f7f2e0f41,main,books,music,logreg,uncertainty,2,100,target_only,0.6807548302564914,0.6852,0,100,0,0,0.1,0.5563606597138007,budget_cv,0.116
1f7f2e0f41,main,books,music,logreg,uncertainty,2,250,transfer,0.8847834088108688,0.8848,2000,250,0,0,10.0,0.6398122605122576,budget_cv,0.378
1f7f2e0f41,main,books,music,logreg,uncertainty,2,250,target_only,0.6936941352156609,0.694,0,250,0,0,10.0,0.6005337841892275,budget_cv,0.136
1f7f2e0f41,main,books,music,logreg,uncertainty,2,500,transfer,0.8875753745100327,0.8876,2000,500,0,0,10.0,0.6275861867228301,budget_cv,0.423
1f7f2e0f41,main,books,music,logreg,uncertainty,2,500,target_only,0.7332989051319377,0.7336,0,500,0,0,1.0,0.6058937910888701,budget_cv,0.159
1f7f2e0f41,main,books,music,logreg,uncertainty,2,1000,transfer,0.8987844370950477,0.8988,2000,1000,0,0,10.0,0.79681798599125,budget_cv,0.472
1f7f2e0f41,main,books,music,logreg,uncertainty,2,1000,target_only,0.8715546022586222,0.8716,0,1000,0,0,10.0,0.7302030328426605,budget_cv,0.18
1f7f2e0f41,main,books,music,logreg,uncertainty,2,2000,transfer,0.8971912982714857,0.8972,2000,2000,0,0,10.0,0.8959844693054807,budget_cv,0.54
1f7f2e0f41,main,books,music,logreg,uncertainty,2,2000,target_only,0.8899759003212064,0.89,0,2000,0,0,10.0,0.8908529680609001,budget_cv,0.264
1f7f2e0f41,main,books,music,logreg,uncertainty,3,0,source_only,0.8569179337378534,0.8572,2000,0,0,0,10.0,0.8733222982979851,source_val_fallback,0.106
1f7f2e0f41,main,books,music,logreg,uncertainty,3,50,transfer,0.8616651411071696,0.862,2000,50,0,0,10.0,0.7811291048133153,budget_cv,0.353
1f7f2e0f41,main,books,music,logreg,uncertainty,3,50,target_only,0.6694175462327691,0.6828,0,50,0,0,0.01,0.5859761583445794,budget_cv,0.115
1f7f2e0f41,main,books,music,logreg,uncertainty,3,100,transfer,0.8719052303656337,0.872,2000,100,0,0,10.0,0.7501106894370652,budget_cv,0.361
1f7f2e0f41,main,books,music,logreg,uncertainty,3,100,target_only,0.6929838062184326,0.6936,0,100,0,0,0.01,0.6463830892105386,budget_cv,0.11
1f7f2e0f41,main,books,music,logreg,uncertainty,3,250,transfer,0.8819386269758471,0.882,2000,250,0,0,10.0,0.6396475197429706,budget_cv,0.391
1f7f2e0f41,main,books,music,logreg,uncertainty,3,250,target_only,0.6894710632945775,0.6916,0,250,0,0,1.0,0.6268910139392068,budget_cv,0.14
1f7f2e0f41,main,books,music,logreg,uncertainty,3,500,transfer,0.8879838696772335,0.888,2000,500,0,0,10.0,0.6402438598005024,budget_cv,0.423
1f7f2e0f41,main,books,music,logreg,uncertainty,3,500,target_only,0.7573558147188284,0.7584,0,500,0,0,10.0,0.5635824849070236,budget_cv,0.152
1f7f2e0f41,main,books,music,logreg,uncertainty,3,1000,transfer,0.8991907094157797,0.8992,2000,1000,0,0,10.0,0.790446795890511,budget_cv,0.467
1f7f2e0f41,main,books,music,logreg,uncertainty,3,1000,target_only,0.8683494251151522,0.8684,0,1000,0,0,10.0,0.7122262662247844,budget_cv,0.185
1f7f2e0f41,main,books,music,logreg,uncertainty,3,2000,transfer,0.8971912982714857,0.8972,2000,2000,0,0,10.0,0.8949626220389715,budget_cv,0.529
1f7f2e0f41,main,books,music,logreg,uncertainty,3,2000,target_only,0.8899759003212064,0.89,0,2000,0,0,10.0,0.8888989957901421,budget_cv,0.283
1f7f2e0f41,main,books,music,logreg,uncertainty,4,0,source_only,0.8569179337378534,0.8572,2000,0,0,0,10.0,0.8733222982979851,source_val_fallback,0.103
1f7f2e0f41,main,books,music,logreg,uncertainty,4,50,transfer,0.8630063238203642,0.8632,2000,50,0,0,10.0,0.6443833943833944,budget_cv,0.357
1f7f2e0f41,main,books,music,logreg,uncertainty,4,50,target_only,0.6104194999476933,0.6276,0,50,0,0,0.1,0.692256281729966,budget_cv,0.116
1f7f2e0f41,main,books,music,logreg,uncertainty,4,100,transfer,0.8711207340962985,0.8712,2000,100,0,0,10.0,0.620621264145932,budget_cv,0.362
1f7f2e0f41,main,books,music,logreg,uncertainty,4,100,target_only,0.640449999647657,0.6408,0,100,0,0,1.0,0.5277989683231619,budget_cv,0.11
1f7f2e0f41,main,books,music,logreg,uncertainty,4,250,transfer,0.8803737970765116,0.8804,2000,250,0,0,10.0,0.6349833037308419,budget_cv,0.378
1f7f2e0f41,main,books,music,logreg,uncertainty,4,250,target_only,0.6971346049193032,0.6976,0,250,0,0,0.01,0.6088779326298408,budget_cv,0.124
1f7f2e0f41,main,books,music,logreg,uncertainty,4,500,transfer,0.889990688811901,0.89,2000,500,0,0,10.0,0.6350377952013287,budget_cv,0.435
1f7f2e0f41,main,books,music,logreg,uncertainty,4,500,target_only,0.7214286674876516,0.7216,0,500,0,0,10.0,0.597507702101949,budget_cv,0.162
1f7f2e0f41,main,books,music,logreg,uncertainty,4,1000,transfer,0.8979913659892174,0.898,2000,1000,0,0,10.0,0.7892680538935961,budget_cv,0.471
1f7f2e0f41,main,books,music,logreg,uncertainty,4,1000,target_only,0.8671625079462427,0.8672,0,1000,0,0,10.0,0.7150444987699016,budget_cv,0.188
1f7f2e0f41,main,books,music,logreg,uncertainty,4,2000,transfer,0.8971912982714857,0.8972,2000,2000,0,0,10.0,0.8939453461926536,budget_cv,0.536
1f7f2e0f41,main,books,music,logreg,uncertainty,4,2000,target_only,0.8899759003212064,0.89,0,2000,0,0,10.0,0.884832318669583,budget_cv,0.267
1f7f2e0f41,main,books,music,logreg,self_training,0,0,uda_self_training,0.8579416857843449,0.8584,2000,0,0,1000,10.0,0.8733222982979851,source_val_fallback,0.222
1f7f2e0f41,main,books,music,logreg,self_training,0,50,transfer,0.8216004413677568,0.8228,2000,50,0,1000,0.1,0.7931878306878307,budget_cv,0.374
1f7f2e0f41,main,books,music,logreg,self_training,0,50,target_only,0.5638468999124737,0.6224,0,50,0,1000,0.01,0.6154401154401155,budget_cv,0.124
1f7f2e0f41,main,books,music,logreg,self_training,0,100,transfer,0.8658856487395412,0.866,2000,100,0,1000,1.0,0.8264477469650329,budget_cv,0.408
1f7f2e0f41,main,books,music,logreg,self_training,0,100,target_only,0.6999666019966109,0.72,0,100,0,1000,0.01,0.768652526766117,budget_cv,0.134
1f7f2e0f41,main,books,music,logreg,self_training,0,250,transfer,0.8811614963248092,0.8812,2000,250,0,1000,10.0,0.8674404991733246,budget_cv,0.529
1f7f2e0f41,main,books,music,logreg,self_training,0,250,target_only,0.7903615646426281,0.796,0,250,0,1000,1.0,0.8104489807558407,budget_cv,0.182
1f7f2e0f41,main,books,music,logreg,self_training,0,500,transfer,0.8807484069908005,0.8808,2000,500,0,1000,10.0,0.8858286062584234,budget_cv,0.547
1f7f2e0f41,main,books,music,logreg,self_training,0,500,target_only,0.8470981481815302,0.848,0,500,0,1000,10.0,0.8493528901098687,budget_cv,0.234
1f7f2e0f41,main,books,music,logreg,self_training,0,1000,transfer,0.885587625157537,0.8856,2000,1000,0,1000,10.0,0.8988387364820171,budget_cv,0.615
1f7f2e0f41,main,books,music,logreg,self_training,0,1000,target_only,0.873450246083205,0.8736,0,1000,0,1000,10.0,0.8867819792584517,budget_cv,0.275
1f7f2e0f41,main,books,music,logreg,self_training,0,2000,transfer,0.8963860577079252,0.8964,2000,2000,0,1000,10.0,0.8974371267382105,budget_cv,0.747
1f7f2e0f41,main,books,music,logreg,self_training,0,2000,target_only,0.8875532041414356,0.8876,0,2000,0,1000,10.0,0.8873365098731553,budget_cv,0.375
1f7f2e0f41,main,books,music,logreg,self_training,1,0,uda_self_training,0.8579416857843449,0.8584,2000,0,0,1000,10.0,0.8733222982979851,source_val_fallback,0.218
1f7f2e0f41,main,books,music,logreg,self_training,1,50,transfer,0.777055386602233,0.7808,2000,50,0,1000,0.01,0.8379629629629629,budget_cv,0.385
1f7f2e0f41,main,books,music,logreg,self_training,1,50,target_only,0.7619009126838225,0.762,0,50,0,1000,10.0,0.7584797526747992,budget_cv,0.165
1f7f2e0f41,main,books,music,logreg,self_training,1,100,transfer,0.857749069358348,0.858,2000,100,0,1000,1.0,0.8493856633562515,budget_cv,0.423
1f7f2e0f41,main,books,music,logreg,self_training,1,100,target_only,0.7223071772027638,0.734,0,100,0,1000,1.0,0.7644394978835206,budget_cv,0.165
1f7f2e0f41,main,books,music,logreg,self_training,1,250,transfer,0.8714963540993623,0.8716,2000,250,0,1000,10.0,0.8836810313647572,budget_cv,0.509
1f7f2e0f41,main,books,music,logreg,self_training,1,250,target_only,0.8155744467718733,0.8176,0,250,0,1000,10.0,0.8714112843315074,budget_cv,0.203
1f7f2e0f41,main,books,music,logreg,self_training,1,500,transfer,0.8851823456374652,0.8852,2000,500,0,1000,10.0,0.8859341692803687,budget_cv,0.552
1f7f2e0f41,main,books,music,logreg,self_training,1,500,target_only,0.8645919265379953,0.8648,0,500,0,1000,10.0,0.8538153144333567,budget_cv,0.225
1f7f2e0f41,main,books,music,logreg,self_training,1,1000,transfer,0.8907706216664034,0.8908,2000,1000,0,1000,10.0,0.8809428252567232,budget_cv,0.597
1f7f2e0f41,main,books,music,logreg,self_training,1,1000,target_only,0.8717781043162054,0.872,0,1000,0,1000,10.0,0.8577919553315576,budget_cv,0.282
1f7f2e0f41,main,books,music,logreg,self_training,1,2000,transfer,0.8963860577079252,0.8964,2000,2000,0,1000,10.0,0.8969871119868542,budget_cv,0.765
1f7f2e0f41,main,books,music,logreg,self_training,1,2000,target_only,0.8875532041414356,0.8876,0,2000,0,1000,10.0,0.890870333234151,budget_cv,0.363
1f7f2e0f41,main,books,music,logreg,self_training,2,0,uda_self_training,0.8579416857843449,0.8584,2000,0,0,1000,10.0,0.8733222982979851,source_val_fallback,0.215
1f7f2e0f41,main,books,music,logreg,self_training,2,50,transfer,0.8265922683272705,0.8272,2000,50,0,1000,0.1,0.8759750053867701,budget_cv,0.378
1f7f2e0f41,main,books,music,logreg,self_training,2,50,target_only,0.4471658099967891,0.554,0,50,0,1000,0.01,0.6116959064327485,budget_cv,0.145
1f7f2e0f41,main,books,music,logreg,self_training,2,100,transfer,0.8683711680206433,0.8684,2000,100,0,1000,10.0,0.8768309215150735,budget_cv,0.509
1f7f2e0f41,main,books,music,logreg,self_training,2,100,target_only,0.603623477336292,0.6488,0,100,0,1000,0.1,0.7329573934837091,budget_cv,0.165
1f7f2e0f41,main,books,music,logreg,self_training,2,250,transfer,0.8771785995991941,0.8772,2000,250,0,1000,10.0,0.8872457645490194,budget_cv,0.514
1f7f2e0f41,main,books,music,logreg,self_training,2,250,target_only,0.8465395100258983,0.8468,0,250,0,1000,10.0,0.8235991091990943,budget_cv,0.217
1f7f2e0f41,main,books,music,logreg,self_training,2,500,transfer,0.8815599009200554,0.8816,2000,500,0,1000,10.0,0.9039179261341097,budget_cv,0.584
1f7f2e0f41,main,books,music,logreg,self_training,2,500,target_only,0.8580041382567978,0.8584,0,500,0,1000,10.0,0.8492310026302222,budget_cv,0.236
1f7f2e0f41,main,books,music,logreg,self_training,2,1000,transfer,0.8867920120443699,0.8868,2000,1000,0,1000,10.0,0.9019456961377923,budget_cv,0.659
1f7f2e0f41,main,books,music,logreg,self_training,2,1000,target_only,0.8763263696674453,0.8764,0,1000,0,1000,10.0,0.8808916268458287,budget_cv,0.253
1f7f2e0f41,main,books,music,logreg,self_training,2,2000,transfer,0.8963860577079252,0.8964,2000,2000,0,1000,10.0,0.8914889652374015,budget_cv,0.697
1f7f2e0f41,main,books,music,logreg,self_training,2,2000,target_only,0.8875532041414356,0.8876,0,2000,0,1000,10.0,0.8828895895129865,budget_cv,0.334
1f7f2e0f41,main,books,music,logreg,self_training,3,0,uda_self_training,0.8579416857843449,0.8584,2000,0,0,1000,10.0,0.8733222982979851,source_val_fallback,0.22
1f7f2e0f41,main,books,music,logreg,self_training,3,50,transfer,0.863991561218,0.8644,2000,50,0,1000,10.0,0.8616471734892787,budget_cv,0.476
1f7f2e0f41,main,books,music,logreg,self_training,3,50,target_only,0.6014131945125402,0.6488,0,50,0,1000,10.0,0.6808676830415962,budget_cv,0.18
1f7f2e0f41,main,books,music,logreg,self_training,3,100,transfer,0.8619546325136007,0.8624,2000,100,0,1000,1.0,0.826482684841818,budget_cv,0.45
1f7f2e0f41,main,books,music,logreg,self_training,3,100,target_only,0.5511804935835191,0.6164,0,100,0,1000,0.01,0.7915549504259182,budget_cv,0.14
1f7f2e0f41,main,books,music,logreg,self_training,3,250,transfer,0.8626098740481027,0.8628,2000,250,0,1000,1.0,0.8555260643495938,budget_cv,0.438
1f7f2e0f41,main,books,music,logreg,self_training,3,250,target_only,0.47454074861428885,0.566,0,250,0,1000,0.01,0.7813304577285383,budget_cv,0.158
1f7f2e0f41,main,books,music,logreg,self_training,3,500,transfer,0.8847421682303312,0.8848,2000,500,0,1000,10.0,0.8798505164209031,budget_cv,0.575
1f7f2e0f41,main,books,music,logreg,self_training,3,500,target_only,0.8450377713388624,0.846,0,500,0,1000,10.0,0.8426954223452107,budget_cv,0.233
1f7f2e0f41,main,books,music,logreg,self_training,3,1000,transfer,0.8891730291483735,0.8892,2000,1000,0,1000,10.0,0.8809379772062028,budget_cv,0.625
1f7f2e0f41,main,books,music,logreg,self_training,3,1000,target_only,0.8661858974358974,0.8664,0,1000,0,1000,10.0,0.8637924348668239,budget_cv,0.291
1f7f2e0f41,main,books,music,logreg,self_training,3,2000,transfer,0.8963860577079252,0.8964,2000,2000,0,1000,10.0,0.8944700545900354,budget_cv,0.698
1f7f2e0f41,main,books,music,logreg,self_training,3,2000,target_only,0.8875532041414356,0.8876,0,2000,0,1000,10.0,0.8938707007555854,budget_cv,0.377
1f7f2e0f41,main,books,music,logreg,self_training,4,0,uda_self_training,0.8579416857843449,0.8584,2000,0,0,1000,10.0,0.8733222982979851,source_val_fallback,0.206
1f7f2e0f41,main,books,music,logreg,self_training,4,50,transfer,0.8520834686555223,0.8528,2000,50,0,1000,1.0,0.7965963987703119,budget_cv,0.383
1f7f2e0f41,main,books,music,logreg,self_training,4,50,target_only,0.6006604839085278,0.6488,0,50,0,1000,0.01,0.7071733821733822,budget_cv,0.12
1f7f2e0f41,main,books,music,logreg,self_training,4,100,transfer,0.8118329803579585,0.8144,2000,100,0,1000,0.1,0.8045456651147708,budget_cv,0.362
1f7f2e0f41,main,books,music,logreg,self_training,4,100,target_only,0.5012724292615597,0.5856,0,100,0,1000,0.01,0.7180572513905847,budget_cv,0.129
1f7f2e0f41,main,books,music,logreg,self_training,4,250,transfer,0.876765218215189,0.8768,2000,250,0,1000,10.0,0.8552867697072091,budget_cv,0.477
1f7f2e0f41,main,books,music,logreg,self_training,4,250,target_only,0.7340689666298145,0.7468,0,250,0,1000,1.0,0.8216669724588881,budget_cv,0.164
1f7f2e0f41,main,books,music,logreg,self_training,4,500,transfer,0.8815908303939057,0.8816,2000,500,0,1000,10.0,0.8819568728318314,budget_cv,0.52
1f7f2e0f41,main,books,music,logreg,self_training,4,500,target_only,0.858992075354635,0.8592,0,500,0,1000,10.0,0.8598419425459923,budget_cv,0.199
1f7f2e0f41,main,books,music,logreg,self_training,4,1000,transfer,0.8947858423829511,0.8948,2000,1000,0,1000,10.0,0.8989530561245047,budget_cv,0.583
1f7f2e0f41,main,books,music,logreg,self_training,4,1000,target_only,0.8810929836853167,0.8812,0,1000,0,1000,10.0,0.877407879559048,budget_cv,0.241
1f7f2e0f41,main,books,music,logreg,self_training,4,2000,transfer,0.8963860577079252,0.8964,2000,2000,0,1000,10.0,0.8969697748184968,budget_cv,0.684
1f7f2e0f41,main,books,music,logreg,self_training,4,2000,target_only,0.8875532041414356,0.8876,0,2000,0,1000,10.0,0.8858923647901409,budget_cv,0.33
1f7f2e0f41,main,books,music,svm,random,0,0,source_only,0.8581152315944193,0.8584,2000,0,0,0,1.0,0.8759964727885594,source_val_fallback,0.063
1f7f2e0f41,main,books,music,svm,random,0,50,transfer,0.8623206967213115,0.8624,2000,50,0,0,0.1,0.8160441954559602,budget_cv,0.194
1f7f2e0f41,main,books,music,svm,random,0,50,target_only,0.7020936312673243,0.7124,0,50,0,0,0.01,0.614110644257703,budget_cv,0.041
1f7f2e0f41,main,books,music,svm,random,0,100,transfer,0.8711761727449109,0.8712,2000,100,0,0,1.0,0.8576322341802217,budget_cv,0.201
1f7f2e0f41,main,books,music,svm,random,0,100,target_only,0.7954108890379543,0.7968,0,100,0,0,0.01,0.7584285931550866,budget_cv,0.041
1f7f2e0f41,main,books,music,svm,random,0,250,transfer,0.880780467071725,0.8808,2000,250,0,0,1.0,0.8755862045244559,budget_cv,0.212
1f7f2e0f41,main,books,music,svm,random,0,250,target_only,0.8526709161498939,0.8528,0,250,0,0,0.1,0.8064422453356467,budget_cv,0.046
1f7f2e0f41,main,books,music,svm,random,0,500,transfer,0.8763485412089095,0.8764,2000,500,0,0,1.0,0.8878743655138907,budget_cv,0.223
1f7f2e0f41,main,books,music,svm,random,0,500,target_only,0.8518702146072302,0.852,0,500,0,0,10.0,0.8517605545874968,budget_cv,0.056
1f7f2e0f41,main,books,music,svm,random,0,1000,transfer,0.8895988694924236,0.8896,2000,1000,0,0,1.0,0.9028074904510829,budget_cv,0.255
1f7f2e0f41,main,books,music,svm,random,0,1000,target_only,0.8747663171486604,0.8748,0,1000,0,0,1.0,0.8907451866515427,budget_cv,0.072
1f7f2e0f41,main,books,music,svm,random,0,2000,transfer,0.8971940619290171,0.8972,2000,2000,0,0,1.0,0.8994450044306977,budget_cv,0.292
1f7f2e0f41,main,books,music,svm,random,0,2000,target_only,0.8907785926041505,0.8908,0,2000,0,0,1.0,0.8958531858620175,budget_cv,0.116
1f7f2e0f41,main,books,music,svm,random,1,0,source_only,0.8581152315944193,0.8584,2000,0,0,0,1.0,0.8759964727885594,source_val_fallback,0.063
1f7f2e0f41,main,books,music,svm,random,1,50,transfer,0.8519454211600564,0.852,2000,50,0,0,0.01,0.8379629629629629,budget_cv,0.202
1f7f2e0f41,main,books,music,svm,random,1,50,target_only,0.7236538321369596,0.7252,0,50,0,0,1.0,0.7584797526747992,budget_cv,0.043
1f7f2e0f41,main,books,music,svm,random,1,100,transfer,0.8639411354928597,0.864,2000,100,0,0,0.1,0.8592320261437908,budget_cv,0.204
1f7f2e0f41,main,books,music,svm,random,1,100,target_only,0.788433872121739,0.7888,0,100,0,0,0.01,0.7553354843677424,budget_cv,0.045
1f7f2e0f41,main,books,music,svm,random,1,250,transfer,0.8731088617088338,0.8732,2000,250,0,0,1.0,0.8838449676684971,budget_cv,0.222
1f7f2e0f41,main,books,music,svm,random,1,250,target_only,0.8234410969872885,0.8236,0,250,0,0,10.0,0.87535002489343,budget_cv,0.048
1f7f2e0f41,main,books,music,svm,random,1,500,transfer,0.8827957806481033,0.8828,2000,500,0,0,1.0,0.8899190269723626,budget_cv,0.211
1f7f2e0f41,main,books,music,svm,random,1,500,target_only,0.8595997978237089,0.8596,0,500,0,0,1.0,0.8658672074863345,budget_cv,0.059
1f7f2e0f41,main,books,music,svm,random,1,1000,transfer,0.8927752267883972,0.8928,2000,1000,0,0,1.0,0.881936420678255,budget_cv,0.25
1f7f2e0f41,main,books,music,svm,random,1,1000,target_only,0.8799778006940164,0.88,0,1000,0,0,10.0,0.8649103068243722,budget_cv,0.079
1f7f2e0f41,main,books,music,svm,random,1,2000,transfer,0.8971940619290171,0.8972,2000,2000,0,0,1.0,0.8959789653913193,budget_cv,0.306
1f7f2e0f41,main,books,music,svm,random,1,2000,target_only,0.8907785926041505,0.8908,0,2000,0,0,1.0,0.8923767830030872,budget_cv,0.121
1f7f2e0f41,main,books,music,svm,random,2,0,source_only,0.8581152315944193,0.8584,2000,0,0,0,1.0,0.8759964727885594,source_val_fallback,0.068
1f7f2e0f41,main,books,music,svm,random,2,50,transfer,0.847995233130511,0.848,2000,50,0,0,0.01,0.8759750053867701,budget_cv,0.194
1f7f2e0f41,main,books,music,svm,random,2,50,target_only,0.6816252274105519,0.6976,0,50,0,0,0.01,0.6175771088814567,budget_cv,0.047
1f7f2e0f41,main,books,music,svm,random,2,100,transfer,0.8655957850838203,0.8656,2000,100,0,0,1.0,0.8876028419966128,budget_cv,0.206
1f7f2e0f41,main,books,music,svm,random,2,100,target_only,0.7846112850234862,0.7848,0,100,0,0,0.01,0.7773879142300194,budget_cv,0.049
1f7f2e0f41,main,books,music,svm,random,2,250,transfer,0.8759903966963202,0.876,2000,250,0,0,10.0,0.879475077532678,budget_cv,0.226
1f7f2e0f41,main,books,music,svm,random,2,250,target_only,0.8307629303122556,0.8308,0,250,0,0,10.0,0.8351842422963499,budget_cv,0.055
1f7f2e0f41,main,books,music,svm,random,2,500,transfer,0.8859867014888616,0.886,2000,500,0,0,1.0,0.8979082724326855,budget_cv,0.226
1f7f2e0f41,main,books,music,svm,random,2,500,target_only,0.8615743968004321,0.8616,0,500,0,0,10.0,0.8614191838763782,budget_cv,0.059
1f7f2e0f41,main,books,music,svm,random,2,1000,transfer,0.8903999298559551,0.8904,2000,1000,0,0,1.0,0.8949621579507193,budget_cv,0.264
1f7f2e0f41,main,books,music,svm,random,2,1000,target_only,0.8815993180120717,0.8816,0,1000,0,0,10.0,0.8889472559042552,budget_cv,0.075
1f7f2e0f41,main,books,music,svm,random,2,2000,transfer,0.8971940619290171,0.8972,2000,2000,0,0,1.0,0.8934802204477504,budget_cv,0.299
1f7f2e0f41,main,books,music,svm,random,2,2000,target_only,0.8899851964080288,0.89,0,2000,0,0,10.0,0.8919550473627279,budget_cv,0.132
1f7f2e0f41,main,books,music,svm,random,3,0,source_only,0.8581152315944193,0.8584,2000,0,0,0,1.0,0.8759964727885594,source_val_fallback,0.066
1f7f2e0f41,main,books,music,svm,random,3,50,transfer,0.8657809330076177,0.866,2000,50,0,0,1.0,0.8616471734892787,budget_cv,0.197
1f7f2e0f41,main,books,music,svm,random,3,50,target_only,0.7315918915694299,0.7412,0,50,0,0,1.0,0.6808676830415962,budget_cv,0.042
1f7f2e0f41,main,books,music,svm,random,3,100,transfer,0.8631045893746105,0.8632,2000,100,0,0,0.1,0.826482684841818,budget_cv,0.196
1f7f2e0f41,main,books,music,svm,random,3,100,target_only,0.7930977406273276,0.7952,0,100,0,0,0.01,0.6989046272450302,budget_cv,0.042
1f7f2e0f41,main,books,music,svm,random,3,250,transfer,0.8759503801520608,0.876,2000,250,0,0,1.0,0.8518641242193988,budget_cv,0.208
1f7f2e0f41,main,books,music,svm,random,3,250,target_only,0.8291932339350222,0.8296,0,250,0,0,10.0,0.7792119886873433,budget_cv,0.049
1f7f2e0f41,main,books,music,svm,random,3,500,transfer,0.8879477208886578,0.888,2000,500,0,0,1.0,0.8718831761992698,budget_cv,0.221
1f7f2e0f41,main,books,music,svm,random,3,500,target_only,0.8601341205578156,0.8604,0,500,0,0,10.0,0.8470520446366828,budget_cv,0.059
1f7f2e0f41,main,books,music,svm,random,3,1000,transfer,0.8939893989398939,0.894,2000,1000,0,0,1.0,0.8839514953011385,budget_cv,0.236
1f7f2e0f41,main,books,music,svm,random,3,1000,target_only,0.8723586442007211,0.8724,0,1000,0,0,10.0,0.8709321629316346,budget_cv,0.078
1f7f2e0f41,main,books,music,svm,random,3,2000,transfer,0.8971940619290171,0.8972,2000,2000,0,0,1.0,0.8929662538891451,budget_cv,0.284
1f7f2e0f41,main,books,music,svm,random,3,2000,target_only,0.8907785926041505,0.8908,0,2000,0,0,1.0,0.895883757039799,budget_cv,0.112
1f7f2e0f41,main,books,music,svm,random,4,0,source_only,0.8581152315944193,0.8584,2000,0,0,0,1.0,0.8759964727885594,source_val_fallback,0.061
1f7f2e0f41,main,books,music,svm,random,4,50,transfer,0.859775641025641,0.86,2000,50,0,0,0.1,0.7965963987703119,budget_cv,0.214
1f7f2e0f41,main,books,music,svm,random,4,50,target_only,0.630535277013348,0.66,0,50,0,0,0.01,0.5530864197530865,budget_cv,0.045
1f7f2e0f41,main,books,music,svm,random,4,100,transfer,0.8504836233470022,0.8508,2000,100,0,0,0.01,0.8045456651147708,budget_cv,0.207
1f7f2e0f41,main,books,music,svm,random,4,100,target_only,0.6921138515609828,0.7088,0,100,0,0,0.01,0.7084670897100908,budget_cv,0.045
1f7f2e0f41,main,books,music,svm,random,4,250,transfer,0.8783887923110993,0.8784,2000,250,0,0,1.0,0.855282483932298,budget_cv,0.229
1f7f2e0f41,main,books,music,svm,random,4,250,target_only,0.8309507267035681,0.8312,0,250,0,0,10.0,0.826103401696522,budget_cv,0.048
1f7f2e0f41,main,books,music,svm,random,4,500,transfer,0.881999981119997,0.882,2000,500,0,0,1.0,0.8940278260125281,budget_cv,0.252
1f7f2e0f41,main,books,music,svm,random,4,500,target_only,0.8587961818487572,0.8588,0,500,0,0,10.0,0.8739267237866862,budget_cv,0.055
1f7f2e0f41,main,books,music,svm,random,4,1000,transfer,0.8927884039937759,0.8928,2000,1000,0,0,1.0,0.8938449246438444,budget_cv,0.275
1f7f2e0f41,main,books,music,svm,random,4,1000,target_only,0.8843844427706192,0.8844,0,1000,0,0,1.0,0.8865487517915861,budget_cv,0.072
1f7f2e0f41,main,books,music,svm,random,4,2000,transfer,0.8971940619290171,0.8972,2000,2000,0,0,1.0,0.894459095503309,budget_cv,0.308
1f7f2e0f41,main,books,music,svm,random,4,2000,target_only,0.8899851964080288,0.89,0,2000,0,0,10.0,0.8913948517541542,budget_cv,0.126
1f7f2e0f41,main,books,music,svm,uncertainty,0,0,source_only,0.8581152315944193,0.8584,2000,0,0,0,1.0,0.8759964727885594,source_val_fallback,0.06
1f7f2e0f41,main,books,music,svm,uncertainty,0,50,transfer,0.86110023663396,0.8612,2000,50,0,0,0.1,0.7185846560846562,budget_cv,0.194
1f7f2e0f41,main,books,music,svm,uncertainty,0,50,target_only,0.6843684368436843,0.6844,0,50,0,0,1.0,0.6124455254890038,budget_cv,0.04
1f7f2e0f41,main,books,music,svm,uncertainty,0,100,transfer,0.8715184090504835,0.8716,2000,100,0,0,1.0,0.6381339916088493,budget_cv,0.205
1f7f2e0f41,main,books,music,svm,uncertainty,0,100,target_only,0.6913071616258046,0.6916,0,100,0,0,0.01,0.5745899089819235,budget_cv,0.044
1f7f2e0f41,main,books,music,svm,uncertainty,0,250,transfer,0.8643435452097745,0.8644,2000,250,0,0,0.01,0.5715565408006856,budget_cv,0.203
1f7f2e0f41,main,books,music,svm,uncertainty,0,250,target_only,0.7269603883272799,0.7276,0,250,0,0,0.01,0.5092133729558013,budget_cv,0.047
1f7f2e0f41,main,books,music,svm,uncertainty,0,500,transfer,0.8819900116345848,0.882,2000,500,0,0,0.1,0.6335837143283594,budget_cv,0.224
1f7f2e0f41,main,books,music,svm,uncertainty,0,500,target_only,0.7953956903205265,0.7956,0,500,0,0,10.0,0.5680041628063948,budget_cv,0.057
1f7f2e0f41,main,books,music,svm,uncertainty,0,1000,transfer,0.8979913659892174,0.898,2000,1000,0,0,1.0,0.7665215527769798,budget_cv,0.267
1f7f2e0f41,main,books,music,svm,uncertainty,0,1000,target_only,0.873955450814536,0.874,0,1000,0,0,1.0,0.6899611686437718,budget_cv,0.083
1f7f2e0f41,main,books,music,svm,uncertainty,0,2000,transfer,0.8971940619290171,0.8972,2000,2000,0,0,1.0,0.8954657418636635,budget_cv,0.297
1f7f2e0f41,main,books,music,svm,uncertainty,0,2000,target_only,0.8899851964080288,0.89,0,2000,0,0,10.0,0.8973954113794309,budget_cv,0.119
1f7f2e0f41,main,books,music,svm,uncertainty,1,0,source_only,0.8581152315944193,0.8584,2000,0,0,0,1.0,0.8759964727885594,source_val_fallback,0.063
1f7f2e0f41,main,books,music,svm,uncertainty,1,50,transfer,0.8674243425569143,0.8676,2000,50,0,0,1.0,0.6459633933318144,budget_cv,0.202
1f7f2e0f41,main,books,music,svm,uncertainty,1,50,target_only,0.6652529290368709,0.6704,0,50,0,0,10.0,0.48786748167553123,budget_cv,0.043
1f7f2e0f41,main,books,music,svm,uncertainty,1,100,transfer,0.874322703435521,0.8744,2000,100,0,0,1.0,0.6658709451522545,budget_cv,0.204
1f7f2e0f41,main,books,music,svm,uncertainty,1,100,target_only,0.6875939518189071,0.6876,0,100,0,0,0.01,0.48075048732943476,budget_cv,0.045
1f7f2e0f41,main,books,music,svm,uncertainty,1,250,transfer,0.8715184090504835,0.8716,2000,250,0,0,10.0,0.5781410336795894,budget_cv,0.221
1f7f2e0f41,main,books,music,svm,uncertainty,1,250,target_only,0.7227564102564102,0.7232,0,250,0,0,10.0,0.5711208483153011,budget_cv,0.048
1f7f2e0f41,main,books,music,svm,uncertainty,1,500,transfer,0.8927865511449756,0.8928,2000,500,0,0,1.0,0.6336914669301923,budget_cv,0.226
1f7f2e0f41,main,books,music,svm,uncertainty,1,500,target_only,0.7763455714582701,0.7764,0,500,0,0,10.0,0.5732353337034047,budget_cv,0.06
1f7f2e0f41,main,books,music,svm,uncertainty,1,1000,transfer,0.8975934459805428,0.8976,2000,1000,0,0,1.0,0.772701971195071,budget_cv,0.262
1f7f2e0f41,main,books,music,svm,uncertainty,1,1000,target_only,0.8715776236851509,0.8716,0,1000,0,0,10.0,0.711192877364362,budget_cv,0.083
1f7f2e0f41,main,books,music,svm,uncertainty,1,2000,transfer,0.8971940619290171,0.8972,2000,2000,0,0,1.0,0.9024877410911448,budget_cv,0.296
1f7f2e0f41,main,books,music,svm,uncertainty,1,2000,target_only,0.8899851964080288,0.89,0,2000,0,0,10.0,0.8994551506984362,budget_cv,0.122
1f7f2e0f41,main,books,music,svm,uncertainty,2,0,source_only,0.8581152315944193,0.8584,2000,0,0,0,1.0,0.8759964727885594,source_val_fallback,0.058
1f7f2e0f41,main,books,music,svm,uncertainty,2,50,transfer,0.862989464130161,0.8632,2000,50,0,0,1.0,0.7587217635592248,budget_cv,0.202
1f7f2e0f41,main,books,music,svm,uncertainty,2,50,target_only,0.630318128743714,0.6492,0,50,0,0,1.0,0.4323698168091761,budget_cv,0.041
1f7f2e0f41,main,books,music,svm,uncertainty,2,100,transfer,0.8699370495319734,0.87,2000,100,0,0,1.0,0.7065709252583557,budget_cv,0.205
1f7f2e0f41,main,books,music,svm,uncertainty,2,100,target_only,0.7063729393300887,0.7064,0,100,0,0,0.01,0.5861857906793241,budget_cv,0.043
1f7f2e0f41,main,books,music,svm,uncertainty,2,250,transfer,0.8763895376104633,0.8764,2000,250,0,0,0.1,0.5771577293008405,budget_cv,0.202
1f7f2e0f41,main,books,music,svm,uncertainty,2,250,target_only,0.7034567076487623,0.7044,0,250,0,0,0.1,0.5870166569899502,budget_cv,0.048
1f7f2e0f41,main,books,music,svm,uncertainty,2,500,transfer,0.8915762508619889,0.8916,2000,500,0,0,1.0,0.6635284043449835,budget_cv,0.235
1f7f2e0f41,main,books,music,svm,uncertainty,2,500,target_only,0.7971856894222457,0.7972,0,500,0,0,10.0,0.5494764086107559,budget_cv,0.057
1f7f2e0f41,main,books,music,svm,uncertainty,2,1000,transfer,0.8987928588241185,0.8988,2000,1000,0,0,1.0,0.7787470637963599,budget_cv,0.256
1f7f2e0f41,main,books,music,svm,uncertainty,2,1000,target_only,0.8743709746699877,0.8744,0,1000,0,0,10.0,0.7139524540376572,budget_cv,0.082
1f7f2e0f41,main,books,music,svm,uncertainty,2,2000,transfer,0.8971940619290171,0.8972,2000,2000,0,0,1.0,0.8904224039369023,budget_cv,0.287
1f7f2e0f41,main,books,music,svm,uncertainty,2,2000,target_only,0.8899851964080288,0.89,0,2000,0,0,10.0,0.8953958613591725,budget_cv,0.12
1f7f2e0f41,main,books,music,svm,uncertainty,3,0,source_only,0.8581152315944193,0.8584,2000,0,0,0,1.0,0.8759964727885594,source_val_fallback,0.062
1f7f2e0f41,main,books,music,svm,uncertainty,3,50,transfer,0.8639163030830481,0.864,2000,50,0,0,10.0,0.7204014939309058,budget_cv,0.22
1f7f2e0f41,main,books,music,svm,uncertainty,3,50,target_only,0.685453245066018,0.6856,0,50,0,0,0.01,0.5647741147741148,budget_cv,0.044
1f7f2e0f41,main,books,music,svm,uncertainty,3,100,transfer,0.8715748286664187,0.8716,2000,100,0,0,1.0,0.6651147282274733,budget_cv,0.203
1f7f2e0f41,main,books,music,svm,uncertainty,3,100,target_only,0.7059830175790953,0.706,0,100,0,0,10.0,0.6266626958506825,budget_cv,0.045
1f7f2e0f41,main,books,music,svm,uncertainty,3,250,transfer,0.8827157617687327,0.8828,2000,250,0,0,10.0,0.6354669934412325,budget_cv,0.217
1f7f2e0f41,main,books,music,svm,uncertainty,3,250,target_only,0.7095924898848087,0.7112,0,250,0,0,0.01,0.6417612646708625,budget_cv,0.051
1f7f2e0f41,main,books,music,svm,uncertainty,3,500,transfer,0.8903772686304232,0.8904,2000,500,0,0,1.0,0.6718604710155537,budget_cv,0.221
1f7f2e0f41,main,books,music,svm,uncertainty,3,500,target_only,0.8034036867854766,0.8036,0,500,0,0,10.0,0.6214943592794661,budget_cv,0.063
1f7f2e0f41,main,books,music,svm,uncertainty,3,1000,transfer,0.8967946498346475,0.8968,2000,1000,0,0,1.0,0.7672653060936527,budget_cv,0.274
1f7f2e0f41,main,books,music,svm,uncertainty,3,1000,target_only,0.870758125632705,0.8708,0,1000,0,0,10.0,0.7084808213102937,budget_cv,0.085
1f7f2e0f41,main,books,music,svm,uncertainty,3,2000,transfer,0.8971940619290171,0.8972,2000,2000,0,0,1.0,0.9004679668161178,budget_cv,0.295
1f7f2e0f41,main,books,music,svm,uncertainty,3,2000,target_only,0.8907785926041505,0.8908,0,2000,0,0,1.0,0.9004413304035297,budget_cv,0.116
1f7f2e0f41,main,books,music,svm,uncertainty,4,0,source_only,0.8581152315944193,0.8584,2000,0,0,0,1.0,0.8759964727885594,source_val_fallback,0.058
1f7f2e0f41,main,books,music,svm,uncertainty,4,50,transfer,0.8535460112015694,0.8536,2000,50,0,0,0.01,0.6093304843304843,budget_cv,0.189
1f7f2e0f41,main,books,music,svm,uncertainty,4,50,target_only,0.6248737555908238,0.6256,0,50,0,0,0.01,0.5370585651915576,budget_cv,0.041
1f7f2e0f41,main,books,music,svm,uncertainty,4,100,transfer,0.8697524045309171,0.87,2000,100,0,0,1.0,0.576012782016321,budget_cv,0.199
1f7f2e0f41,main,books,music,svm,uncertainty,4,100,target_only,0.592913619107113,0.6212,0,100,0,0,0.01,0.5073818781666078,budget_cv,0.045
1f7f2e0f41,main,books,music,svm,uncertainty,4,250,transfer,0.8787571479263632,0.8788,2000,250,0,0,1.0,0.5479161388931111,budget_cv,0.209
1f7f2e0f41,main,books,music,svm,uncertainty,4,250,target_only,0.6595698023382691,0.6612,0,250,0,0,0.01,0.594657859733083,budget_cv,0.051
1f7f2e0f41,main,books,music,svm,uncertainty,4,500,transfer,0.8927824334739003,0.8928,2000,500,0,0,1.0,0.6173639277053299,budget_cv,0.232
1f7f2e0f41,main,books,music,svm,uncertainty,4,500,target_only,0.7906214754948659,0.7908,0,500,0,0,10.0,0.529808277228487,budget_cv,0.057
1f7f2e0f41,main,books,music,svm,uncertainty,4,1000,transfer,0.8995942005610245,0.8996,2000,1000,0,0,1.0,0.7676965526675678,budget_cv,0.26
1f7f2e0f41,main,books,music,svm,uncertainty,4,1000,target_only,0.8715620029029388,0.8716,0,1000,0,0,10.0,0.6911870443006273,budget_cv,0.087
1f7f2e0f41,main,books,music,svm,uncertainty,4,2000,transfer,0.8975946913087975,0.8976,2000,2000,0,0,10.0,0.8924693448916057,budget_cv,0.319
1f7f2e0f41,main,books,music,svm,uncertainty,4,2000,target_only,0.8899851964080288,0.89,0,2000,0,0,10.0,0.8939147014243113,budget_cv,0.118
1f7f2e0f41,main,books,music,svm,self_training,0,0,uda_self_training,0.8604455092648141,0.8608,2000,0,0,1000,1.0,0.8759964727885594,source_val_fallback,0.1
1f7f2e0f41,main,books,music,svm,self_training,0,50,transfer,0.8621330896615849,0.8624,2000,50,0,1000,0.1,0.8160441954559602,budget_cv,0.221
1f7f2e0f41,main,books,music,svm,self_training,0,50,target_only,0.5626263575227157,0.6216,0,50,0,1000,0.01,0.614110644257703,budget_cv,0.048
1f7f2e0f41,main,books,music,svm,self_training,0,100,transfer,0.8751711595447011,0.8752,2000,100,0,1000,1.0,0.8576322341802217,budget_cv,0.242
1f7f2e0f41,main,books,music,svm,self_training,0,100,target_only,0.7300660528368708,0.744,0,100,0,1000,0.01,0.7584285931550866,budget_cv,0.05
1f7f2e0f41,main,books,music,svm,self_training,0,250,transfer,0.8823807292586817,0.8824,2000,250,0,1000,1.0,0.8755862045244559,budget_cv,0.256
1f7f2e0f41,main,books,music,svm,self_training,0,250,target_only,0.787427717184607,0.7936,0,250,0,1000,0.1,0.8064422453356467,budget_cv,0.061
1f7f2e0f41,main,books,music,svm,self_training,0,500,transfer,0.8771488742755185,0.8772,2000,500,0,1000,1.0,0.8878743655138907,budget_cv,0.303
1f7f2e0f41,main,books,music,svm,self_training,0,500,target_only,0.8610238672083452,0.8612,0,500,0,1000,10.0,0.8517605545874968,budget_cv,0.091
1f7f2e0f41,main,books,music,svm,self_training,0,1000,transfer,0.8871964624810634,0.8872,2000,1000,0,1000,1.0,0.9028074904510829,budget_cv,0.341
1f7f2e0f41,main,books,music,svm,self_training,0,1000,target_only,0.8786965718450179,0.8788,0,1000,0,1000,1.0,0.8907451866515427,budget_cv,0.118
1f7f2e0f41,main,books,music,svm,self_training,0,2000,transfer,0.8983906356809843,0.8984,2000,2000,0,1000,1.0,0.8994450044306977,budget_cv,0.407
1f7f2e0f41,main,books,music,svm,self_training,0,2000,target_only,0.8915648670169135,0.8916,0,2000,0,1000,1.0,0.8958531858620175,budget_cv,0.146
1f7f2e0f41,main,books,music,svm,self_training,1,0,uda_self_training,0.8604455092648141,0.8608,2000,0,0,1000,1.0,0.8759964727885594,source_val_fallback,0.099
1f7f2e0f41,main,books,music,svm,self_training,1,50,transfer,0.8149274443004185,0.8164,2000,50,0,1000,0.01,0.8379629629629629,budget_cv,0.218
1f7f2e0f41,main,books,music,svm,self_training,1,50,target_only,0.7560128388612477,0.7568,0,50,0,1000,1.0,0.7584797526747992,budget_cv,0.053
1f7f2e0f41,main,books,music,svm,self_training,1,100,transfer,0.8613216670386131,0.8616,2000,100,0,1000,0.1,0.8592320261437908,budget_cv,0.218
1f7f2e0f41,main,books,music,svm,self_training,1,100,target_only,0.515098069871851,0.5916,0,100,0,1000,0.01,0.7553354843677424,budget_cv,0.054
1f7f2e0f41,main,books,music,svm,self_training,1,250,transfer,0.8739039450691959,0.874,2000,250,0,1000,1.0,0.8838449676684971,budget_cv,0.243
1f7f2e0f41,main,books,music,svm,self_training,1,250,target_only,0.8375675137594354,0.838,0,250,0,1000,10.0,0.87535002489343,budget_cv,0.065
1f7f2e0f41,main,books,music,svm,self_training,1,500,transfer,0.8835883588358836,0.8836,2000,500,0,1000,1.0,0.8899190269723626,budget_cv,0.257
1f7f2e0f41,main,books,music,svm,self_training,1,500,target_only,0.8675570884966729,0.8676,0,500,0,1000,1.0,0.8658672074863345,budget_cv,0.073
1f7f2e0f41,main,books,music,svm,self_training,1,1000,transfer,0.8931712673440648,0.8932,2000,1000,0,1000,1.0,0.881936420678255,budget_cv,0.29
1f7f2e0f41,main,books,music,svm,self_training,1,1000,target_only,0.8811739723469029,0.8812,0,1000,0,1000,10.0,0.8649103068243722,budget_cv,0.096
1f7f2e0f41,main,books,music,svm,self_training,1,2000,transfer,0.8983906356809843,0.8984,2000,2000,0,1000,1.0,0.8959789653913193,budget_cv,0.345
1f7f2e0f41,main,books,music,svm,self_training,1,2000,target_only,0.8915648670169135,0.8916,0,2000,0,1000,1.0,0.8923767830030872,budget_cv,0.147
1f7f2e0f41,main,books,music,svm,self_training,2,0,uda_self_training,0.8604455092648141,0.8608,2000,0,0,1000,1.0,0.8759964727885594,source_val_fallback,0.1
1f7f2e0f41,main,books,music,svm,self_training,2,50,transfer,0.8227113156492762,0.8236,2000,50,0,1000,0.01,0.8759750053867701,budget_cv,0.212
1f7f2e0f41,main,books,music,svm,self_training,2,50,target_only,0.412947175808711,0.5376,0,50,0,1000,0.01,0.6175771088814567,budget_cv,0.048
1f7f2e0f41,main,books,music,svm,self_training,2,100,transfer,0.8687835402072837,0.8688,2000,100,0,1000,1.0,0.8876028419966128,budget_cv,0.246
1f7f2e0f41,main,books,music,svm,self_training,2,100,target_only,0.5521362865625381,0.6164,0,100,0,1000,0.01,0.7773879142300194,budget_cv,0.053
1f7f2e0f41,main,books,music,svm,self_training,2,250,transfer,0.8787914475245373,0.8788,2000,250,0,1000,10.0,0.879475077532678,budget_cv,0.286
1f7f2e0f41,main,books,music,svm,self_training,2,250,target_only,0.8479342102567254,0.848,0,250,0,1000,10.0,0.8351842422963499,budget_cv,0.065
1f7f2e0f41,main,books,music,svm,self_training,2,500,transfer,0.8863857482282578,0.8864,2000,500,0,1000,1.0,0.8979082724326855,budget_cv,0.267
1f7f2e0f41,main,books,music,svm,self_training,2,500,target_only,0.8635596354825612,0.8636,0,500,0,1000,10.0,0.8614191838763782,budget_cv,0.074
1f7f2e0f41,main,books,music,svm,self_training,2,1000,transfer,0.8915985951177927,0.8916,2000,1000,0,1000,1.0,0.8949621579507193,budget_cv,0.3
1f7f2e0f41,main,books,music,svm,self_training,2,1000,target_only,0.8807993134040453,0.8808,0,1000,0,1000,10.0,0.8889472559042552,budget_cv,0.103
1f7f2e0f41,main,books,music,svm,self_training,2,2000,transfer,0.8983906356809843,0.8984,2000,2000,0,1000,1.0,0.8934802204477504,budget_cv,0.341
1f7f2e0f41,main,books,music,svm,self_training,2,2000,target_only,0.8895795766384951,0.8896,0,2000,0,1000,10.0,0.8919550473627279,budget_cv,0.157
1f7f2e0f41,main,books,music,svm,self_training,3,0,uda_self_training,0.8604455092648141,0.8608,2000,0,0,1000,1.0,0.8759964727885594,source_val_fallback,0.1
1f7f2e0f41,main,books,music,svm,self_training,3,50,transfer,0.8656853598966796,0.866,2000,50,0,1000,1.0,0.8616471734892787,budget_cv,0.237
1f7f2e0f41,main,books,music,svm,self_training,3,50,target_only,0.6599654858386813,0.69,0,50,0,1000,1.0,0.6808676830415962,budget_cv,0.056
1f7f2e0f41,main,books,music,svm,self_training,3,100,transfer,0.8648057736359223,0.8652,2000,100,0,1000,0.1,0.826482684841818,budget_cv,0.222
1f7f2e0f41,main,books,music,svm,self_training,3,100,target_only,0.5480320075855607,0.6144,0,100,0,1000,0.01,0.6989046272450302,budget_cv,0.051
1f7f2e0f41,main,books,music,svm,self_training,3,250,transfer,0.8759377505257038,0.876,2000,250,0,1000,1.0,0.8518641242193988,budget_cv,0.248
1f7f2e0f41,main,books,music,svm,self_training,3,250,target_only,0.8398462781158087,0.8404,0,250,0,1000,10.0,0.7792119886873433,budget_cv,0.065
1f7f2e0f41,main,books,music,svm,self_training,3,500,transfer,0.88634697404421,0.8864,2000,500,0,1000,1.0,0.8718831761992698,budget_cv,0.258
1f7f2e0f41,main,books,music,svm,self_training,3,500,target_only,0.8640266498139932,0.8644,0,500,0,1000,10.0,0.8470520446366828,budget_cv,0.074
1f7f2e0f41,main,books,music,svm,self_training,3,1000,transfer,0.8947816667576158,0.8948,2000,1000,0,1000,1.0,0.8839514953011385,budget_cv,0.291
1f7f2e0f41,main,books,music,svm,self_training,3,1000,target_only,0.8727449443727334,0.8728,0,1000,0,1000,10.0,0.8709321629316346,budget_cv,0.099
1f7f2e0f41,main,books,music,svm,self_training,3,2000,transfer,0.8983906356809843,0.8984,2000,2000,0,1000,1.0,0.8929662538891451,budget_cv,0.344
1f7f2e0f41,main,books,music,svm,self_training,3,2000,target_only,0.8915648670169135,0.8916,0,2000,0,1000,1.0,0.895883757039799,budget_cv,0.144
1f7f2e0f41,main,books,music,svm,self_training,4,0,uda_self_training,0.8604455092648141,0.8608,2000,0,0,1000,1.0,0.8759964727885594,source_val_fallback,0.099
1f7f2e0f41,main,books,music,svm,self_training,4,50,transfer,0.8492270534430992,0.85,2000,50,0,1000,0.1,0.7965963987703119,budget_cv,0.218
1f7f2e0f41,main,books,music,svm,self_training,4,50,target_only,0.4842156386595434,0.5752,0,50,0,1000,0.01,0.5530864197530865,budget_cv,0.053
1f7f2e0f41,main,books,music,svm,self_training,4,100,transfer,0.8025385481396363,0.806,2000,100,0,1000,0.01,0.8045456651147708,budget_cv,0.214
1f7f2e0f41,main,books,music,svm,self_training,4,100,target_only,0.45995024624885295,0.5628,0,100,0,1000,0.01,0.7084670897100908,budget_cv,0.053
1f7f2e0f41,main,books,music,svm,self_training,4,250,transfer,0.8771834738082356,0.8772,2000,250,0,1000,1.0,0.855282483932298,budget_cv,0.258
1f7f2e0f41,main,books,music,svm,self_training,4,250,target_only,0.8483378794522061,0.8488,0,250,0,1000,10.0,0.826103401696522,budget_cv,0.063
1f7f2e0f41,main,books,music,svm,self_training,4,500,transfer,0.8831988039557526,0.8832,2000,500,0,1000,1.0,0.8940278260125281,budget_cv,0.272
1f7f2e0f41,main,books,music,svm,self_training,4,500,target_only,0.859594945418035,0.8596,0,500,0,1000,10.0,0.8739267237866862,budget_cv,0.077
1f7f2e0f41,main,books,music,svm,self_training,4,1000,transfer,0.893185627057977,0.8932,2000,1000,0,1000,1.0,0.8938449246438444,budget_cv,0.297
1f7f2e0f41,main,books,music,svm,self_training,4,1000,target_only,0.8871305807924106,0.8872,0,1000,0,1000,1.0,0.8865487517915861,budget_cv,0.092
1f7f2e0f41,main,books,music,svm,self_training,4,2000,transfer,0.8983906356809843,0.8984,2000,2000,0,1000,1.0,0.894459095503309,budget_cv,0.353
1f7f2e0f41,main,books,music,svm,self_training,4,2000,target_only,0.8895795766384951,0.8896,0,2000,0,1000,10.0,0.8913948517541542,budget_cv,0.154
1f7f2e0f41,main,books,electronics,logreg,random,0,0,source_only,0.8088704828644289,0.8112,2000,0,0,0,10.0,0.8786632153092355,source_val_fallback,0.102
1f7f2e0f41,main,books,electronics,logreg,random,0,50,transfer,0.8178216772330094,0.8196,2000,50,0,0,10.0,0.895460874408243,budget_cv,0.359
1f7f2e0f41,main,books,electronics,logreg,random,0,50,target_only,0.7280722175923537,0.7292,0,50,0,0,0.1,0.7537037037037037,budget_cv,0.108
1f7f2e0f41,main,books,electronics,logreg,random,0,100,transfer,0.8183815324530408,0.82,2000,100,0,0,1.0,0.8982055853632933,budget_cv,0.344
1f7f2e0f41,main,books,electronics,logreg,random,0,100,target_only,0.7859848990944801,0.786,0,100,0,0,0.1,0.7376877310349141,budget_cv,0.113
1f7f2e0f41,main,books,electronics,logreg,random,0,250,transfer,0.8574520456635306,0.858,2000,250,0,0,10.0,0.8274780774780774,budget_cv,0.388
1f7f2e0f41,main,books,electronics,logreg,random,0,250,target_only,0.8385364656778207,0.8388,0,250,0,0,10.0,0.8072826517087078,budget_cv,0.14
1f7f2e0f41,main,books,electronics,logreg,random,0,500,transfer,0.8777844117022428,0.878,2000,500,0,0,10.0,0.8528969484540868,budget_cv,0.445
1f7f2e0f41,main,books,electronics,logreg,random,0,500,target_only,0.8687293448825897,0.8688,0,500,0,0,10.0,0.8537216875429098,budget_cv,0.163
1f7f2e0f41,main,books,electronics,logreg,random,0,1000,transfer,0.8947743922961091,0.8948,2000,1000,0,0,10.0,0.8839128179296324,budget_cv,0.452
1f7f2e0f41,main,books,electronics,logreg,random,0,1000,target_only,0.8875920684963532,0.8876,0,1000,0,0,10.0,0.8849831457369239,budget_cv,0.199
1f7f2e0f41,main,books,electronics,logreg,random,0,2000,transfer,0.906397843406312,0.9064,2000,2000,0,0,10.0,0.8899748597979832,budget_cv,0.542
1f7f2e0f41,main,books,electronics,logreg,random,0,2000,target_only,0.9027996111984448,0.9028,0,2000,0,0,10.0,0.8988921692147143,budget_cv,0.263
1f7f2e0f41,main,books,electronics,logreg,random,1,0,source_only,0.8088704828644289,0.8112,2000,0,0,0,10.0,0.8786632153092355,source_val_fallback,0.1
1f7f2e0f41,main,books,electronics,logreg,random,1,50,transfer,0.8127311801293575,0.8144,2000,50,0,0,1.0,0.8398606811145511,budget_cv,0.335
1f7f2e0f41,main,books,electronics,logreg,random,1,50,target_only,0.7447971548998946,0.752,0,50,0,0,0.01,0.7439081386449807,budget_cv,0.116
1f7f2e0f41,main,books,electronics,logreg,random,1,100,transfer,0.8330460869855572,0.8336,2000,100,0,0,10.0,0.8397575486166567,budget_cv,0.361
1f7f2e0f41,main,books,electronics,logreg,random,1,100,target_only,0.787034670755601,0.79,0,100,0,0,0.01,0.8125832518252626,budget_cv,0.127
1f7f2e0f41,main,books,electronics,logreg,random,1,250,transfer,0.8538161064450069,0.8544,2000,250,0,0,10.0,0.8415516981028471,budget_cv,0.405
1f7f2e0f41,main,books,electronics,logreg,random,1,250,target_only,0.8381779560631066,0.8388,0,250,0,0,1.0,0.8294476541759151,budget_cv,0.148
1f7f2e0f41,main,books,electronics,logreg,random,1,500,transfer,0.8757681535588977,0.876,2000,500,0,0,10.0,0.8749362768610585,budget_cv,0.426
1f7f2e0f41,main,books,electronics,logreg,random,1,500,target_only,0.8647220799180327,0.8648,0,500,0,0,10.0,0.8652997529448632,budget_cv,0.155
1f7f2e0f41,main,books,electronics,logreg,random,1,1000,transfer,0.8911372950819673,0.8912,2000,1000,0,0,10.0,0.879956580383574,budget_cv,0.484
1f7f2e0f41,main,books,electronics,logreg,random,1,1000,target_only,0.883997327298421,0.884,0,1000,0,0,10.0,0.8789766999243355,budget_cv,0.187
1f7f2e0f41,main,books,electronics,logreg,random,1,2000,transfer,0.906397843406312,0.9064,2000,2000,0,0,10.0,0.8939892749217334,budget_cv,0.558
1f7f2e0f41,main,books,electronics,logreg,random,1,2000,target_only,0.9027996111984448,0.9028,0,2000,0,0,10.0,0.8979392274742874,budget_cv,0.265
1f7f2e0f41,main,books,electronics,logreg,random,2,0,source_only,0.8088704828644289,0.8112,2000,0,0,0,10.0,0.8786632153092355,source_val_fallback,0.102
1f7f2e0f41,main,books,electronics,logreg,random,2,50,transfer,0.7989781307581867,0.8008,2000,50,0,0,0.1,0.8402777777777777,budget_cv,0.333
1f7f2e0f41,main,books,electronics,logreg,random,2,50,target_only,0.7298699053464148,0.732,0,50,0,0,0.01,0.6953111946532999,budget_cv,0.121
1f7f2e0f41,main,books,electronics,logreg,random,2,100,transfer,0.8305736919325455,0.8312,2000,100,0,0,1.0,0.7894133765101508,budget_cv,0.343
1f7f2e0f41,main,books,electronics,logreg,random,2,100,target_only,0.7883516472196972,0.7896,0,100,0,0,0.01,0.771975229204754,budget_cv,0.13
1f7f2e0f41,main,books,electronics,logreg,random,2,250,transfer,0.8465188470848439,0.8468,2000,250,0,0,1.0,0.8280319031575617,budget_cv,0.364
1f7f2e0f41,main,books,electronics,logreg,random,2,250,target_only,0.8415366146458583,0.8416,0,250,0,0,1.0,0.8172116266249919,budget_cv,0.143
1f7f2e0f41,main,books,electronics,logreg,random,2,500,transfer,0.8774867781809237,0.8776,2000,500,0,0,10.0,0.8390702557481825,budget_cv,0.483
1f7f2e0f41,main,books,electronics,logreg,random,2,500,target_only,0.8679857213356197,0.868,0,500,0,0,0.01,0.8559011044245873,budget_cv,0.153
1f7f2e0f41,main,books,electronics,logreg,random,2,1000,transfer,0.8795609777567932,0.8796,2000,1000,0,0,1.0,0.8658024535899141,budget_cv,0.47
1f7f2e0f41,main,books,electronics,logreg,random,2,1000,target_only,0.8867920120443699,0.8868,0,1000,0,0,1.0,0.8649002911732285,budget_cv,0.185
1f7f2e0f41,main,books,electronics,logreg,random,2,2000,transfer,0.906397843406312,0.9064,2000,2000,0,0,10.0,0.8964977006049256,budget_cv,0.546
1f7f2e0f41,main,books,electronics,logreg,random,2,2000,target_only,0.9027996111984448,0.9028,0,2000,0,0,10.0,0.9024510788357191,budget_cv,0.263
1f7f2e0f41,main,books,electronics,logreg,random,3,0,source_only,0.8088704828644289,0.8112,2000,0,0,0,10.0,0.8786632153092355,source_val_fallback,0.103
1f7f2e0f41,main,books,electronics,logreg,random,3,50,transfer,0.8045333976994311,0.8072,2000,50,0,0,1.0,0.8144485144485145,budget_cv,0.344
1f7f2e0f41,main,books,electronics,logreg,random,3,50,target_only,0.6785718428280842,0.6852,0,50,0,0,1.0,0.7939153439153439,budget_cv,0.11
1f7f2e0f41,main,books,electronics,logreg,random,3,100,transfer,0.8224444428661728,0.824,2000,100,0,0,1.0,0.7899391208096141,budget_cv,0.345
1f7f2e0f41,main,books,electronics,logreg,random,3,100,target_only,0.7771991087964352,0.7772,0,100,0,0,1.0,0.7350412387177094,budget_cv,0.129
1f7f2e0f41,main,books,electronics,logreg,random,3,250,transfer,0.8506032736196224,0.8512,2000,250,0,0,1.0,0.831643125944031,budget_cv,0.372
1f7f2e0f41,main,books,electronics,logreg,random,3,250,target_only,0.8511355953039523,0.8512,0,250,0,0,0.1,0.8108224477754625,budget_cv,0.136
1f7f2e0f41,main,books,electronics,logreg,random,3,500,transfer,0.8699922958397535,0.8704,2000,500,0,0,10.0,0.8691799463269948,budget_cv,0.434
1f7f2e0f41,main,books,electronics,logreg,random,3,500,target_only,0.8672465359367236,0.8676,0,500,0,0,10.0,0.861305465372337,budget_cv,0.165
1f7f2e0f41,main,books,electronics,logreg,random,3,1000,transfer,0.8887359118852458,0.8888,2000,1000,0,0,10.0,0.8759091423147961,budget_cv,0.489
1f7f2e0f41,main,books,electronics,logreg,random,3,1000,target_only,0.8899704064405163,0.89,0,1000,0,0,10.0,0.8859554075051425,budget_cv,0.188
1f7f2e0f41,main,books,electronics,logreg,random,3,2000,transfer,0.906397843406312,0.9064,2000,2000,0,0,10.0,0.8889895096917252,budget_cv,0.552
1f7f2e0f41,main,books,electronics,logreg,random,3,2000,target_only,0.9027996111984448,0.9028,0,2000,0,0,10.0,0.895446669038115,budget_cv,0.264
1f7f2e0f41,main,books,electronics,logreg,random,4,0,source_only,0.8088704828644289,0.8112,2000,0,0,0,10.0,0.8786632153092355,source_val_fallback,0.104
1f7f2e0f41,main,books,electronics,logreg,random,4,50,transfer,0.788238067560592,0.7916,2000,50,0,0,0.01,0.8095423095423095,budget_cv,0.317
1f7f2e0f41,main,books,electronics,logreg,random,4,50,target_only,0.7518410817637382,0.7532,0,50,0,0,0.01,0.5878306878306878,budget_cv,0.109
1f7f2e0f41,main,books,electronics,logreg,random,4,100,transfer,0.8352262573122881,0.8364,2000,100,0,0,10.0,0.8015518958608391,budget_cv,0.365
1f7f2e0f41,main,books,electronics,logreg,random,4,100,target_only,0.8125694837433125,0.8132,0,100,0,0,0.1,0.7240115082674067,budget_cv,0.113
1f7f2e0f41,main,books,electronics,logreg,random,4,250,transfer,0.8682330037796702,0.8684,2000,250,0,0,10.0,0.8399961449025545,budget_cv,0.39
1f7f2e0f41,main,books,electronics,logreg,random,4,250,target_only,0.8496377475831076,0.8504,0,250,0,0,0.1,0.8629688171083796,budget_cv,0.134
1f7f2e0f41,main,books,electronics,logreg,random,4,500,transfer,0.8807890135154857,0.8808,2000,500,0,0,10.0,0.8539504793869949,budget_cv,0.463
1f7f2e0f41,main,books,electronics,logreg,random,4,500,target_only,0.8697614237665126,0.87,0,500,0,0,10.0,0.8635052213124936,budget_cv,0.158
1f7f2e0f41,main,books,electronics,logreg,random,4,1000,transfer,0.8923892389238923,0.8924,2000,1000,0,0,10.0,0.8719615983605098,budget_cv,0.483
1f7f2e0f41,main,books,electronics,logreg,random,4,1000,target_only,0.888796512658637,0.8888,0,1000,0,0,10.0,0.8819208054657638,budget_cv,0.198
1f7f2e0f41,main,books,electronics,logreg,random,4,2000,transfer,0.906397843406312,0.9064,2000,2000,0,0,10.0,0.8854795260181225,budget_cv,0.561
1f7f2e0f41,main,books,electronics,logreg,random,4,2000,target_only,0.9027996111984448,0.9028,0,2000,0,0,10.0,0.8949624554892184,budget_cv,0.274
1f7f2e0f41,main,books,electronics,logreg,uncertainty,0,0,source_only,0.8088704828644289,0.8112,2000,0,0,0,10.0,0.8786632153092355,source_val_fallback,0.116
1f7f2e0f41,main,books,electronics,logreg,uncertainty,0,50,transfer,0.817034167378111,0.8184,2000,50,0,0,1.0,0.8239533011272142,budget_cv,0.393
1f7f2e0f41,main,books,electronics,logreg,uncertainty,0,50,target_only,0.7255392912172574,0.7264,0,50,0,0,0.01,0.6394736842105263,budget_cv,0.13
1f7f2e0f41,main,books,electronics,logreg,uncertainty,0,100,transfer,0.8477051571843088,0.848,2000,100,0,0,10.0,0.800187013813458,budget_cv,0.364
1f7f2e0f41,main,books,electronics,logreg,uncertainty,0,100,target_only,0.6770435509707484,0.692,0,100,0,0,0.01,0.6434361451752756,budget_cv,0.135
1f7f2e0f41,main,books,electronics,logreg,uncertainty,0,250,transfer,0.8738253945339718,0.874,2000,250,0,0,10.0,0.7180769251661038,budget_cv,0.386
1f7f2e0f41,main,books,electronics,logreg,uncertainty,0,250,target_only,0.7386510113354958,0.742,0,250,0,0,1.0,0.6598656095638243,budget_cv,0.143
1f7f2e0f41,main,books,electronics,logreg,uncertainty,0,500,transfer,0.8819650805494297,0.882,2000,500,0,0,10.0,0.6649264820780203,budget_cv,0.447
1f7f2e0f41,main,books,electronics,logreg,uncertainty,0,500,target_only,0.7608546741494718,0.7612,0,500,0,0,1.0,0.675593670862156,budget_cv,0.156
1f7f2e0f41,main,books,electronics,logreg,uncertainty,0,1000,transfer,0.903184137689119,0.9032,2000,1000,0,0,10.0,0.7753739346729679,budget_cv,0.489
1f7f2e0f41,main,books,electronics,logreg,uncertainty,0,1000,target_only,0.877588718576304,0.8776,0,1000,0,0,10.0,0.7366920265760543,budget_cv,0.194
1f7f2e0f41,main,books,electronics,logreg,uncertainty,0,2000,transfer,0.906397843406312,0.9064,2000,2000,0,0,10.0,0.8944936099908282,budget_cv,0.575
1f7f2e0f41,main,books,electronics,logreg,uncertainty,0,2000,target_only,0.9027996111984448,0.9028,0,2000,0,0,10.0,0.8964492150169766,budget_cv,0.257
1f7f2e0f41,main,books,electronics,logreg,uncertainty,1,0,source_only,0.8088704828644289,0.8112,2000,0,0,0,10.0,0.8786632153092355,source_val_fallback,0.106
1f7f2e0f41,main,books,electronics,logreg,uncertainty,1,50,transfer,0.8197659424886428,0.8212,2000,50,0,0,10.0,0.8216775599128541,budget_cv,0.353
1f7f2e0f41,main,books,electronics,logreg,uncertainty,1,50,target_only,0.7322115902695371,0.7344,0,50,0,0,1.0,0.5703672334107116,budget_cv,0.108
1f7f2e0f41,main,books,electronics,logreg,uncertainty,1,100,transfer,0.8473408702868597,0.8476,2000,100,0,0,10.0,0.742314597232351,budget_cv,0.35
1f7f2e0f41,main,books,electronics,logreg,uncertainty,1,100,target_only,0.6593231887349534,0.682,0,100,0,0,0.01,0.5858808594224431,budget_cv,0.129
1f7f2e0f41,main,books,electronics,logreg,uncertainty,1,250,transfer,0.8726823381095874,0.8728,2000,250,0,0,10.0,0.7432025182001435,budget_cv,0.388
1f7f2e0f41,main,books,electronics,logreg,uncertainty,1,250,target_only,0.7346801892146599,0.74,0,250,0,0,10.0,0.6922152517843204,budget_cv,0.142
1f7f2e0f41,main,books,electronics,logreg,uncertainty,1,500,transfer,0.8875373628095904,0.8876,2000,500,0,0,10.0,0.6708720787507846,budget_cv,0.438
1f7f2e0f41,main,books,electronics,logreg,uncertainty,1,500,target_only,0.7994644379600611,0.7996,0,500,0,0,10.0,0.6776947435954072,budget_cv,0.158
1f7f2e0f41,main,books,electronics,logreg,uncertainty,1,1000,transfer,0.9027763396500172,0.9028,2000,1000,0,0,10.0,0.768442510365657,budget_cv,0.464
1f7f2e0f41,main,books,electronics,logreg,uncertainty,1,1000,target_only,0.8755942474780034,0.8756,0,1000,0,0,10.0,0.7328109749228439,budget_cv,0.193
1f7f2e0f41,main,books,electronics,logreg,uncertainty,1,2000,transfer,0.906397843406312,0.9064,2000,2000,0,0,10.0,0.8884345059255502,budget_cv,0.555
1f7f2e0f41,main,books,electronics,logreg,uncertainty,1,2000,target_only,0.9027996111984448,0.9028,0,2000,0,0,10.0,0.9034216668010124,budget_cv,0.265
1f7f2e0f41,main,books,electronics,logreg,uncertainty,2,0,source_only,0.8088704828644289,0.8112,2000,0,0,0,10.0,0.8786632153092355,source_val_fallback,0.111
1f7f2e0f41,main,books,electronics,logreg,uncertainty,2,50,transfer,0.8308986759326158,0.8316,2000,50,0,0,10.0,0.7326320852636643,budget_cv,0.427
1f7f2e0f41,main,books,electronics,logreg,uncertainty,2,50,target_only,0.7111881702674542,0.7112,0,50,0,0,0.01,0.6946733821733821,budget_cv,0.128
1f7f2e0f41,main,books,electronics,logreg,uncertainty,2,100,transfer,0.8387227224759866,0.8392,2000,100,0,0,1.0,0.705728005290663,budget_cv,0.34
1f7f2e0f41,main,books,electronics,logreg,uncertainty,2,100,target_only,0.7127702978376174,0.7184,0,100,0,0,0.01,0.5671596098406511,budget_cv,0.131
1f7f2e0f41,main,books,electronics,logreg,uncertainty,2,250,transfer,0.8730857771994796,0.8732,2000,250,0,0,10.0,0.707308451836019,budget_cv,0.396
1f7f2e0f41,main,books,electronics,logreg,uncertainty,2,250,target_only,0.7257145693966962,0.7348,0,250,0,0,10.0,0.6804122070150647,budget_cv,0.144
1f7f2e0f41,main,books,electronics,logreg,uncertainty,2,500,transfer,0.8847462271997624,0.8848,2000,500,0,0,10.0,0.6603702633832286,budget_cv,0.431
1f7f2e0f41,main,books,electronics,logreg,uncertainty,2,500,target_only,0.7857638603574404,0.786,0,500,0,0,10.0,0.6513616289503742,budget_cv,0.162
1f7f2e0f41,main,books,electronics,logreg,uncertainty,2,1000,transfer,0.9011759501792356,0.9012,2000,1000,0,0,10.0,0.7803246599073494,budget_cv,0.446
1f7f2e0f41,main,books,electronics,logreg,uncertainty,2,1000,target_only,0.8783992995799657,0.8784,0,1000,0,0,10.0,0.7599319103551609,budget_cv,0.193
1f7f2e0f41,main,books,electronics,logreg,uncertainty,2,2000,transfer,0.906397843406312,0.9064,2000,2000,0,0,10.0,0.8894526738811499,budget_cv,0.546
1f7f2e0f41,main,books,electronics,logreg,uncertainty,2,2000,target_only,0.9027996111984448,0.9028,0,2000,0,0,10.0,0.9014421475807083,budget_cv,0.258
1f7f2e0f41,main,books,electronics,logreg,uncertainty,3,0,source_only,0.8088704828644289,0.8112,2000,0,0,0,10.0,0.8786632153092355,source_val_fallback,0.1
1f7f2e0f41,main,books,electronics,logreg,uncertainty,3,50,transfer,0.8337017068149843,0.8344,2000,50,0,0,10.0,0.7816463729507208,budget_cv,0.345
1f7f2e0f41,main,books,electronics,logreg,uncertainty,3,50,target_only,0.5798111709480469,0.6204,0,50,0,0,0.01,0.4498765432098766,budget_cv,0.125
1f7f2e0f41,main,books,electronics,logreg,uncertainty,3,100,transfer,0.8465292776457671,0.8468,2000,100,0,0,10.0,0.7367946903404473,budget_cv,0.356
1f7f2e0f41,main,books,electronics,logreg,uncertainty,3,100,target_only,0.5311536363205085,0.5952,0,100,0,0,0.01,0.5005836428808753,budget_cv,0.126
1f7f2e0f41,main,books,electronics,logreg,uncertainty,3,250,transfer,0.866317780087465,0.8664,2000,250,0,0,10.0,0.6775710360073185,budget_cv,0.385
1f7f2e0f41,main,books,electronics,logreg,uncertainty,3,250,target_only,0.6866473749483257,0.6968,0,250,0,0,1.0,0.624417542569778,budget_cv,0.135
1f7f2e0f41,main,books,electronics,logreg,uncertainty,3,500,transfer,0.8827743228876853,0.8828,2000,500,0,0,10.0,0.6575802727392627,budget_cv,0.422
1f7f2e0f41,main,books,electronics,logreg,uncertainty,3,500,target_only,0.7711324143678501,0.7716,0,500,0,0,10.0,0.6672315884841084,budget_cv,0.159
1f7f2e0f41,main,books,electronics,logreg,uncertainty,3,1000,transfer,0.9039778150343856,0.904,2000,1000,0,0,10.0,0.7784730360341845,budget_cv,0.454
1f7f2e0f41,main,books,electronics,logreg,uncertainty,3,1000,target_only,0.8763998220157436,0.8764,0,1000,0,0,10.0,0.746898864418703,budget_cv,0.199
1f7f2e0f41,main,books,electronics,logreg,uncertainty,3,2000,transfer,0.906397843406312,0.9064,2000,2000,0,0,10.0,0.8944876431271345,budget_cv,0.53
1f7f2e0f41,main,books,electronics,logreg,uncertainty,3,2000,target_only,0.9027996111984448,0.9028,0,2000,0,0,10.0,0.8914497107021112,budget_cv,0.257
1f7f2e0f41,main,books,electronics,logreg,uncertainty,4,0,source_only,0.8088704828644289,0.8112,2000,0,0,0,10.0,0.8786632153092355,source_val_fallback,0.099
1f7f2e0f41,main,books,electronics,logreg,uncertainty,4,50,transfer,0.8322815738986691,0.8332,2000,50,0,0,10.0,0.7139515455304929,budget_cv,0.344
1f7f2e0f41,main,books,electronics,logreg,uncertainty,4,50,target_only,0.5673859025009385,0.6128,0,50,0,0,0.01,0.6919923876445616,budget_cv,0.12
1f7f2e0f41,main,books,electronics,logreg,uncertainty,4,100,transfer,0.8464751413992007,0.8468,2000,100,0,0,10.0,0.6865213456628275,budget_cv,0.349
1f7f2e0f41,main,books,electronics,logreg,uncertainty,4,100,target_only,0.5943151084477913,0.6328,0,100,0,0,0.01,0.6511469276026945,budget_cv,0.126
1f7f2e0f41,main,books,electronics,logreg,uncertainty,4,250,transfer,0.8751075996064929,0.8752,2000,250,0,0,10.0,0.6216201535423503,budget_cv,0.389
1f7f2e0f41,main,books,electronics,logreg,uncertainty,4,250,target_only,0.7056399387731073,0.7108,0,250,0,0,1.0,0.6256405525883669,budget_cv,0.14
1f7f2e0f41,main,books,electronics,logreg,uncertainty,4,500,transfer,0.8835622741768333,0.8836,2000,500,0,0,10.0,0.6441219447493675,budget_cv,0.473
1f7f2e0f41,main,books,electronics,logreg,uncertainty,4,500,target_only,0.7545294325217027,0.7548,0,500,0,0,1.0,0.6610142848819099,budget_cv,0.171
1f7f2e0f41,main,books,electronics,logreg,uncertainty,4,1000,transfer,0.8983685186323316,0.8984,2000,1000,0,0,10.0,0.7702338648370999,budget_cv,0.492
1f7f2e0f41,main,books,electronics,logreg,uncertainty,4,1000,target_only,0.8771976225459726,0.8772,0,1000,0,0,10.0,0.7288326841539415,budget_cv,0.2
1f7f2e0f41,main,books,electronics,logreg,uncertainty,4,2000,transfer,0.906397843406312,0.9064,2000,2000,0,0,10.0,0.8924652874621063,budget_cv,0.532
1f7f2e0f41,main,books,electronics,logreg,uncertainty,4,2000,target_only,0.9027996111984448,0.9028,0,2000,0,0,10.0,0.8989330714678511,budget_cv,0.256
1f7f2e0f41,main,books,electronics,logreg,self_training,0,0,uda_self_training,0.8016794357849462,0.806,2000,0,0,1000,10.0,0.8786632153092355,source_val_fallback,0.212
1f7f2e0f41,main,books,electronics,logreg,self_training,0,50,transfer,0.822876549830189,0.8256,2000,50,0,1000,10.0,0.895460874408243,budget_cv,0.461
1f7f2e0f41,main,books,electronics,logreg,self_training,0,50,target_only,0.680964501926252,0.7032,0,50,0,1000,0.1,0.7537037037037037,budget_cv,0.143
1f7f2e0f41,main,books,electronics,logreg,self_training,0,100,transfer,0.8194792023778004,0.8224,2000,100,0,1000,1.0,0.8982055853632933,budget_cv,0.415
1f7f2e0f41,main,books,electronics,logreg,self_training,0,100,target_only,0.7687969694869087,0.7732,0,100,0,1000,0.1,0.7376877310349141,budget_cv,0.144
1f7f2e0f41,main,books,electronics,logreg,self_training,0,250,transfer,0.8662313440929931,0.8668,2000,250,0,1000,10.0,0.8274780774780774,budget_cv,0.506
1f7f2e0f41,main,books,electronics,logreg,self_training,0,250,target_only,0.8481141076117173,0.8488,0,250,0,1000,10.0,0.8072826517087078,budget_cv,0.214
1f7f2e0f41,main,books,electronics,logreg,self_training,0,500,transfer,0.8785939204643529,0.8788,2000,500,0,1000,10.0,0.8528969484540868,budget_cv,0.575
1f7f2e0f41,main,books,electronics,logreg,self_training,0,500,target_only,0.8734950717523142,0.8736,0,500,0,1000,10.0,0.8537216875429098,budget_cv,0.255
1f7f2e0f41,main,books,electronics,logreg,self_training,0,1000,transfer,0.892766783438838,0.8928,2000,1000,0,1000,10.0,0.8839128179296324,budget_cv,0.596
1f7f2e0f41,main,books,electronics,logreg,self_training,0,1000,target_only,0.8899871681032876,0.89,0,1000,0,1000,10.0,0.8849831457369239,budget_cv,0.261
1f7f2e0f41,main,books,electronics,logreg,self_training,0,2000,transfer,0.905591299294143,0.9056,2000,2000,0,1000,10.0,0.8899748597979832,budget_cv,0.723
1f7f2e0f41,main,books,electronics,logreg,self_training,0,2000,target_only,0.9003987091672708,0.9004,0,2000,0,1000,10.0,0.8988921692147143,budget_cv,0.35
1f7f2e0f41,main,books,electronics,logreg,self_training,1,0,uda_self_training,0.8016794357849462,0.806,2000,0,0,1000,10.0,0.8786632153092355,source_val_fallback,0.225
1f7f2e0f41,main,books,electronics,logreg,self_training,1,50,transfer,0.8203294101731602,0.8232,2000,50,0,1000,1.0,0.8398606811145511,budget_cv,0.428
1f7f2e0f41,main,books,electronics,logreg,self_training,1,50,target_only,0.5729284640006738,0.6284,0,50,0,1000,0.01,0.7439081386449807,budget_cv,0.147
1f7f2e0f41,main,books,electronics,logreg,self_training,1,100,transfer,0.8529199016251146,0.8536,2000,100,0,1000,10.0,0.8397575486166567,budget_cv,0.506
1f7f2e0f41,main,books,electronics,logreg,self_training,1,100,target_only,0.6745056765691291,0.6988,0,100,0,1000,0.01,0.8125832518252626,budget_cv,0.149
1f7f2e0f41,main,books,electronics,logreg,self_training,1,250,transfer,0.864201268826204,0.8648,2000,250,0,1000,10.0,0.8415516981028471,budget_cv,0.558
1f7f2e0f41,main,books,electronics,logreg,self_training,1,250,target_only,0.8213851589009352,0.8232,0,250,0,1000,1.0,0.8294476541759151,budget_cv,0.176
1f7f2e0f41,main,books,electronics,logreg,self_training,1,500,transfer,0.8793790417037546,0.8796,2000,500,0,1000,10.0,0.8749362768610585,budget_cv,0.555
1f7f2e0f41,main,books,electronics,logreg,self_training,1,500,target_only,0.8710328585847258,0.8712,0,500,0,1000,10.0,0.8652997529448632,budget_cv,0.222
1f7f2e0f41,main,books,electronics,logreg,self_training,1,1000,transfer,0.8879310731272161,0.888,2000,1000,0,1000,10.0,0.879956580383574,budget_cv,0.606
1f7f2e0f41,main,books,electronics,logreg,self_training,1,1000,target_only,0.88318086035216,0.8832,0,1000,0,1000,10.0,0.8789766999243355,budget_cv,0.256
1f7f2e0f41,main,books,electronics,logreg,self_training,1,2000,transfer,0.905591299294143,0.9056,2000,2000,0,1000,10.0,0.8939892749217334,budget_cv,0.701
1f7f2e0f41,main,books,electronics,logreg,self_training,1,2000,target_only,0.9003987091672708,0.9004,0,2000,0,1000,10.0,0.8979392274742874,budget_cv,0.355
1f7f2e0f41,main,books,electronics,logreg,self_training,2,0,uda_self_training,0.8016794357849462,0.806,2000,0,0,1000,10.0,0.8786632153092355,source_val_fallback,0.213
1f7f2e0f41,main,books,electronics,logreg,self_training,2,50,transfer,0.7770292957273567,0.7824,2000,50,0,1000,0.1,0.8402777777777777,budget_cv,0.361
1f7f2e0f41,main,books,electronics,logreg,self_training,2,50,target_only,0.5440675070991207,0.6088,0,50,0,1000,0.01,0.6953111946532999,budget_cv,0.143
1f7f2e0f41,main,books,electronics,logreg,self_training,2,100,transfer,0.844061876247505,0.8448,2000,100,0,1000,1.0,0.7894133765101508,budget_cv,0.407
1f7f2e0f41,main,books,electronics,logreg,self_training,2,100,target_only,0.8123011779125995,0.8132,0,100,0,1000,0.01,0.771975229204754,budget_cv,0.144
1f7f2e0f41,main,books,electronics,logreg,self_training,2,250,transfer,0.8560284612883391,0.8564,2000,250,0,1000,1.0,0.8280319031575617,budget_cv,0.437
1f7f2e0f41,main,books,electronics,logreg,self_training,2,250,target_only,0.846791150656862,0.8468,0,250,0,1000,1.0,0.8172116266249919,budget_cv,0.178
1f7f2e0f41,main,books,electronics,logreg,self_training,2,500,transfer,0.8822335064420674,0.8824,2000,500,0,1000,10.0,0.8390702557481825,budget_cv,0.54
1f7f2e0f41,main,books,electronics,logreg,self_training,2,500,target_only,0.789663716306247,0.7936,0,500,0,1000,0.01,0.8559011044245873,budget_cv,0.17
1f7f2e0f41,main,books,electronics,logreg,self_training,2,1000,transfer,0.8823179803395775,0.8824,2000,1000,0,1000,1.0,0.8658024535899141,budget_cv,0.549
1f7f2e0f41,main,books,electronics,logreg,self_training,2,1000,target_only,0.8815487532526072,0.8816,0,1000,0,1000,1.0,0.8649002911732285,budget_cv,0.227
1f7f2e0f41,main,books,electronics,logreg,self_training,2,2000,transfer,0.905591299294143,0.9056,2000,2000,0,1000,10.0,0.8964977006049256,budget_cv,0.703
1f7f2e0f41,main,books,electronics,logreg,self_training,2,2000,target_only,0.9003987091672708,0.9004,0,2000,0,1000,10.0,0.9024510788357191,budget_cv,0.341
1f7f2e0f41,main,books,electronics,logreg,self_training,3,0,uda_self_training,0.8016794357849462,0.806,2000,0,0,1000,10.0,0.8786632153092355,source_val_fallback,0.213
1f7f2e0f41,main,books,electronics,logreg,self_training,3,50,transfer,0.8032611432888441,0.808,2000,50,0,1000,1.0,0.8144485144485145,budget_cv,0.401
1f7f2e0f41,main,books,electronics,logreg,self_training,3,50,target_only,0.7166986949818688,0.7328,0,50,0,1000,1.0,0.7939153439153439,budget_cv,0.147
1f7f2e0f41,main,books,electronics,logreg,self_training,3,100,transfer,0.8306140814971575,0.8328,2000,100,0,1000,1.0,0.7899391208096141,budget_cv,0.402
1f7f2e0f41,main,books,electronics,logreg,self_training,3,100,target_only,0.7549177140282504,0.7584,0,100,0,1000,1.0,0.7350412387177094,budget_cv,0.165
1f7f2e0f41,main,books,electronics,logreg,self_training,3,250,transfer,0.8568907275482456,0.8576,2000,250,0,1000,1.0,0.831643125944031,budget_cv,0.436
1f7f2e0f41,main,books,electronics,logreg,self_training,3,250,target_only,0.8085462374569512,0.8104,0,250,0,1000,0.1,0.8108224477754625,budget_cv,0.157
1f7f2e0f41,main,books,electronics,logreg,self_training,3,500,transfer,0.8735979200397296,0.874,2000,500,0,1000,10.0,0.8691799463269948,budget_cv,0.538
1f7f2e0f41,main,books,electronics,logreg,self_training,3,500,target_only,0.8662590230980708,0.8668,0,500,0,1000,10.0,0.861305465372337,budget_cv,0.222
1f7f2e0f41,main,books,electronics,logreg,self_training,3,1000,transfer,0.8883245073669801,0.8884,2000,1000,0,1000,10.0,0.8759091423147961,budget_cv,0.628
1f7f2e0f41,main,books,electronics,logreg,self_training,3,1000,target_only,0.8859447972818844,0.886,0,1000,0,1000,10.0,0.8859554075051425,budget_cv,0.257
1f7f2e0f41,main,books,electronics,logreg,self_training,3,2000,transfer,0.905591299294143,0.9056,2000,2000,0,1000,10.0,0.8889895096917252,budget_cv,0.719
1f7f2e0f41,main,books,electronics,logreg,self_training,3,2000,target_only,0.9003987091672708,0.9004,0,2000,0,1000,10.0,0.895446669038115,budget_cv,0.359
1f7f2e0f41,main,books,electronics,logreg,self_training,4,0,uda_self_training,0.8016794357849462,0.806,2000,0,0,1000,10.0,0.8786632153092355,source_val_fallback,0.214
1f7f2e0f41,main,books,electronics,logreg,self_training,4,50,transfer,0.7270771694761763,0.74,2000,50,0,1000,0.01,0.8095423095423095,budget_cv,0.348
1f7f2e0f41,main,books,electronics,logreg,self_training,4,50,target_only,0.7844070028540251,0.7896,0,50,0,1000,0.01,0.5878306878306878,budget_cv,0.125
1f7f2e0f41,main,books,electronics,logreg,self_training,4,100,transfer,0.849515196867205,0.8508,2000,100,0,1000,10.0,0.8015518958608391,budget_cv,0.46
1f7f2e0f41,main,books,electronics,logreg,self_training,4,100,target_only,0.7223173113371564,0.7364,0,100,0,1000,0.1,0.7240115082674067,budget_cv,0.138
1f7f2e0f41,main,books,electronics,logreg,self_training,4,250,transfer,0.8721995885067126,0.8724,2000,250,0,1000,10.0,0.8399961449025545,budget_cv,0.483
1f7f2e0f41,main,books,electronics,logreg,self_training,4,250,target_only,0.8354068838650337,0.8368,0,250,0,1000,0.1,0.8629688171083796,budget_cv,0.157
1f7f2e0f41,main,books,electronics,logreg,self_training,4,500,transfer,0.8835771811275009,0.8836,2000,500,0,1000,10.0,0.8539504793869949,budget_cv,0.556
1f7f2e0f41,main,books,electronics,logreg,self_training,4,500,target_only,0.8763401486319378,0.8764,0,500,0,1000,10.0,0.8635052213124936,budget_cv,0.215
1f7f2e0f41,main,books,electronics,logreg,self_training,4,1000,transfer,0.8951757814125375,0.8952,2000,1000,0,1000,10.0,0.8719615983605098,budget_cv,0.584
1f7f2e0f41,main,books,electronics,logreg,self_training,4,1000,target_only,0.8839988121478364,0.884,0,1000,0,1000,10.0,0.8819208054657638,budget_cv,0.256
1f7f2e0f41,main,books,electronics,logreg,self_training,4,2000,transfer,0.905591299294143,0.9056,2000,2000,0,1000,10.0,0.8854795260181225,budget_cv,0.701
1f7f2e0f41,main,books,electronics,logreg,self_training,4,2000,target_only,0.9003987091672708,0.9004,0,2000,0,1000,10.0,0.8949624554892184,budget_cv,0.342
1f7f2e0f41,main,books,electronics,svm,random,0,0,source_only,0.8110772641398756,0.8132,2000,0,0,0,1.0,0.8746646613012474,source_val_fallback,0.062
1f7f2e0f41,main,books,electronics,svm,random,0,50,transfer,0.8233305625542109,0.8248,2000,50,0,0,1.0,0.895460874408243,budget_cv,0.199
1f7f2e0f41,main,books,electronics,svm,random,0,50,target_only,0.7261963290526683,0.7276,0,50,0,0,0.01,0.7537037037037037,budget_cv,0.045
1f7f2e0f41,main,books,electronics,svm,random,0,100,transfer,0.8179360520365406,0.8196,2000,100,0,0,0.1,0.8982055853632933,budget_cv,0.198
1f7f2e0f41,main,books,electronics,svm,random,0,100,target_only,0.785999143996576,0.786,0,100,0,0,0.01,0.7376877310349141,budget_cv,0.045
1f7f2e0f41,main,books,electronics,svm,random,0,250,transfer,0.8427388378762102,0.8436,2000,250,0,0,0.1,0.8272389890810944,budget_cv,0.204
1f7f2e0f41,main,books,electronics,svm,random,0,250,target_only,0.8373397435897436,0.8376,0,250,0,0,1.0,0.8114786116941417,budget_cv,0.047
1f7f2e0f41,main,books,electronics,svm,random,0,500,transfer,0.8773711451258797,0.8776,2000,500,0,0,1.0,0.8610435325011024,budget_cv,0.231
1f7f2e0f41,main,books,electronics,svm,random,0,500,target_only,0.869127109034648,0.8692,0,500,0,0,1.0,0.8516831248577157,budget_cv,0.057
1f7f2e0f41,main,books,electronics,svm,random,0,1000,transfer,0.8967830889412922,0.8968,2000,1000,0,0,1.0,0.8869394730132097,budget_cv,0.265
1f7f2e0f41,main,books,electronics,svm,random,0,1000,target_only,0.8875804120109887,0.8876,0,1000,0,0,0.1,0.8819891534071322,budget_cv,0.077
1f7f2e0f41,main,books,electronics,svm,random,0,2000,transfer,0.9071961987563011,0.9072,2000,2000,0,0,1.0,0.88948502734507,budget_cv,0.293
1f7f2e0f41,main,books,electronics,svm,random,0,2000,target_only,0.9063990415261852,0.9064,0,2000,0,0,1.0,0.9013947524715133,budget_cv,0.119
1f7f2e0f41,main,books,electronics,svm,random,1,0,source_only,0.8110772641398756,0.8132,2000,0,0,0,1.0,0.8746646613012474,source_val_fallback,0.065
1f7f2e0f41,main,books,electronics,svm,random,1,50,transfer,0.8119525235809921,0.8136,2000,50,0,0,0.1,0.8398606811145511,budget_cv,0.197
1f7f2e0f41,main,books,electronics,svm,random,1,50,target_only,0.7015354437229437,0.7176,0,50,0,0,0.01,0.7319279754062363,budget_cv,0.042
1f7f2e0f41,main,books,electronics,svm,random,1,100,transfer,0.8254337127562423,0.8264,2000,100,0,0,0.1,0.8499142628174886,budget_cv,0.201
1f7f2e0f41,main,books,electronics,svm,random,1,100,target_only,0.752919387372077,0.7604,0,100,0,0,0.01,0.7898269610195702,budget_cv,0.042
1f7f2e0f41,main,books,electronics,svm,random,1,250,transfer,0.8595844598671525,0.86,2000,250,0,0,10.0,0.8459263526148476,budget_cv,0.215
1f7f2e0f41,main,books,electronics,svm,random,1,250,target_only,0.8362103572862305,0.8368,0,250,0,0,0.1,0.8255356437421656,budget_cv,0.048
1f7f2e0f41,main,books,electronics,svm,random,1,500,transfer,0.8745953194966697,0.8748,2000,500,0,0,1.0,0.8749343290066678,budget_cv,0.22
1f7f2e0f41,main,books,electronics,svm,random,1,500,target_only,0.8651248799531387,0.8652,0,500,0,0,1.0,0.8651824322499545,budget_cv,0.055
1f7f2e0f41,main,books,electronics,svm,random,1,1000,transfer,0.8923316262759503,0.8924,2000,1000,0,0,1.0,0.8799387359888343,budget_cv,0.241
1f7f2e0f41,main,books,electronics,svm,random,1,1000,target_only,0.885994728396241,0.886,0,1000,0,0,1.0,0.8809741604947288,budget_cv,0.072
1f7f2e0f41,main,books,electronics,svm,random,1,2000,transfer,0.9027931410840349,0.9028,2000,2000,0,0,10.0,0.8964777433045694,budget_cv,0.307
1f7f2e0f41,main,books,electronics,svm,random,1,2000,target_only,0.9027998600317985,0.9028,0,2000,0,0,10.0,0.9013934672556436,budget_cv,0.12
1f7f2e0f41,main,books,electronics,svm,random,2,0,source_only,0.8110772641398756,0.8132,2000,0,0,0,1.0,0.8746646613012474,source_val_fallback,0.06
1f7f2e0f41,main,books,electronics,svm,random,2,50,transfer,0.8312195592419347,0.832,2000,50,0,0,1.0,0.8601579520697168,budget_cv,0.196
1f7f2e0f41,main,books,electronics,svm,random,2,50,target_only,0.7161755569902428,0.7204,0,50,0,0,0.01,0.6281565656565656,budget_cv,0.04
1f7f2e0f41,main,books,electronics,svm,random,2,100,transfer,0.8450208440957747,0.8452,2000,100,0,0,1.0,0.799074074074074,budget_cv,0.204
1f7f2e0f41,main,books,electronics,svm,random,2,100,target_only,0.7329618019273192,0.7424,0,100,0,0,0.01,0.6580378193620074,budget_cv,0.042
1f7f2e0f41,main,books,electronics,svm,random,2,250,transfer,0.8469143053532224,0.8472,2000,250,0,0,0.1,0.8280319031575617,budget_cv,0.2
1f7f2e0f41,main,books,electronics,svm,random,2,250,target_only,0.8427490506924243,0.8428,0,250,0,0,0.1,0.8134159645245352,budget_cv,0.046
1f7f2e0f41,main,books,electronics,svm,random,2,500,transfer,0.8754879391452307,0.8756,2000,500,0,0,10.0,0.8434237347869403,budget_cv,0.229
1f7f2e0f41,main,books,electronics,svm,random,2,500,target_only,0.869932385651357,0.87,0,500,0,0,0.1,0.8538064981706328,budget_cv,0.054
1f7f2e0f41,main,books,electronics,svm,random,2,1000,transfer,0.8883935536116566,0.8884,2000,1000,0,0,10.0,0.8709198817391836,budget_cv,0.253
1f7f2e0f41,main,books,electronics,svm,random,2,1000,target_only,0.8931991626814354,0.8932,0,1000,0,0,1.0,0.8668838804360014,budget_cv,0.073
1f7f2e0f41,main,books,electronics,svm,random,2,2000,transfer,0.9071961987563011,0.9072,2000,2000,0,0,1.0,0.8924932845936843,budget_cv,0.287
1f7f2e0f41,main,books,electronics,svm,random,2,2000,target_only,0.9063990415261852,0.9064,0,2000,0,0,1.0,0.9054572370489108,budget_cv,0.115
1f7f2e0f41,main,books,electronics,svm,random,3,0,source_only,0.8110772641398756,0.8132,2000,0,0,0,1.0,0.8746646613012474,source_val_fallback,0.06
1f7f2e0f41,main,books,electronics,svm,random,3,50,transfer,0.8237209198008442,0.8252,2000,50,0,0,10.0,0.8200206398348812,budget_cv,0.203
1f7f2e0f41,main,books,electronics,svm,random,3,50,target_only,0.6769401862912995,0.6832,0,50,0,0,0.1,0.7939153439153439,budget_cv,0.042
1f7f2e0f41,main,books,electronics,svm,random,3,100,transfer,0.8220003096629533,0.8236,2000,100,0,0,0.1,0.7899391208096141,budget_cv,0.188
1f7f2e0f41,main,books,electronics,svm,random,3,100,target_only,0.7767998571519086,0.7768,0,100,0,0,0.1,0.7350412387177094,budget_cv,0.043
1f7f2e0f41,main,books,electronics,svm,random,3,250,transfer,0.8561060188407323,0.8564,2000,250,0,0,10.0,0.8393411857293737,budget_cv,0.21
1f7f2e0f41,main,books,electronics,svm,random,3,250,target_only,0.8503301700441357,0.8504,0,250,0,0,0.01,0.8108224477754625,budget_cv,0.046
1f7f2e0f41,main,books,electronics,svm,random,3,500,transfer,0.8704550788748089,0.8708,2000,500,0,0,1.0,0.8653864856575485,budget_cv,0.215
1f7f2e0f41,main,books,electronics,svm,random,3,500,target_only,0.8652242668200115,0.8656,0,500,0,0,10.0,0.8594378355133839,budget_cv,0.056
1f7f2e0f41,main,books,electronics,svm,random,3,1000,transfer,0.8875330416716897,0.8876,2000,1000,0,0,1.0,0.8769275702358076,budget_cv,0.242
1f7f2e0f41,main,books,electronics,svm,random,3,1000,target_only,0.8867695455369676,0.8868,0,1000,0,0,1.0,0.8859821899622138,budget_cv,0.071
1f7f2e0f41,main,books,electronics,svm,random,3,2000,transfer,0.9071961987563011,0.9072,2000,2000,0,0,1.0,0.8879931711610712,budget_cv,0.29
1f7f2e0f41,main,books,electronics,svm,random,3,2000,target_only,0.9063990415261852,0.9064,0,2000,0,0,1.0,0.8959535166283173,budget_cv,0.121
1f7f2e0f41,main,books,electronics,svm,random,4,0,source_only,0.8110772641398756,0.8132,2000,0,0,0,1.0,0.8746646613012474,source_val_fallback,0.06
1f7f2e0f41,main,books,electronics,svm,random,4,50,transfer,0.7953337392006061,0.7984,2000,50,0,0,0.01,0.7834114355853486,budget_cv,0.192
1f7f2e0f41,main,books,electronics,svm,random,4,50,target_only,0.7610757976426465,0.7612,0,50,0,0,0.01,0.5450369891546362,budget_cv,0.042
1f7f2e0f41,main,books,electronics,svm,random,4,100,transfer,0.8421122409214539,0.8428,2000,100,0,0,10.0,0.7919695354012856,budget_cv,0.207
1f7f2e0f41,main,books,electronics,svm,random,4,100,target_only,0.8125868140416541,0.8132,0,100,0,0,0.01,0.7240115082674067,budget_cv,0.042
1f7f2e0f41,main,books,electronics,svm,random,4,250,transfer,0.8666800120108098,0.8668,2000,250,0,0,1.0,0.8522177257347825,budget_cv,0.204
1f7f2e0f41,main,books,electronics,svm,random,4,250,target_only,0.8492270534430992,0.85,0,250,0,0,0.01,0.8668625257389303,budget_cv,0.047
1f7f2e0f41,main,books,electronics,svm,random,4,500,transfer,0.8803880388038804,0.8804,2000,500,0,0,1.0,0.8559212879800517,budget_cv,0.212
1f7f2e0f41,main,books,electronics,svm,random,4,500,target_only,0.8705354988455615,0.8708,0,500,0,0,0.1,0.8614483850162972,budget_cv,0.053
1f7f2e0f41,main,books,electronics,svm,random,4,1000,transfer,0.8991854827095102,0.8992,2000,1000,0,0,1.0,0.8689356773695774,budget_cv,0.249
1f7f2e0f41,main,books,electronics,svm,random,4,1000,target_only,0.8939971336824948,0.894,0,1000,0,0,1.0,0.887906507464292,budget_cv,0.076
1f7f2e0f41,main,books,electronics,svm,random,4,2000,transfer,0.9071961987563011,0.9072,2000,2000,0,0,1.0,0.8874795994365305,budget_cv,0.29
1f7f2e0f41,main,books,electronics,svm,random,4,2000,target_only,0.9063990415261852,0.9064,0,2000,0,0,1.0,0.8934425039473846,budget_cv,0.119
1f7f2e0f41,main,books,electronics,svm,uncertainty,0,0,source_only,0.8110772641398756,0.8132,2000,0,0,0,1.0,0.8746646613012474,source_val_fallback,0.059
1f7f2e0f41,main,books,electronics,svm,uncertainty,0,50,transfer,0.8276492400898312,0.8284,2000,50,0,0,1.0,0.754919641761747,budget_cv,0.195
1f7f2e0f41,main,books,electronics,svm,uncertainty,0,50,target_only,0.6161300273226109,0.6424,0,50,0,0,0.01,0.6405203089985699,budget_cv,0.041
1f7f2e0f41,main,books,electronics,svm,uncertainty,0,100,transfer,0.8412746633053865,0.842,2000,100,0,0,1.0,0.7975615887380595,budget_cv,0.199
1f7f2e0f41,main,books,electronics,svm,uncertainty,0,100,target_only,0.6979434202986319,0.7076,0,100,0,0,10.0,0.6930208046082668,budget_cv,0.042
1f7f2e0f41,main,books,electronics,svm,uncertainty,0,250,transfer,0.8727862405597789,0.8728,2000,250,0,0,1.0,0.5744142344599911,budget_cv,0.206
1f7f2e0f41,main,books,electronics,svm,uncertainty,0,250,target_only,0.7231462245887785,0.734,0,250,0,0,0.01,0.6044215293169405,budget_cv,0.05
1f7f2e0f41,main,books,electronics,svm,uncertainty,0,500,transfer,0.888765544014914,0.8888,2000,500,0,0,10.0,0.605998783346589,budget_cv,0.238
1f7f2e0f41,main,books,electronics,svm,uncertainty,0,500,target_only,0.8130575947533794,0.8132,0,500,0,0,10.0,0.5962710450247947,budget_cv,0.058
1f7f2e0f41,main,books,electronics,svm,uncertainty,0,1000,transfer,0.9031895289794545,0.9032,2000,1000,0,0,1.0,0.7732756027492892,budget_cv,0.247
1f7f2e0f41,main,books,electronics,svm,uncertainty,0,1000,target_only,0.8847926267281105,0.8848,0,1000,0,0,10.0,0.7427572628766402,budget_cv,0.083
1f7f2e0f41,main,books,electronics,svm,uncertainty,0,2000,transfer,0.9071961987563011,0.9072,2000,2000,0,0,1.0,0.8954767138141606,budget_cv,0.287
1f7f2e0f41,main,books,electronics,svm,uncertainty,0,2000,target_only,0.9063990415261852,0.9064,0,2000,0,0,1.0,0.9038840749648704,budget_cv,0.113
1f7f2e0f41,main,books,electronics,svm,uncertainty,1,0,source_only,0.8110772641398756,0.8132,2000,0,0,0,1.0,0.8746646613012474,source_val_fallback,0.063
1f7f2e0f41,main,books,electronics,svm,uncertainty,1,50,transfer,0.8257398009489736,0.8268,2000,50,0,0,1.0,0.7178362573099415,budget_cv,0.199
1f7f2e0f41,main,books,electronics,svm,uncertainty,1,50,target_only,0.718694502877735,0.722,0,50,0,0,0.1,0.6153674425413556,budget_cv,0.041
1f7f2e0f41,main,books,electronics,svm,uncertainty,1,100,transfer,0.8412040128831386,0.842,2000,100,0,0,1.0,0.6966304650515177,budget_cv,0.202
1f7f2e0f41,main,books,electronics,svm,uncertainty,1,100,target_only,0.7415379525670451,0.744,0,100,0,0,0.01,0.5963704971374312,budget_cv,0.043
1f7f2e0f41,main,books,electronics,svm,uncertainty,1,250,transfer,0.8735171081720117,0.8736,2000,250,0,0,1.0,0.6259543535587504,budget_cv,0.219
1f7f2e0f41,main,books,electronics,svm,uncertainty,1,250,target_only,0.752439362206131,0.7552,0,250,0,0,0.1,0.6005438211320565,budget_cv,0.047
1f7f2e0f41,main,books,electronics,svm,uncertainty,1,500,transfer,0.8875667377436941,0.8876,2000,500,0,0,1.0,0.6369675044763242,budget_cv,0.224
1f7f2e0f41,main,books,electronics,svm,uncertainty,1,500,target_only,0.815107228202823,0.8152,0,500,0,0,10.0,0.6295603133079892,budget_cv,0.058
1f7f2e0f41,main,books,electronics,svm,uncertainty,1,1000,transfer,0.9027850522296308,0.9028,2000,1000,0,0,1.0,0.7896833486999401,budget_cv,0.252
1f7f2e0f41,main,books,electronics,svm,uncertainty,1,1000,target_only,0.891191573875481,0.8912,0,1000,0,0,10.0,0.7296944718499082,budget_cv,0.087
1f7f2e0f41,main,books,electronics,svm,uncertainty,1,2000,transfer,0.9071961987563011,0.9072,2000,2000,0,0,1.0,0.8924765612079498,budget_cv,0.289
1f7f2e0f41,main,books,electronics,svm,uncertainty,1,2000,target_only,0.9027998600317985,0.9028,0,2000,0,0,10.0,0.8939649856103392,budget_cv,0.118
1f7f2e0f41,main,books,electronics,svm,uncertainty,2,0,source_only,0.8110772641398756,0.8132,2000,0,0,0,1.0,0.8746646613012474,source_val_fallback,0.064
1f7f2e0f41,main,books,electronics,svm,uncertainty,2,50,transfer,0.8341120027557491,0.8348,2000,50,0,0,10.0,0.6775398463478958,budget_cv,0.209
1f7f2e0f41,main,books,electronics,svm,uncertainty,2,50,target_only,0.6839138223953886,0.6908,0,50,0,0,0.01,0.56692242114237,budget_cv,0.041
1f7f2e0f41,main,books,electronics,svm,uncertainty,2,100,transfer,0.853464577824242,0.8536,2000,100,0,0,10.0,0.7387200333541797,budget_cv,0.208
1f7f2e0f41,main,books,electronics,svm,uncertainty,2,100,target_only,0.6266903357176421,0.6568,0,100,0,0,0.01,0.5514000005204942,budget_cv,0.042
1f7f2e0f41,main,books,electronics,svm,uncertainty,2,250,transfer,0.8735064149860633,0.8736,2000,250,0,0,10.0,0.6106413699580883,budget_cv,0.219
1f7f2e0f41,main,books,electronics,svm,uncertainty,2,250,target_only,0.7514321643373199,0.7548,0,250,0,0,0.01,0.6129064622559386,budget_cv,0.049
1f7f2e0f41,main,books,electronics,svm,uncertainty,2,500,transfer,0.8907853040705158,0.8908,2000,500,0,0,10.0,0.6154680170321637,budget_cv,0.246
1f7f2e0f41,main,books,electronics,svm,uncertainty,2,500,target_only,0.8134183739819689,0.8136,0,500,0,0,1.0,0.6174622502799603,budget_cv,0.058
1f7f2e0f41,main,books,electronics,svm,uncertainty,2,1000,transfer,0.902392441270652,0.9024,2000,1000,0,0,1.0,0.7687501777993687,budget_cv,0.252
1f7f2e0f41,main,books,electronics,svm,uncertainty,2,1000,target_only,0.8907995631982528,0.8908,0,1000,0,0,1.0,0.7208701195968986,budget_cv,0.081
1f7f2e0f41,main,books,electronics,svm,uncertainty,2,2000,transfer,0.9071961987563011,0.9072,2000,2000,0,0,1.0,0.8939861871310747,budget_cv,0.295
1f7f2e0f41,main,books,electronics,svm,uncertainty,2,2000,target_only,0.9027998600317985,0.9028,0,2000,0,0,10.0,0.9004392640035365,budget_cv,0.121
1f7f2e0f41,main,books,electronics,svm,uncertainty,3,0,source_only,0.8110772641398756,0.8132,2000,0,0,0,1.0,0.8746646613012474,source_val_fallback,0.068
1f7f2e0f41,main,books,electronics,svm,uncertainty,3,50,transfer,0.8339915927568367,0.8344,2000,50,0,0,10.0,0.7047619047619048,budget_cv,0.223
1f7f2e0f41,main,books,electronics,svm,uncertainty,3,50,target_only,0.4630953830910055,0.562,0,50,0,0,0.01,0.48149843983177315,budget_cv,0.066
1f7f2e0f41,main,books,electronics,svm,uncertainty,3,100,transfer,0.8490850390193234,0.8492,2000,100,0,0,10.0,0.6652255790186824,budget_cv,0.251
1f7f2e0f41,main,books,electronics,svm,uncertainty,3,100,target_only,0.513925380977404,0.5856,0,100,0,0,0.01,0.5660122821058248,budget_cv,0.043
1f7f2e0f41,main,books,electronics,svm,uncertainty,3,250,transfer,0.8711353408686342,0.8712,2000,250,0,0,1.0,0.6373195253630036,budget_cv,0.214
1f7f2e0f41,main,books,electronics,svm,uncertainty,3,250,target_only,0.7116680722848143,0.7184,0,250,0,0,0.01,0.649420025803589,budget_cv,0.051
1f7f2e0f41,main,books,electronics,svm,uncertainty,3,500,transfer,0.8871964624810634,0.8872,2000,500,0,0,1.0,0.6114464605391771,budget_cv,0.23
1f7f2e0f41,main,books,electronics,svm,uncertainty,3,500,target_only,0.8088755777607142,0.8092,0,500,0,0,1.0,0.619715756434238,budget_cv,0.059
1f7f2e0f41,main,books,electronics,svm,uncertainty,3,1000,transfer,0.9043871343327958,0.9044,2000,1000,0,0,1.0,0.7695844659143919,budget_cv,0.252
1f7f2e0f41,main,books,electronics,svm,uncertainty,3,1000,target_only,0.8895997173752764,0.8896,0,1000,0,0,10.0,0.7290275259703045,budget_cv,0.086
1f7f2e0f41,main,books,electronics,svm,uncertainty,3,2000,transfer,0.9071961987563011,0.9072,2000,2000,0,0,1.0,0.8939946643080491,budget_cv,0.338
1f7f2e0f41,main,books,electronics,svm,uncertainty,3,2000,target_only,0.9063990415261852,0.9064,0,2000,0,0,1.0,0.898926675414439,budget_cv,0.122
1f7f2e0f41,main,books,electronics,svm,uncertainty,4,0,source_only,0.8110772641398756,0.8132,2000,0,0,0,1.0,0.8746646613012474,source_val_fallback,0.06
1f7f2e0f41,main,books,electronics,svm,uncertainty,4,50,transfer,0.834555799991776,0.8352,2000,50,0,0,1.0,0.6541562238930659,budget_cv,0.199
1f7f2e0f41,main,books,electronics,svm,uncertainty,4,50,target_only,0.49847696876815284,0.5784,0,50,0,0,0.01,0.6136428386428386,budget_cv,0.04
1f7f2e0f41,main,books,electronics,svm,uncertainty,4,100,transfer,0.8497037119095099,0.85,2000,100,0,0,1.0,0.6844044844044844,budget_cv,0.204
1f7f2e0f41,main,books,electronics,svm,uncertainty,4,100,target_only,0.5814394928392508,0.6268,0,100,0,0,0.01,0.5510829307568438,budget_cv,0.044
1f7f2e0f41,main,books,electronics,svm,uncertainty,4,250,transfer,0.862357363817016,0.8624,2000,250,0,0,10.0,0.5801474797956245,budget_cv,0.225
1f7f2e0f41,main,books,electronics,svm,uncertainty,4,250,target_only,0.7348380390742666,0.738,0,250,0,0,0.1,0.6166680405815018,budget_cv,0.048
1f7f2e0f41,main,books,electronics,svm,uncertainty,4,500,transfer,0.8843918426884201,0.8844,2000,500,0,0,1.0,0.6211522620454614,budget_cv,0.22
1f7f2e0f41,main,books,electronics,svm,uncertainty,4,500,target_only,0.8005415017863151,0.8008,0,500,0,0,1.0,0.637008255911589,budget_cv,0.057
1f7f2e0f41,main,books,electronics,svm,uncertainty,4,1000,transfer,0.90118847462368,0.9012,2000,1000,0,0,10.0,0.7884768907344263,budget_cv,0.268
1f7f2e0f41,main,books,electronics,svm,uncertainty,4,1000,target_only,0.8891978548704702,0.8892,0,1000,0,0,10.0,0.7457094238397537,budget_cv,0.083
1f7f2e0f41,main,books,electronics,svm,uncertainty,4,2000,transfer,0.9071961987563011,0.9072,2000,2000,0,0,1.0,0.8909950084544516,budget_cv,0.29
1f7f2e0f41,main,books,electronics,svm,uncertainty,4,2000,target_only,0.8971861653704123,0.8972,0,2000,0,0,0.1,0.8919703072471691,budget_cv,0.115
1f7f2e0f41,main,books,electronics,svm,self_training,0,0,uda_self_training,0.8131266351419425,0.816,2000,0,0,1000,1.0,0.8746646613012474,source_val_fallback,0.101
1f7f2e0f41,main,books,electronics,svm,self_training,0,50,transfer,0.8268097250709594,0.8288,2000,50,0,1000,1.0,0.895460874408243,budget_cv,0.239
1f7f2e0f41,main,books,electronics,svm,self_training,0,50,target_only,0.667181530041575,0.6932,0,50,0,1000,0.01,0.7537037037037037,budget_cv,0.052
1f7f2e0f41,main,books,electronics,svm,self_training,0,100,transfer,0.8202923591238463,0.8232,2000,100,0,1000,0.1,0.8982055853632933,budget_cv,0.226
1f7f2e0f41,main,books,electronics,svm,self_training,0,100,target_only,0.7627739469252799,0.7684,0,100,0,1000,0.01,0.7376877310349141,budget_cv,0.051
1f7f2e0f41,main,books,electronics,svm,self_training,0,250,transfer,0.8470945297926828,0.8484,2000,250,0,1000,0.1,0.8272389890810944,budget_cv,0.23
1f7f2e0f41,main,books,electronics,svm,self_training,0,250,target_only,0.8567823774125349,0.8572,0,250,0,1000,1.0,0.8114786116941417,budget_cv,0.064
1f7f2e0f41,main,books,electronics,svm,self_training,0,500,transfer,0.8813445395398477,0.8816,2000,500,0,1000,1.0,0.8610435325011024,budget_cv,0.261
1f7f2e0f41,main,books,electronics,svm,self_training,0,500,target_only,0.8754879391452307,0.8756,0,500,0,1000,1.0,0.8516831248577157,budget_cv,0.073
1f7f2e0f41,main,books,electronics,svm,self_training,0,1000,transfer,0.8951675270931924,0.8952,2000,1000,0,1000,1.0,0.8869394730132097,budget_cv,0.295
1f7f2e0f41,main,books,electronics,svm,self_training,0,1000,target_only,0.8811041033255782,0.8812,0,1000,0,1000,0.1,0.8819891534071322,budget_cv,0.088
1f7f2e0f41,main,books,electronics,svm,self_training,0,2000,transfer,0.9067921108842653,0.9068,2000,2000,0,1000,1.0,0.88948502734507,budget_cv,0.346
1f7f2e0f41,main,books,electronics,svm,self_training,0,2000,target_only,0.9051981646364673,0.9052,0,2000,0,1000,1.0,0.9013947524715133,budget_cv,0.146
1f7f2e0f41,main,books,electronics,svm,self_training,1,0,uda_self_training,0.8131266351419425,0.816,2000,0,0,1000,1.0,0.8746646613012474,source_val_fallback,0.099
1f7f2e0f41,main,books,electronics,svm,self_training,1,50,transfer,0.8180877284341985,0.8212,2000,50,0,1000,0.1,0.8398606811145511,budget_cv,0.217
1f7f2e0f41,main,books,electronics,svm,self_training,1,50,target_only,0.45989202575708343,0.562,0,50,0,1000,0.01,0.7319279754062363,budget_cv,0.05
1f7f2e0f41,main,books,electronics,svm,self_training,1,100,transfer,0.8341091321348613,0.8356,2000,100,0,1000,0.1,0.8499142628174886,budget_cv,0.221
1f7f2e0f41,main,books,electronics,svm,self_training,1,100,target_only,0.5508940662742172,0.6152,0,100,0,1000,0.01,0.7898269610195702,budget_cv,0.051
1f7f2e0f41,main,books,electronics,svm,self_training,1,250,transfer,0.8607695886756483,0.8612,2000,250,0,1000,10.0,0.8459263526148476,budget_cv,0.299
1f7f2e0f41,main,books,electronics,svm,self_training,1,250,target_only,0.8215025550634261,0.8236,0,250,0,1000,0.1,0.8255356437421656,budget_cv,0.06
1f7f2e0f41,main,books,electronics,svm,self_training,1,500,transfer,0.8777844117022428,0.878,2000,500,0,1000,1.0,0.8749343290066678,budget_cv,0.266
1f7f2e0f41,main,books,electronics,svm,self_training,1,500,target_only,0.870689744904095,0.8708,0,500,0,1000,1.0,0.8651824322499545,budget_cv,0.075
1f7f2e0f41,main,books,electronics,svm,self_training,1,1000,transfer,0.8911146338729564,0.8912,2000,1000,0,1000,1.0,0.8799387359888343,budget_cv,0.318
1f7f2e0f41,main,books,electronics,svm,self_training,1,1000,target_only,0.8863764390183948,0.8864,0,1000,0,1000,1.0,0.8809741604947288,budget_cv,0.096
1f7f2e0f41,main,books,electronics,svm,self_training,1,2000,transfer,0.9027931410840349,0.9028,2000,2000,0,1000,10.0,0.8964777433045694,budget_cv,0.406
1f7f2e0f41,main,books,electronics,svm,self_training,1,2000,target_only,0.9027998600317985,0.9028,0,2000,0,1000,10.0,0.9013934672556436,budget_cv,0.175
1f7f2e0f41,main,books,electronics,svm,self_training,2,0,uda_self_training,0.8131266351419425,0.816,2000,0,0,1000,1.0,0.8746646613012474,source_val_fallback,0.101
1f7f2e0f41,main,books,electronics,svm,self_training,2,50,transfer,0.8394230498351973,0.8404,2000,50,0,1000,1.0,0.8601579520697168,budget_cv,0.237
1f7f2e0f41,main,books,electronics,svm,self_training,2,50,target_only,0.7581525210520357,0.7604,0,50,0,1000,0.01,0.6281565656565656,budget_cv,0.05
1f7f2e0f41,main,books,electronics,svm,self_training,2,100,transfer,0.849308260792895,0.8496,2000,100,0,1000,1.0,0.799074074074074,budget_cv,0.248
1f7f2e0f41,main,books,electronics,svm,self_training,2,100,target_only,0.6439610216487621,0.678,0,100,0,1000,0.01,0.6580378193620074,budget_cv,0.051
1f7f2e0f41,main,books,electronics,svm,self_training,2,250,transfer,0.8538879297942742,0.8544,2000,250,0,1000,0.1,0.8280319031575617,budget_cv,0.227
1f7f2e0f41,main,books,electronics,svm,self_training,2,250,target_only,0.8475847584758476,0.8476,0,250,0,1000,0.1,0.8134159645245352,budget_cv,0.058
1f7f2e0f41,main,books,electronics,svm,self_training,2,500,transfer,0.8754818771279187,0.8756,2000,500,0,1000,10.0,0.8434237347869403,budget_cv,0.303
1f7f2e0f41,main,books,electronics,svm,self_training,2,500,target_only,0.8580041382567978,0.8584,0,500,0,1000,0.1,0.8538064981706328,budget_cv,0.078
1f7f2e0f41,main,books,electronics,svm,self_training,2,1000,transfer,0.8883921249483363,0.8884,2000,1000,0,1000,10.0,0.8709198817391836,budget_cv,0.344
1f7f2e0f41,main,books,electronics,svm,self_training,2,1000,target_only,0.8927966381025709,0.8928,0,1000,0,1000,1.0,0.8668838804360014,budget_cv,0.096
1f7f2e0f41,main,books,electronics,svm,self_training,2,2000,transfer,0.9067921108842653,0.9068,2000,2000,0,1000,1.0,0.8924932845936843,budget_cv,0.359
1f7f2e0f41,main,books,electronics,svm,self_training,2,2000,target_only,0.9051981646364673,0.9052,0,2000,0,1000,1.0,0.9054572370489108,budget_cv,0.161
1f7f2e0f41,main,books,electronics,svm,self_training,3,0,uda_self_training,0.8131266351419425,0.816,2000,0,0,1000,1.0,0.8746646613012474,source_val_fallback,0.115
1f7f2e0f41,main,books,electronics,svm,self_training,3,50,transfer,0.8280415335401357,0.8296,2000,50,0,1000,10.0,0.8200206398348812,budget_cv,0.293
1f7f2e0f41,main,books,electronics,svm,self_training,3,50,target_only,0.7151371612445934,0.7316,0,50,0,1000,0.1,0.7939153439153439,budget_cv,0.066
1f7f2e0f41,main,books,electronics,svm,self_training,3,100,transfer,0.825909785720512,0.8284,2000,100,0,1000,0.1,0.7899391208096141,budget_cv,0.246
1f7f2e0f41,main,books,electronics,svm,self_training,3,100,target_only,0.758442318953738,0.7624,0,100,0,1000,0.1,0.7350412387177094,budget_cv,0.062
1f7f2e0f41,main,books,electronics,svm,self_training,3,250,transfer,0.8569179337378534,0.8572,2000,250,0,1000,10.0,0.8393411857293737,budget_cv,0.297
1f7f2e0f41,main,books,electronics,svm,self_training,3,250,target_only,0.8071940468635685,0.8092,0,250,0,1000,0.01,0.8108224477754625,budget_cv,0.057
1f7f2e0f41,main,books,electronics,svm,self_training,3,500,transfer,0.872004319272426,0.8724,2000,500,0,1000,1.0,0.8653864856575485,budget_cv,0.267
1f7f2e0f41,main,books,electronics,svm,self_training,3,500,target_only,0.8707712500224746,0.8712,0,500,0,1000,10.0,0.8594378355133839,budget_cv,0.085
1f7f2e0f41,main,books,electronics,svm,self_training,3,1000,transfer,0.8891155326481501,0.8892,2000,1000,0,1000,1.0,0.8769275702358076,budget_cv,0.314
1f7f2e0f41,main,books,electronics,svm,self_training,3,1000,target_only,0.8895484677331056,0.8896,0,1000,0,1000,1.0,0.8859821899622138,budget_cv,0.099
1f7f2e0f41,main,books,electronics,svm,self_training,3,2000,transfer,0.9067921108842653,0.9068,2000,2000,0,1000,1.0,0.8879931711610712,budget_cv,0.37
1f7f2e0f41,main,books,electronics,svm,self_training,3,2000,target_only,0.9051981646364673,0.9052,0,2000,0,1000,1.0,0.8959535166283173,budget_cv,0.142
1f7f2e0f41,main,books,electronics,svm,self_training,4,0,uda_self_training,0.8131266351419425,0.816,2000,0,0,1000,1.0,0.8746646613012474,source_val_fallback,0.1
1f7f2e0f41,main,books,electronics,svm,self_training,4,50,transfer,0.7480799017144582,0.7584,2000,50,0,1000,0.01,0.7834114355853486,budget_cv,0.239
1f7f2e0f41,main,books,electronics,svm,self_training,4,50,target_only,0.8085503595124729,0.8108,0,50,0,1000,0.01,0.5450369891546362,budget_cv,0.048
1f7f2e0f41,main,books,electronics,svm,self_training,4,100,transfer,0.8472770952939481,0.848,2000,100,0,1000,10.0,0.7919695354012856,budget_cv,0.265
1f7f2e0f41,main,books,electronics,svm,self_training,4,100,target_only,0.7191426459719142,0.734,0,100,0,1000,0.01,0.7240115082674067,budget_cv,0.051
1f7f2e0f41,main,books,electronics,svm,self_training,4,250,transfer,0.8718553297931233,0.872,2000,250,0,1000,1.0,0.8522177257347825,budget_cv,0.252
1f7f2e0f41,main,books,electronics,svm,self_training,4,250,target_only,0.832442898558589,0.834,0,250,0,1000,0.01,0.8668625257389303,budget_cv,0.075
1f7f2e0f41,main,books,electronics,svm,self_training,4,500,transfer,0.8819741476172941,0.882,2000,500,0,1000,1.0,0.8559212879800517,budget_cv,0.264
1f7f2e0f41,main,books,electronics,svm,self_training,4,500,target_only,0.8719861540224191,0.872,0,500,0,1000,0.1,0.8614483850162972,budget_cv,0.066
1f7f2e0f41,main,books,electronics,svm,self_training,4,1000,transfer,0.8987778282955099,0.8988,2000,1000,0,1000,1.0,0.8689356773695774,budget_cv,0.286
1f7f2e0f41,main,books,electronics,svm,self_training,4,1000,target_only,0.8935997276153027,0.8936,0,1000,0,1000,1.0,0.887906507464292,budget_cv,0.095
1f7f2e0f41,main,books,electronics,svm,self_training,4,2000,transfer,0.9067921108842653,0.9068,2000,2000,0,1000,1.0,0.8874795994365305,budget_cv,0.348
1f7f2e0f41,main,books,electronics,svm,self_training,4,2000,target_only,0.9051981646364673,0.9052,0,2000,0,1000,1.0,0.8934425039473846,budget_cv,0.146
1f7f2e0f41,main,books,clothing,logreg,random,0,0,source_only,0.838380680557244,0.8392,2000,0,0,0,10.0,0.8713126861687586,source_val_fallback,0.102
1f7f2e0f41,main,books,clothing,logreg,random,0,50,transfer,0.8512038212462976,0.8516,2000,50,0,0,10.0,0.879240585122938,budget_cv,0.365
1f7f2e0f41,main,books,clothing,logreg,random,0,50,target_only,0.7638040034334675,0.7656,0,50,0,0,0.1,0.7755680049797696,budget_cv,0.114
1f7f2e0f41,main,books,clothing,logreg,random,0,100,transfer,0.8663657896421484,0.8664,2000,100,0,0,10.0,0.8678889901300768,budget_cv,0.381
1f7f2e0f41,main,books,clothing,logreg,random,0,100,target_only,0.8106720142816544,0.8108,0,100,0,0,0.01,0.7826822815847206,budget_cv,0.129
1f7f2e0f41,main,books,clothing,logreg,random,0,250,transfer,0.8831909543075016,0.8832,2000,250,0,0,10.0,0.8677854548617369,budget_cv,0.391
1f7f2e0f41,main,books,clothing,logreg,random,0,250,target_only,0.8652999097509395,0.8656,0,250,0,0,10.0,0.8709364817681967,budget_cv,0.143
1f7f2e0f41,main,books,clothing,logreg,random,0,500,transfer,0.8963840680142978,0.8964,2000,500,0,0,10.0,0.8914542018715386,budget_cv,0.41
1f7f2e0f41,main,books,clothing,logreg,random,0,500,target_only,0.8855425698398429,0.8856,0,500,0,0,1.0,0.9177549268257058,budget_cv,0.161
1f7f2e0f41,main,books,clothing,logreg,random,0,1000,transfer,0.9091996367985472,0.9092,2000,1000,0,0,10.0,0.9138762052905595,budget_cv,0.461
1f7f2e0f41,main,books,clothing,logreg,random,0,1000,target_only,0.9003953942830316,0.9004,0,1000,0,0,1.0,0.9159087689068839,budget_cv,0.179
1f7f2e0f41,main,books,clothing,logreg,random,0,2000,transfer,0.9171941572197335,0.9172,2000,2000,0,0,10.0,0.9193824030782957,budget_cv,0.532
1f7f2e0f41,main,books,clothing,logreg,random,0,2000,target_only,0.9155901544356133,0.9156,0,2000,0,0,10.0,0.9163796830033771,budget_cv,0.265
1f7f2e0f41,main,books,clothing,logreg,random,1,0,source_only,0.838380680557244,0.8392,2000,0,0,0,10.0,0.8713126861687586,source_val_fallback,0.109
1f7f2e0f41,main,books,clothing,logreg,random,1,50,transfer,0.8459005275432488,0.8468,2000,50,0,0,10.0,0.8134387351778657,budget_cv,0.36
1f7f2e0f41,main,books,clothing,logreg,random,1,50,target_only,0.7331641299251681,0.7392,0,50,0,0,0.01,0.7984628897672376,budget_cv,0.123
1f7f2e0f41,main,books,clothing,logreg,random,1,100,transfer,0.8593496327016122,0.86,2000,100,0,0,10.0,0.8760746370072995,budget_cv,0.385
1f7f2e0f41,main,books,clothing,logreg,random,1,100,target_only,0.7823110447615869,0.7868,0,100,0,0,1.0,0.751856304919163,budget_cv,0.127
1f7f2e0f41,main,books,clothing,logreg,random,1,250,transfer,0.8759332222975694,0.876,2000,250,0,0,10.0,0.8912842988208068,budget_cv,0.388
1f7f2e0f41,main,books,clothing,logreg,random,1,250,target_only,0.8548049116964498,0.8556,0,250,0,0,0.01,0.8878096048402345,budget_cv,0.139
1f7f2e0f41,main,books,clothing,logreg,random,1,500,transfer,0.8947979632885692,0.8948,2000,500,0,0,10.0,0.8920179348960788,budget_cv,0.419
1f7f2e0f41,main,books,clothing,logreg,random,1,500,target_only,0.879998771187417,0.88,0,500,0,0,10.0,0.8979672716203884,budget_cv,0.164
1f7f2e0f41,main,books,clothing,logreg,random,1,1000,transfer,0.904397414906099,0.9044,2000,1000,0,0,10.0,0.9027683814631496,budget_cv,0.455
1f7f2e0f41,main,books,clothing,logreg,random,1,1000,target_only,0.8959999334399574,0.896,0,1000,0,0,10.0,0.907921835829805,budget_cv,0.203
1f7f2e0f41,main,books,clothing,logreg,random,1,2000,transfer,0.9171941572197335,0.9172,2000,2000,0,0,10.0,0.9203526953361267,budget_cv,0.513
1f7f2e0f41,main,books,clothing,logreg,random,1,2000,target_only,0.9083957642201376,0.9084,0,2000,0,0,1.0,0.915868244214708,budget_cv,0.206
1f7f2e0f41,main,books,clothing,logreg,random,2,0,source_only,0.838380680557244,0.8392,2000,0,0,0,10.0,0.8713126861687586,source_val_fallback,0.098
1f7f2e0f41,main,books,clothing,logreg,random,2,50,transfer,0.8383959899749374,0.8388,2000,50,0,0,1.0,0.9380641145347027,budget_cv,0.312
1f7f2e0f41,main,books,clothing,logreg,random,2,50,target_only,0.7742699795081966,0.7744,0,50,0,0,0.1,0.8167211328976034,budget_cv,0.096
1f7f2e0f41,main,books,clothing,logreg,random,2,100,transfer,0.8605397336725691,0.8608,2000,100,0,0,10.0,0.9085245164192534,budget_cv,0.348
1f7f2e0f41,main,books,clothing,logreg,random,2,100,target_only,0.8371885120214082,0.8372,0,100,0,0,0.1,0.8792020110846585,budget_cv,0.129
1f7f2e0f41,main,books,clothing,logreg,random,2,250,transfer,0.8771447839516993,0.8772,2000,250,0,0,10.0,0.9097380787539766,budget_cv,0.41
1f7f2e0f41,main,books,clothing,logreg,random,2,250,target_only,0.8595320134945315,0.8596,0,250,0,0,10.0,0.884462525919702,budget_cv,0.145
1f7f2e0f41,main,books,clothing,logreg,random,2,500,transfer,0.8943997296633079,0.8944,2000,500,0,0,10.0,0.8910501145888192,budget_cv,0.419
1f7f2e0f41,main,books,clothing,logreg,random,2,500,target_only,0.8895626103173491,0.8896,0,500,0,0,0.1,0.9014558899414187,budget_cv,0.149
1f7f2e0f41,main,books,clothing,logreg,random,2,1000,transfer,0.9095994792930007,0.9096,2000,1000,0,0,10.0,0.9008326288785363,budget_cv,0.433
1f7f2e0f41,main,books,clothing,logreg,random,2,1000,target_only,0.9039969893455859,0.904,0,1000,0,0,1.0,0.9119327651276956,budget_cv,0.18
1f7f2e0f41,main,books,clothing,logreg,random,2,2000,transfer,0.9171941572197335,0.9172,2000,2000,0,0,10.0,0.9197855722122393,budget_cv,0.506
1f7f2e0f41,main,books,clothing,logreg,random,2,2000,target_only,0.9155901544356133,0.9156,0,2000,0,0,10.0,0.9213739540799715,budget_cv,0.249
1f7f2e0f41,main,books,clothing,logreg,random,3,0,source_only,0.838380680557244,0.8392,2000,0,0,0,10.0,0.8713126861687586,source_val_fallback,0.102
1f7f2e0f41,main,books,clothing,logreg,random,3,50,transfer,0.8513068723158085,0.8516,2000,50,0,0,10.0,0.8407321408095401,budget_cv,0.353
1f7f2e0f41,main,books,clothing,logreg,random,3,50,target_only,0.7304199399822735,0.7376,0,50,0,0,0.1,0.6472582972582973,budget_cv,0.101
1f7f2e0f41,main,books,clothing,logreg,random,3,100,transfer,0.8623040314177369,0.8624,2000,100,0,0,10.0,0.869869198901457,budget_cv,0.352
1f7f2e0f41,main,books,clothing,logreg,random,3,100,target_only,0.8005415017863151,0.8008,0,100,0,0,1.0,0.719078794547344,budget_cv,0.123
1f7f2e0f41,main,books,clothing,logreg,random,3,250,transfer,0.8759796805108548,0.876,2000,250,0,0,10.0,0.9238761178936681,budget_cv,0.406
1f7f2e0f41,main,books,clothing,logreg,random,3,250,target_only,0.8607871701456007,0.8608,0,250,0,0,1.0,0.8708739599676399,budget_cv,0.144
1f7f2e0f41,main,books,clothing,logreg,random,3,500,transfer,0.8911843305435982,0.8912,2000,500,0,0,10.0,0.9019854617336076,budget_cv,0.436
1f7f2e0f41,main,books,clothing,logreg,random,3,500,target_only,0.8867978084055708,0.8868,0,500,0,0,10.0,0.9079384143082069,budget_cv,0.168
1f7f2e0f41,main,books,clothing,logreg,random,3,1000,transfer,0.901597732811764,0.9016,2000,1000,0,0,10.0,0.9097760773082771,budget_cv,0.451
1f7f2e0f41,main,books,clothing,logreg,random,3,1000,target_only,0.884395838250177,0.8844,0,1000,0,0,0.1,0.8898528130135901,budget_cv,0.179
1f7f2e0f41,main,books,clothing,logreg,random,3,2000,transfer,0.9171941572197335,0.9172,2000,2000,0,0,10.0,0.9218635250951155,budget_cv,0.508
1f7f2e0f41,main,books,clothing,logreg,random,3,2000,target_only,0.9155901544356133,0.9156,0,2000,0,0,10.0,0.9188652836549807,budget_cv,0.24
1f7f2e0f41,main,books,clothing,logreg,random,4,0,source_only,0.838380680557244,0.8392,2000,0,0,0,10.0,0.8713126861687586,source_val_fallback,0.093
1f7f2e0f41,main,books,clothing,logreg,random,4,50,transfer,0.8327121887423727,0.8332,2000,50,0,0,1.0,0.8390795206971676,budget_cv,0.316
1f7f2e0f41,main,books,clothing,logreg,random,4,50,target_only,0.73534891598916,0.736,0,50,0,0,0.01,0.8369047619047619,budget_cv,0.1
1f7f2e0f41,main,books,clothing,logreg,random,4,100,transfer,0.8473408702868597,0.8476,2000,100,0,0,1.0,0.8270640666654304,budget_cv,0.319
1f7f2e0f41,main,books,clothing,logreg,random,4,100,target_only,0.8030678334053543,0.804,0,100,0,0,0.1,0.8057059354907276,budget_cv,0.109
1f7f2e0f41,main,books,clothing,logreg,random,4,250,transfer,0.8835995343981375,0.8836,2000,250,0,0,10.0,0.8474172115118902,budget_cv,0.361
1f7f2e0f41,main,books,clothing,logreg,random,4,250,target_only,0.8427758688382416,0.8436,0,250,0,0,10.0,0.8414105456997613,budget_cv,0.115
1f7f2e0f41,main,books,clothing,logreg,random,4,500,transfer,0.8955986469584646,0.8956,2000,500,0,0,10.0,0.8778291610385262,budget_cv,0.403
1f7f2e0f41,main,books,clothing,logreg,random,4,500,target_only,0.8879954122920874,0.888,0,500,0,0,1.0,0.8638169965677688,budget_cv,0.162
1f7f2e0f41,main,books,clothing,logreg,random,4,1000,transfer,0.9079997644793971,0.908,2000,1000,0,0,10.0,0.8988329039756069,budget_cv,0.435
1f7f2e0f41,main,books,clothing,logreg,random,4,1000,target_only,0.9064,0.9064,0,1000,0,0,10.0,0.8868065063398024,budget_cv,0.186
1f7f2e0f41,main,books,clothing,logreg,random,4,2000,transfer,0.9171941572197335,0.9172,2000,2000,0,0,10.0,0.9173613572883087,budget_cv,0.502
1f7f2e0f41,main,books,clothing,logreg,random,4,2000,target_only,0.9155901544356133,0.9156,0,2000,0,0,10.0,0.915883781321405,budget_cv,0.244
1f7f2e0f41,main,books,clothing,logreg,uncertainty,0,0,source_only,0.838380680557244,0.8392,2000,0,0,0,10.0,0.8713126861687586,source_val_fallback,0.102
1f7f2e0f41,main,books,clothing,logreg,uncertainty,0,50,transfer,0.8409703612015751,0.8412,2000,50,0,0,1.0,0.7328551078551078,budget_cv,0.344
1f7f2e0f41,main,books,clothing,logreg,uncertainty,0,50,target_only,0.7263076631752095,0.7292,0,50,0,0,0.01,0.5126050420168068,budget_cv,0.119
1f7f2e0f41,main,books,clothing,logreg,uncertainty,0,100,transfer,0.8695435593255065,0.8696,2000,100,0,0,10.0,0.6769141474079149,budget_cv,0.378
1f7f2e0f41,main,books,clothing,logreg,uncertainty,0,100,target_only,0.7095630056548692,0.714,0,100,0,0,0.01,0.637447389540732,budget_cv,0.13
1f7f2e0f41,main,books,clothing,logreg,uncertainty,0,250,transfer,0.8895942765672973,0.8896,2000,250,0,0,10.0,0.7191838727740082,budget_cv,0.364
1f7f2e0f41,main,books,clothing,logreg,uncertainty,0,250,target_only,0.7345494851554892,0.7376,0,250,0,0,10.0,0.6968406654261917,budget_cv,0.145
1f7f2e0f41,main,books,clothing,logreg,uncertainty,0,500,transfer,0.9027917722956071,0.9028,2000,500,0,0,10.0,0.7153872982484802,budget_cv,0.411
1f7f2e0f41,main,books,clothing,logreg,uncertainty,0,500,target_only,0.790346328660137,0.7904,0,500,0,0,10.0,0.6985855344978592,budget_cv,0.161
1f7f2e0f41,main,books,clothing,logreg,uncertainty,0,1000,transfer,0.9131968750875031,0.9132,2000,1000,0,0,10.0,0.8527349852944588,budget_cv,0.475
1f7f2e0f41,main,books,clothing,logreg,uncertainty,0,1000,target_only,0.8999743934447217,0.9,0,1000,0,0,10.0,0.783116406506851,budget_cv,0.185
1f7f2e0f41,main,books,clothing,logreg,uncertainty,0,2000,transfer,0.9171941572197335,0.9172,2000,2000,0,0,10.0,0.9208690785470915,budget_cv,0.566
1f7f2e0f41,main,books,clothing,logreg,uncertainty,0,2000,target_only,0.9155901544356133,0.9156,0,2000,0,0,10.0,0.9138551009866394,budget_cv,0.258
1f7f2e0f41,main,books,clothing,logreg,uncertainty,1,0,source_only,0.838380680557244,0.8392,2000,0,0,0,10.0,0.8713126861687586,source_val_fallback,0.1
1f7f2e0f41,main,books,clothing,logreg,uncertainty,1,50,transfer,0.8558293942720057,0.856,2000,50,0,0,10.0,0.8307359307359308,budget_cv,0.36
1f7f2e0f41,main,books,clothing,logreg,uncertainty,1,50,target_only,0.7157427380913898,0.7172,0,50,0,0,0.01,0.47279309384572543,budget_cv,0.137
1f7f2e0f41,main,books,clothing,logreg,uncertainty,1,100,transfer,0.8635290569449623,0.8636,2000,100,0,0,10.0,0.7154663463606553,budget_cv,0.446
1f7f2e0f41,main,books,clothing,logreg,uncertainty,1,100,target_only,0.6982275650615575,0.7084,0,100,0,0,0.01,0.5647250962308507,budget_cv,0.151
1f7f2e0f41,main,books,clothing,logreg,uncertainty,1,250,transfer,0.8871837544606423,0.8872,2000,250,0,0,10.0,0.710677709171685,budget_cv,0.37
1f7f2e0f41,main,books,clothing,logreg,uncertainty,1,250,target_only,0.7282149741901291,0.7312,0,250,0,0,10.0,0.663419490822796,budget_cv,0.14
1f7f2e0f41,main,books,clothing,logreg,uncertainty,1,500,transfer,0.9011867036828476,0.9012,2000,500,0,0,10.0,0.6718626328686801,budget_cv,0.393
1f7f2e0f41,main,books,clothing,logreg,uncertainty,1,500,target_only,0.7839994470385845,0.784,0,500,0,0,10.0,0.6872244532371187,budget_cv,0.151
1f7f2e0f41,main,books,clothing,logreg,uncertainty,1,1000,transfer,0.911197215144667,0.9112,2000,1000,0,0,10.0,0.8359627145028844,budget_cv,0.434
1f7f2e0f41,main,books,clothing,logreg,uncertainty,1,1000,target_only,0.9015748031496063,0.9016,0,1000,0,0,10.0,0.7973223308839009,budget_cv,0.176
1f7f2e0f41,main,books,clothing,logreg,uncertainty,1,2000,transfer,0.9171941572197335,0.9172,2000,2000,0,0,10.0,0.9213291203229937,budget_cv,0.535
1f7f2e0f41,main,books,clothing,logreg,uncertainty,1,2000,target_only,0.9155901544356133,0.9156,0,2000,0,0,10.0,0.9158698058070754,budget_cv,0.247
1f7f2e0f41,main,books,clothing,logreg,uncertainty,2,0,source_only,0.838380680557244,0.8392,2000,0,0,0,10.0,0.8713126861687586,source_val_fallback,0.103
1f7f2e0f41,main,books,clothing,logreg,uncertainty,2,50,transfer,0.8442598338504654,0.8444,2000,50,0,0,1.0,0.8506797296270981,budget_cv,0.34
1f7f2e0f41,main,books,clothing,logreg,uncertainty,2,50,target_only,0.5923785301502366,0.6372,0,50,0,0,0.1,0.5668545356951155,budget_cv,0.137
1f7f2e0f41,main,books,clothing,logreg,uncertainty,2,100,transfer,0.8655062632452314,0.8656,2000,100,0,0,10.0,0.7382170398299431,budget_cv,0.368
1f7f2e0f41,main,books,clothing,logreg,uncertainty,2,100,target_only,0.672966088982518,0.6892,0,100,0,0,0.01,0.6274125584470411,budget_cv,0.111
1f7f2e0f41,main,books,clothing,logreg,uncertainty,2,250,transfer,0.8847981567705083,0.8848,2000,250,0,0,10.0,0.7222178570493177,budget_cv,0.36
1f7f2e0f41,main,books,clothing,logreg,uncertainty,2,250,target_only,0.724025974025974,0.728,0,250,0,0,10.0,0.7230207864454338,budget_cv,0.149
1f7f2e0f41,main,books,clothing,logreg,uncertainty,2,500,transfer,0.9027809450652328,0.9028,2000,500,0,0,10.0,0.7011828643006783,budget_cv,0.451
1f7f2e0f41,main,books,clothing,logreg,uncertainty,2,500,target_only,0.787558361438842,0.7876,0,500,0,0,10.0,0.6894700406460799,budget_cv,0.156
1f7f2e0f41,main,books,clothing,logreg,uncertainty,2,1000,transfer,0.9123968462864663,0.9124,2000,1000,0,0,10.0,0.8301613584412525,budget_cv,0.441
1f7f2e0f41,main,books,clothing,logreg,uncertainty,2,1000,target_only,0.903179923388914,0.9032,0,1000,0,0,10.0,0.787747871561599,budget_cv,0.177
1f7f2e0f41,main,books,clothing,logreg,uncertainty,2,2000,transfer,0.9171941572197335,0.9172,2000,2000,0,0,10.0,0.9208630553982408,budget_cv,0.505
1f7f2e0f41,main,books,clothing,logreg,uncertainty,2,2000,target_only,0.9155901544356133,0.9156,0,2000,0,0,10.0,0.9128646056633544,budget_cv,0.25
1f7f2e0f41,main,books,clothing,logreg,uncertainty,3,0,source_only,0.838380680557244,0.8392,2000,0,0,0,10.0,0.8713126861687586,source_val_fallback,0.101
1f7f2e0f41,main,books,clothing,logreg,uncertainty,3,50,transfer,0.8421053306522766,0.8424,2000,50,0,0,1.0,0.7335200746965453,budget_cv,0.327
1f7f2e0f41,main,books,clothing,logreg,uncertainty,3,50,target_only,0.699696420381331,0.7096,0,50,0,0,0.01,0.5137831403277628,budget_cv,0.111
1f7f2e0f41,main,books,clothing,logreg,uncertainty,3,100,transfer,0.8555648502619597,0.8556,2000,100,0,0,1.0,0.6788430936927178,budget_cv,0.353
1f7f2e0f41,main,books,clothing,logreg,uncertainty,3,100,target_only,0.6614708651532587,0.6764,0,100,0,0,0.01,0.6695168465664301,budget_cv,0.141
1f7f2e0f41,main,books,clothing,logreg,uncertainty,3,250,transfer,0.8923970904173248,0.8924,2000,250,0,0,10.0,0.7186087091476142,budget_cv,0.407
1f7f2e0f41,main,books,clothing,logreg,uncertainty,3,250,target_only,0.7361560048718089,0.738,0,250,0,0,1.0,0.7072743989014884,budget_cv,0.171
1f7f2e0f41,main,books,clothing,logreg,uncertainty,3,500,transfer,0.903184137689119,0.9032,2000,500,0,0,10.0,0.7054685474850618,budget_cv,0.431
1f7f2e0f41,main,books,clothing,logreg,uncertainty,3,500,target_only,0.7866967612324365,0.7868,0,500,0,0,10.0,0.6890448503557116,budget_cv,0.148
1f7f2e0f41,main,books,clothing,logreg,uncertainty,3,1000,transfer,0.9099975663341937,0.91,2000,1000,0,0,10.0,0.8291807582511477,budget_cv,0.439
1f7f2e0f41,main,books,clothing,logreg,uncertainty,3,1000,target_only,0.902385943575875,0.9024,0,1000,0,0,10.0,0.7627345137677716,budget_cv,0.176
1f7f2e0f41,main,books,clothing,logreg,uncertainty,3,2000,transfer,0.9171941572197335,0.9172,2000,2000,0,0,10.0,0.9223714032458586,budget_cv,0.506
1f7f2e0f41,main,books,clothing,logreg,uncertainty,3,2000,target_only,0.9155901544356133,0.9156,0,2000,0,0,10.0,0.9228885076887795,budget_cv,0.242
1f7f2e0f41,main,books,clothing,logreg,uncertainty,4,0,source_only,0.838380680557244,0.8392,2000,0,0,0,10.0,0.8713126861687586,source_val_fallback,0.1
1f7f2e0f41,main,books,clothing,logreg,uncertainty,4,50,transfer,0.8623492564298902,0.8624,2000,50,0,0,10.0,0.7690978104021582,budget_cv,0.358
1f7f2e0f41,main,books,clothing,logreg,uncertainty,4,50,target_only,0.6554703853517181,0.6744,0,50,0,0,0.01,0.5193121693121693,budget_cv,0.124
1f7f2e0f41,main,books,clothing,logreg,uncertainty,4,100,transfer,0.8731805002337159,0.8732,2000,100,0,0,10.0,0.7114983993649312,budget_cv,0.363
1f7f2e0f41,main,books,clothing,logreg,uncertainty,4,100,target_only,0.6191930927199802,0.6556,0,100,0,0,0.01,0.6218217985481412,budget_cv,0.128
1f7f2e0f41,main,books,clothing,logreg,uncertainty,4,250,transfer,0.8903974747578185,0.8904,2000,250,0,0,10.0,0.7339375616216796,budget_cv,0.362
1f7f2e0f41,main,books,clothing,logreg,uncertainty,4,250,target_only,0.7239818157283232,0.7264,0,250,0,0,10.0,0.7184648684648685,budget_cv,0.139
1f7f2e0f41,main,books,clothing,logreg,uncertainty,4,500,transfer,0.9043833397531186,0.9044,2000,500,0,0,10.0,0.7131311447777703,budget_cv,0.4
1f7f2e0f41,main,books,clothing,logreg,uncertainty,4,500,target_only,0.766678710260742,0.7668,0,500,0,0,1.0,0.6643811194659153,budget_cv,0.149
1f7f2e0f41,main,books,clothing,logreg,uncertainty,4,1000,transfer,0.9119972402334537,0.912,2000,1000,0,0,10.0,0.8303358079423964,budget_cv,0.448
1f7f2e0f41,main,books,clothing,logreg,uncertainty,4,1000,target_only,0.9023774452849587,0.9024,0,1000,0,0,10.0,0.793418659448033,budget_cv,0.177
1f7f2e0f41,main,books,clothing,logreg,uncertainty,4,2000,transfer,0.9171941572197335,0.9172,2000,2000,0,0,10.0,0.919849903282533,budget_cv,0.491
1f7f2e0f41,main,books,clothing,logreg,uncertainty,4,2000,target_only,0.9155901544356133,0.9156,0,2000,0,0,10.0,0.9163640455332182,budget_cv,0.258
1f7f2e0f41,main,books,clothing,logreg,self_training,0,0,uda_self_training,0.8415391843356523,0.8428,2000,0,0,1000,10.0,0.8713126861687586,source_val_fallback,0.21
1f7f2e0f41,main,books,clothing,logreg,self_training,0,50,transfer,0.8595076248021867,0.86,2000,50,0,1000,10.0,0.879240585122938,budget_cv,0.457
1f7f2e0f41,main,books,clothing,logreg,self_training,0,50,target_only,0.8094916363188057,0.8116,0,50,0,1000,0.1,0.7755680049797696,budget_cv,0.131
1f7f2e0f41,main,books,clothing,logreg,self_training,0,100,transfer,0.8727165835401889,0.8728,2000,100,0,1000,10.0,0.8678889901300768,budget_cv,0.468
1f7f2e0f41,main,books,clothing,logreg,self_training,0,100,target_only,0.7954211865377114,0.7976,0,100,0,1000,0.01,0.7826822815847206,budget_cv,0.146
1f7f2e0f41,main,books,clothing,logreg,self_training,0,250,transfer,0.8879896771286442,0.888,2000,250,0,1000,10.0,0.8677854548617369,budget_cv,0.482
1f7f2e0f41,main,books,clothing,logreg,self_training,0,250,target_only,0.8777925602033916,0.878,0,250,0,1000,10.0,0.8709364817681967,budget_cv,0.186
1f7f2e0f41,main,books,clothing,logreg,self_training,0,500,transfer,0.8971861653704123,0.8972,2000,500,0,1000,10.0,0.8914542018715386,budget_cv,0.503
1f7f2e0f41,main,books,clothing,logreg,self_training,0,500,target_only,0.8823698866909929,0.8824,0,500,0,1000,1.0,0.9177549268257058,budget_cv,0.193
1f7f2e0f41,main,books,clothing,logreg,self_training,0,1000,transfer,0.9051981646364673,0.9052,2000,1000,0,1000,10.0,0.9138762052905595,budget_cv,0.558
1f7f2e0f41,main,books,clothing,logreg,self_training,0,1000,target_only,0.8943918217026727,0.8944,0,1000,0,1000,1.0,0.9159087689068839,budget_cv,0.219
1f7f2e0f41,main,books,clothing,logreg,self_training,0,2000,transfer,0.9159980645954082,0.916,2000,2000,0,1000,10.0,0.9193824030782957,budget_cv,0.671
1f7f2e0f41,main,books,clothing,logreg,self_training,0,2000,target_only,0.9143964936803811,0.9144,0,2000,0,1000,10.0,0.9163796830033771,budget_cv,0.315
1f7f2e0f41,main,books,clothing,logreg,self_training,1,0,uda_self_training,0.8415391843356523,0.8428,2000,0,0,1000,10.0,0.8713126861687586,source_val_fallback,0.211
1f7f2e0f41,main,books,clothing,logreg,self_training,1,50,transfer,0.8488400347047157,0.85,2000,50,0,1000,10.0,0.8134387351778657,budget_cv,0.462
1f7f2e0f41,main,books,clothing,logreg,self_training,1,50,target_only,0.6501866687577053,0.6788,0,50,0,1000,0.01,0.7984628897672376,budget_cv,0.136
1f7f2e0f41,main,books,clothing,logreg,self_training,1,100,transfer,0.8563791551682826,0.8572,2000,100,0,1000,10.0,0.8760746370072995,budget_cv,0.502
1f7f2e0f41,main,books,clothing,logreg,self_training,1,100,target_only,0.7085902496846318,0.7256,0,100,0,1000,1.0,0.751856304919163,budget_cv,0.174
1f7f2e0f41,main,books,clothing,logreg,self_training,1,250,transfer,0.8823228791220614,0.8824,2000,250,0,1000,10.0,0.8912842988208068,budget_cv,0.498
1f7f2e0f41,main,books,clothing,logreg,self_training,1,250,target_only,0.7692187903299452,0.7764,0,250,0,1000,0.01,0.8878096048402345,budget_cv,0.147
1f7f2e0f41,main,books,clothing,logreg,self_training,1,500,transfer,0.8963926894681689,0.8964,2000,500,0,1000,10.0,0.8920179348960788,budget_cv,0.514
1f7f2e0f41,main,books,clothing,logreg,self_training,1,500,target_only,0.8839832935942775,0.884,0,500,0,1000,10.0,0.8979672716203884,budget_cv,0.215
1f7f2e0f41,main,books,clothing,logreg,self_training,1,1000,transfer,0.9047950645761476,0.9048,2000,1000,0,1000,10.0,0.9027683814631496,budget_cv,0.592
1f7f2e0f41,main,books,clothing,logreg,self_training,1,1000,target_only,0.8963971985802497,0.8964,0,1000,0,1000,10.0,0.907921835829805,budget_cv,0.251
1f7f2e0f41,main,books,clothing,logreg,self_training,1,2000,transfer,0.9159980645954082,0.916,2000,2000,0,1000,10.0,0.9203526953361267,budget_cv,0.663
1f7f2e0f41,main,books,clothing,logreg,self_training,1,2000,target_only,0.9047950645761476,0.9048,0,2000,0,1000,1.0,0.915868244214708,budget_cv,0.287
1f7f2e0f41,main,books,clothing,logreg,self_training,2,0,uda_self_training,0.8415391843356523,0.8428,2000,0,0,1000,10.0,0.8713126861687586,source_val_fallback,0.208
1f7f2e0f41,main,books,clothing,logreg,self_training,2,50,transfer,0.8480639976950746,0.8488,2000,50,0,1000,1.0,0.9380641145347027,budget_cv,0.405
1f7f2e0f41,main,books,clothing,logreg,self_training,2,50,target_only,0.7956443606854506,0.7968,0,50,0,1000,0.1,0.8167211328976034,budget_cv,0.131
1f7f2e0f41,main,books,clothing,logreg,self_training,2,100,transfer,0.871723826529565,0.872,2000,100,0,1000,10.0,0.9085245164192534,budget_cv,0.465
1f7f2e0f41,main,books,clothing,logreg,self_training,2,100,target_only,0.8314714946070878,0.832,0,100,0,1000,0.1,0.8792020110846585,budget_cv,0.154
1f7f2e0f41,main,books,clothing,logreg,self_training,2,250,transfer,0.8803377947992485,0.8804,2000,250,0,1000,10.0,0.9097380787539766,budget_cv,0.532
1f7f2e0f41,main,books,clothing,logreg,self_training,2,250,target_only,0.8713554518597673,0.8716,0,250,0,1000,10.0,0.884462525919702,budget_cv,0.188
1f7f2e0f41,main,books,clothing,logreg,self_training,2,500,transfer,0.8943993917404964,0.8944,2000,500,0,1000,10.0,0.8910501145888192,budget_cv,0.535
1f7f2e0f41,main,books,clothing,logreg,self_training,2,500,target_only,0.866398631921991,0.8664,0,500,0,1000,0.1,0.9014558899414187,budget_cv,0.172
1f7f2e0f41,main,books,clothing,logreg,self_training,2,1000,transfer,0.9083999853439977,0.9084,2000,1000,0,1000,10.0,0.9008326288785363,budget_cv,0.627
1f7f2e0f41,main,books,clothing,logreg,self_training,2,1000,target_only,0.8983921314866623,0.8984,0,1000,0,1000,1.0,0.9119327651276956,budget_cv,0.27
1f7f2e0f41,main,books,clothing,logreg,self_training,2,2000,transfer,0.9159980645954082,0.916,2000,2000,0,1000,10.0,0.9197855722122393,budget_cv,0.745
1f7f2e0f41,main,books,clothing,logreg,self_training,2,2000,target_only,0.9143964936803811,0.9144,0,2000,0,1000,10.0,0.9213739540799715,budget_cv,0.318
1f7f2e0f41,main,books,clothing,logreg,self_training,3,0,uda_self_training,0.8415391843356523,0.8428,2000,0,0,1000,10.0,0.8713126861687586,source_val_fallback,0.237
1f7f2e0f41,main,books,clothing,logreg,self_training,3,50,transfer,0.8583992358532814,0.8588,2000,50,0,1000,10.0,0.8407321408095401,budget_cv,0.473
1f7f2e0f41,main,books,clothing,logreg,self_training,3,50,target_only,0.6068608501684052,0.6536,0,50,0,1000,0.1,0.6472582972582973,budget_cv,0.142
1f7f2e0f41,main,books,clothing,logreg,self_training,3,100,transfer,0.870183902932177,0.8704,2000,100,0,1000,10.0,0.869869198901457,budget_cv,0.515
1f7f2e0f41,main,books,clothing,logreg,self_training,3,100,target_only,0.8355999736959958,0.8356,0,100,0,1000,1.0,0.719078794547344,budget_cv,0.157
1f7f2e0f41,main,books,clothing,logreg,self_training,3,250,transfer,0.8807596299803262,0.8808,2000,250,0,1000,10.0,0.9238761178936681,budget_cv,0.512
1f7f2e0f41,main,books,clothing,logreg,self_training,3,250,target_only,0.8607996436470877,0.8608,0,250,0,1000,1.0,0.8708739599676399,budget_cv,0.184
1f7f2e0f41,main,books,clothing,logreg,self_training,3,500,transfer,0.8943885770684957,0.8944,2000,500,0,1000,10.0,0.9019854617336076,budget_cv,0.534
1f7f2e0f41,main,books,clothing,logreg,self_training,3,500,target_only,0.8867904179409745,0.8868,0,500,0,1000,10.0,0.9079384143082069,budget_cv,0.224
1f7f2e0f41,main,books,clothing,logreg,self_training,3,1000,transfer,0.9015937019969278,0.9016,2000,1000,0,1000,10.0,0.9097760773082771,budget_cv,0.564
1f7f2e0f41,main,books,clothing,logreg,self_training,3,1000,target_only,0.8751865001718586,0.8752,0,1000,0,1000,0.1,0.8898528130135901,budget_cv,0.214
1f7f2e0f41,main,books,clothing,logreg,self_training,3,2000,transfer,0.9159980645954082,0.916,2000,2000,0,1000,10.0,0.9218635250951155,budget_cv,0.667
1f7f2e0f41,main,books,clothing,logreg,self_training,3,2000,target_only,0.9143964936803811,0.9144,0,2000,0,1000,10.0,0.9188652836549807,budget_cv,0.327
1f7f2e0f41,main,books,clothing,logreg,self_training,4,0,uda_self_training,0.8415391843356523,0.8428,2000,0,0,1000,10.0,0.8713126861687586,source_val_fallback,0.214
1f7f2e0f41,main,books,clothing,logreg,self_training,4,50,transfer,0.8418574959788345,0.8428,2000,50,0,1000,1.0,0.8390795206971676,budget_cv,0.401
1f7f2e0f41,main,books,clothing,logreg,self_training,4,50,target_only,0.7170345217883418,0.726,0,50,0,1000,0.01,0.8369047619047619,budget_cv,0.124
1f7f2e0f41,main,books,clothing,logreg,self_training,4,100,transfer,0.8567179993498129,0.8572,2000,100,0,1000,1.0,0.8270640666654304,budget_cv,0.408
1f7f2e0f41,main,books,clothing,logreg,self_training,4,100,target_only,0.6222251837626942,0.6612,0,100,0,1000,0.1,0.8057059354907276,budget_cv,0.14
1f7f2e0f41,main,books,clothing,logreg,self_training,4,250,transfer,0.8891970038869852,0.8892,2000,250,0,1000,10.0,0.8474172115118902,budget_cv,0.505
1f7f2e0f41,main,books,clothing,logreg,self_training,4,250,target_only,0.8557869445326862,0.8564,0,250,0,1000,10.0,0.8414105456997613,budget_cv,0.193
1f7f2e0f41,main,books,clothing,logreg,self_training,4,500,transfer,0.8979972418454194,0.898,2000,500,0,1000,10.0,0.8778291610385262,budget_cv,0.537
1f7f2e0f41,main,books,clothing,logreg,self_training,4,500,target_only,0.8755808693144658,0.8756,0,500,0,1000,1.0,0.8638169965677688,budget_cv,0.193
1f7f2e0f41,main,books,clothing,logreg,self_training,4,1000,transfer,0.9083999853439977,0.9084,2000,1000,0,1000,10.0,0.8988329039756069,budget_cv,0.563
1f7f2e0f41,main,books,clothing,logreg,self_training,4,1000,target_only,0.9075998669438083,0.9076,0,1000,0,1000,10.0,0.8868065063398024,budget_cv,0.242
1f7f2e0f41,main,books,clothing,logreg,self_training,4,2000,transfer,0.9159980645954082,0.916,2000,2000,0,1000,10.0,0.9173613572883087,budget_cv,0.682
1f7f2e0f41,main,books,clothing,logreg,self_training,4,2000,target_only,0.9143964936803811,0.9144,0,2000,0,1000,10.0,0.915883781321405,budget_cv,0.316
1f7f2e0f41,main,books,clothing,svm,random,0,0,source_only,0.838380680557244,0.8392,2000,0,0,0,1.0,0.8733189198415464,source_val_fallback,0.062
1f7f2e0f41,main,books,clothing,svm,random,0,50,transfer,0.8601626344622415,0.8604,2000,50,0,0,1.0,0.9201252723311546,budget_cv,0.184
1f7f2e0f41,main,books,clothing,svm,random,0,50,target_only,0.7643846589200102,0.766,0,50,0,0,0.01,0.7755680049797696,budget_cv,0.039
1f7f2e0f41,main,books,clothing,svm,random,0,100,transfer,0.8695666090519173,0.8696,2000,100,0,0,1.0,0.8885018328844803,budget_cv,0.175
1f7f2e0f41,main,books,clothing,svm,random,0,100,target_only,0.7766002784886199,0.7816,0,100,0,0,0.01,0.7575379814404205,budget_cv,0.043
1f7f2e0f41,main,books,clothing,svm,random,0,250,transfer,0.8815908303939057,0.8816,2000,250,0,0,1.0,0.8718073496417865,budget_cv,0.192
1f7f2e0f41,main,books,clothing,svm,random,0,250,target_only,0.8628734413281165,0.8632,0,250,0,0,1.0,0.8709364817681967,budget_cv,0.047
1f7f2e0f41,main,books,clothing,svm,random,0,500,transfer,0.8875887588758876,0.8876,2000,500,0,0,10.0,0.9037353003390739,budget_cv,0.222
1f7f2e0f41,main,books,clothing,svm,random,0,500,target_only,0.8859364711769868,0.886,0,500,0,0,0.1,0.9197988915065874,budget_cv,0.055
1f7f2e0f41,main,books,clothing,svm,random,0,1000,transfer,0.905997458171269,0.906,2000,1000,0,0,1.0,0.9148950292304208,budget_cv,0.229
1f7f2e0f41,main,books,clothing,svm,random,0,1000,target_only,0.9011980871949681,0.9012,0,1000,0,0,0.1,0.9149029707520562,budget_cv,0.067
1f7f2e0f41,main,books,clothing,svm,random,0,2000,transfer,0.9143955622659479,0.9144,2000,2000,0,0,1.0,0.9218914642859023,budget_cv,0.311
1f7f2e0f41,main,books,clothing,svm,random,0,2000,target_only,0.9151956037400979,0.9152,0,2000,0,0,1.0,0.9178610069543698,budget_cv,0.114
1f7f2e0f41,main,books,clothing,svm,random,1,0,source_only,0.838380680557244,0.8392,2000,0,0,0,1.0,0.8733189198415464,source_val_fallback,0.054
1f7f2e0f41,main,books,clothing,svm,random,1,50,transfer,0.829654597513682,0.8308,2000,50,0,0,0.1,0.8123321123321124,budget_cv,0.168
1f7f2e0f41,main,books,clothing,svm,random,1,50,target_only,0.5751588421423048,0.6212,0,50,0,0,0.01,0.5887328720662054,budget_cv,0.04
1f7f2e0f41,main,books,clothing,svm,random,1,100,transfer,0.8598040212866505,0.8604,2000,100,0,0,1.0,0.8658804786988149,budget_cv,0.172
1f7f2e0f41,main,books,clothing,svm,random,1,100,target_only,0.8122589215605713,0.8132,0,100,0,0,0.01,0.7573717948717947,budget_cv,0.04
1f7f2e0f41,main,books,clothing,svm,random,1,250,transfer,0.8622292965876439,0.8624,2000,250,0,0,0.1,0.8831927261829876,budget_cv,0.173
1f7f2e0f41,main,books,clothing,svm,random,1,250,target_only,0.8575999088639417,0.8576,0,250,0,0,0.1,0.8832162783625027,budget_cv,0.042
1f7f2e0f41,main,books,clothing,svm,random,1,500,transfer,0.8923961262605453,0.8924,2000,500,0,0,1.0,0.9000057010030197,budget_cv,0.193
1f7f2e0f41,main,books,clothing,svm,random,1,500,target_only,0.8763995055980224,0.8764,0,500,0,0,10.0,0.8938816056317145,budget_cv,0.051
1f7f2e0f41,main,books,clothing,svm,random,1,1000,transfer,0.907598211101367,0.9076,2000,1000,0,0,1.0,0.9067462174326403,budget_cv,0.242
1f7f2e0f41,main,books,clothing,svm,random,1,1000,target_only,0.900399219129878,0.9004,0,1000,0,0,1.0,0.9089321031281229,budget_cv,0.093
1f7f2e0f41,main,books,clothing,svm,random,1,2000,transfer,0.9143955622659479,0.9144,2000,2000,0,0,1.0,0.9188733610439169,budget_cv,0.313
1f7f2e0f41,main,books,clothing,svm,random,1,2000,target_only,0.9147914791479148,0.9148,0,2000,0,0,10.0,0.9189111537011142,budget_cv,0.135
1f7f2e0f41,main,books,clothing,svm,random,2,0,source_only,0.838380680557244,0.8392,2000,0,0,0,1.0,0.8733189198415464,source_val_fallback,0.052
1f7f2e0f41,main,books,clothing,svm,random,2,50,transfer,0.8396054036297939,0.84,2000,50,0,0,0.1,0.9380641145347027,budget_cv,0.169
1f7f2e0f41,main,books,clothing,svm,random,2,50,target_only,0.7658357503436692,0.7676,0,50,0,0,0.1,0.8136064142256093,budget_cv,0.037
1f7f2e0f41,main,books,clothing,svm,random,2,100,transfer,0.844812030075188,0.8452,2000,100,0,0,0.1,0.9078441837062527,budget_cv,0.17
1f7f2e0f41,main,books,clothing,svm,random,2,100,target_only,0.8283500299023873,0.8288,0,100,0,0,0.1,0.8782208705983661,budget_cv,0.039
1f7f2e0f41,main,books,clothing,svm,random,2,250,transfer,0.87595800434195,0.876,2000,250,0,0,10.0,0.9018518518518519,budget_cv,0.197
1f7f2e0f41,main,books,clothing,svm,random,2,250,target_only,0.8579039430655122,0.858,0,250,0,0,10.0,0.8923318729969901,budget_cv,0.044
1f7f2e0f41,main,books,clothing,svm,random,2,500,transfer,0.8919999308799558,0.892,2000,500,0,0,10.0,0.8914187893031537,budget_cv,0.202
1f7f2e0f41,main,books,clothing,svm,random,2,500,target_only,0.8899577261600816,0.89,0,500,0,0,0.01,0.9035373314521893,budget_cv,0.055
1f7f2e0f41,main,books,clothing,svm,random,2,1000,transfer,0.9091992881224189,0.9092,2000,1000,0,0,1.0,0.9008274233286998,budget_cv,0.239
1f7f2e0f41,main,books,clothing,svm,random,2,1000,target_only,0.9035987506398082,0.9036,0,1000,0,0,0.1,0.9119230856957851,budget_cv,0.066
1f7f2e0f41,main,books,clothing,svm,random,2,2000,transfer,0.9143955622659479,0.9144,2000,2000,0,0,1.0,0.9218120590331434,budget_cv,0.294
1f7f2e0f41,main,books,clothing,svm,random,2,2000,target_only,0.9151956037400979,0.9152,0,2000,0,0,1.0,0.9193641176634898,budget_cv,0.115
1f7f2e0f41,main,books,clothing,svm,random,3,0,source_only,0.838380680557244,0.8392,2000,0,0,0,1.0,0.8733189198415464,source_val_fallback,0.055
1f7f2e0f41,main,books,clothing,svm,random,3,50,transfer,0.8549949977279879,0.8552,2000,50,0,0,1.0,0.841557734204793,budget_cv,0.183
1f7f2e0f41,main,books,clothing,svm,random,3,50,target_only,0.7292956346353707,0.7364,0,50,0,0,0.1,0.6472582972582973,budget_cv,0.04
1f7f2e0f41,main,books,clothing,svm,random,3,100,transfer,0.863126329115383,0.8632,2000,100,0,0,10.0,0.8600102919955862,budget_cv,0.186
1f7f2e0f41,main,books,clothing,svm,random,3,100,target_only,0.8001467139393782,0.8004,0,100,0,0,0.1,0.719078794547344,budget_cv,0.042
1f7f2e0f41,main,books,clothing,svm,random,3,250,transfer,0.8731805002337159,0.8732,2000,250,0,0,10.0,0.9117947257809366,budget_cv,0.193
1f7f2e0f41,main,books,clothing,svm,random,3,250,target_only,0.8607892195171594,0.8608,0,250,0,0,0.1,0.8708739599676399,budget_cv,0.043
1f7f2e0f41,main,books,clothing,svm,random,3,500,transfer,0.882784227445645,0.8828,2000,500,0,0,0.1,0.9019389643781605,budget_cv,0.197
1f7f2e0f41,main,books,clothing,svm,random,3,500,target_only,0.8799999231999509,0.88,0,500,0,0,0.1,0.905899706458391,budget_cv,0.052
1f7f2e0f41,main,books,clothing,svm,random,3,1000,transfer,0.905997458171269,0.906,2000,1000,0,0,1.0,0.9037929420385863,budget_cv,0.219
1f7f2e0f41,main,books,clothing,svm,random,3,1000,target_only,0.9027973716409292,0.9028,0,1000,0,0,1.0,0.8948800659313453,budget_cv,0.074
1f7f2e0f41,main,books,clothing,svm,random,3,2000,transfer,0.9143955622659479,0.9144,2000,2000,0,0,1.0,0.9198659028709871,budget_cv,0.305
1f7f2e0f41,main,books,clothing,svm,random,3,2000,target_only,0.9151956037400979,0.9152,0,2000,0,0,1.0,0.9198692936773777,budget_cv,0.116
1f7f2e0f41,main,books,clothing,svm,random,4,0,source_only,0.838380680557244,0.8392,2000,0,0,0,1.0,0.8733189198415464,source_val_fallback,0.059
1f7f2e0f41,main,books,clothing,svm,random,4,50,transfer,0.8319385435754076,0.8324,2000,50,0,0,0.1,0.8390795206971676,budget_cv,0.205
1f7f2e0f41,main,books,clothing,svm,random,4,50,target_only,0.7318278052223006,0.734,0,50,0,0,0.01,0.8337912087912088,budget_cv,0.042
1f7f2e0f41,main,books,clothing,svm,random,4,100,transfer,0.8562177761607952,0.8564,2000,100,0,0,10.0,0.8389024911325017,budget_cv,0.206
1f7f2e0f41,main,books,clothing,svm,random,4,100,target_only,0.8045466925134975,0.8048,0,100,0,0,0.1,0.7957554319918367,budget_cv,0.044
1f7f2e0f41,main,books,clothing,svm,random,4,250,transfer,0.8803915604285037,0.8804,2000,250,0,0,10.0,0.8592381909678561,budget_cv,0.204
1f7f2e0f41,main,books,clothing,svm,random,4,250,target_only,0.8422890616199166,0.8432,0,250,0,0,10.0,0.8490891418153804,budget_cv,0.046
1f7f2e0f41,main,books,clothing,svm,random,4,500,transfer,0.8959989350290947,0.896,2000,500,0,0,1.0,0.8798997594863831,budget_cv,0.189
1f7f2e0f41,main,books,clothing,svm,random,4,500,target_only,0.8879964875698503,0.888,0,500,0,0,0.1,0.865803829116644,budget_cv,0.049
1f7f2e0f41,main,books,clothing,svm,random,4,1000,transfer,0.907598211101367,0.9076,2000,1000,0,0,1.0,0.8948378969725853,budget_cv,0.213
1f7f2e0f41,main,books,clothing,svm,random,4,1000,target_only,0.9055999395839613,0.9056,0,1000,0,0,1.0,0.8868045894126521,budget_cv,0.066
1f7f2e0f41,main,books,clothing,svm,random,4,2000,transfer,0.9143955622659479,0.9144,2000,2000,0,0,1.0,0.9138516548930479,budget_cv,0.326
1f7f2e0f41,main,books,clothing,svm,random,4,2000,target_only,0.9151956037400979,0.9152,0,2000,0,0,1.0,0.9178816594980956,budget_cv,0.12
1f7f2e0f41,main,books,clothing,svm,uncertainty,0,0,source_only,0.838380680557244,0.8392,2000,0,0,0,1.0,0.8733189198415464,source_val_fallback,0.057
1f7f2e0f41,main,books,clothing,svm,uncertainty,0,50,transfer,0.8614719779431359,0.8616,2000,50,0,0,1.0,0.6672217531350659,budget_cv,0.182
1f7f2e0f41,main,books,clothing,svm,uncertainty,0,50,target_only,0.5897818483612114,0.6268,0,50,0,0,0.01,0.42540071844419675,budget_cv,0.04
1f7f2e0f41,main,books,clothing,svm,uncertainty,0,100,transfer,0.8743767647264038,0.8744,2000,100,0,0,1.0,0.7623504558547382,budget_cv,0.186
1f7f2e0f41,main,books,clothing,svm,uncertainty,0,100,target_only,0.6175518217281559,0.6544,0,100,0,0,0.01,0.5878774961895167,budget_cv,0.042
1f7f2e0f41,main,books,clothing,svm,uncertainty,0,250,transfer,0.8931519782250934,0.8932,2000,250,0,0,1.0,0.607744886111946,budget_cv,0.191
1f7f2e0f41,main,books,clothing,svm,uncertainty,0,250,target_only,0.7271221475762293,0.7304,0,250,0,0,0.1,0.6127260059194991,budget_cv,0.047
1f7f2e0f41,main,books,clothing,svm,uncertainty,0,500,transfer,0.9019973500083442,0.902,2000,500,0,0,10.0,0.6343097461764812,budget_cv,0.209
1f7f2e0f41,main,books,clothing,svm,uncertainty,0,500,target_only,0.788708586883029,0.7888,0,500,0,0,0.01,0.5961348080154011,budget_cv,0.052
1f7f2e0f41,main,books,clothing,svm,uncertainty,0,1000,transfer,0.9123983040311661,0.9124,2000,1000,0,0,1.0,0.8326612727455772,budget_cv,0.223
1f7f2e0f41,main,books,clothing,svm,uncertainty,0,1000,target_only,0.9031949816278476,0.9032,0,1000,0,0,10.0,0.7624589243710195,budget_cv,0.073
1f7f2e0f41,main,books,clothing,svm,uncertainty,0,2000,transfer,0.9099923817551918,0.91,2000,2000,0,0,10.0,0.9243867307329222,budget_cv,0.35
1f7f2e0f41,main,books,clothing,svm,uncertainty,0,2000,target_only,0.9151956037400979,0.9152,0,2000,0,0,1.0,0.9248507815559369,budget_cv,0.12
1f7f2e0f41,main,books,clothing,svm,uncertainty,1,0,source_only,0.838380680557244,0.8392,2000,0,0,0,1.0,0.8733189198415464,source_val_fallback,0.055
1f7f2e0f41,main,books,clothing,svm,uncertainty,1,50,transfer,0.8555725872919282,0.856,2000,50,0,0,1.0,0.8189049011417433,budget_cv,0.176
1f7f2e0f41,main,books,clothing,svm,uncertainty,1,50,target_only,0.7128089151824712,0.714,0,50,0,0,0.1,0.717305928219241,budget_cv,0.04
1f7f2e0f41,main,books,clothing,svm,uncertainty,1,100,transfer,0.8642503713292939,0.8644,2000,100,0,0,10.0,0.7242558610979662,budget_cv,0.183
1f7f2e0f41,main,books,clothing,svm,uncertainty,1,100,target_only,0.6943814280102929,0.7072,0,100,0,0,0.1,0.6132725688205507,budget_cv,0.043
1f7f2e0f41,main,books,clothing,svm,uncertainty,1,250,transfer,0.8895744872895434,0.8896,2000,250,0,0,10.0,0.6977000244118973,budget_cv,0.203
1f7f2e0f41,main,books,clothing,svm,uncertainty,1,250,target_only,0.747564935064935,0.7512,0,250,0,0,10.0,0.719974102678162,budget_cv,0.047
1f7f2e0f41,main,books,clothing,svm,uncertainty,1,500,transfer,0.9051814155574494,0.9052,2000,500,0,0,10.0,0.6655645059310483,budget_cv,0.205
1f7f2e0f41,main,books,clothing,svm,uncertainty,1,500,target_only,0.8279008709016393,0.828,0,500,0,0,1.0,0.6290864712108765,budget_cv,0.052
1f7f2e0f41,main,books,clothing,svm,uncertainty,1,1000,transfer,0.9119990988707725,0.912,2000,1000,0,0,1.0,0.8417796839902367,budget_cv,0.229
1f7f2e0f41,main,books,clothing,svm,uncertainty,1,1000,target_only,0.906398502376038,0.9064,0,1000,0,0,10.0,0.7777076225571667,budget_cv,0.068
1f7f2e0f41,main,books,clothing,svm,uncertainty,1,2000,transfer,0.9143955622659479,0.9144,2000,2000,0,0,1.0,0.917376838047239,budget_cv,0.332
1f7f2e0f41,main,books,clothing,svm,uncertainty,1,2000,target_only,0.9151956037400979,0.9152,0,2000,0,0,1.0,0.916365468751716,budget_cv,0.131
1f7f2e0f41,main,books,clothing,svm,uncertainty,2,0,source_only,0.838380680557244,0.8392,2000,0,0,0,1.0,0.8733189198415464,source_val_fallback,0.072
1f7f2e0f41,main,books,clothing,svm,uncertainty,2,50,transfer,0.8524008920120004,0.8528,2000,50,0,0,10.0,0.6571150097465887,budget_cv,0.249
1f7f2e0f41,main,books,clothing,svm,uncertainty,2,50,target_only,0.7176577341276453,0.7224,0,50,0,0,0.1,0.717337681811366,budget_cv,0.041
1f7f2e0f41,main,books,clothing,svm,uncertainty,2,100,transfer,0.8686142520850277,0.8688,2000,100,0,0,1.0,0.6187780488539502,budget_cv,0.189
1f7f2e0f41,main,books,clothing,svm,uncertainty,2,100,target_only,0.7145875069739922,0.724,0,100,0,0,0.01,0.634783516113142,budget_cv,0.042
1f7f2e0f41,main,books,clothing,svm,uncertainty,2,250,transfer,0.8911988858765914,0.8912,2000,250,0,0,10.0,0.5836933147006443,budget_cv,0.205
1f7f2e0f41,main,books,clothing,svm,uncertainty,2,250,target_only,0.7433642969061629,0.748,0,250,0,0,10.0,0.6502935747988147,budget_cv,0.049
1f7f2e0f41,main,books,clothing,svm,uncertainty,2,500,transfer,0.9051956162452952,0.9052,2000,500,0,0,10.0,0.6478468559915592,budget_cv,0.212
1f7f2e0f41,main,books,clothing,svm,uncertainty,2,500,target_only,0.8314716218226397,0.8316,0,500,0,0,1.0,0.6027792283309524,budget_cv,0.063
1f7f2e0f41,main,books,clothing,svm,uncertainty,2,1000,transfer,0.9119979724332848,0.912,2000,1000,0,0,1.0,0.8305681981223594,budget_cv,0.245
1f7f2e0f41,main,books,clothing,svm,uncertainty,2,1000,target_only,0.9023960021402477,0.9024,0,1000,0,0,10.0,0.7747553700284596,budget_cv,0.071
1f7f2e0f41,main,books,clothing,svm,uncertainty,2,2000,transfer,0.9143955622659479,0.9144,2000,2000,0,0,1.0,0.9173398399318685,budget_cv,0.277
1f7f2e0f41,main,books,clothing,svm,uncertainty,2,2000,target_only,0.9147914791479148,0.9148,0,2000,0,0,10.0,0.9183658111025764,budget_cv,0.121
1f7f2e0f41,main,books,clothing,svm,uncertainty,3,0,source_only,0.838380680557244,0.8392,2000,0,0,0,1.0,0.8733189198415464,source_val_fallback,0.055
1f7f2e0f41,main,books,clothing,svm,uncertainty,3,50,transfer,0.8561364650220861,0.8564,2000,50,0,0,1.0,0.7807928727046374,budget_cv,0.184
1f7f2e0f41,main,books,clothing,svm,uncertainty,3,50,target_only,0.7262996895053384,0.7284,0,50,0,0,1.0,0.6563866932287984,budget_cv,0.038
1f7f2e0f41,main,books,clothing,svm,uncertainty,3,100,transfer,0.8714370644780369,0.8716,2000,100,0,0,1.0,0.6869661527556264,budget_cv,0.18
1f7f2e0f41,main,books,clothing,svm,uncertainty,3,100,target_only,0.7483909420739148,0.7484,0,100,0,0,1.0,0.5170642653401274,budget_cv,0.039
1f7f2e0f41,main,books,clothing,svm,uncertainty,3,250,transfer,0.8943885770684957,0.8944,2000,250,0,0,1.0,0.6632040924314849,budget_cv,0.185
1f7f2e0f41,main,books,clothing,svm,uncertainty,3,250,target_only,0.7288315775748792,0.7308,0,250,0,0,0.1,0.6484219046175465,budget_cv,0.049
1f7f2e0f41,main,books,clothing,svm,uncertainty,3,500,transfer,0.902392441270652,0.9024,2000,500,0,0,1.0,0.6927960055133188,budget_cv,0.201
1f7f2e0f41,main,books,clothing,svm,uncertainty,3,500,target_only,0.825463163119886,0.8256,0,500,0,0,1.0,0.6299440452627346,budget_cv,0.055
1f7f2e0f41,main,books,clothing,svm,uncertainty,3,1000,transfer,0.9123996495985984,0.9124,2000,1000,0,0,1.0,0.8362381563057518,budget_cv,0.227
1f7f2e0f41,main,books,clothing,svm,uncertainty,3,1000,target_only,0.9055999395839613,0.9056,0,1000,0,0,10.0,0.7840075567649648,budget_cv,0.068
1f7f2e0f41,main,books,clothing,svm,uncertainty,3,2000,transfer,0.9143955622659479,0.9144,2000,2000,0,0,1.0,0.9193569685545828,budget_cv,0.303
1f7f2e0f41,main,books,clothing,svm,uncertainty,3,2000,target_only,0.9147914791479148,0.9148,0,2000,0,0,10.0,0.9194141002367516,budget_cv,0.128
1f7f2e0f41,main,books,clothing,svm,uncertainty,4,0,source_only,0.838380680557244,0.8392,2000,0,0,0,1.0,0.8733189198415464,source_val_fallback,0.053
1f7f2e0f41,main,books,clothing,svm,uncertainty,4,50,transfer,0.8634836006572644,0.8636,2000,50,0,0,1.0,0.7842026402128704,budget_cv,0.184
1f7f2e0f41,main,books,clothing,svm,uncertainty,4,50,target_only,0.4497805642633229,0.5612,0,50,0,0,0.1,0.5199599782933116,budget_cv,0.04
1f7f2e0f41,main,books,clothing,svm,uncertainty,4,100,transfer,0.874755733666507,0.8748,2000,100,0,0,1.0,0.7303250708941765,budget_cv,0.189
1f7f2e0f41,main,books,clothing,svm,uncertainty,4,100,target_only,0.6559416393295074,0.6844,0,100,0,0,0.01,0.5370223512564823,budget_cv,0.042
1f7f2e0f41,main,books,clothing,svm,uncertainty,4,250,transfer,0.893185627057977,0.8932,2000,250,0,0,10.0,0.5972961345632153,budget_cv,0.208
1f7f2e0f41,main,books,clothing,svm,uncertainty,4,250,target_only,0.7252702212885468,0.7292,0,250,0,0,0.1,0.5978554735836289,budget_cv,0.046
1f7f2e0f41,main,books,clothing,svm,uncertainty,4,500,transfer,0.9043944778250392,0.9044,2000,500,0,0,1.0,0.6566396175148222,budget_cv,0.198
1f7f2e0f41,main,books,clothing,svm,uncertainty,4,500,target_only,0.8063096318218228,0.8064,0,500,0,0,0.1,0.634752524831379,budget_cv,0.057
1f7f2e0f41,main,books,clothing,svm,uncertainty,4,1000,transfer,0.9119979724332848,0.912,2000,1000,0,0,1.0,0.8338799369322475,budget_cv,0.268
1f7f2e0f41,main,books,clothing,svm,uncertainty,4,1000,target_only,0.9059992630342222,0.906,0,1000,0,0,10.0,0.7851535531262689,budget_cv,0.083
1f7f2e0f41,main,books,clothing,svm,uncertainty,4,2000,transfer,0.9143955622659479,0.9144,2000,2000,0,0,1.0,0.9243547177261724,budget_cv,0.327
1f7f2e0f41,main,books,clothing,svm,uncertainty,4,2000,target_only,0.9151956037400979,0.9152,0,2000,0,0,1.0,0.923391881328364,budget_cv,0.133
1f7f2e0f41,main,books,clothing,svm,self_training,0,0,uda_self_training,0.8454304408001808,0.8464,2000,0,0,1000,1.0,0.8733189198415464,source_val_fallback,0.117
1f7f2e0f41,main,books,clothing,svm,self_training,0,50,transfer,0.8624337215295959,0.8628,2000,50,0,1000,1.0,0.9201252723311546,budget_cv,0.237
1f7f2e0f41,main,books,clothing,svm,self_training,0,50,target_only,0.8172936519344851,0.8188,0,50,0,1000,0.01,0.7755680049797696,budget_cv,0.056
1f7f2e0f41,main,books,clothing,svm,self_training,0,100,transfer,0.8719262295081966,0.872,2000,100,0,1000,1.0,0.8885018328844803,budget_cv,0.217
1f7f2e0f41,main,books,clothing,svm,self_training,0,100,target_only,0.5549245562022176,0.6196,0,100,0,1000,0.01,0.7575379814404205,budget_cv,0.05
1f7f2e0f41,main,books,clothing,svm,self_training,0,250,transfer,0.8847855474990782,0.8848,2000,250,0,1000,1.0,0.8718073496417865,budget_cv,0.235
1f7f2e0f41,main,books,clothing,svm,self_training,0,250,target_only,0.8789302760261422,0.8792,0,250,0,1000,1.0,0.8709364817681967,budget_cv,0.059
1f7f2e0f41,main,books,clothing,svm,self_training,0,500,transfer,0.8875887588758876,0.8876,2000,500,0,1000,10.0,0.9037353003390739,budget_cv,0.254
1f7f2e0f41,main,books,clothing,svm,self_training,0,500,target_only,0.8831757753287721,0.8832,0,500,0,1000,0.1,0.9197988915065874,budget_cv,0.059
1f7f2e0f41,main,books,clothing,svm,self_training,0,1000,transfer,0.9051956162452952,0.9052,2000,1000,0,1000,1.0,0.9148950292304208,budget_cv,0.258
1f7f2e0f41,main,books,clothing,svm,self_training,0,1000,target_only,0.8987914337069489,0.8988,0,1000,0,1000,0.1,0.9149029707520562,budget_cv,0.074
1f7f2e0f41,main,books,clothing,svm,self_training,0,2000,transfer,0.9143964936803811,0.9144,2000,2000,0,1000,1.0,0.9218914642859023,budget_cv,0.379
1f7f2e0f41,main,books,clothing,svm,self_training,0,2000,target_only,0.9159995161572131,0.916,0,2000,0,1000,1.0,0.9178610069543698,budget_cv,0.146
1f7f2e0f41,main,books,clothing,svm,self_training,1,0,uda_self_training,0.8454304408001808,0.8464,2000,0,0,1000,1.0,0.8733189198415464,source_val_fallback,0.092
1f7f2e0f41,main,books,clothing,svm,self_training,1,50,transfer,0.8234481579001929,0.8256,2000,50,0,1000,0.1,0.8123321123321124,budget_cv,0.203
1f7f2e0f41,main,books,clothing,svm,self_training,1,50,target_only,0.4700105186244198,0.5612,0,50,0,1000,0.01,0.5887328720662054,budget_cv,0.05
1f7f2e0f41,main,books,clothing,svm,self_training,1,100,transfer,0.8630176826898217,0.8636,2000,100,0,1000,1.0,0.8658804786988149,budget_cv,0.226
1f7f2e0f41,main,books,clothing,svm,self_training,1,100,target_only,0.7154304678661378,0.7308,0,100,0,1000,0.01,0.7573717948717947,budget_cv,0.05
1f7f2e0f41,main,books,clothing,svm,self_training,1,250,transfer,0.8682015853947167,0.8684,2000,250,0,1000,0.1,0.8831927261829876,budget_cv,0.212
1f7f2e0f41,main,books,clothing,svm,self_training,1,250,target_only,0.8751577334022207,0.8752,0,250,0,1000,0.1,0.8832162783625027,budget_cv,0.053
1f7f2e0f41,main,books,clothing,svm,self_training,1,500,transfer,0.8951868522387448,0.8952,2000,500,0,1000,1.0,0.9000057010030197,budget_cv,0.237
1f7f2e0f41,main,books,clothing,svm,self_training,1,500,target_only,0.8847999262719528,0.8848,0,500,0,1000,10.0,0.8938816056317145,budget_cv,0.086
1f7f2e0f41,main,books,clothing,svm,self_training,1,1000,transfer,0.9051956162452952,0.9052,2000,1000,0,1000,1.0,0.9067462174326403,budget_cv,0.285
1f7f2e0f41,main,books,clothing,svm,self_training,1,1000,target_only,0.8959983359733756,0.896,0,1000,0,1000,1.0,0.9089321031281229,budget_cv,0.09
1f7f2e0f41,main,books,clothing,svm,self_training,1,2000,transfer,0.9143964936803811,0.9144,2000,2000,0,1000,1.0,0.9188733610439169,budget_cv,0.368
1f7f2e0f41,main,books,clothing,svm,self_training,1,2000,target_only,0.9147927880615816,0.9148,0,2000,0,1000,10.0,0.9189111537011142,budget_cv,0.181
1f7f2e0f41,main,books,clothing,svm,self_training,2,0,uda_self_training,0.8454304408001808,0.8464,2000,0,0,1000,1.0,0.8733189198415464,source_val_fallback,0.101
1f7f2e0f41,main,books,clothing,svm,self_training,2,50,transfer,0.8480809000555589,0.8488,2000,50,0,1000,0.1,0.9380641145347027,budget_cv,0.209
1f7f2e0f41,main,books,clothing,svm,self_training,2,50,target_only,0.788024229886342,0.7912,0,50,0,1000,0.1,0.8136064142256093,budget_cv,0.05
1f7f2e0f41,main,books,clothing,svm,self_training,2,100,transfer,0.8542683476150352,0.8548,2000,100,0,1000,0.1,0.9078441837062527,budget_cv,0.197
1f7f2e0f41,main,books,clothing,svm,self_training,2,100,target_only,0.8471539420446361,0.848,0,100,0,1000,0.1,0.8782208705983661,budget_cv,0.049
1f7f2e0f41,main,books,clothing,svm,self_training,2,250,transfer,0.8771565822224208,0.8772,2000,250,0,1000,10.0,0.9018518518518519,budget_cv,0.255
1f7f2e0f41,main,books,clothing,svm,self_training,2,250,target_only,0.8698765596995934,0.87,0,250,0,1000,10.0,0.8923318729969901,budget_cv,0.072
1f7f2e0f41,main,books,clothing,svm,self_training,2,500,transfer,0.8919997235192922,0.892,2000,500,0,1000,10.0,0.8914187893031537,budget_cv,0.277
1f7f2e0f41,main,books,clothing,svm,self_training,2,500,target_only,0.865594494750505,0.8656,0,500,0,1000,0.01,0.9035373314521893,budget_cv,0.062
1f7f2e0f41,main,books,clothing,svm,self_training,2,1000,transfer,0.907199940607962,0.9072,2000,1000,0,1000,1.0,0.9008274233286998,budget_cv,0.29
1f7f2e0f41,main,books,clothing,svm,self_training,2,1000,target_only,0.898385367492919,0.8984,0,1000,0,1000,0.1,0.9119230856957851,budget_cv,0.077
1f7f2e0f41,main,books,clothing,svm,self_training,2,2000,transfer,0.9143964936803811,0.9144,2000,2000,0,1000,1.0,0.9218120590331434,budget_cv,0.38
1f7f2e0f41,main,books,clothing,svm,self_training,2,2000,target_only,0.9159995161572131,0.916,0,2000,0,1000,1.0,0.9193641176634898,budget_cv,0.161
1f7f2e0f41,main,books,clothing,svm,self_training,3,0,uda_self_training,0.8454304408001808,0.8464,2000,0,0,1000,1.0,0.8733189198415464,source_val_fallback,0.091
1f7f2e0f41,main,books,clothing,svm,self_training,3,50,transfer,0.8617174832870548,0.862,2000,50,0,1000,1.0,0.841557734204793,budget_cv,0.223
1f7f2e0f41,main,books,clothing,svm,self_training,3,50,target_only,0.6883381046564967,0.7116,0,50,0,1000,0.1,0.6472582972582973,budget_cv,0.049
1f7f2e0f41,main,books,clothing,svm,self_training,3,100,transfer,0.8659303052098604,0.866,2000,100,0,1000,10.0,0.8600102919955862,budget_cv,0.262
1f7f2e0f41,main,books,clothing,svm,self_training,3,100,target_only,0.8331967706894805,0.8332,0,100,0,1000,0.1,0.719078794547344,budget_cv,0.047
1f7f2e0f41,main,books,clothing,svm,self_training,3,250,transfer,0.8739780419340266,0.874,2000,250,0,1000,10.0,0.9117947257809366,budget_cv,0.265
1f7f2e0f41,main,books,clothing,svm,self_training,3,250,target_only,0.8631999124479439,0.8632,0,250,0,1000,0.1,0.8708739599676399,budget_cv,0.055
1f7f2e0f41,main,books,clothing,svm,self_training,3,500,transfer,0.8811505396085635,0.8812,2000,500,0,1000,0.1,0.9019389643781605,budget_cv,0.228
1f7f2e0f41,main,books,clothing,svm,self_training,3,500,target_only,0.8815447335108668,0.8816,0,500,0,1000,0.1,0.905899706458391,budget_cv,0.063
1f7f2e0f41,main,books,clothing,svm,self_training,3,1000,transfer,0.9051945240357083,0.9052,2000,1000,0,1000,1.0,0.9037929420385863,budget_cv,0.257
1f7f2e0f41,main,books,clothing,svm,self_training,3,1000,target_only,0.9023877555200525,0.9024,0,1000,0,1000,1.0,0.8948800659313453,budget_cv,0.094
1f7f2e0f41,main,books,clothing,svm,self_training,3,2000,transfer,0.9143964936803811,0.9144,2000,2000,0,1000,1.0,0.9198659028709871,budget_cv,0.341
1f7f2e0f41,main,books,clothing,svm,self_training,3,2000,target_only,0.9159995161572131,0.916,0,2000,0,1000,1.0,0.9198692936773777,budget_cv,0.143
1f7f2e0f41,main,books,clothing,svm,self_training,4,0,uda_self_training,0.8454304408001808,0.8464,2000,0,0,1000,1.0,0.8733189198415464,source_val_fallback,0.092
1f7f2e0f41,main,books,clothing,svm,self_training,4,50,transfer,0.8443476477189087,0.8452,2000,50,0,1000,0.1,0.8390795206971676,budget_cv,0.2
1f7f2e0f41,main,books,clothing,svm,self_training,4,50,target_only,0.6023589291831841,0.6464,0,50,0,1000,0.01,0.8337912087912088,budget_cv,0.046
1f7f2e0f41,main,books,clothing,svm,self_training,4,100,transfer,0.8617743936944122,0.862,2000,100,0,1000,10.0,0.8389024911325017,budget_cv,0.233
1f7f2e0f41,main,books,clothing,svm,self_training,4,100,target_only,0.8018930723756609,0.8052,0,100,0,1000,0.1,0.7957554319918367,budget_cv,0.048
1f7f2e0f41,main,books,clothing,svm,self_training,4,250,transfer,0.8807907684371077,0.8808,2000,250,0,1000,10.0,0.8592381909678561,budget_cv,0.33
1f7f2e0f41,main,books,clothing,svm,self_training,4,250,target_only,0.8497689349295949,0.8512,0,250,0,1000,10.0,0.8490891418153804,budget_cv,0.067
1f7f2e0f41,main,books,clothing,svm,self_training,4,500,transfer,0.8959946083604975,0.896,2000,500,0,1000,1.0,0.8798997594863831,budget_cv,0.233
1f7f2e0f41,main,books,clothing,svm,self_training,4,500,target_only,0.8815924219150025,0.8816,0,500,0,1000,0.1,0.865803829116644,budget_cv,0.06
1f7f2e0f41,main,books,clothing,svm,self_training,4,1000,transfer,0.9067999850879976,0.9068,2000,1000,0,1000,1.0,0.8948378969725853,budget_cv,0.262
1f7f2e0f41,main,books,clothing,svm,self_training,4,1000,target_only,0.9047978065414628,0.9048,0,1000,0,1000,1.0,0.8868045894126521,budget_cv,0.089
1f7f2e0f41,main,books,clothing,svm,self_training,4,2000,transfer,0.9143964936803811,0.9144,2000,2000,0,1000,1.0,0.9138516548930479,budget_cv,0.385
1f7f2e0f41,main,books,clothing,svm,self_training,4,2000,target_only,0.9159995161572131,0.916,0,2000,0,1000,1.0,0.9178816594980956,budget_cv,0.134
1f7f2e0f41,main,music,books,logreg,random,0,0,source_only,0.8428911263777317,0.8444,2000,0,0,0,10.0,0.8846108183027251,source_val_fallback,0.092
1f7f2e0f41,main,music,books,logreg,random,0,50,transfer,0.8456565656565657,0.8472,2000,50,0,0,10.0,0.8755178544652229,budget_cv,0.315
1f7f2e0f41,main,music,books,logreg,random,0,50,target_only,0.6437401552375219,0.6708,0,50,0,0,0.01,0.605130249867092,budget_cv,0.109
1f7f2e0f41,main,music,books,logreg,random,0,100,transfer,0.8557429768589169,0.8568,2000,100,0,0,10.0,0.8947835452713502,budget_cv,0.323
1f7f2e0f41,main,music,books,logreg,random,0,100,target_only,0.7514733379942983,0.7568,0,100,0,0,0.01,0.7705931495405179,budget_cv,0.125
1f7f2e0f41,main,music,books,logreg,random,0,250,transfer,0.8710105491671621,0.8716,2000,250,0,0,10.0,0.8721793764139366,budget_cv,0.331
1f7f2e0f41,main,music,books,logreg,random,0,250,target_only,0.837934391990814,0.8384,0,250,0,0,0.01,0.8141449796973053,budget_cv,0.128
1f7f2e0f41,main,music,books,logreg,random,0,500,transfer,0.8927110102203171,0.8928,2000,500,0,0,10.0,0.8876148959642508,budget_cv,0.373
1f7f2e0f41,main,music,books,logreg,random,0,500,target_only,0.8674608657183965,0.8676,0,500,0,0,1.0,0.8536271755265593,budget_cv,0.163
1f7f2e0f41,main,music,books,logreg,random,0,1000,transfer,0.8991715421760638,0.8992,2000,1000,0,0,10.0,0.8837019699598178,budget_cv,0.426
1f7f2e0f41,main,music,books,logreg,random,0,1000,target_only,0.8899732238837643,0.89,0,1000,0,0,10.0,0.8606459697281705,budget_cv,0.228
1f7f2e0f41,main,music,books,logreg,random,0,2000,transfer,0.9127776710837974,0.9128,2000,2000,0,0,10.0,0.8920404890534396,budget_cv,0.59
1f7f2e0f41,main,music,books,logreg,random,0,2000,target_only,0.9039800893113197,0.904,0,2000,0,0,10.0,0.8840208388411236,budget_cv,0.365
1f7f2e0f41,main,music,books,logreg,random,1,0,source_only,0.8428911263777317,0.8444,2000,0,0,0,10.0,0.8846108183027251,source_val_fallback,0.094
1f7f2e0f41,main,music,books,logreg,random,1,50,transfer,0.8487530231245738,0.85,2000,50,0,0,10.0,0.8953794743268428,budget_cv,0.324
1f7f2e0f41,main,music,books,logreg,random,1,50,target_only,0.7207803171804199,0.728,0,50,0,0,0.01,0.6601731601731601,budget_cv,0.106
1f7f2e0f41,main,music,books,logreg,random,1,100,transfer,0.8530500922845421,0.854,2000,100,0,0,10.0,0.8442737942417017,budget_cv,0.334
1f7f2e0f41,main,music,books,logreg,random,1,100,target_only,0.7346555133120141,0.7436,0,100,0,0,0.01,0.674773519163763,budget_cv,0.118
1f7f2e0f41,main,music,books,logreg,random,1,250,transfer,0.8773359091188966,0.8776,2000,250,0,0,10.0,0.8586077082140494,budget_cv,0.36
1f7f2e0f41,main,music,books,logreg,random,1,250,target_only,0.823430343912745,0.824,0,250,0,0,0.1,0.8128473948997895,budget_cv,0.145
1f7f2e0f41,main,music,books,logreg,random,1,500,transfer,0.8903842153270071,0.8904,2000,500,0,0,10.0,0.8735562644524341,budget_cv,0.39
1f7f2e0f41,main,music,books,logreg,random,1,500,target_only,0.8635732603590304,0.8636,0,500,0,0,10.0,0.8757708177526204,budget_cv,0.172
1f7f2e0f41,main,music,books,logreg,random,1,1000,transfer,0.8975958055241943,0.8976,2000,1000,0,0,10.0,0.8728495498599225,budget_cv,0.421
1f7f2e0f41,main,music,books,logreg,random,1,1000,target_only,0.8851990999609437,0.8852,0,1000,0,0,10.0,0.8679411544816501,budget_cv,0.212
1f7f2e0f41,main,music,books,logreg,random,1,2000,transfer,0.9127776710837974,0.9128,2000,2000,0,0,10.0,0.8924949146516615,budget_cv,0.504
1f7f2e0f41,main,music,books,logreg,random,1,2000,target_only,0.9039800893113197,0.904,0,2000,0,0,10.0,0.8864774489283794,budget_cv,0.3
1f7f2e0f41,main,music,books,logreg,random,2,0,source_only,0.8428911263777317,0.8444,2000,0,0,0,10.0,0.8846108183027251,source_val_fallback,0.092
1f7f2e0f41,main,music,books,logreg,random,2,50,transfer,0.8361337693581181,0.8384,2000,50,0,0,10.0,0.9380641145347027,budget_cv,0.318
1f7f2e0f41,main,music,books,logreg,random,2,50,target_only,0.6073941249029193,0.648,0,50,0,0,0.01,0.7097296494355317,budget_cv,0.108
1f7f2e0f41,main,music,books,logreg,random,2,100,transfer,0.8386588349449073,0.8408,2000,100,0,0,10.0,0.9293318421501784,budget_cv,0.325
1f7f2e0f41,main,music,books,logreg,random,2,100,target_only,0.7157329963050321,0.7288,0,100,0,0,1.0,0.7859815520082112,budget_cv,0.125
1f7f2e0f41,main,music,books,logreg,random,2,250,transfer,0.8724112319201098,0.8728,2000,250,0,0,10.0,0.9077378283717573,budget_cv,0.343
1f7f2e0f41,main,music,books,logreg,random,2,250,target_only,0.8321967835928021,0.8324,0,250,0,0,10.0,0.8039549578877954,budget_cv,0.155
1f7f2e0f41,main,music,books,logreg,random,2,500,transfer,0.8797320622776246,0.88,2000,500,0,0,10.0,0.8623587327407836,budget_cv,0.368
1f7f2e0f41,main,music,books,logreg,random,2,500,target_only,0.8475833148208054,0.8484,0,500,0,0,0.01,0.8531728725416495,budget_cv,0.153
1f7f2e0f41,main,music,books,logreg,random,2,1000,transfer,0.896699443105897,0.8968,2000,1000,0,0,10.0,0.8894700196692101,budget_cv,0.455
1f7f2e0f41,main,music,books,logreg,random,2,1000,target_only,0.8871010824844296,0.8872,0,1000,0,0,10.0,0.8613836256921124,budget_cv,0.199
1f7f2e0f41,main,music,books,logreg,random,2,2000,transfer,0.9127776710837974,0.9128,2000,2000,0,0,10.0,0.8895968899266187,budget_cv,0.511
1f7f2e0f41,main,music,books,logreg,random,2,2000,target_only,0.9039800893113197,0.904,0,2000,0,0,10.0,0.8885777371635056,budget_cv,0.287
1f7f2e0f41,main,music,books,logreg,random,3,0,source_only,0.8428911263777317,0.8444,2000,0,0,0,10.0,0.8846108183027251,source_val_fallback,0.094
1f7f2e0f41,main,music,books,logreg,random,3,50,transfer,0.8478556525458956,0.8492,2000,50,0,0,10.0,0.8979030501089325,budget_cv,0.331
1f7f2e0f41,main,music,books,logreg,random,3,50,target_only,0.705537103659615,0.7176,0,50,0,0,0.01,0.7304663173084226,budget_cv,0.104
1f7f2e0f41,main,music,books,logreg,random,3,100,transfer,0.8564805888589379,0.8572,2000,100,0,0,10.0,0.8488037842876551,budget_cv,0.326
1f7f2e0f41,main,music,books,logreg,random,3,100,target_only,0.7833398277888657,0.784,0,100,0,0,1.0,0.7044035409626807,budget_cv,0.129
1f7f2e0f41,main,music,books,logreg,random,3,250,transfer,0.8736636218128941,0.874,2000,250,0,0,10.0,0.8494479115187318,budget_cv,0.34
1f7f2e0f41,main,music,books,logreg,random,3,250,target_only,0.8312909520175438,0.8316,0,250,0,0,10.0,0.8223662442030785,budget_cv,0.142
1f7f2e0f41,main,music,books,logreg,random,3,500,transfer,0.8784764362200219,0.8788,2000,500,0,0,10.0,0.8538757127901643,budget_cv,0.386
1f7f2e0f41,main,music,books,logreg,random,3,500,target_only,0.8519154911806646,0.8524,0,500,0,0,10.0,0.8307978418903205,budget_cv,0.192
1f7f2e0f41,main,music,books,logreg,random,3,1000,transfer,0.9019208933157128,0.902,2000,1000,0,0,10.0,0.881076626647737,budget_cv,0.411
1f7f2e0f41,main,music,books,logreg,random,3,1000,target_only,0.8863207701239456,0.8864,0,1000,0,0,10.0,0.866528689095753,budget_cv,0.2
1f7f2e0f41,main,music,books,logreg,random,3,2000,transfer,0.9127776710837974,0.9128,2000,2000,0,0,10.0,0.8950937414311153,budget_cv,0.508
1f7f2e0f41,main,music,books,logreg,random,3,2000,target_only,0.9039800893113197,0.904,0,2000,0,0,10.0,0.8830624262701484,budget_cv,0.287
1f7f2e0f41,main,music,books,logreg,random,4,0,source_only,0.8428911263777317,0.8444,2000,0,0,0,10.0,0.8846108183027251,source_val_fallback,0.093
1f7f2e0f41,main,music,books,logreg,random,4,50,transfer,0.8046142495442228,0.8092,2000,50,0,0,1.0,0.9132256632256631,budget_cv,0.307
1f7f2e0f41,main,music,books,logreg,random,4,50,target_only,0.6401231017772802,0.6624,0,50,0,0,0.01,0.801948051948052,budget_cv,0.121
1f7f2e0f41,main,music,books,logreg,random,4,100,transfer,0.8533252613872787,0.8544,2000,100,0,0,10.0,0.8862398521278759,budget_cv,0.329
1f7f2e0f41,main,music,books,logreg,random,4,100,target_only,0.7503482322094309,0.7504,0,100,0,0,0.01,0.7746043795385901,budget_cv,0.125
1f7f2e0f41,main,music,books,logreg,random,4,250,transfer,0.8659333718650752,0.8668,2000,250,0,0,10.0,0.8813174331073111,budget_cv,0.337
1f7f2e0f41,main,music,books,logreg,random,4,250,target_only,0.806609547123623,0.8104,0,250,0,0,10.0,0.8015752035817082,budget_cv,0.134
1f7f2e0f41,main,music,books,logreg,random,4,500,transfer,0.8866363028212739,0.8868,2000,500,0,0,10.0,0.8852469954372216,budget_cv,0.349
1f7f2e0f41,main,music,books,logreg,random,4,500,target_only,0.8533160198143606,0.8536,0,500,0,0,1.0,0.8631776945057762,budget_cv,0.161
1f7f2e0f41,main,music,books,logreg,random,4,1000,transfer,0.8942806470793268,0.8944,2000,1000,0,0,10.0,0.9003615302953545,budget_cv,0.402
1f7f2e0f41,main,music,books,logreg,random,4,1000,target_only,0.881049246573137,0.8812,0,1000,0,0,10.0,0.8811669487682546,budget_cv,0.201
1f7f2e0f41,main,music,books,logreg,random,4,2000,transfer,0.9127776710837974,0.9128,2000,2000,0,0,10.0,0.8951378367433787,budget_cv,0.544
1f7f2e0f41,main,music,books,logreg,random,4,2000,target_only,0.9039800893113197,0.904,0,2000,0,0,10.0,0.8866149695992379,budget_cv,0.282
1f7f2e0f41,main,music,books,logreg,uncertainty,0,0,source_only,0.8428911263777317,0.8444,2000,0,0,0,10.0,0.8846108183027251,source_val_fallback,0.099
1f7f2e0f41,main,music,books,logreg,uncertainty,0,50,transfer,0.8590721632430972,0.8596,2000,50,0,0,10.0,0.8095259008302488,budget_cv,0.329
1f7f2e0f41,main,music,books,logreg,uncertainty,0,50,target_only,0.595133121743092,0.6148,0,50,0,0,0.01,0.587842190016103,budget_cv,0.112
1f7f2e0f41,main,music,books,logreg,uncertainty,0,100,transfer,0.8471172279279633,0.8484,2000,100,0,0,1.0,0.7104095152062632,budget_cv,0.303
1f7f2e0f41,main,music,books,logreg,uncertainty,0,100,target_only,0.5294948685478301,0.5784,0,100,0,0,0.01,0.5290170940170941,budget_cv,0.117
1f7f2e0f41,main,music,books,logreg,uncertainty,0,250,transfer,0.8831831783776865,0.8832,2000,250,0,0,10.0,0.6553057951121067,budget_cv,0.342
1f7f2e0f41,main,music,books,logreg,uncertainty,0,250,target_only,0.5753455920709443,0.5832,0,250,0,0,0.1,0.5551293557564134,budget_cv,0.139
1f7f2e0f41,main,music,books,logreg,uncertainty,0,500,transfer,0.8979992003137305,0.898,2000,500,0,0,10.0,0.6513642040130175,budget_cv,0.358
1f7f2e0f41,main,music,books,logreg,uncertainty,0,500,target_only,0.6693244165560006,0.67,0,500,0,0,1.0,0.6006893822922649,budget_cv,0.147
1f7f2e0f41,main,music,books,logreg,uncertainty,0,1000,transfer,0.9119796637815201,0.912,2000,1000,0,0,10.0,0.8089075424440891,budget_cv,0.425
1f7f2e0f41,main,music,books,logreg,uncertainty,0,1000,target_only,0.869957866348697,0.87,0,1000,0,0,10.0,0.727735397278643,budget_cv,0.196
1f7f2e0f41,main,music,books,logreg,uncertainty,0,2000,transfer,0.9127776710837974,0.9128,2000,2000,0,0,10.0,0.8930568606419458,budget_cv,0.498
1f7f2e0f41,main,music,books,logreg,uncertainty,0,2000,target_only,0.9039800893113197,0.904,0,2000,0,0,10.0,0.8840394432800166,budget_cv,0.277
1f7f2e0f41,main,music,books,logreg,uncertainty,1,0,source_only,0.8428911263777317,0.8444,2000,0,0,0,10.0,0.8846108183027251,source_val_fallback,0.093
1f7f2e0f41,main,music,books,logreg,uncertainty,1,50,transfer,0.8660810801274588,0.8664,2000,50,0,0,10.0,0.7932405758492714,budget_cv,0.328
1f7f2e0f41,main,music,books,logreg,uncertainty,1,50,target_only,0.5232794182689449,0.578,0,50,0,0,0.01,0.4830607663940997,budget_cv,0.124
1f7f2e0f41,main,music,books,logreg,uncertainty,1,100,transfer,0.8711999175679472,0.8712,2000,100,0,0,10.0,0.6897184514831572,budget_cv,0.324
1f7f2e0f41,main,music,books,logreg,uncertainty,1,100,target_only,0.43629266981170417,0.5384,0,100,0,0,0.01,0.43030303030303035,budget_cv,0.128
1f7f2e0f41,main,music,books,logreg,uncertainty,1,250,transfer,0.8819862348744357,0.882,2000,250,0,0,10.0,0.6091331259608376,budget_cv,0.352
1f7f2e0f41,main,music,books,logreg,uncertainty,1,250,target_only,0.56690068148157,0.5828,0,250,0,0,0.1,0.5453411407309271,budget_cv,0.139
1f7f2e0f41,main,music,books,logreg,uncertainty,1,500,transfer,0.895599181497583,0.8956,2000,500,0,0,10.0,0.6548880308568569,budget_cv,0.369
1f7f2e0f41,main,music,books,logreg,uncertainty,1,500,target_only,0.6943206458640181,0.6948,0,500,0,0,1.0,0.6097790865270102,budget_cv,0.159
1f7f2e0f41,main,music,books,logreg,uncertainty,1,1000,transfer,0.9119675477167903,0.912,2000,1000,0,0,10.0,0.8019177340330449,budget_cv,0.43
1f7f2e0f41,main,music,books,logreg,uncertainty,1,1000,target_only,0.866317780087465,0.8664,0,1000,0,0,10.0,0.7348321405468496,budget_cv,0.207
1f7f2e0f41,main,music,books,logreg,uncertainty,1,2000,transfer,0.9127776710837974,0.9128,2000,2000,0,0,10.0,0.88839829479874,budget_cv,0.517
1f7f2e0f41,main,music,books,logreg,uncertainty,1,2000,target_only,0.9039800893113197,0.904,0,2000,0,0,10.0,0.8814729989535515,budget_cv,0.288
1f7f2e0f41,main,music,books,logreg,uncertainty,2,0,source_only,0.8428911263777317,0.8444,2000,0,0,0,10.0,0.8846108183027251,source_val_fallback,0.1
1f7f2e0f41,main,music,books,logreg,uncertainty,2,50,transfer,0.8312016043638281,0.8336,2000,50,0,0,1.0,0.8795504012895318,budget_cv,0.304
1f7f2e0f41,main,music,books,logreg,uncertainty,2,50,target_only,0.6312399355877616,0.6336,0,50,0,0,0.01,0.7417748917748918,budget_cv,0.118
1f7f2e0f41,main,music,books,logreg,uncertainty,2,100,transfer,0.8504588501346835,0.8512,2000,100,0,0,1.0,0.7397993311036789,budget_cv,0.311
1f7f2e0f41,main,music,books,logreg,uncertainty,2,100,target_only,0.48610311715960025,0.556,0,100,0,0,0.01,0.5255053588386921,budget_cv,0.128
1f7f2e0f41,main,music,books,logreg,uncertainty,2,250,transfer,0.881198460332046,0.8812,2000,250,0,0,10.0,0.6457476773210171,budget_cv,0.358
1f7f2e0f41,main,music,books,logreg,uncertainty,2,250,target_only,0.6206446192166526,0.6336,0,250,0,0,1.0,0.5134247890995244,budget_cv,0.123
1f7f2e0f41,main,music,books,logreg,uncertainty,2,500,transfer,0.895199396348523,0.8952,2000,500,0,0,10.0,0.6879095586171348,budget_cv,0.346
1f7f2e0f41,main,music,books,logreg,uncertainty,2,500,target_only,0.7247147276340319,0.7248,0,500,0,0,10.0,0.5946276768098722,budget_cv,0.161
1f7f2e0f41,main,music,books,logreg,uncertainty,2,1000,transfer,0.9115762175394694,0.9116,2000,1000,0,0,10.0,0.8059821240591317,budget_cv,0.407
1f7f2e0f41,main,music,books,logreg,uncertainty,2,1000,target_only,0.8711732864926871,0.8712,0,1000,0,0,10.0,0.7179530585331618,budget_cv,0.186
1f7f2e0f41,main,music,books,logreg,uncertainty,2,2000,transfer,0.9127776710837974,0.9128,2000,2000,0,0,10.0,0.8981197832208547,budget_cv,0.495
1f7f2e0f41,main,music,books,logreg,uncertainty,2,2000,target_only,0.9039800893113197,0.904,0,2000,0,0,10.0,0.8816494601189792,budget_cv,0.26
1f7f2e0f41,main,music,books,logreg,uncertainty,3,0,source_only,0.8428911263777317,0.8444,2000,0,0,0,10.0,0.8846108183027251,source_val_fallback,0.092
1f7f2e0f41,main,music,books,logreg,uncertainty,3,50,transfer,0.8390046832647715,0.8408,2000,50,0,0,1.0,0.8621733821733821,budget_cv,0.306
1f7f2e0f41,main,music,books,logreg,uncertainty,3,50,target_only,0.6473287438176403,0.6544,0,50,0,0,0.01,0.6398086124401915,budget_cv,0.124
1f7f2e0f41,main,music,books,logreg,uncertainty,3,100,transfer,0.8743919610855095,0.8744,2000,100,0,0,10.0,0.7547363850355371,budget_cv,0.337
1f7f2e0f41,main,music,books,logreg,uncertainty,3,100,target_only,0.5091207624453948,0.566,0,100,0,0,0.01,0.5366485948246954,budget_cv,0.134
1f7f2e0f41,main,music,books,logreg,uncertainty,3,250,transfer,0.8875935074009875,0.8876,2000,250,0,0,10.0,0.6530457178862078,budget_cv,0.345
1f7f2e0f41,main,music,books,logreg,uncertainty,3,250,target_only,0.5902752167164469,0.5956,0,250,0,0,0.1,0.580888357188,budget_cv,0.148
1f7f2e0f41,main,music,books,logreg,uncertainty,3,500,transfer,0.8903595821563661,0.8904,2000,500,0,0,1.0,0.6404431081681897,budget_cv,0.341
1f7f2e0f41,main,music,books,logreg,uncertainty,3,500,target_only,0.7166335617603976,0.7176,0,500,0,0,10.0,0.5751116267135362,budget_cv,0.161
1f7f2e0f41,main,music,books,logreg,uncertainty,3,1000,transfer,0.9115687448571823,0.9116,2000,1000,0,0,10.0,0.7769272914113566,budget_cv,0.538
1f7f2e0f41,main,music,books,logreg,uncertainty,3,1000,target_only,0.8655372650663894,0.8656,0,1000,0,0,10.0,0.6998283655149867,budget_cv,0.207
1f7f2e0f41,main,music,books,logreg,uncertainty,3,2000,transfer,0.9127776710837974,0.9128,2000,2000,0,0,10.0,0.8926167562011029,budget_cv,0.544
1f7f2e0f41,main,music,books,logreg,uncertainty,3,2000,target_only,0.9039800893113197,0.904,0,2000,0,0,10.0,0.8890436058203527,budget_cv,0.283
1f7f2e0f41,main,music,books,logreg,uncertainty,4,0,source_only,0.8428911263777317,0.8444,2000,0,0,0,10.0,0.8846108183027251,source_val_fallback,0.09
1f7f2e0f41,main,music,books,logreg,uncertainty,4,50,transfer,0.8272928078548368,0.83,2000,50,0,0,1.0,0.8575466443887496,budget_cv,0.299
1f7f2e0f41,main,music,books,logreg,uncertainty,4,50,target_only,0.6727274183921583,0.6732,0,50,0,0,0.01,0.6370746943115364,budget_cv,0.107
1f7f2e0f41,main,music,books,logreg,uncertainty,4,100,transfer,0.8494556897376762,0.8504,2000,100,0,0,1.0,0.7389195825178216,budget_cv,0.304
1f7f2e0f41,main,music,books,logreg,uncertainty,4,100,target_only,0.5644340191903997,0.6064,0,100,0,0,0.01,0.4562466781584429,budget_cv,0.132
1f7f2e0f41,main,music,books,logreg,uncertainty,4,250,transfer,0.8799962366819823,0.88,2000,250,0,0,10.0,0.6722538597573419,budget_cv,0.337
1f7f2e0f41,main,music,books,logreg,uncertainty,4,250,target_only,0.5884642137415493,0.6168,0,250,0,0,0.01,0.4923396128588024,budget_cv,0.137
1f7f2e0f41,main,music,books,logreg,uncertainty,4,500,transfer,0.8971897189718971,0.8972,2000,500,0,0,10.0,0.6560768407591842,budget_cv,0.371
1f7f2e0f41,main,music,books,logreg,uncertainty,4,500,target_only,0.6697136788160476,0.672,0,500,0,0,1.0,0.6046132549477158,budget_cv,0.156
1f7f2e0f41,main,music,books,logreg,uncertainty,4,1000,transfer,0.912765106042417,0.9128,2000,1000,0,0,10.0,0.7936223218099987,budget_cv,0.473
1f7f2e0f41,main,music,books,logreg,uncertainty,4,1000,target_only,0.8719487795118047,0.872,0,1000,0,0,10.0,0.7114350660990155,budget_cv,0.206
1f7f2e0f41,main,music,books,logreg,uncertainty,4,2000,transfer,0.9127776710837974,0.9128,2000,2000,0,0,10.0,0.898552187402616,budget_cv,0.526
1f7f2e0f41,main,music,books,logreg,uncertainty,4,2000,target_only,0.9039800893113197,0.904,0,2000,0,0,10.0,0.8885409698712561,budget_cv,0.28
1f7f2e0f41,main,music,books,logreg,self_training,0,0,uda_self_training,0.8163109645089873,0.8204,2000,0,0,1000,10.0,0.8846108183027251,source_val_fallback,0.232
1f7f2e0f41,main,music,books,logreg,self_training,0,50,transfer,0.8215613067167591,0.8252,2000,50,0,1000,10.0,0.8755178544652229,budget_cv,0.48
1f7f2e0f41,main,music,books,logreg,self_training,0,50,target_only,0.417317923586399,0.5432,0,50,0,1000,0.01,0.605130249867092,budget_cv,0.148
1f7f2e0f41,main,music,books,logreg,self_training,0,100,transfer,0.8401592630384604,0.8424,2000,100,0,1000,10.0,0.8947835452713502,budget_cv,0.449
1f7f2e0f41,main,music,books,logreg,self_training,0,100,target_only,0.4997984723256872,0.5852,0,100,0,1000,0.01,0.7705931495405179,budget_cv,0.156
1f7f2e0f41,main,music,books,logreg,self_training,0,250,transfer,0.8694790441354194,0.8704,2000,250,0,1000,10.0,0.8721793764139366,budget_cv,0.464
1f7f2e0f41,main,music,books,logreg,self_training,0,250,target_only,0.6127922557000245,0.6584,0,250,0,1000,0.01,0.8141449796973053,budget_cv,0.16
1f7f2e0f41,main,music,books,logreg,self_training,0,500,transfer,0.8914561837852681,0.8916,2000,500,0,1000,10.0,0.8876148959642508,budget_cv,0.496
1f7f2e0f41,main,music,books,logreg,self_training,0,500,target_only,0.7986223168047728,0.8016,0,500,0,1000,1.0,0.8536271755265593,budget_cv,0.213
1f7f2e0f41,main,music,books,logreg,self_training,0,1000,transfer,0.9027656334854991,0.9028,2000,1000,0,1000,10.0,0.8837019699598178,budget_cv,0.586
1f7f2e0f41,main,music,books,logreg,self_training,0,1000,target_only,0.8891203618086654,0.8892,0,1000,0,1000,10.0,0.8606459697281705,budget_cv,0.285
1f7f2e0f41,main,music,books,logreg,self_training,0,2000,transfer,0.9091678963012687,0.9092,2000,2000,0,1000,10.0,0.8920404890534396,budget_cv,0.745
1f7f2e0f41,main,music,books,logreg,self_training,0,2000,target_only,0.9039674872324774,0.904,0,2000,0,1000,10.0,0.8840208388411236,budget_cv,0.418
1f7f2e0f41,main,music,books,logreg,self_training,1,0,uda_self_training,0.8163109645089873,0.8204,2000,0,0,1000,10.0,0.8846108183027251,source_val_fallback,0.242
1f7f2e0f41,main,music,books,logreg,self_training,1,50,transfer,0.8359421242798508,0.8384,2000,50,0,1000,10.0,0.8953794743268428,budget_cv,0.434
1f7f2e0f41,main,music,books,logreg,self_training,1,50,target_only,0.4220881367390252,0.5448,0,50,0,1000,0.01,0.6601731601731601,budget_cv,0.14
1f7f2e0f41,main,music,books,logreg,self_training,1,100,transfer,0.8470155898398926,0.8488,2000,100,0,1000,10.0,0.8442737942417017,budget_cv,0.543
1f7f2e0f41,main,music,books,logreg,self_training,1,100,target_only,0.41934752309374074,0.542,0,100,0,1000,0.01,0.674773519163763,budget_cv,0.174
1f7f2e0f41,main,music,books,logreg,self_training,1,250,transfer,0.8747729054805157,0.8752,2000,250,0,1000,10.0,0.8586077082140494,budget_cv,0.568
1f7f2e0f41,main,music,books,logreg,self_training,1,250,target_only,0.6117343227392398,0.6508,0,250,0,1000,0.1,0.8128473948997895,budget_cv,0.201
1f7f2e0f41,main,music,books,logreg,self_training,1,500,transfer,0.8891640891648894,0.8892,2000,500,0,1000,10.0,0.8735562644524341,budget_cv,0.495
1f7f2e0f41,main,music,books,logreg,self_training,1,500,target_only,0.8611695905871222,0.8612,0,500,0,1000,10.0,0.8757708177526204,budget_cv,0.239
1f7f2e0f41,main,music,books,logreg,self_training,1,1000,transfer,0.8955878213634838,0.8956,2000,1000,0,1000,10.0,0.8728495498599225,budget_cv,0.577
1f7f2e0f41,main,music,books,logreg,self_training,1,1000,target_only,0.8871927803379416,0.8872,0,1000,0,1000,10.0,0.8679411544816501,budget_cv,0.295
1f7f2e0f41,main,music,books,logreg,self_training,1,2000,transfer,0.9091678963012687,0.9092,2000,2000,0,1000,10.0,0.8924949146516615,budget_cv,0.709
1f7f2e0f41,main,music,books,logreg,self_training,1,2000,target_only,0.9039674872324774,0.904,0,2000,0,1000,10.0,0.8864774489283794,budget_cv,0.394
1f7f2e0f41,main,music,books,logreg,self_training,2,0,uda_self_training,0.8163109645089873,0.8204,2000,0,0,1000,10.0,0.8846108183027251,source_val_fallback,0.184
1f7f2e0f41,main,music,books,logreg,self_training,2,50,transfer,0.8043900784017717,0.8096,2000,50,0,1000,10.0,0.9380641145347027,budget_cv,0.39
1f7f2e0f41,main,music,books,logreg,self_training,2,50,target_only,0.39652663880217975,0.5328,0,50,0,1000,0.01,0.7097296494355317,budget_cv,0.125
1f7f2e0f41,main,music,books,logreg,self_training,2,100,transfer,0.81535641779332,0.8196,2000,100,0,1000,10.0,0.9293318421501784,budget_cv,0.395
1f7f2e0f41,main,music,books,logreg,self_training,2,100,target_only,0.6098402033452426,0.6488,0,100,0,1000,1.0,0.7859815520082112,budget_cv,0.163
1f7f2e0f41,main,music,books,logreg,self_training,2,250,transfer,0.8673722143342182,0.868,2000,250,0,1000,10.0,0.9077378283717573,budget_cv,0.412
1f7f2e0f41,main,music,books,logreg,self_training,2,250,target_only,0.8247313404804355,0.8256,0,250,0,1000,10.0,0.8039549578877954,budget_cv,0.185
1f7f2e0f41,main,music,books,logreg,self_training,2,500,transfer,0.8824967664553853,0.8828,2000,500,0,1000,10.0,0.8623587327407836,budget_cv,0.438
1f7f2e0f41,main,music,books,logreg,self_training,2,500,target_only,0.58778862092312,0.6384,0,500,0,1000,0.01,0.8531728725416495,budget_cv,0.155
1f7f2e0f41,main,music,books,logreg,self_training,2,1000,transfer,0.8922695340965723,0.8924,2000,1000,0,1000,10.0,0.8894700196692101,budget_cv,0.519
1f7f2e0f41,main,music,books,logreg,self_training,2,1000,target_only,0.8786462010493619,0.8788,0,1000,0,1000,10.0,0.8613836256921124,budget_cv,0.237
1f7f2e0f41,main,music,books,logreg,self_training,2,2000,transfer,0.9091678963012687,0.9092,2000,2000,0,1000,10.0,0.8895968899266187,budget_cv,0.66
1f7f2e0f41,main,music,books,logreg,self_training,2,2000,target_only,0.9039674872324774,0.904,0,2000,0,1000,10.0,0.8885777371635056,budget_cv,0.354
1f7f2e0f41,main,music,books,logreg,self_training,3,0,uda_self_training,0.8163109645089873,0.8204,2000,0,0,1000,10.0,0.8846108183027251,source_val_fallback,0.205
1f7f2e0f41,main,music,books,logreg,self_training,3,50,transfer,0.8292981702230499,0.8324,2000,50,0,1000,10.0,0.8979030501089325,budget_cv,0.428
1f7f2e0f41,main,music,books,logreg,self_training,3,50,target_only,0.3967469618688252,0.5332,0,50,0,1000,0.01,0.7304663173084226,budget_cv,0.133
1f7f2e0f41,main,music,books,logreg,self_training,3,100,transfer,0.8526305011418915,0.854,2000,100,0,1000,10.0,0.8488037842876551,budget_cv,0.435
1f7f2e0f41,main,music,books,logreg,self_training,3,100,target_only,0.7979253671022497,0.802,0,100,0,1000,1.0,0.7044035409626807,budget_cv,0.165
1f7f2e0f41,main,music,books,logreg,self_training,3,250,transfer,0.871868592927564,0.8724,2000,250,0,1000,10.0,0.8494479115187318,budget_cv,0.449
1f7f2e0f41,main,music,books,logreg,self_training,3,250,target_only,0.8443528319119697,0.8448,0,250,0,1000,10.0,0.8223662442030785,budget_cv,0.194
1f7f2e0f41,main,music,books,logreg,self_training,3,500,transfer,0.8783909070111857,0.8788,2000,500,0,1000,10.0,0.8538757127901643,budget_cv,0.476
1f7f2e0f41,main,music,books,logreg,self_training,3,500,target_only,0.838265823395935,0.8392,0,500,0,1000,10.0,0.8307978418903205,budget_cv,0.239
1f7f2e0f41,main,music,books,logreg,self_training,3,1000,transfer,0.8990749498258321,0.8992,2000,1000,0,1000,10.0,0.881076626647737,budget_cv,0.554
1f7f2e0f41,main,music,books,logreg,self_training,3,1000,target_only,0.884650507057146,0.8848,0,1000,0,1000,10.0,0.866528689095753,budget_cv,0.279
1f7f2e0f41,main,music,books,logreg,self_training,3,2000,transfer,0.9091678963012687,0.9092,2000,2000,0,1000,10.0,0.8950937414311153,budget_cv,0.698
1f7f2e0f41,main,music,books,logreg,self_training,3,2000,target_only,0.9039674872324774,0.904,0,2000,0,1000,10.0,0.8830624262701484,budget_cv,0.411
1f7f2e0f41,main,music,books,logreg,self_training,4,0,uda_self_training,0.8163109645089873,0.8204,2000,0,0,1000,10.0,0.8846108183027251,source_val_fallback,0.208
1f7f2e0f41,main,music,books,logreg,self_training,4,50,transfer,0.7216234544986075,0.7388,2000,50,0,1000,1.0,0.9132256632256631,budget_cv,0.378
1f7f2e0f41,main,music,books,logreg,self_training,4,50,target_only,0.41076360327220224,0.5396,0,50,0,1000,0.01,0.801948051948052,budget_cv,0.151
1f7f2e0f41,main,music,books,logreg,self_training,4,100,transfer,0.8473800621847305,0.8492,2000,100,0,1000,10.0,0.8862398521278759,budget_cv,0.456
1f7f2e0f41,main,music,books,logreg,self_training,4,100,target_only,0.5073354524490581,0.5908,0,100,0,1000,0.01,0.7746043795385901,budget_cv,0.153
1f7f2e0f41,main,music,books,logreg,self_training,4,250,transfer,0.8586535678101028,0.86,2000,250,0,1000,10.0,0.8813174331073111,budget_cv,0.463
1f7f2e0f41,main,music,books,logreg,self_training,4,250,target_only,0.7706798417073828,0.78,0,250,0,1000,10.0,0.8015752035817082,budget_cv,0.213
1f7f2e0f41,main,music,books,logreg,self_training,4,500,transfer,0.8849393000685233,0.8852,2000,500,0,1000,10.0,0.8852469954372216,budget_cv,0.492
1f7f2e0f41,main,music,books,logreg,self_training,4,500,target_only,0.7804690554576865,0.7852,0,500,0,1000,1.0,0.8631776945057762,budget_cv,0.223
1f7f2e0f41,main,music,books,logreg,self_training,4,1000,transfer,0.8942239209076999,0.8944,2000,1000,0,1000,10.0,0.9003615302953545,budget_cv,0.624
1f7f2e0f41,main,music,books,logreg,self_training,4,1000,target_only,0.8773449560077242,0.8776,0,1000,0,1000,10.0,0.8811669487682546,budget_cv,0.29
1f7f2e0f41,main,music,books,logreg,self_training,4,2000,transfer,0.9091678963012687,0.9092,2000,2000,0,1000,10.0,0.8951378367433787,budget_cv,0.725
1f7f2e0f41,main,music,books,logreg,self_training,4,2000,target_only,0.9039674872324774,0.904,0,2000,0,1000,10.0,0.8866149695992379,budget_cv,0.422
1f7f2e0f41,main,music,books,svm,random,0,0,source_only,0.8493596217263435,0.85,2000,0,0,0,10.0,0.885968324534593,source_val_fallback,0.045
1f7f2e0f41,main,music,books,svm,random,0,50,transfer,0.8488400347047157,0.85,2000,50,0,0,1.0,0.8755178544652229,budget_cv,0.147
1f7f2e0f41,main,music,books,svm,random,0,50,target_only,0.5871915624668239,0.6348,0,50,0,0,0.01,0.562687747035573,budget_cv,0.043
1f7f2e0f41,main,music,books,svm,random,0,100,transfer,0.8628516211740413,0.8632,2000,100,0,0,10.0,0.9167934820373844,budget_cv,0.167
1f7f2e0f41,main,music,books,svm,random,0,100,target_only,0.7025027277686853,0.7208,0,100,0,0,0.01,0.666229055525029,budget_cv,0.048
1f7f2e0f41,main,music,books,svm,random,0,250,transfer,0.8776537306947615,0.878,2000,250,0,0,1.0,0.8807599444082549,budget_cv,0.165
1f7f2e0f41,main,music,books,svm,random,0,250,target_only,0.827180641130749,0.8288,0,250,0,0,0.01,0.8107905828084858,budget_cv,0.048
1f7f2e0f41,main,music,books,svm,random,0,500,transfer,0.8899704064405163,0.89,2000,500,0,0,10.0,0.8939736350906674,budget_cv,0.182
1f7f2e0f41,main,music,books,svm,random,0,500,target_only,0.8762945237627411,0.8764,0,500,0,0,10.0,0.8596674853970424,budget_cv,0.062
1f7f2e0f41,main,music,books,svm,random,0,1000,transfer,0.9003732043770493,0.9004,2000,1000,0,0,1.0,0.8827531155472944,budget_cv,0.206
1f7f2e0f41,main,music,books,svm,random,0,1000,target_only,0.8863764390183948,0.8864,0,1000,0,0,1.0,0.8607492949445795,budget_cv,0.088
1f7f2e0f41,main,music,books,svm,random,0,2000,transfer,0.914767256989445,0.9148,2000,2000,0,0,1.0,0.8925756898964993,budget_cv,0.28
1f7f2e0f41,main,music,books,svm,random,0,2000,target_only,0.9011734196029364,0.9012,0,2000,0,0,10.0,0.8839891311434295,budget_cv,0.141
1f7f2e0f41,main,music,books,svm,random,1,0,source_only,0.8493596217263435,0.85,2000,0,0,0,10.0,0.885968324534593,source_val_fallback,0.046
1f7f2e0f41,main,music,books,svm,random,1,50,transfer,0.8535719434832757,0.8544,2000,50,0,0,1.0,0.9161364950838635,budget_cv,0.154
1f7f2e0f41,main,music,books,svm,random,1,50,target_only,0.6700434926328543,0.6916,0,50,0,0,0.01,0.6493741765480895,budget_cv,0.041
1f7f2e0f41,main,music,books,svm,random,1,100,transfer,0.8595844598671525,0.86,2000,100,0,0,10.0,0.844801819363223,budget_cv,0.165
1f7f2e0f41,main,music,books,svm,random,1,100,target_only,0.7530029192351496,0.7588,0,100,0,0,0.1,0.6647421082456472,budget_cv,0.042
1f7f2e0f41,main,music,books,svm,random,1,250,transfer,0.8735494197679072,0.8736,2000,250,0,0,10.0,0.8632325150056784,budget_cv,0.176
1f7f2e0f41,main,music,books,svm,random,1,250,target_only,0.8326612025078081,0.8328,0,250,0,0,10.0,0.8178806640640993,budget_cv,0.048
1f7f2e0f41,main,music,books,svm,random,1,500,transfer,0.8935956416774831,0.8936,2000,500,0,0,1.0,0.8858040033866795,budget_cv,0.172
1f7f2e0f41,main,music,books,svm,random,1,500,target_only,0.8627593987405233,0.8628,0,500,0,0,10.0,0.8757917471563509,budget_cv,0.056
1f7f2e0f41,main,music,books,svm,random,1,1000,transfer,0.9035999845759974,0.9036,2000,1000,0,0,1.0,0.8809560115774028,budget_cv,0.203
1f7f2e0f41,main,music,books,svm,random,1,1000,target_only,0.8819968091937206,0.882,0,1000,0,0,0.1,0.8679442108477938,budget_cv,0.082
1f7f2e0f41,main,music,books,svm,random,1,2000,transfer,0.914767256989445,0.9148,2000,2000,0,0,1.0,0.8930931428214528,budget_cv,0.275
1f7f2e0f41,main,music,books,svm,random,1,2000,target_only,0.9011734196029364,0.9012,0,2000,0,0,10.0,0.8899420773188268,budget_cv,0.144
1f7f2e0f41,main,music,books,svm,random,2,0,source_only,0.8493596217263435,0.85,2000,0,0,0,10.0,0.885968324534593,source_val_fallback,0.045
1f7f2e0f41,main,music,books,svm,random,2,50,transfer,0.8393677904663286,0.8412,2000,50,0,0,1.0,0.8958708202129255,budget_cv,0.146
1f7f2e0f41,main,music,books,svm,random,2,50,target_only,0.6246984372654365,0.6592,0,50,0,0,0.01,0.7097296494355317,budget_cv,0.039
1f7f2e0f41,main,music,books,svm,random,2,100,transfer,0.8443030023719326,0.846,2000,100,0,0,1.0,0.9293318421501784,budget_cv,0.145
1f7f2e0f41,main,music,books,svm,random,2,100,target_only,0.71327343336886,0.7268,0,100,0,0,0.1,0.7859815520082112,budget_cv,0.041
1f7f2e0f41,main,music,books,svm,random,2,250,transfer,0.8716843229038351,0.872,2000,250,0,0,1.0,0.888001058463643,budget_cv,0.163
1f7f2e0f41,main,music,books,svm,random,2,250,target_only,0.8330159434935563,0.8332,0,250,0,0,10.0,0.827914316084953,budget_cv,0.048
1f7f2e0f41,main,music,books,svm,random,2,500,transfer,0.8814025779874209,0.8816,2000,500,0,0,1.0,0.8588275961808159,budget_cv,0.178
1f7f2e0f41,main,music,books,svm,random,2,500,target_only,0.8518595599723086,0.8524,0,500,0,0,0.01,0.849439146690908,budget_cv,0.059
1f7f2e0f41,main,music,books,svm,random,2,1000,transfer,0.8939191918836094,0.894,2000,1000,0,0,1.0,0.8865464024813058,budget_cv,0.209
1f7f2e0f41,main,music,books,svm,random,2,1000,target_only,0.8858917523519512,0.886,0,1000,0,0,1.0,0.865312983685067,budget_cv,0.083
1f7f2e0f41,main,music,books,svm,random,2,2000,transfer,0.9083777027977529,0.9084,2000,2000,0,0,10.0,0.8901947341593205,budget_cv,0.283
1f7f2e0f41,main,music,books,svm,random,2,2000,target_only,0.9011734196029364,0.9012,0,2000,0,0,10.0,0.89163599596983,budget_cv,0.148
1f7f2e0f41,main,music,books,svm,random,3,0,source_only,0.8493596217263435,0.85,2000,0,0,0,10.0,0.885968324534593,source_val_fallback,0.043
1f7f2e0f41,main,music,books,svm,random,3,50,transfer,0.8542673107890499,0.8552,2000,50,0,0,1.0,0.8979030501089325,budget_cv,0.146
1f7f2e0f41,main,music,books,svm,random,3,50,target_only,0.6897915008472808,0.7076,0,50,0,0,0.01,0.6481115502854633,budget_cv,0.039
1f7f2e0f41,main,music,books,svm,random,3,100,transfer,0.8631522560775247,0.8636,2000,100,0,0,1.0,0.8392685036148534,budget_cv,0.149
1f7f2e0f41,main,music,books,svm,random,3,100,target_only,0.7746886244985516,0.7756,0,100,0,0,10.0,0.7140724264380177,budget_cv,0.04
1f7f2e0f41,main,music,books,svm,random,3,250,transfer,0.8754124409050361,0.8756,2000,250,0,0,1.0,0.8619993047940158,budget_cv,0.153
1f7f2e0f41,main,music,books,svm,random,3,250,target_only,0.8300828938999119,0.8304,0,250,0,0,1.0,0.8262593762426637,budget_cv,0.048
1f7f2e0f41,main,music,books,svm,random,3,500,transfer,0.8853780919860851,0.8856,2000,500,0,0,1.0,0.8499510009902539,budget_cv,0.179
1f7f2e0f41,main,music,books,svm,random,3,500,target_only,0.8426485397784491,0.8432,0,500,0,0,0.1,0.8308926129498646,budget_cv,0.054
1f7f2e0f41,main,music,books,svm,random,3,1000,transfer,0.9043392515983351,0.9044,2000,1000,0,0,1.0,0.8851707359154956,budget_cv,0.212
1f7f2e0f41,main,music,books,svm,random,3,1000,target_only,0.8843066864009836,0.8844,0,1000,0,0,1.0,0.870691312255885,budget_cv,0.081
1f7f2e0f41,main,music,books,svm,random,3,2000,transfer,0.914767256989445,0.9148,2000,2000,0,0,1.0,0.896648606915965,budget_cv,0.276
1f7f2e0f41,main,music,books,svm,random,3,2000,target_only,0.9035811018959716,0.9036,0,2000,0,0,1.0,0.885574960592259,budget_cv,0.146
1f7f2e0f41,main,music,books,svm,random,4,0,source_only,0.8493596217263435,0.85,2000,0,0,0,10.0,0.885968324534593,source_val_fallback,0.044
1f7f2e0f41,main,music,books,svm,random,4,50,transfer,0.8044158232765344,0.8092,2000,50,0,0,0.1,0.9132256632256631,budget_cv,0.143
1f7f2e0f41,main,music,books,svm,random,4,50,target_only,0.5329935591598127,0.602,0,50,0,0,0.01,0.7311447811447812,budget_cv,0.039
1f7f2e0f41,main,music,books,svm,random,4,100,transfer,0.8581205905848985,0.8588,2000,100,0,0,1.0,0.8756413614930877,budget_cv,0.148
1f7f2e0f41,main,music,books,svm,random,4,100,target_only,0.7391757955138236,0.744,0,100,0,0,0.01,0.7595886386208967,budget_cv,0.04
1f7f2e0f41,main,music,books,svm,random,4,250,transfer,0.8733937281423314,0.874,2000,250,0,0,1.0,0.8739103725667846,budget_cv,0.156
1f7f2e0f41,main,music,books,svm,random,4,250,target_only,0.8019616333126502,0.806,0,250,0,0,10.0,0.8099886651201699,budget_cv,0.05
1f7f2e0f41,main,music,books,svm,random,4,500,transfer,0.8899009108197378,0.89,2000,500,0,0,1.0,0.8874034114022011,budget_cv,0.169
1f7f2e0f41,main,music,books,svm,random,4,500,target_only,0.8598417669612286,0.86,0,500,0,0,1.0,0.8612661107592429,budget_cv,0.056
1f7f2e0f41,main,music,books,svm,random,4,1000,transfer,0.895495646132402,0.8956,2000,1000,0,0,1.0,0.9105200590894115,budget_cv,0.227
1f7f2e0f41,main,music,books,svm,random,4,1000,target_only,0.8748922148312392,0.8752,0,1000,0,0,0.1,0.8810057571670384,budget_cv,0.08
1f7f2e0f41,main,music,books,svm,random,4,2000,transfer,0.9083777027977529,0.9084,2000,2000,0,0,10.0,0.8951829093542468,budget_cv,0.289
1f7f2e0f41,main,music,books,svm,random,4,2000,target_only,0.9035811018959716,0.9036,0,2000,0,0,1.0,0.8890922744444217,budget_cv,0.143
1f7f2e0f41,main,music,books,svm,uncertainty,0,0,source_only,0.8493596217263435,0.85,2000,0,0,0,10.0,0.885968324534593,source_val_fallback,0.048
1f7f2e0f41,main,music,books,svm,uncertainty,0,50,transfer,0.8643987069574215,0.8648,2000,50,0,0,1.0,0.6881236453604874,budget_cv,0.15
1f7f2e0f41,main,music,books,svm,uncertainty,0,50,target_only,0.6323669576867985,0.6436,0,50,0,0,0.01,0.605026455026455,budget_cv,0.04
1f7f2e0f41,main,music,books,svm,uncertainty,0,100,transfer,0.8787495404087364,0.8788,2000,100,0,0,1.0,0.6278860028860029,budget_cv,0.15
1f7f2e0f41,main,music,books,svm,uncertainty,0,100,target_only,0.5746210697045125,0.6032,0,100,0,0,0.01,0.4754480841506918,budget_cv,0.042
1f7f2e0f41,main,music,books,svm,uncertainty,0,250,transfer,0.8883755497804239,0.8884,2000,250,0,0,1.0,0.6021478286238225,budget_cv,0.161
1f7f2e0f41,main,music,books,svm,uncertainty,0,250,target_only,0.6552014128332352,0.6556,0,250,0,0,0.1,0.5791065627844738,budget_cv,0.048
1f7f2e0f41,main,music,books,svm,uncertainty,0,500,transfer,0.8809567899601602,0.8812,2000,500,0,0,0.1,0.5977354954201676,budget_cv,0.177
1f7f2e0f41,main,music,books,svm,uncertainty,0,500,target_only,0.7077378040068065,0.7084,0,500,0,0,0.01,0.5280290256925938,budget_cv,0.058
1f7f2e0f41,main,music,books,svm,uncertainty,0,1000,transfer,0.9055651875507387,0.9056,2000,1000,0,0,10.0,0.7727175613815206,budget_cv,0.236
1f7f2e0f41,main,music,books,svm,uncertainty,0,1000,target_only,0.889920936813657,0.89,0,1000,0,0,10.0,0.689058402554318,budget_cv,0.091
1f7f2e0f41,main,music,books,svm,uncertainty,0,2000,transfer,0.914767256989445,0.9148,2000,2000,0,0,1.0,0.8926458549014749,budget_cv,0.275
1f7f2e0f41,main,music,books,svm,uncertainty,0,2000,target_only,0.9035811018959716,0.9036,0,2000,0,0,1.0,0.8865887489267174,budget_cv,0.142
1f7f2e0f41,main,music,books,svm,uncertainty,1,0,source_only,0.8493596217263435,0.85,2000,0,0,0,10.0,0.885968324534593,source_val_fallback,0.043
1f7f2e0f41,main,music,books,svm,uncertainty,1,50,transfer,0.8291229387802284,0.8316,2000,50,0,0,0.1,0.7371861025111799,budget_cv,0.148
1f7f2e0f41,main,music,books,svm,uncertainty,1,50,target_only,0.5551927044123282,0.6004,0,50,0,0,0.01,0.5312489442924225,budget_cv,0.04
1f7f2e0f41,main,music,books,svm,uncertainty,1,100,transfer,0.8506537180622372,0.8516,2000,100,0,0,0.1,0.6076328463188045,budget_cv,0.148
1f7f2e0f41,main,music,books,svm,uncertainty,1,100,target_only,0.4817398252959543,0.5596,0,100,0,0,0.01,0.3956481824036393,budget_cv,0.045
1f7f2e0f41,main,music,books,svm,uncertainty,1,250,transfer,0.8851946914025305,0.8852,2000,250,0,0,1.0,0.6231381298775394,budget_cv,0.167
1f7f2e0f41,main,music,books,svm,uncertainty,1,250,target_only,0.7206169034938738,0.7208,0,250,0,0,1.0,0.5298720154596619,budget_cv,0.049
1f7f2e0f41,main,music,books,svm,uncertainty,1,500,transfer,0.8800905568947448,0.8804,2000,500,0,0,0.1,0.6055047851305412,budget_cv,0.179
1f7f2e0f41,main,music,books,svm,uncertainty,1,500,target_only,0.7872544032718828,0.788,0,500,0,0,1.0,0.5486980908403281,budget_cv,0.06
1f7f2e0f41,main,music,books,svm,uncertainty,1,1000,transfer,0.905562224889956,0.9056,2000,1000,0,0,10.0,0.7746098629576844,budget_cv,0.239
1f7f2e0f41,main,music,books,svm,uncertainty,1,1000,target_only,0.8863158919495,0.8864,0,1000,0,0,10.0,0.707334954552192,budget_cv,0.088
1f7f2e0f41,main,music,books,svm,uncertainty,1,2000,transfer,0.914767256989445,0.9148,2000,2000,0,0,1.0,0.8952154372611965,budget_cv,0.273
1f7f2e0f41,main,music,books,svm,uncertainty,1,2000,target_only,0.9011734196029364,0.9012,0,2000,0,0,10.0,0.8920477425699795,budget_cv,0.153
1f7f2e0f41,main,music,books,svm,uncertainty,2,0,source_only,0.8493596217263435,0.85,2000,0,0,0,10.0,0.885968324534593,source_val_fallback,0.048
1f7f2e0f41,main,music,books,svm,uncertainty,2,50,transfer,0.8613962420302839,0.862,2000,50,0,0,1.0,0.7577075098814229,budget_cv,0.15
1f7f2e0f41,main,music,books,svm,uncertainty,2,50,target_only,0.6046491592483185,0.6204,0,50,0,0,0.1,0.6734473256212387,budget_cv,0.041
1f7f2e0f41,main,music,books,svm,uncertainty,2,100,transfer,0.8755832584832615,0.8756,2000,100,0,0,1.0,0.625827007131355,budget_cv,0.158
1f7f2e0f41,main,music,books,svm,uncertainty,2,100,target_only,0.4589595624360665,0.5492,0,100,0,0,0.01,0.4746648231942349,budget_cv,0.043
1f7f2e0f41,main,music,books,svm,uncertainty,2,250,transfer,0.890398246371942,0.8904,2000,250,0,0,1.0,0.6269162528836332,budget_cv,0.17
1f7f2e0f41,main,music,books,svm,uncertainty,2,250,target_only,0.6962608261319829,0.6976,0,250,0,0,0.1,0.5566840849618514,budget_cv,0.05
1f7f2e0f41,main,music,books,svm,uncertainty,2,500,transfer,0.8971636535217007,0.8972,2000,500,0,0,1.0,0.5807268782004651,budget_cv,0.189
1f7f2e0f41,main,music,books,svm,uncertainty,2,500,target_only,0.7887459189552526,0.7888,0,500,0,0,1.0,0.510975394687972,budget_cv,0.061
1f7f2e0f41,main,music,books,svm,uncertainty,2,1000,transfer,0.9103747041565011,0.9104,2000,1000,0,0,1.0,0.7706907587439121,budget_cv,0.238
1f7f2e0f41,main,music,books,svm,uncertainty,2,1000,target_only,0.886300380941766,0.8864,0,1000,0,0,10.0,0.683372978063303,budget_cv,0.087
1f7f2e0f41,main,music,books,svm,uncertainty,2,2000,transfer,0.914767256989445,0.9148,2000,2000,0,0,1.0,0.8922394748381105,budget_cv,0.278
1f7f2e0f41,main,music,books,svm,uncertainty,2,2000,target_only,0.9035811018959716,0.9036,0,2000,0,0,1.0,0.8880989536737882,budget_cv,0.138
1f7f2e0f41,main,music,books,svm,uncertainty,3,0,source_only,0.8493596217263435,0.85,2000,0,0,0,10.0,0.885968324534593,source_val_fallback,0.045
1f7f2e0f41,main,music,books,svm,uncertainty,3,50,transfer,0.8635472826324265,0.864,2000,50,0,0,1.0,0.7562795878585352,budget_cv,0.147
1f7f2e0f41,main,music,books,svm,uncertainty,3,50,target_only,0.6631784434203789,0.6632,0,50,0,0,1.0,0.7154761904761905,budget_cv,0.039
1f7f2e0f41,main,music,books,svm,uncertainty,3,100,transfer,0.8685266195115475,0.8688,2000,100,0,0,1.0,0.6514049310682438,budget_cv,0.15
1f7f2e0f41,main,music,books,svm,uncertainty,3,100,target_only,0.6693153934903069,0.6744,0,100,0,0,0.01,0.6634808010417766,budget_cv,0.041
1f7f2e0f41,main,music,books,svm,uncertainty,3,250,transfer,0.8843718607360287,0.8844,2000,250,0,0,10.0,0.6145524066576699,budget_cv,0.177
1f7f2e0f41,main,music,books,svm,uncertainty,3,250,target_only,0.6979786893763223,0.698,0,250,0,0,0.01,0.6065614928974457,budget_cv,0.049
1f7f2e0f41,main,music,books,svm,uncertainty,3,500,transfer,0.8987642192256431,0.8988,2000,500,0,0,1.0,0.6177103914506905,budget_cv,0.18
1f7f2e0f41,main,music,books,svm,uncertainty,3,500,target_only,0.7915354223492344,0.7924,0,500,0,0,10.0,0.5608655604795684,budget_cv,0.061
1f7f2e0f41,main,music,books,svm,uncertainty,3,1000,transfer,0.9107657197589025,0.9108,2000,1000,0,0,1.0,0.7767129901881695,budget_cv,0.223
1f7f2e0f41,main,music,books,svm,uncertainty,3,1000,target_only,0.8854996793991023,0.8856,0,1000,0,0,10.0,0.6991365842947728,budget_cv,0.092
1f7f2e0f41,main,music,books,svm,uncertainty,3,2000,transfer,0.9083777027977529,0.9084,2000,2000,0,0,10.0,0.8961337431366871,budget_cv,0.29
1f7f2e0f41,main,music,books,svm,uncertainty,3,2000,target_only,0.9011734196029364,0.9012,0,2000,0,0,10.0,0.887070806315331,budget_cv,0.147
1f7f2e0f41,main,music,books,svm,uncertainty,4,0,source_only,0.8493596217263435,0.85,2000,0,0,0,10.0,0.885968324534593,source_val_fallback,0.046
1f7f2e0f41,main,music,books,svm,uncertainty,4,50,transfer,0.8559503606552311,0.8568,2000,50,0,0,1.0,0.7555334414467542,budget_cv,0.173
1f7f2e0f41,main,music,books,svm,uncertainty,4,50,target_only,0.6313901679222569,0.6436,0,50,0,0,0.01,0.6323561703996486,budget_cv,0.049
1f7f2e0f41,main,music,books,svm,uncertainty,4,100,transfer,0.8697338610675154,0.87,2000,100,0,0,1.0,0.6584679222610258,budget_cv,0.176
1f7f2e0f41,main,music,books,svm,uncertainty,4,100,target_only,0.6673316830422746,0.6676,0,100,0,0,0.1,0.5975198412698414,budget_cv,0.043
1f7f2e0f41,main,music,books,svm,uncertainty,4,250,transfer,0.8819931839263035,0.882,2000,250,0,0,1.0,0.6155892868973714,budget_cv,0.163
1f7f2e0f41,main,music,books,svm,uncertainty,4,250,target_only,0.6768,0.6768,0,250,0,0,0.1,0.5811734666553624,budget_cv,0.049
1f7f2e0f41,main,music,books,svm,uncertainty,4,500,transfer,0.8951704128973361,0.8952,2000,500,0,0,1.0,0.6177545276122907,budget_cv,0.183
1f7f2e0f41,main,music,books,svm,uncertainty,4,500,target_only,0.7938802441807933,0.7948,0,500,0,0,10.0,0.5255651947621535,budget_cv,0.06
1f7f2e0f41,main,music,books,svm,uncertainty,4,1000,transfer,0.9091651048666856,0.9092,2000,1000,0,0,1.0,0.7856738210932429,budget_cv,0.219
1f7f2e0f41,main,music,books,svm,uncertainty,4,1000,target_only,0.884687750443792,0.8848,0,1000,0,0,10.0,0.691130874882918,budget_cv,0.091
1f7f2e0f41,main,music,books,svm,uncertainty,4,2000,transfer,0.914767256989445,0.9148,2000,2000,0,0,1.0,0.8936367481480025,budget_cv,0.278
1f7f2e0f41,main,music,books,svm,uncertainty,4,2000,target_only,0.9035811018959716,0.9036,0,2000,0,0,1.0,0.8875933061114453,budget_cv,0.139
1f7f2e0f41,main,music,books,svm,self_training,0,0,uda_self_training,0.8515872920110525,0.8524,2000,0,0,1000,10.0,0.885968324534593,source_val_fallback,0.089
1f7f2e0f41,main,music,books,svm,self_training,0,50,transfer,0.8483213664958644,0.85,2000,50,0,1000,1.0,0.8755178544652229,budget_cv,0.172
1f7f2e0f41,main,music,books,svm,self_training,0,50,target_only,0.4364091790562379,0.5536,0,50,0,1000,0.01,0.562687747035573,budget_cv,0.06
1f7f2e0f41,main,music,books,svm,self_training,0,100,transfer,0.8635963324423768,0.864,2000,100,0,1000,10.0,0.9167934820373844,budget_cv,0.204
1f7f2e0f41,main,music,books,svm,self_training,0,100,target_only,0.506944135180013,0.5908,0,100,0,1000,0.01,0.666229055525029,budget_cv,0.058
1f7f2e0f41,main,music,books,svm,self_training,0,250,transfer,0.8775169464340244,0.878,2000,250,0,1000,1.0,0.8807599444082549,budget_cv,0.193
1f7f2e0f41,main,music,books,svm,self_training,0,250,target_only,0.6212394488132169,0.664,0,250,0,1000,0.01,0.8107905828084858,budget_cv,0.058
1f7f2e0f41,main,music,books,svm,self_training,0,500,transfer,0.8907706216664034,0.8908,2000,500,0,1000,10.0,0.8939736350906674,budget_cv,0.235
1f7f2e0f41,main,music,books,svm,self_training,0,500,target_only,0.8790501382833386,0.8792,0,500,0,1000,10.0,0.8596674853970424,budget_cv,0.094
1f7f2e0f41,main,music,books,svm,self_training,0,1000,transfer,0.9031726714547914,0.9032,2000,1000,0,1000,1.0,0.8827531155472944,budget_cv,0.247
1f7f2e0f41,main,music,books,svm,self_training,0,1000,target_only,0.8939558686743074,0.894,0,1000,0,1000,1.0,0.8607492949445795,budget_cv,0.11
1f7f2e0f41,main,music,books,svm,self_training,0,2000,transfer,0.913157968456733,0.9132,2000,2000,0,1000,1.0,0.8925756898964993,budget_cv,0.326
1f7f2e0f41,main,music,books,svm,self_training,0,2000,target_only,0.901170762358336,0.9012,0,2000,0,1000,10.0,0.8839891311434295,budget_cv,0.214
1f7f2e0f41,main,music,books,svm,self_training,1,0,uda_self_training,0.8515872920110525,0.8524,2000,0,0,1000,10.0,0.885968324534593,source_val_fallback,0.097
1f7f2e0f41,main,music,books,svm,self_training,1,50,transfer,0.8556201043923106,0.8568,2000,50,0,1000,1.0,0.9161364950838635,budget_cv,0.177
1f7f2e0f41,main,music,books,svm,self_training,1,50,target_only,0.40826262619621356,0.5392,0,50,0,1000,0.01,0.6493741765480895,budget_cv,0.055
1f7f2e0f41,main,music,books,svm,self_training,1,100,transfer,0.858336499693156,0.8588,2000,100,0,1000,10.0,0.844801819363223,budget_cv,0.214
1f7f2e0f41,main,music,books,svm,self_training,1,100,target_only,0.6096498187543428,0.6552,0,100,0,1000,0.1,0.6647421082456472,budget_cv,0.058
1f7f2e0f41,main,music,books,svm,self_training,1,250,transfer,0.8747302297487609,0.8748,2000,250,0,1000,10.0,0.8632325150056784,budget_cv,0.222
1f7f2e0f41,main,music,books,svm,self_training,1,250,target_only,0.855003640129609,0.8552,0,250,0,1000,10.0,0.8178806640640993,budget_cv,0.071
1f7f2e0f41,main,music,books,svm,self_training,1,500,transfer,0.8931971120499098,0.8932,2000,500,0,1000,1.0,0.8858040033866795,budget_cv,0.211
1f7f2e0f41,main,music,books,svm,self_training,1,500,target_only,0.8747807462875492,0.8748,0,500,0,1000,10.0,0.8757917471563509,budget_cv,0.085
1f7f2e0f41,main,music,books,svm,self_training,1,1000,transfer,0.900798984181598,0.9008,2000,1000,0,1000,1.0,0.8809560115774028,budget_cv,0.249
1f7f2e0f41,main,music,books,svm,self_training,1,1000,target_only,0.8649432625443663,0.8652,0,1000,0,1000,0.1,0.8679442108477938,budget_cv,0.098
1f7f2e0f41,main,music,books,svm,self_training,1,2000,transfer,0.913157968456733,0.9132,2000,2000,0,1000,1.0,0.8930931428214528,budget_cv,0.322
1f7f2e0f41,main,music,books,svm,self_training,1,2000,target_only,0.901170762358336,0.9012,0,2000,0,1000,10.0,0.8899420773188268,budget_cv,0.212
1f7f2e0f41,main,music,books,svm,self_training,2,0,uda_self_training,0.8515872920110525,0.8524,2000,0,0,1000,10.0,0.885968324534593,source_val_fallback,0.088
1f7f2e0f41,main,music,books,svm,self_training,2,50,transfer,0.8350639431904971,0.8376,2000,50,0,1000,1.0,0.8958708202129255,budget_cv,0.176
1f7f2e0f41,main,music,books,svm,self_training,2,50,target_only,0.39555614118068244,0.5332,0,50,0,1000,0.01,0.7097296494355317,budget_cv,0.059
1f7f2e0f41,main,music,books,svm,self_training,2,100,transfer,0.8398899026222548,0.842,2000,100,0,1000,1.0,0.9293318421501784,budget_cv,0.181
1f7f2e0f41,main,music,books,svm,self_training,2,100,target_only,0.6169501768605912,0.6552,0,100,0,1000,0.1,0.7859815520082112,budget_cv,0.061
1f7f2e0f41,main,music,books,svm,self_training,2,250,transfer,0.8756319501680494,0.876,2000,250,0,1000,1.0,0.888001058463643,budget_cv,0.194
1f7f2e0f41,main,music,books,svm,self_training,2,250,target_only,0.8542110575305596,0.8544,0,250,0,1000,10.0,0.827914316084953,budget_cv,0.08
1f7f2e0f41,main,music,books,svm,self_training,2,500,transfer,0.8821718847689126,0.8824,2000,500,0,1000,1.0,0.8588275961808159,budget_cv,0.211
1f7f2e0f41,main,music,books,svm,self_training,2,500,target_only,0.6580280634804466,0.686,0,500,0,1000,0.01,0.849439146690908,budget_cv,0.069
1f7f2e0f41,main,music,books,svm,self_training,2,1000,transfer,0.8939045140626565,0.894,2000,1000,0,1000,1.0,0.8865464024813058,budget_cv,0.247
1f7f2e0f41,main,music,books,svm,self_training,2,1000,target_only,0.8866980282254029,0.8868,0,1000,0,1000,1.0,0.865312983685067,budget_cv,0.112
1f7f2e0f41,main,music,books,svm,self_training,2,2000,transfer,0.9083777027977529,0.9084,2000,2000,0,1000,10.0,0.8901947341593205,budget_cv,0.379
1f7f2e0f41,main,music,books,svm,self_training,2,2000,target_only,0.901170762358336,0.9012,0,2000,0,1000,10.0,0.89163599596983,budget_cv,0.204
1f7f2e0f41,main,music,books,svm,self_training,3,0,uda_self_training,0.8515872920110525,0.8524,2000,0,0,1000,10.0,0.885968324534593,source_val_fallback,0.089
1f7f2e0f41,main,music,books,svm,self_training,3,50,transfer,0.8523060592932257,0.8536,2000,50,0,1000,1.0,0.8979030501089325,budget_cv,0.171
1f7f2e0f41,main,music,books,svm,self_training,3,50,target_only,0.3924976260676465,0.532,0,50,0,1000,0.01,0.6481115502854633,budget_cv,0.051
1f7f2e0f41,main,music,books,svm,self_training,3,100,transfer,0.8641866888168266,0.8648,2000,100,0,1000,1.0,0.8392685036148534,budget_cv,0.175
1f7f2e0f41,main,music,books,svm,self_training,3,100,target_only,0.817449859158335,0.8188,0,100,0,1000,10.0,0.7140724264380177,budget_cv,0.059
1f7f2e0f41,main,music,books,svm,self_training,3,250,transfer,0.8757594703345677,0.876,2000,250,0,1000,1.0,0.8619993047940158,budget_cv,0.189
1f7f2e0f41,main,music,books,svm,self_training,3,250,target_only,0.848067230771525,0.8484,0,250,0,1000,1.0,0.8262593762426637,budget_cv,0.061
1f7f2e0f41,main,music,books,svm,self_training,3,500,transfer,0.8857582644876558,0.886,2000,500,0,1000,1.0,0.8499510009902539,budget_cv,0.209
1f7f2e0f41,main,music,books,svm,self_training,3,500,target_only,0.776052455380495,0.7808,0,500,0,1000,0.1,0.8308926129498646,budget_cv,0.07
1f7f2e0f41,main,music,books,svm,self_training,3,1000,transfer,0.9059364130151982,0.906,2000,1000,0,1000,1.0,0.8851707359154956,budget_cv,0.244
1f7f2e0f41,main,music,books,svm,self_training,3,1000,target_only,0.8895230019514401,0.8896,0,1000,0,1000,1.0,0.870691312255885,budget_cv,0.108
1f7f2e0f41,main,music,books,svm,self_training,3,2000,transfer,0.913157968456733,0.9132,2000,2000,0,1000,1.0,0.896648606915965,budget_cv,0.322
1f7f2e0f41,main,music,books,svm,self_training,3,2000,target_only,0.9063760322642597,0.9064,0,2000,0,1000,1.0,0.885574960592259,budget_cv,0.179
1f7f2e0f41,main,music,books,svm,self_training,4,0,uda_self_training,0.8515872920110525,0.8524,2000,0,0,1000,10.0,0.885968324534593,source_val_fallback,0.088
1f7f2e0f41,main,music,books,svm,self_training,4,50,transfer,0.7293496318390204,0.7452,2000,50,0,1000,0.1,0.9132256632256631,budget_cv,0.162
1f7f2e0f41,main,music,books,svm,self_training,4,50,target_only,0.4333433712507569,0.552,0,50,0,1000,0.01,0.7311447811447812,budget_cv,0.055
1f7f2e0f41,main,music,books,svm,self_training,4,100,transfer,0.8631415361251602,0.864,2000,100,0,1000,1.0,0.8756413614930877,budget_cv,0.184
1f7f2e0f41,main,music,books,svm,self_training,4,100,target_only,0.4297311009639777,0.5504,0,100,0,1000,0.01,0.7595886386208967,budget_cv,0.052
1f7f2e0f41,main,music,books,svm,self_training,4,250,transfer,0.8700414370664997,0.8708,2000,250,0,1000,1.0,0.8739103725667846,budget_cv,0.19
1f7f2e0f41,main,music,books,svm,self_training,4,250,target_only,0.781996987322938,0.79,0,250,0,1000,10.0,0.8099886651201699,budget_cv,0.07
1f7f2e0f41,main,music,books,svm,self_training,4,500,transfer,0.8906852457435717,0.8908,2000,500,0,1000,1.0,0.8874034114022011,budget_cv,0.208
1f7f2e0f41,main,music,books,svm,self_training,4,500,target_only,0.8680376630938165,0.8684,0,500,0,1000,1.0,0.8612661107592429,budget_cv,0.078
1f7f2e0f41,main,music,books,svm,self_training,4,1000,transfer,0.8963016275759836,0.8964,2000,1000,0,1000,1.0,0.9105200590894115,budget_cv,0.245
1f7f2e0f41,main,music,books,svm,self_training,4,1000,target_only,0.8517338119108031,0.8528,0,1000,0,1000,0.1,0.8810057571670384,budget_cv,0.094
1f7f2e0f41,main,music,books,svm,self_training,4,2000,transfer,0.9083777027977529,0.9084,2000,2000,0,1000,10.0,0.8951829093542468,budget_cv,0.37
1f7f2e0f41,main,music,books,svm,self_training,4,2000,target_only,0.9063760322642597,0.9064,0,2000,0,1000,1.0,0.8890922744444217,budget_cv,0.177
1f7f2e0f41,main,music,electronics,logreg,random,0,0,source_only,0.7838028544587072,0.7892,2000,0,0,0,10.0,0.8886305829755508,source_val_fallback,0.085
1f7f2e0f41,main,music,electronics,logreg,random,0,50,transfer,0.7908633422652114,0.7952,2000,50,0,0,10.0,0.8755778334725703,budget_cv,0.289
1f7f2e0f41,main,music,electronics,logreg,random,0,50,target_only,0.7198384773265971,0.7244,0,50,0,0,0.01,0.733406432748538,budget_cv,0.09
1f7f2e0f41,main,music,electronics,logreg,random,0,100,transfer,0.8115856128232644,0.814,2000,100,0,0,10.0,0.8392479360165118,budget_cv,0.291
1f7f2e0f41,main,music,electronics,logreg,random,0,100,target_only,0.7839861751152073,0.784,0,100,0,0,0.1,0.7376877310349141,budget_cv,0.094
1f7f2e0f41,main,music,electronics,logreg,random,0,250,transfer,0.8481590024151177,0.8492,2000,250,0,0,10.0,0.8298478196627436,budget_cv,0.298
1f7f2e0f41,main,music,electronics,logreg,random,0,250,target_only,0.8393581633534388,0.8396,0,250,0,0,10.0,0.8074602151586362,budget_cv,0.115
1f7f2e0f41,main,music,electronics,logreg,random,0,500,transfer,0.8776106844829128,0.878,2000,500,0,0,10.0,0.8627548654524618,budget_cv,0.315
1f7f2e0f41,main,music,electronics,logreg,random,0,500,target_only,0.8703395055997326,0.8704,0,500,0,0,10.0,0.8537216875429098,budget_cv,0.135
1f7f2e0f41,main,music,electronics,logreg,random,0,1000,transfer,0.8922754704438332,0.8924,2000,1000,0,0,10.0,0.8868353432462025,budget_cv,0.338
1f7f2e0f41,main,music,electronics,logreg,random,0,1000,target_only,0.8879838696772335,0.888,0,1000,0,0,1.0,0.8829886020113443,budget_cv,0.15
1f7f2e0f41,main,music,electronics,logreg,random,0,2000,transfer,0.9067749261841465,0.9068,2000,2000,0,0,10.0,0.89299452368157,budget_cv,0.404
1f7f2e0f41,main,music,electronics,logreg,random,0,2000,target_only,0.9031999380479603,0.9032,0,2000,0,0,10.0,0.8973731718257364,budget_cv,0.221
1f7f2e0f41,main,music,electronics,logreg,random,1,0,source_only,0.7838028544587072,0.7892,2000,0,0,0,10.0,0.8886305829755508,source_val_fallback,0.085
1f7f2e0f41,main,music,electronics,logreg,random,1,50,transfer,0.8091784050367807,0.812,2000,50,0,0,10.0,0.8402777777777777,budget_cv,0.288
1f7f2e0f41,main,music,electronics,logreg,random,1,50,target_only,0.7439739199157007,0.7512,0,50,0,0,0.01,0.7632499079867502,budget_cv,0.093
1f7f2e0f41,main,music,electronics,logreg,random,1,100,transfer,0.8242847662890445,0.826,2000,100,0,0,10.0,0.780147577929836,budget_cv,0.292
1f7f2e0f41,main,music,electronics,logreg,random,1,100,target_only,0.7839633913784175,0.7872,0,100,0,0,0.01,0.8125832518252626,budget_cv,0.103
1f7f2e0f41,main,music,electronics,logreg,random,1,250,transfer,0.8430128616454997,0.8444,2000,250,0,0,10.0,0.8163796027119309,budget_cv,0.299
1f7f2e0f41,main,music,electronics,logreg,random,1,250,target_only,0.8359495568552309,0.8364,0,250,0,0,0.1,0.8215714038125604,budget_cv,0.114
1f7f2e0f41,main,music,electronics,logreg,random,1,500,transfer,0.8694852707903538,0.87,2000,500,0,0,10.0,0.8604897629743934,budget_cv,0.314
1f7f2e0f41,main,music,electronics,logreg,random,1,500,target_only,0.8647618303790061,0.8648,0,500,0,0,1.0,0.8615079290328165,budget_cv,0.123
1f7f2e0f41,main,music,electronics,logreg,random,1,1000,transfer,0.8851073321698348,0.8852,2000,1000,0,0,10.0,0.8798497382926423,budget_cv,0.338
1f7f2e0f41,main,music,electronics,logreg,random,1,1000,target_only,0.883997327298421,0.884,0,1000,0,0,10.0,0.8799704868949316,budget_cv,0.157
1f7f2e0f41,main,music,electronics,logreg,random,1,2000,transfer,0.9067749261841465,0.9068,2000,2000,0,0,10.0,0.9009932942352226,budget_cv,0.405
1f7f2e0f41,main,music,electronics,logreg,random,1,2000,target_only,0.9031999380479603,0.9032,0,2000,0,0,10.0,0.8994361611078107,budget_cv,0.231
1f7f2e0f41,main,music,electronics,logreg,random,2,0,source_only,0.7838028544587072,0.7892,2000,0,0,0,10.0,0.8886305829755508,source_val_fallback,0.086
1f7f2e0f41,main,music,electronics,logreg,random,2,50,transfer,0.802100203479922,0.8048,2000,50,0,0,10.0,0.8179566563467492,budget_cv,0.291
1f7f2e0f41,main,music,electronics,logreg,random,2,50,target_only,0.7276749541162557,0.73,0,50,0,0,0.01,0.6953111946532999,budget_cv,0.098
1f7f2e0f41,main,music,electronics,logreg,random,2,100,transfer,0.8324845885821496,0.8336,2000,100,0,0,10.0,0.7993427308090659,budget_cv,0.291
1f7f2e0f41,main,music,electronics,logreg,random,2,100,target_only,0.785384948535069,0.7868,0,100,0,0,0.01,0.771975229204754,budget_cv,0.105
1f7f2e0f41,main,music,electronics,logreg,random,2,250,transfer,0.8551259954369104,0.8556,2000,250,0,0,10.0,0.8478942172398528,budget_cv,0.299
1f7f2e0f41,main,music,electronics,logreg,random,2,250,target_only,0.8427238783571249,0.8428,0,250,0,0,1.0,0.8172116266249919,budget_cv,0.114
1f7f2e0f41,main,music,electronics,logreg,random,2,500,transfer,0.8716635737587943,0.872,2000,500,0,0,10.0,0.8714285204566611,budget_cv,0.31
1f7f2e0f41,main,music,electronics,logreg,random,2,500,target_only,0.8703880549631454,0.8704,0,500,0,0,0.01,0.8579029821678924,budget_cv,0.123
1f7f2e0f41,main,music,electronics,logreg,random,2,1000,transfer,0.892705993283075,0.8928,2000,1000,0,0,10.0,0.8848509949587994,budget_cv,0.34
1f7f2e0f41,main,music,electronics,logreg,random,2,1000,target_only,0.896398657326599,0.8964,0,1000,0,0,10.0,0.8649034035093189,budget_cv,0.159
1f7f2e0f41,main,music,electronics,logreg,random,2,2000,transfer,0.9067749261841465,0.9068,2000,2000,0,0,10.0,0.9034914854629497,budget_cv,0.407
1f7f2e0f41,main,music,electronics,logreg,random,2,2000,target_only,0.9031999380479603,0.9032,0,2000,0,0,10.0,0.9034483902178202,budget_cv,0.223
1f7f2e0f41,main,music,electronics,logreg,random,3,0,source_only,0.7838028544587072,0.7892,2000,0,0,0,10.0,0.8886305829755508,source_val_fallback,0.087
1f7f2e0f41,main,music,electronics,logreg,random,3,50,transfer,0.8000089609019555,0.8036,2000,50,0,0,10.0,0.7552910052910052,budget_cv,0.297
1f7f2e0f41,main,music,electronics,logreg,random,3,50,target_only,0.6744186046511628,0.6808,0,50,0,0,1.0,0.7939153439153439,budget_cv,0.092
1f7f2e0f41,main,music,electronics,logreg,random,3,100,transfer,0.8187782687656927,0.8212,2000,100,0,0,10.0,0.8099524658348187,budget_cv,0.295
1f7f2e0f41,main,music,electronics,logreg,random,3,100,target_only,0.7751964031424503,0.7752,0,100,0,0,1.0,0.7350412387177094,budget_cv,0.103
1f7f2e0f41,main,music,electronics,logreg,random,3,250,transfer,0.8477048394083793,0.8488,2000,250,0,0,10.0,0.8639312636456763,budget_cv,0.3
1f7f2e0f41,main,music,electronics,logreg,random,3,250,target_only,0.8503194359331967,0.8504,0,250,0,0,0.01,0.8112686438755622,budget_cv,0.112
1f7f2e0f41,main,music,electronics,logreg,random,3,500,transfer,0.8660824375602327,0.8668,2000,500,0,0,10.0,0.8711599104002031,budget_cv,0.312
1f7f2e0f41,main,music,electronics,logreg,random,3,500,target_only,0.8668399351847396,0.8672,0,500,0,0,10.0,0.8593540681495716,budget_cv,0.136
1f7f2e0f41,main,music,electronics,logreg,random,3,1000,transfer,0.8958589680488905,0.896,2000,1000,0,0,10.0,0.8919406137286034,budget_cv,0.338
1f7f2e0f41,main,music,electronics,logreg,random,3,1000,target_only,0.8895688319071176,0.8896,0,1000,0,0,10.0,0.8889625599720471,budget_cv,0.156
1f7f2e0f41,main,music,electronics,logreg,random,3,2000,transfer,0.9067749261841465,0.9068,2000,2000,0,0,10.0,0.8944884575742259,budget_cv,0.404
1f7f2e0f41,main,music,electronics,logreg,random,3,2000,target_only,0.9031999380479603,0.9032,0,2000,0,0,10.0,0.8954482343021173,budget_cv,0.219
1f7f2e0f41,main,music,electronics,logreg,random,4,0,source_only,0.7838028544587072,0.7892,2000,0,0,0,10.0,0.8886305829755508,source_val_fallback,0.085
1f7f2e0f41,main,music,electronics,logreg,random,4,50,transfer,0.6985517657169978,0.718,2000,50,0,0,0.1,0.731576635924462,budget_cv,0.269
1f7f2e0f41,main,music,electronics,logreg,random,4,50,target_only,0.7499322967826016,0.7512,0,50,0,0,0.01,0.5878306878306878,budget_cv,0.091
1f7f2e0f41,main,music,electronics,logreg,random,4,100,transfer,0.8172258094703351,0.82,2000,100,0,0,10.0,0.8135531135531137,budget_cv,0.293
1f7f2e0f41,main,music,electronics,logreg,random,4,100,target_only,0.8122124828969215,0.8124,0,100,0,0,0.01,0.7324787201702385,budget_cv,0.092
1f7f2e0f41,main,music,electronics,logreg,random,4,250,transfer,0.8550282546317469,0.8556,2000,250,0,0,10.0,0.8586474630502607,budget_cv,0.3
1f7f2e0f41,main,music,electronics,logreg,random,4,250,target_only,0.8492270534430992,0.85,0,250,0,0,0.1,0.8668625257389303,budget_cv,0.11
1f7f2e0f41,main,music,electronics,logreg,random,4,500,transfer,0.8762701133141526,0.8764,2000,500,0,0,10.0,0.8638400033632125,budget_cv,0.306
1f7f2e0f41,main,music,electronics,logreg,random,4,500,target_only,0.8701753306201581,0.8704,0,500,0,0,10.0,0.8615376166275482,budget_cv,0.131
1f7f2e0f41,main,music,electronics,logreg,random,4,1000,transfer,0.897150220706822,0.8972,2000,1000,0,0,10.0,0.8789198513811572,budget_cv,0.339
1f7f2e0f41,main,music,electronics,logreg,random,4,1000,target_only,0.8871964624810634,0.8872,0,1000,0,0,10.0,0.8839069148352506,budget_cv,0.162
1f7f2e0f41,main,music,electronics,logreg,random,4,2000,transfer,0.9067749261841465,0.9068,2000,2000,0,0,10.0,0.8939909266672679,budget_cv,0.412
1f7f2e0f41,main,music,electronics,logreg,random,4,2000,target_only,0.9031999380479603,0.9032,0,2000,0,0,10.0,0.8964648985580043,budget_cv,0.226
1f7f2e0f41,main,music,electronics,logreg,uncertainty,0,0,source_only,0.7838028544587072,0.7892,2000,0,0,0,10.0,0.8886305829755508,source_val_fallback,0.085
1f7f2e0f41,main,music,electronics,logreg,uncertainty,0,50,transfer,0.798403420383879,0.8024,2000,50,0,0,10.0,0.8083638583638585,budget_cv,0.286
1f7f2e0f41,main,music,electronics,logreg,uncertainty,0,50,target_only,0.7252685109264523,0.726,0,50,0,0,0.01,0.7152948673846508,budget_cv,0.095
1f7f2e0f41,main,music,electronics,logreg,uncertainty,0,100,transfer,0.8309395446251978,0.832,2000,100,0,0,10.0,0.7497994372182503,budget_cv,0.29
1f7f2e0f41,main,music,electronics,logreg,uncertainty,0,100,target_only,0.6551664832140891,0.6792,0,100,0,0,0.01,0.6447104950441171,budget_cv,0.106
1f7f2e0f41,main,music,electronics,logreg,uncertainty,0,250,transfer,0.8711970323796261,0.8712,2000,250,0,0,10.0,0.6456466661385962,budget_cv,0.307
1f7f2e0f41,main,music,electronics,logreg,uncertainty,0,250,target_only,0.5861700852734386,0.6348,0,250,0,0,0.01,0.5946236573509812,budget_cv,0.11
1f7f2e0f41,main,music,electronics,logreg,uncertainty,0,500,transfer,0.893572754625184,0.8936,2000,500,0,0,10.0,0.7309707959929659,budget_cv,0.315
1f7f2e0f41,main,music,electronics,logreg,uncertainty,0,500,target_only,0.7639661168124438,0.7656,0,500,0,0,1.0,0.6710184473935805,budget_cv,0.133
1f7f2e0f41,main,music,electronics,logreg,uncertainty,0,1000,transfer,0.9047555627553592,0.9048,2000,1000,0,0,10.0,0.8079184214638125,budget_cv,0.342
1f7f2e0f41,main,music,electronics,logreg,uncertainty,0,1000,target_only,0.8739752991586351,0.874,0,1000,0,0,10.0,0.7638189720360438,budget_cv,0.165
1f7f2e0f41,main,music,electronics,logreg,uncertainty,0,2000,transfer,0.9067749261841465,0.9068,2000,2000,0,0,10.0,0.8979928952561856,budget_cv,0.411
1f7f2e0f41,main,music,electronics,logreg,uncertainty,0,2000,target_only,0.9031999380479603,0.9032,0,2000,0,0,10.0,0.8974169802400027,budget_cv,0.226
1f7f2e0f41,main,music,electronics,logreg,uncertainty,1,0,source_only,0.7838028544587072,0.7892,2000,0,0,0,10.0,0.8886305829755508,source_val_fallback,0.085
1f7f2e0f41,main,music,electronics,logreg,uncertainty,1,50,transfer,0.7809027267189043,0.7864,2000,50,0,0,1.0,0.8598753903101729,budget_cv,0.277
1f7f2e0f41,main,music,electronics,logreg,uncertainty,1,50,target_only,0.653446615299945,0.6776,0,50,0,0,0.01,0.7324033937077417,budget_cv,0.101
1f7f2e0f41,main,music,electronics,logreg,uncertainty,1,100,transfer,0.8381453042297973,0.8388,2000,100,0,0,10.0,0.7143975468975469,budget_cv,0.291
1f7f2e0f41,main,music,electronics,logreg,uncertainty,1,100,target_only,0.553696761208878,0.6144,0,100,0,0,0.01,0.5778536860297866,budget_cv,0.105
1f7f2e0f41,main,music,electronics,logreg,uncertainty,1,250,transfer,0.8695969955147766,0.8696,2000,250,0,0,10.0,0.6803826239134972,budget_cv,0.304
1f7f2e0f41,main,music,electronics,logreg,uncertainty,1,250,target_only,0.5838297101665386,0.6316,0,250,0,0,0.1,0.6109511832447212,budget_cv,0.11
1f7f2e0f41,main,music,electronics,logreg,uncertainty,1,500,transfer,0.8895657918996989,0.8896,2000,500,0,0,10.0,0.6963474281395126,budget_cv,0.31
1f7f2e0f41,main,music,electronics,logreg,uncertainty,1,500,target_only,0.7550706006985868,0.756,0,500,0,0,1.0,0.6825810043543646,budget_cv,0.13
1f7f2e0f41,main,music,electronics,logreg,uncertainty,1,1000,transfer,0.9063563095998068,0.9064,2000,1000,0,0,10.0,0.7879614073582459,budget_cv,0.342
1f7f2e0f41,main,music,electronics,logreg,uncertainty,1,1000,target_only,0.8779787390154861,0.878,0,1000,0,0,10.0,0.7469002103258952,budget_cv,0.165
1f7f2e0f41,main,music,electronics,logreg,uncertainty,1,2000,transfer,0.9067749261841465,0.9068,2000,2000,0,0,10.0,0.8929667543614151,budget_cv,0.406
1f7f2e0f41,main,music,electronics,logreg,uncertainty,1,2000,target_only,0.9031999380479603,0.9032,0,2000,0,0,10.0,0.8994405232609557,budget_cv,0.221
1f7f2e0f41,main,music,electronics,logreg,uncertainty,2,0,source_only,0.7838028544587072,0.7892,2000,0,0,0,10.0,0.8886305829755508,source_val_fallback,0.085
1f7f2e0f41,main,music,electronics,logreg,uncertainty,2,50,transfer,0.8069743146612882,0.81,2000,50,0,0,10.0,0.7859135902933856,budget_cv,0.289
1f7f2e0f41,main,music,electronics,logreg,uncertainty,2,50,target_only,0.7228282828282828,0.7256,0,50,0,0,0.01,0.7536576483944906,budget_cv,0.095
1f7f2e0f41,main,music,electronics,logreg,uncertainty,2,100,transfer,0.8384705588886517,0.8392,2000,100,0,0,10.0,0.753967146299079,budget_cv,0.294
1f7f2e0f41,main,music,electronics,logreg,uncertainty,2,100,target_only,0.5302525770540326,0.5988,0,100,0,0,0.01,0.5869708994708994,budget_cv,0.109
1f7f2e0f41,main,music,electronics,logreg,uncertainty,2,250,transfer,0.8671931152910968,0.8672,2000,250,0,0,10.0,0.666898908805468,budget_cv,0.301
1f7f2e0f41,main,music,electronics,logreg,uncertainty,2,250,target_only,0.5605850972092068,0.6164,0,250,0,0,0.01,0.5790975142348115,budget_cv,0.109
1f7f2e0f41,main,music,electronics,logreg,uncertainty,2,500,transfer,0.8851958670512139,0.8852,2000,500,0,0,10.0,0.7127193284622226,budget_cv,0.312
1f7f2e0f41,main,music,electronics,logreg,uncertainty,2,500,target_only,0.7541931752458069,0.7552,0,500,0,0,1.0,0.6696903994912659,budget_cv,0.131
1f7f2e0f41,main,music,electronics,logreg,uncertainty,2,1000,transfer,0.9039645975092259,0.904,2000,1000,0,0,10.0,0.7888958841837085,budget_cv,0.341
1f7f2e0f41,main,music,electronics,logreg,uncertainty,2,1000,target_only,0.8731852083226987,0.8732,0,1000,0,0,10.0,0.752085162087349,budget_cv,0.165
1f7f2e0f41,main,music,electronics,logreg,uncertainty,2,2000,transfer,0.9067749261841465,0.9068,2000,2000,0,0,10.0,0.8999829779019329,budget_cv,0.41
1f7f2e0f41,main,music,electronics,logreg,uncertainty,2,2000,target_only,0.9031999380479603,0.9032,0,2000,0,0,10.0,0.900958352155874,budget_cv,0.222
1f7f2e0f41,main,music,electronics,logreg,uncertainty,3,0,source_only,0.7838028544587072,0.7892,2000,0,0,0,10.0,0.8886305829755508,source_val_fallback,0.084
1f7f2e0f41,main,music,electronics,logreg,uncertainty,3,50,transfer,0.8150587951157392,0.8172,2000,50,0,0,10.0,0.6912457912457913,budget_cv,0.288
1f7f2e0f41,main,music,electronics,logreg,uncertainty,3,50,target_only,0.6159327008142226,0.6404,0,50,0,0,0.01,0.5709984459984461,budget_cv,0.107
1f7f2e0f41,main,music,electronics,logreg,uncertainty,3,100,transfer,0.8421574528283141,0.8424,2000,100,0,0,10.0,0.7086924513395102,budget_cv,0.293
1f7f2e0f41,main,music,electronics,logreg,uncertainty,3,100,target_only,0.495210233465267,0.5776,0,100,0,0,0.01,0.6055169489380016,budget_cv,0.111
1f7f2e0f41,main,music,electronics,logreg,uncertainty,3,250,transfer,0.86478537518618,0.8648,2000,250,0,0,10.0,0.6511875991202977,budget_cv,0.304
1f7f2e0f41,main,music,electronics,logreg,uncertainty,3,250,target_only,0.5357720773536356,0.5996,0,250,0,0,0.01,0.5872503350862733,budget_cv,0.109
1f7f2e0f41,main,music,electronics,logreg,uncertainty,3,500,transfer,0.8963971985802497,0.8964,2000,500,0,0,10.0,0.7164911573833329,budget_cv,0.314
1f7f2e0f41,main,music,electronics,logreg,uncertainty,3,500,target_only,0.7663885316007607,0.7688,0,500,0,0,10.0,0.6640552380541932,budget_cv,0.135
1f7f2e0f41,main,music,electronics,logreg,uncertainty,3,1000,transfer,0.9027595324070066,0.9028,2000,1000,0,0,10.0,0.779750207943129,budget_cv,0.35
1f7f2e0f41,main,music,electronics,logreg,uncertainty,3,1000,target_only,0.8739853016455839,0.874,0,1000,0,0,10.0,0.7325468433972625,budget_cv,0.164
1f7f2e0f41,main,music,electronics,logreg,uncertainty,3,2000,transfer,0.9067749261841465,0.9068,2000,2000,0,0,10.0,0.8999935528430189,budget_cv,0.401
1f7f2e0f41,main,music,electronics,logreg,uncertainty,3,2000,target_only,0.9031999380479603,0.9032,0,2000,0,0,10.0,0.9039586605167201,budget_cv,0.224
1f7f2e0f41,main,music,electronics,logreg,uncertainty,4,0,source_only,0.7838028544587072,0.7892,2000,0,0,0,10.0,0.8886305829755508,source_val_fallback,0.083
1f7f2e0f41,main,music,electronics,logreg,uncertainty,4,50,transfer,0.812361449396355,0.8148,2000,50,0,0,10.0,0.6633477633477634,budget_cv,0.29
1f7f2e0f41,main,music,electronics,logreg,uncertainty,4,50,target_only,0.5558386849836667,0.61,0,50,0,0,0.01,0.6078754578754578,budget_cv,0.101
1f7f2e0f41,main,music,electronics,logreg,uncertainty,4,100,transfer,0.8356842405518439,0.8364,2000,100,0,0,10.0,0.6761851407229559,budget_cv,0.292
1f7f2e0f41,main,music,electronics,logreg,uncertainty,4,100,target_only,0.5230116621538036,0.5932,0,100,0,0,0.01,0.537376802572881,budget_cv,0.11
1f7f2e0f41,main,music,electronics,logreg,uncertainty,4,250,transfer,0.8683315534747583,0.8684,2000,250,0,0,10.0,0.6377930964441229,budget_cv,0.307
1f7f2e0f41,main,music,electronics,logreg,uncertainty,4,250,target_only,0.533181078546644,0.5996,0,250,0,0,0.01,0.6094140408970076,budget_cv,0.114
1f7f2e0f41,main,music,electronics,logreg,uncertainty,4,500,transfer,0.8943780982424516,0.8944,2000,500,0,0,10.0,0.6897266999860793,budget_cv,0.316
1f7f2e0f41,main,music,electronics,logreg,uncertainty,4,500,target_only,0.7316988443018224,0.7332,0,500,0,0,0.1,0.6824147741997316,budget_cv,0.13
1f7f2e0f41,main,music,electronics,logreg,uncertainty,4,1000,transfer,0.9035566545027998,0.9036,2000,1000,0,0,10.0,0.7799464484797282,budget_cv,0.348
1f7f2e0f41,main,music,electronics,logreg,uncertainty,4,1000,target_only,0.877987798779878,0.878,0,1000,0,0,10.0,0.7410729235585533,budget_cv,0.164
1f7f2e0f41,main,music,electronics,logreg,uncertainty,4,2000,transfer,0.9067749261841465,0.9068,2000,2000,0,0,10.0,0.8949845586822259,budget_cv,0.405
1f7f2e0f41,main,music,electronics,logreg,uncertainty,4,2000,target_only,0.9031999380479603,0.9032,0,2000,0,0,10.0,0.8889351046438635,budget_cv,0.225
1f7f2e0f41,main,music,electronics,logreg,self_training,0,0,uda_self_training,0.7570911033573182,0.7672,2000,0,0,1000,10.0,0.8886305829755508,source_val_fallback,0.187
1f7f2e0f41,main,music,electronics,logreg,self_training,0,50,transfer,0.783505547453852,0.79,2000,50,0,1000,10.0,0.8755778334725703,budget_cv,0.387
1f7f2e0f41,main,music,electronics,logreg,self_training,0,50,target_only,0.6075214728962971,0.6512,0,50,0,1000,0.01,0.733406432748538,budget_cv,0.111
1f7f2e0f41,main,music,electronics,logreg,self_training,0,100,transfer,0.809355851387375,0.8132,2000,100,0,1000,10.0,0.8392479360165118,budget_cv,0.391
1f7f2e0f41,main,music,electronics,logreg,self_training,0,100,target_only,0.7692029270441905,0.7732,0,100,0,1000,0.1,0.7376877310349141,budget_cv,0.12
1f7f2e0f41,main,music,electronics,logreg,self_training,0,250,transfer,0.8465138612524081,0.848,2000,250,0,1000,10.0,0.8298478196627436,budget_cv,0.382
1f7f2e0f41,main,music,electronics,logreg,self_training,0,250,target_only,0.8489968572069302,0.8496,0,250,0,1000,10.0,0.8074602151586362,budget_cv,0.161
1f7f2e0f41,main,music,electronics,logreg,self_training,0,500,transfer,0.8779368239547056,0.8784,2000,500,0,1000,10.0,0.8627548654524618,budget_cv,0.417
1f7f2e0f41,main,music,electronics,logreg,self_training,0,500,target_only,0.873489156259148,0.8736,0,500,0,1000,10.0,0.8537216875429098,budget_cv,0.184
1f7f2e0f41,main,music,electronics,logreg,self_training,0,1000,transfer,0.8954847991650317,0.8956,2000,1000,0,1000,10.0,0.8868353432462025,budget_cv,0.443
1f7f2e0f41,main,music,electronics,logreg,self_training,0,1000,target_only,0.8791349455931161,0.8792,0,1000,0,1000,1.0,0.8829886020113443,budget_cv,0.195
1f7f2e0f41,main,music,electronics,logreg,self_training,0,2000,transfer,0.9047731231662824,0.9048,2000,2000,0,1000,10.0,0.89299452368157,budget_cv,0.552
1f7f2e0f41,main,music,electronics,logreg,self_training,0,2000,target_only,0.9007977143793393,0.9008,0,2000,0,1000,10.0,0.8973731718257364,budget_cv,0.297
1f7f2e0f41,main,music,electronics,logreg,self_training,1,0,uda_self_training,0.7570911033573182,0.7672,2000,0,0,1000,10.0,0.8886305829755508,source_val_fallback,0.185
1f7f2e0f41,main,music,electronics,logreg,self_training,1,50,transfer,0.7972616700122594,0.8024,2000,50,0,1000,10.0,0.8402777777777777,budget_cv,0.385
1f7f2e0f41,main,music,electronics,logreg,self_training,1,50,target_only,0.5626424651673649,0.622,0,50,0,1000,0.01,0.7632499079867502,budget_cv,0.11
1f7f2e0f41,main,music,electronics,logreg,self_training,1,100,transfer,0.8259769023888626,0.8284,2000,100,0,1000,10.0,0.780147577929836,budget_cv,0.393
1f7f2e0f41,main,music,electronics,logreg,self_training,1,100,target_only,0.6692373384660069,0.6948,0,100,0,1000,0.01,0.8125832518252626,budget_cv,0.12
1f7f2e0f41,main,music,electronics,logreg,self_training,1,250,transfer,0.8476644331120791,0.8492,2000,250,0,1000,10.0,0.8163796027119309,budget_cv,0.385
1f7f2e0f41,main,music,electronics,logreg,self_training,1,250,target_only,0.7855394555213724,0.7896,0,250,0,1000,0.1,0.8215714038125604,budget_cv,0.137
1f7f2e0f41,main,music,electronics,logreg,self_training,1,500,transfer,0.8731185406897597,0.8736,2000,500,0,1000,10.0,0.8604897629743934,budget_cv,0.422
1f7f2e0f41,main,music,electronics,logreg,self_training,1,500,target_only,0.8575206996335674,0.858,0,500,0,1000,1.0,0.8615079290328165,budget_cv,0.161
1f7f2e0f41,main,music,electronics,logreg,self_training,1,1000,transfer,0.8862776529501499,0.8864,2000,1000,0,1000,10.0,0.8798497382926423,budget_cv,0.446
1f7f2e0f41,main,music,electronics,logreg,self_training,1,1000,target_only,0.8835883588358836,0.8836,0,1000,0,1000,10.0,0.8799704868949316,budget_cv,0.217
1f7f2e0f41,main,music,electronics,logreg,self_training,1,2000,transfer,0.9047731231662824,0.9048,2000,2000,0,1000,10.0,0.9009932942352226,budget_cv,0.554
1f7f2e0f41,main,music,electronics,logreg,self_training,1,2000,target_only,0.9007977143793393,0.9008,0,2000,0,1000,10.0,0.8994361611078107,budget_cv,0.302
1f7f2e0f41,main,music,electronics,logreg,self_training,2,0,uda_self_training,0.7570911033573182,0.7672,2000,0,0,1000,10.0,0.8886305829755508,source_val_fallback,0.183
1f7f2e0f41,main,music,electronics,logreg,self_training,2,50,transfer,0.8092669003821034,0.8132,2000,50,0,1000,10.0,0.8179566563467492,budget_cv,0.378
1f7f2e0f41,main,music,electronics,logreg,self_training,2,50,target_only,0.5380762744180744,0.6052,0,50,0,1000,0.01,0.6953111946532999,budget_cv,0.118
1f7f2e0f41,main,music,electronics,logreg,self_training,2,100,transfer,0.8376790133985073,0.8392,2000,100,0,1000,10.0,0.7993427308090659,budget_cv,0.372
1f7f2e0f41,main,music,electronics,logreg,self_training,2,100,target_only,0.8192306810506136,0.8196,0,100,0,1000,0.01,0.771975229204754,budget_cv,0.12
1f7f2e0f41,main,music,electronics,logreg,self_training,2,250,transfer,0.8544951512317911,0.8552,2000,250,0,1000,10.0,0.8478942172398528,budget_cv,0.384
1f7f2e0f41,main,music,electronics,logreg,self_training,2,250,target_only,0.846399901695937,0.8464,0,250,0,1000,1.0,0.8172116266249919,budget_cv,0.15
1f7f2e0f41,main,music,electronics,logreg,self_training,2,500,transfer,0.8760055787056396,0.8764,2000,500,0,1000,10.0,0.8714285204566611,budget_cv,0.414
1f7f2e0f41,main,music,electronics,logreg,self_training,2,500,target_only,0.7967943578409091,0.8,0,500,0,1000,0.01,0.8579029821678924,budget_cv,0.141
1f7f2e0f41,main,music,electronics,logreg,self_training,2,1000,transfer,0.8926845457416908,0.8928,2000,1000,0,1000,10.0,0.8848509949587994,budget_cv,0.444
1f7f2e0f41,main,music,electronics,logreg,self_training,2,1000,target_only,0.8871912640914912,0.8872,0,1000,0,1000,10.0,0.8649034035093189,budget_cv,0.215
1f7f2e0f41,main,music,electronics,logreg,self_training,2,2000,transfer,0.9047731231662824,0.9048,2000,2000,0,1000,10.0,0.9034914854629497,budget_cv,0.592
1f7f2e0f41,main,music,electronics,logreg,self_training,2,2000,target_only,0.9007977143793393,0.9008,0,2000,0,1000,10.0,0.9034483902178202,budget_cv,0.298
1f7f2e0f41,main,music,electronics,logreg,self_training,3,0,uda_self_training,0.7570911033573182,0.7672,2000,0,0,1000,10.0,0.8886305829755508,source_val_fallback,0.185
1f7f2e0f41,main,music,electronics,logreg,self_training,3,50,transfer,0.7971013921308856,0.8024,2000,50,0,1000,10.0,0.7552910052910052,budget_cv,0.382
1f7f2e0f41,main,music,electronics,logreg,self_training,3,50,target_only,0.7213501906742716,0.7364,0,50,0,1000,1.0,0.7939153439153439,budget_cv,0.125
1f7f2e0f41,main,music,electronics,logreg,self_training,3,100,transfer,0.8152405274674933,0.8188,2000,100,0,1000,10.0,0.8099524658348187,budget_cv,0.378
1f7f2e0f41,main,music,electronics,logreg,self_training,3,100,target_only,0.7553308704387841,0.7584,0,100,0,1000,1.0,0.7350412387177094,budget_cv,0.139
1f7f2e0f41,main,music,electronics,logreg,self_training,3,250,transfer,0.8499074267741911,0.8512,2000,250,0,1000,10.0,0.8639312636456763,budget_cv,0.385
1f7f2e0f41,main,music,electronics,logreg,self_training,3,250,target_only,0.7905255607720396,0.7944,0,250,0,1000,0.01,0.8112686438755622,budget_cv,0.128
1f7f2e0f41,main,music,electronics,logreg,self_training,3,500,transfer,0.8672168128944868,0.868,2000,500,0,1000,10.0,0.8711599104002031,budget_cv,0.402
1f7f2e0f41,main,music,electronics,logreg,self_training,3,500,target_only,0.865891115792341,0.8664,0,500,0,1000,10.0,0.8593540681495716,budget_cv,0.185
1f7f2e0f41,main,music,electronics,logreg,self_training,3,1000,transfer,0.8958399434907657,0.896,2000,1000,0,1000,10.0,0.8919406137286034,budget_cv,0.454
1f7f2e0f41,main,music,electronics,logreg,self_training,3,1000,target_only,0.8839375305364359,0.884,0,1000,0,1000,10.0,0.8889625599720471,budget_cv,0.221
1f7f2e0f41,main,music,electronics,logreg,self_training,3,2000,transfer,0.9047731231662824,0.9048,2000,2000,0,1000,10.0,0.8944884575742259,budget_cv,0.554
1f7f2e0f41,main,music,electronics,logreg,self_training,3,2000,target_only,0.9007977143793393,0.9008,0,2000,0,1000,10.0,0.8954482343021173,budget_cv,0.299
1f7f2e0f41,main,music,electronics,logreg,self_training,4,0,uda_self_training,0.7570911033573182,0.7672,2000,0,0,1000,10.0,0.8886305829755508,source_val_fallback,0.183
1f7f2e0f41,main,music,electronics,logreg,self_training,4,50,transfer,0.6284248327911748,0.666,2000,50,0,1000,0.1,0.731576635924462,budget_cv,0.309
1f7f2e0f41,main,music,electronics,logreg,self_training,4,50,target_only,0.7763985958984831,0.7828,0,50,0,1000,0.01,0.5878306878306878,budget_cv,0.108
1f7f2e0f41,main,music,electronics,logreg,self_training,4,100,transfer,0.810334915837754,0.8144,2000,100,0,1000,10.0,0.8135531135531137,budget_cv,0.377
1f7f2e0f41,main,music,electronics,logreg,self_training,4,100,target_only,0.7227352858266822,0.7364,0,100,0,1000,0.01,0.7324787201702385,budget_cv,0.11
1f7f2e0f41,main,music,electronics,logreg,self_training,4,250,transfer,0.8585146221922388,0.8592,2000,250,0,1000,10.0,0.8586474630502607,budget_cv,0.383
1f7f2e0f41,main,music,electronics,logreg,self_training,4,250,target_only,0.8320260437158682,0.8336,0,250,0,1000,0.1,0.8668625257389303,budget_cv,0.13
1f7f2e0f41,main,music,electronics,logreg,self_training,4,500,transfer,0.8778235772455426,0.878,2000,500,0,1000,10.0,0.8638400033632125,budget_cv,0.413
1f7f2e0f41,main,music,electronics,logreg,self_training,4,500,target_only,0.8779409234069289,0.878,0,500,0,1000,10.0,0.8615376166275482,budget_cv,0.181
1f7f2e0f41,main,music,electronics,logreg,self_training,4,1000,transfer,0.8971427126052125,0.8972,2000,1000,0,1000,10.0,0.8789198513811572,budget_cv,0.447
1f7f2e0f41,main,music,electronics,logreg,self_training,4,1000,target_only,0.8839993318361514,0.884,0,1000,0,1000,10.0,0.8839069148352506,budget_cv,0.222
1f7f2e0f41,main,music,electronics,logreg,self_training,4,2000,transfer,0.9047731231662824,0.9048,2000,2000,0,1000,10.0,0.8939909266672679,budget_cv,0.553
1f7f2e0f41,main,music,electronics,logreg,self_training,4,2000,target_only,0.9007977143793393,0.9008,0,2000,0,1000,10.0,0.8964648985580043,budget_cv,0.305
1f7f2e0f41,main,music,electronics,svm,random,0,0,source_only,0.7965317310592972,0.7996,2000,0,0,0,10.0,0.889933030363808,source_val_fallback,0.041
1f7f2e0f41,main,music,electronics,svm,random,0,50,transfer,0.7995360948069845,0.8028,2000,50,0,0,1.0,0.8755778334725703,budget_cv,0.138
1f7f2e0f41,main,music,electronics,svm,random,0,50,target_only,0.725068186305373,0.7264,0,50,0,0,0.01,0.733406432748538,budget_cv,0.038
1f7f2e0f41,main,music,electronics,svm,random,0,100,transfer,0.8343791566007785,0.8352,2000,100,0,0,10.0,0.8595452069716775,budget_cv,0.15
1f7f2e0f41,main,music,electronics,svm,random,0,100,target_only,0.7851999656319946,0.7852,0,100,0,0,0.01,0.7376877310349141,budget_cv,0.04
1f7f2e0f41,main,music,electronics,svm,random,0,250,transfer,0.852802637776731,0.8536,2000,250,0,0,1.0,0.8428180965235711,budget_cv,0.153
1f7f2e0f41,main,music,electronics,svm,random,0,250,target_only,0.8357265438339276,0.836,0,250,0,0,1.0,0.8074602151586362,budget_cv,0.045
1f7f2e0f41,main,music,electronics,svm,random,0,500,transfer,0.8785154150707281,0.8788,2000,500,0,0,1.0,0.8650661362623014,budget_cv,0.163
1f7f2e0f41,main,music,electronics,svm,random,0,500,target_only,0.8683266632183461,0.8684,0,500,0,0,1.0,0.8537130767013767,budget_cv,0.052
1f7f2e0f41,main,music,electronics,svm,random,0,1000,transfer,0.8951224073618627,0.8952,2000,1000,0,0,1.0,0.8928889416451605,budget_cv,0.182
1f7f2e0f41,main,music,electronics,svm,random,0,1000,target_only,0.8871791326523755,0.8872,0,1000,0,0,0.1,0.8829886020113443,budget_cv,0.066
1f7f2e0f41,main,music,electronics,svm,random,0,2000,transfer,0.9063735748777735,0.9064,2000,2000,0,0,1.0,0.8954972113288323,budget_cv,0.226
1f7f2e0f41,main,music,electronics,svm,random,0,2000,target_only,0.9067992693062714,0.9068,0,2000,0,0,1.0,0.9013866435557102,budget_cv,0.106
1f7f2e0f41,main,music,electronics,svm,random,1,0,source_only,0.7965317310592972,0.7996,2000,0,0,0,10.0,0.889933030363808,source_val_fallback,0.042
1f7f2e0f41,main,music,electronics,svm,random,1,50,transfer,0.8138609194687882,0.816,2000,50,0,0,1.0,0.8610294117647058,budget_cv,0.136
1f7f2e0f41,main,music,electronics,svm,random,1,50,target_only,0.7015354437229437,0.7176,0,50,0,0,0.01,0.7319279754062363,budget_cv,0.037
1f7f2e0f41,main,music,electronics,svm,random,1,100,transfer,0.8293294450501997,0.8304,2000,100,0,0,1.0,0.7902155192477774,budget_cv,0.138
1f7f2e0f41,main,music,electronics,svm,random,1,100,target_only,0.7507492378869082,0.7584,0,100,0,0,0.01,0.7898269610195702,budget_cv,0.039
1f7f2e0f41,main,music,electronics,svm,random,1,250,transfer,0.8562963705119511,0.8568,2000,250,0,0,10.0,0.8175749524641409,budget_cv,0.152
1f7f2e0f41,main,music,electronics,svm,random,1,250,target_only,0.8359767149496677,0.8364,0,250,0,0,0.01,0.8215714038125604,budget_cv,0.043
1f7f2e0f41,main,music,electronics,svm,random,1,500,transfer,0.8782559329408048,0.8784,2000,500,0,0,10.0,0.8672503697992638,budget_cv,0.165
1f7f2e0f41,main,music,electronics,svm,random,1,500,target_only,0.8659351125944957,0.866,0,500,0,0,1.0,0.8632014018428432,budget_cv,0.051
1f7f2e0f41,main,music,electronics,svm,random,1,1000,transfer,0.8891295928566476,0.8892,2000,1000,0,0,1.0,0.8818695795221911,budget_cv,0.179
1f7f2e0f41,main,music,electronics,svm,random,1,1000,target_only,0.8819998300797554,0.882,0,1000,0,0,10.0,0.8839645167412044,budget_cv,0.07
1f7f2e0f41,main,music,electronics,svm,random,1,2000,transfer,0.9063735748777735,0.9064,2000,2000,0,0,1.0,0.9034928189319785,budget_cv,0.229
1f7f2e0f41,main,music,electronics,svm,random,1,2000,target_only,0.9051999848319976,0.9052,0,2000,0,0,10.0,0.9023859170182269,budget_cv,0.111
1f7f2e0f41,main,music,electronics,svm,random,2,0,source_only,0.7965317310592972,0.7996,2000,0,0,0,10.0,0.889933030363808,source_val_fallback,0.041
1f7f2e0f41,main,music,electronics,svm,random,2,50,transfer,0.8135098321491612,0.8152,2000,50,0,0,1.0,0.8390795206971676,budget_cv,0.135
1f7f2e0f41,main,music,electronics,svm,random,2,50,target_only,0.7138278388278388,0.7184,0,50,0,0,0.01,0.6281565656565656,budget_cv,0.038
1f7f2e0f41,main,music,electronics,svm,random,2,100,transfer,0.8434015333673284,0.8436,2000,100,0,0,10.0,0.839474503251593,budget_cv,0.144
1f7f2e0f41,main,music,electronics,svm,random,2,100,target_only,0.7332512925489079,0.7428,0,100,0,0,0.01,0.6369210526587896,budget_cv,0.039
1f7f2e0f41,main,music,electronics,svm,random,2,250,transfer,0.8589066160611729,0.8592,2000,250,0,0,1.0,0.8598376846622623,budget_cv,0.146
1f7f2e0f41,main,music,electronics,svm,random,2,250,target_only,0.8427345524113314,0.8428,0,250,0,0,0.1,0.8134159645245352,budget_cv,0.045
1f7f2e0f41,main,music,electronics,svm,random,2,500,transfer,0.8785858253959986,0.8788,2000,500,0,0,1.0,0.8715718069504499,budget_cv,0.153
1f7f2e0f41,main,music,electronics,svm,random,2,500,target_only,0.8655225409836066,0.8656,0,500,0,0,0.01,0.8557981198673401,budget_cv,0.051
1f7f2e0f41,main,music,electronics,svm,random,2,1000,transfer,0.8923440361237386,0.8924,2000,1000,0,0,10.0,0.8858368886460676,budget_cv,0.189
1f7f2e0f41,main,music,electronics,svm,random,2,1000,target_only,0.8891991313211896,0.8892,0,1000,0,0,10.0,0.8618264871227049,budget_cv,0.072
1f7f2e0f41,main,music,electronics,svm,random,2,2000,transfer,0.9063735748777735,0.9064,2000,2000,0,0,1.0,0.907995214433914,budget_cv,0.223
1f7f2e0f41,main,music,electronics,svm,random,2,2000,target_only,0.9051999848319976,0.9052,0,2000,0,0,10.0,0.9049261793986351,budget_cv,0.109
1f7f2e0f41,main,music,electronics,svm,random,3,0,source_only,0.7965317310592972,0.7996,2000,0,0,0,10.0,0.889933030363808,source_val_fallback,0.042
1f7f2e0f41,main,music,electronics,svm,random,3,50,transfer,0.8186004878152049,0.8204,2000,50,0,0,10.0,0.8381102013454954,budget_cv,0.146
1f7f2e0f41,main,music,electronics,svm,random,3,50,target_only,0.6755277484104121,0.6816,0,50,0,0,0.1,0.7939153439153439,budget_cv,0.039
1f7f2e0f41,main,music,electronics,svm,random,3,100,transfer,0.832282329541055,0.834,2000,100,0,0,1.0,0.8305063944769827,budget_cv,0.137
1f7f2e0f41,main,music,electronics,svm,random,3,100,target_only,0.7754085043071124,0.7756,0,100,0,0,1.0,0.7321130008818996,budget_cv,0.04
1f7f2e0f41,main,music,electronics,svm,random,3,250,transfer,0.8608060477084665,0.8612,2000,250,0,0,10.0,0.8635027259062396,budget_cv,0.16
1f7f2e0f41,main,music,electronics,svm,random,3,250,target_only,0.8491511249644885,0.8492,0,250,0,0,0.01,0.8068885660296831,budget_cv,0.043
1f7f2e0f41,main,music,electronics,svm,random,3,500,transfer,0.8764761897428395,0.8768,2000,500,0,0,10.0,0.8937239126508446,budget_cv,0.163
1f7f2e0f41,main,music,electronics,svm,random,3,500,target_only,0.8648174008004414,0.8652,0,500,0,0,10.0,0.8594378355133839,budget_cv,0.053
1f7f2e0f41,main,music,electronics,svm,random,3,1000,transfer,0.8962856819300506,0.8964,2000,1000,0,0,1.0,0.8949656620157804,budget_cv,0.182
1f7f2e0f41,main,music,electronics,svm,random,3,1000,target_only,0.8871650482453445,0.8872,0,1000,0,0,1.0,0.8889724161477686,budget_cv,0.068
1f7f2e0f41,main,music,electronics,svm,random,3,2000,transfer,0.9063735748777735,0.9064,2000,2000,0,0,1.0,0.896977890290282,budget_cv,0.225
1f7f2e0f41,main,music,electronics,svm,random,3,2000,target_only,0.9067992693062714,0.9068,0,2000,0,0,1.0,0.8944505793910881,budget_cv,0.107
1f7f2e0f41,main,music,electronics,svm,random,4,0,source_only,0.7965317310592972,0.7996,2000,0,0,0,10.0,0.889933030363808,source_val_fallback,0.043
1f7f2e0f41,main,music,electronics,svm,random,4,50,transfer,0.6946877032556582,0.7152,2000,50,0,0,0.01,0.731576635924462,budget_cv,0.131
1f7f2e0f41,main,music,electronics,svm,random,4,50,target_only,0.7292188035667007,0.7336,0,50,0,0,0.1,0.5324786324786325,budget_cv,0.037
1f7f2e0f41,main,music,electronics,svm,random,4,100,transfer,0.829906637284852,0.8312,2000,100,0,0,10.0,0.8142657300072494,budget_cv,0.146
1f7f2e0f41,main,music,electronics,svm,random,4,100,target_only,0.8102790718643622,0.8108,0,100,0,0,0.01,0.734783428748946,budget_cv,0.038
1f7f2e0f41,main,music,electronics,svm,random,4,250,transfer,0.862894550996492,0.8632,2000,250,0,0,1.0,0.8669755573844102,budget_cv,0.147
1f7f2e0f41,main,music,electronics,svm,random,4,250,target_only,0.8484053773708876,0.8492,0,250,0,0,0.01,0.8668625257389303,budget_cv,0.042
1f7f2e0f41,main,music,electronics,svm,random,4,500,transfer,0.8791393569637501,0.8792,2000,500,0,0,1.0,0.8619468098699001,budget_cv,0.156
1f7f2e0f41,main,music,electronics,svm,random,4,500,target_only,0.8701576830744608,0.8704,0,500,0,0,0.1,0.8594022086233917,budget_cv,0.049
1f7f2e0f41,main,music,electronics,svm,random,4,1000,transfer,0.9007603041216486,0.9008,2000,1000,0,0,1.0,0.877954932355795,budget_cv,0.179
1f7f2e0f41,main,music,electronics,svm,random,4,1000,target_only,0.8943993917404964,0.8944,0,1000,0,0,1.0,0.8869083606555304,budget_cv,0.066
1f7f2e0f41,main,music,electronics,svm,random,4,2000,transfer,0.9063735748777735,0.9064,2000,2000,0,0,1.0,0.8954915227122474,budget_cv,0.221
1f7f2e0f41,main,music,electronics,svm,random,4,2000,target_only,0.9067992693062714,0.9068,0,2000,0,0,1.0,0.8939395051197142,budget_cv,0.103
1f7f2e0f41,main,music,electronics,svm,uncertainty,0,0,source_only,0.7965317310592972,0.7996,2000,0,0,0,10.0,0.889933030363808,source_val_fallback,0.045
1f7f2e0f41,main,music,electronics,svm,uncertainty,0,50,transfer,0.8050017062350705,0.808,2000,50,0,0,1.0,0.7747424115845168,budget_cv,0.14
1f7f2e0f41,main,music,electronics,svm,uncertainty,0,50,target_only,0.6951929772461958,0.6952,0,50,0,0,10.0,0.6059957586273376,budget_cv,0.039
1f7f2e0f41,main,music,electronics,svm,uncertainty,0,100,transfer,0.8257762153560844,0.8272,2000,100,0,0,10.0,0.6538800705467372,budget_cv,0.155
1f7f2e0f41,main,music,electronics,svm,uncertainty,0,100,target_only,0.6873809070121951,0.6976,0,100,0,0,0.01,0.5277289342660868,budget_cv,0.04
1f7f2e0f41,main,music,electronics,svm,uncertainty,0,250,transfer,0.8751992811478594,0.8752,2000,250,0,0,1.0,0.6046405664052723,budget_cv,0.158
1f7f2e0f41,main,music,electronics,svm,uncertainty,0,250,target_only,0.6651347149373836,0.6864,0,250,0,0,0.01,0.5183468860888215,budget_cv,0.045
1f7f2e0f41,main,music,electronics,svm,uncertainty,0,500,transfer,0.8903660397844837,0.8904,2000,500,0,0,10.0,0.6479338903799992,budget_cv,0.187
1f7f2e0f41,main,music,electronics,svm,uncertainty,0,500,target_only,0.8100454993126371,0.8104,0,500,0,0,1.0,0.6222743170943174,budget_cv,0.055
1f7f2e0f41,main,music,electronics,svm,uncertainty,0,1000,transfer,0.9035788799178572,0.9036,2000,1000,0,0,10.0,0.7718159626369108,budget_cv,0.206
1f7f2e0f41,main,music,electronics,svm,uncertainty,0,1000,target_only,0.882799981247997,0.8828,0,1000,0,0,10.0,0.7177197356600212,budget_cv,0.078
1f7f2e0f41,main,music,electronics,svm,uncertainty,0,2000,transfer,0.9063735748777735,0.9064,2000,2000,0,0,1.0,0.8979838317703589,budget_cv,0.229
1f7f2e0f41,main,music,electronics,svm,uncertainty,0,2000,target_only,0.9067992693062714,0.9068,0,2000,0,0,1.0,0.894434167217753,budget_cv,0.107
1f7f2e0f41,main,music,electronics,svm,uncertainty,1,0,source_only,0.7965317310592972,0.7996,2000,0,0,0,10.0,0.889933030363808,source_val_fallback,0.043
1f7f2e0f41,main,music,electronics,svm,uncertainty,1,50,transfer,0.8197979797979797,0.8216,2000,50,0,0,1.0,0.8549737571796395,budget_cv,0.137
1f7f2e0f41,main,music,electronics,svm,uncertainty,1,50,target_only,0.6331057301511955,0.6656,0,50,0,0,0.01,0.5439458689458689,budget_cv,0.039
1f7f2e0f41,main,music,electronics,svm,uncertainty,1,100,transfer,0.8319996691685793,0.8336,2000,100,0,0,1.0,0.6658576376781791,budget_cv,0.14
1f7f2e0f41,main,music,electronics,svm,uncertainty,1,100,target_only,0.7180419987664031,0.7236,0,100,0,0,0.1,0.6974178612109646,budget_cv,0.04
1f7f2e0f41,main,music,electronics,svm,uncertainty,1,250,transfer,0.8739591627687371,0.874,2000,250,0,0,10.0,0.638304655358926,budget_cv,0.161
1f7f2e0f41,main,music,electronics,svm,uncertainty,1,250,target_only,0.7278350407774108,0.7332,0,250,0,0,0.1,0.6549176058084104,budget_cv,0.048
1f7f2e0f41,main,music,electronics,svm,uncertainty,1,500,transfer,0.8927461843254472,0.8928,2000,500,0,0,10.0,0.6250791437573576,budget_cv,0.173
1f7f2e0f41,main,music,electronics,svm,uncertainty,1,500,target_only,0.7983127420247096,0.7984,0,500,0,0,0.1,0.6293674210990914,budget_cv,0.053
1f7f2e0f41,main,music,electronics,svm,uncertainty,1,1000,transfer,0.9055651875507387,0.9056,2000,1000,0,0,1.0,0.7840404349410557,budget_cv,0.194
1f7f2e0f41,main,music,electronics,svm,uncertainty,1,1000,target_only,0.8823924731182795,0.8824,0,1000,0,0,10.0,0.7243668809643656,budget_cv,0.078
1f7f2e0f41,main,music,electronics,svm,uncertainty,1,2000,transfer,0.9063735748777735,0.9064,2000,2000,0,0,1.0,0.8939852450886887,budget_cv,0.227
1f7f2e0f41,main,music,electronics,svm,uncertainty,1,2000,target_only,0.9067992693062714,0.9068,0,2000,0,0,1.0,0.8954355307405099,budget_cv,0.107
1f7f2e0f41,main,music,electronics,svm,uncertainty,2,0,source_only,0.7965317310592972,0.7996,2000,0,0,0,10.0,0.889933030363808,source_val_fallback,0.043
1f7f2e0f41,main,music,electronics,svm,uncertainty,2,50,transfer,0.8155139152565389,0.8172,2000,50,0,0,10.0,0.6993853096794274,budget_cv,0.143
1f7f2e0f41,main,music,electronics,svm,uncertainty,2,50,target_only,0.7030542506551796,0.706,0,50,0,0,0.01,0.5393939393939394,budget_cv,0.039
1f7f2e0f41,main,music,electronics,svm,uncertainty,2,100,transfer,0.8427758688382416,0.8436,2000,100,0,0,1.0,0.6798783541136003,budget_cv,0.139
1f7f2e0f41,main,music,electronics,svm,uncertainty,2,100,target_only,0.6085021183789485,0.6496,0,100,0,0,0.01,0.4900865474394886,budget_cv,0.04
1f7f2e0f41,main,music,electronics,svm,uncertainty,2,250,transfer,0.877596161415622,0.8776,2000,250,0,0,10.0,0.6244016417327144,budget_cv,0.157
1f7f2e0f41,main,music,electronics,svm,uncertainty,2,250,target_only,0.6930162964013814,0.7064,0,250,0,0,0.1,0.5935128284585286,budget_cv,0.045
1f7f2e0f41,main,music,electronics,svm,uncertainty,2,500,transfer,0.8923908919650959,0.8924,2000,500,0,0,10.0,0.6066163734693091,budget_cv,0.174
1f7f2e0f41,main,music,electronics,svm,uncertainty,2,500,target_only,0.7767911170398383,0.7772,0,500,0,0,0.1,0.5938233903858675,budget_cv,0.052
1f7f2e0f41,main,music,electronics,svm,uncertainty,2,1000,transfer,0.9051792304586397,0.9052,2000,1000,0,0,10.0,0.7793532694491508,budget_cv,0.198
1f7f2e0f41,main,music,electronics,svm,uncertainty,2,1000,target_only,0.8855988285320042,0.8856,0,1000,0,0,10.0,0.7267041610109167,budget_cv,0.078
1f7f2e0f41,main,music,electronics,svm,uncertainty,2,2000,transfer,0.9063735748777735,0.9064,2000,2000,0,0,1.0,0.904463102189322,budget_cv,0.221
1f7f2e0f41,main,music,electronics,svm,uncertainty,2,2000,target_only,0.9067992693062714,0.9068,0,2000,0,0,1.0,0.8999318874626132,budget_cv,0.105
1f7f2e0f41,main,music,electronics,svm,uncertainty,3,0,source_only,0.7965317310592972,0.7996,2000,0,0,0,10.0,0.889933030363808,source_val_fallback,0.044
1f7f2e0f41,main,music,electronics,svm,uncertainty,3,50,transfer,0.8336842835986672,0.8344,2000,50,0,0,10.0,0.7128427128427127,budget_cv,0.148
1f7f2e0f41,main,music,electronics,svm,uncertainty,3,50,target_only,0.4570152452052384,0.5576,0,50,0,0,0.01,0.3977072310405643,budget_cv,0.039
1f7f2e0f41,main,music,electronics,svm,uncertainty,3,100,transfer,0.8476705490982337,0.8484,2000,100,0,0,1.0,0.6370680267231991,budget_cv,0.141
1f7f2e0f41,main,music,electronics,svm,uncertainty,3,100,target_only,0.5855169495337984,0.63,0,100,0,0,0.01,0.5191176470588235,budget_cv,0.039
1f7f2e0f41,main,music,electronics,svm,uncertainty,3,250,transfer,0.8751459831581536,0.8752,2000,250,0,0,10.0,0.6211848669517278,budget_cv,0.156
1f7f2e0f41,main,music,electronics,svm,uncertainty,3,250,target_only,0.6945443399107296,0.7028,0,250,0,0,0.1,0.6058755832703042,budget_cv,0.045
1f7f2e0f41,main,music,electronics,svm,uncertainty,3,500,transfer,0.8935639650159959,0.8936,2000,500,0,0,1.0,0.6204660773003428,budget_cv,0.17
1f7f2e0f41,main,music,electronics,svm,uncertainty,3,500,target_only,0.772961664236649,0.7732,0,500,0,0,0.1,0.5848273176406683,budget_cv,0.053
1f7f2e0f41,main,music,electronics,svm,uncertainty,3,1000,transfer,0.9047677581722068,0.9048,2000,1000,0,0,1.0,0.7835888377791171,budget_cv,0.193
1f7f2e0f41,main,music,electronics,svm,uncertainty,3,1000,target_only,0.8863912021346934,0.8864,0,1000,0,0,1.0,0.7436960966039248,budget_cv,0.075
1f7f2e0f41,main,music,electronics,svm,uncertainty,3,2000,transfer,0.9063735748777735,0.9064,2000,2000,0,0,1.0,0.8944836661671568,budget_cv,0.223
1f7f2e0f41,main,music,electronics,svm,uncertainty,3,2000,target_only,0.9051999848319976,0.9052,0,2000,0,0,10.0,0.9004403585051278,budget_cv,0.12
1f7f2e0f41,main,music,electronics,svm,uncertainty,4,0,source_only,0.7965317310592972,0.7996,2000,0,0,0,10.0,0.889933030363808,source_val_fallback,0.045
1f7f2e0f41,main,music,electronics,svm,uncertainty,4,50,transfer,0.8314714946070878,0.832,2000,50,0,0,10.0,0.678873465715571,budget_cv,0.15
1f7f2e0f41,main,music,electronics,svm,uncertainty,4,50,target_only,0.42112387868526824,0.5396,0,50,0,0,0.01,0.5560405643738977,budget_cv,0.039
1f7f2e0f41,main,music,electronics,svm,uncertainty,4,100,transfer,0.8511305434663596,0.8512,2000,100,0,0,10.0,0.6244227343561223,budget_cv,0.153
1f7f2e0f41,main,music,electronics,svm,uncertainty,4,100,target_only,0.49389972847863395,0.5752,0,100,0,0,0.01,0.4806180454765361,budget_cv,0.04
1f7f2e0f41,main,music,electronics,svm,uncertainty,4,250,transfer,0.8731658866968859,0.8732,2000,250,0,0,1.0,0.6249349044770818,budget_cv,0.157
1f7f2e0f41,main,music,electronics,svm,uncertainty,4,250,target_only,0.711992563540556,0.7212,0,250,0,0,0.1,0.5661518494345242,budget_cv,0.045
1f7f2e0f41,main,music,electronics,svm,uncertainty,4,500,transfer,0.8899505393704147,0.89,2000,500,0,0,10.0,0.6093053320289197,budget_cv,0.181
1f7f2e0f41,main,music,electronics,svm,uncertainty,4,500,target_only,0.8061706300768077,0.8064,0,500,0,0,1.0,0.6006360959615341,budget_cv,0.056
1f7f2e0f41,main,music,electronics,svm,uncertainty,4,1000,transfer,0.9043632601900347,0.9044,2000,1000,0,0,1.0,0.7780690326241002,budget_cv,0.192
1f7f2e0f41,main,music,electronics,svm,uncertainty,4,1000,target_only,0.888796512658637,0.8888,0,1000,0,0,1.0,0.7259760012692161,budget_cv,0.076
1f7f2e0f41,main,music,electronics,svm,uncertainty,4,2000,transfer,0.9063735748777735,0.9064,2000,2000,0,0,1.0,0.902488576789294,budget_cv,0.233
1f7f2e0f41,main,music,electronics,svm,uncertainty,4,2000,target_only,0.9051999848319976,0.9052,0,2000,0,0,10.0,0.9023982830880387,budget_cv,0.112
1f7f2e0f41,main,music,electronics,svm,self_training,0,0,uda_self_training,0.79547597761258,0.7996,2000,0,0,1000,10.0,0.889933030363808,source_val_fallback,0.088
1f7f2e0f41,main,music,electronics,svm,self_training,0,50,transfer,0.7956682987048312,0.8,2000,50,0,1000,1.0,0.8755778334725703,budget_cv,0.175
1f7f2e0f41,main,music,electronics,svm,self_training,0,50,target_only,0.6693964782882311,0.6948,0,50,0,1000,0.01,0.733406432748538,budget_cv,0.049
1f7f2e0f41,main,music,electronics,svm,self_training,0,100,transfer,0.8385977826152826,0.8396,2000,100,0,1000,10.0,0.8595452069716775,budget_cv,0.198
1f7f2e0f41,main,music,electronics,svm,self_training,0,100,target_only,0.7634491826637226,0.7688,0,100,0,1000,0.01,0.7376877310349141,budget_cv,0.049
1f7f2e0f41,main,music,electronics,svm,self_training,0,250,transfer,0.8567011378251677,0.8576,2000,250,0,1000,1.0,0.8428180965235711,budget_cv,0.178
1f7f2e0f41,main,music,electronics,svm,self_training,0,250,target_only,0.8556215204786435,0.856,0,250,0,1000,1.0,0.8074602151586362,budget_cv,0.058
1f7f2e0f41,main,music,electronics,svm,self_training,0,500,transfer,0.8776843473341043,0.878,2000,500,0,1000,1.0,0.8650661362623014,budget_cv,0.198
1f7f2e0f41,main,music,electronics,svm,self_training,0,500,target_only,0.8759027077228547,0.876,0,500,0,1000,1.0,0.8537130767013767,budget_cv,0.069
1f7f2e0f41,main,music,electronics,svm,self_training,0,1000,transfer,0.8951080979110657,0.8952,2000,1000,0,1000,1.0,0.8928889416451605,budget_cv,0.226
1f7f2e0f41,main,music,electronics,svm,self_training,0,1000,target_only,0.8827255260180424,0.8828,0,1000,0,1000,0.1,0.8829886020113443,budget_cv,0.08
1f7f2e0f41,main,music,electronics,svm,self_training,0,2000,transfer,0.9055651875507387,0.9056,2000,2000,0,1000,1.0,0.8954972113288323,budget_cv,0.267
1f7f2e0f41,main,music,electronics,svm,self_training,0,2000,target_only,0.905198771376077,0.9052,0,2000,0,1000,1.0,0.9013866435557102,budget_cv,0.149
1f7f2e0f41,main,music,electronics,svm,self_training,1,0,uda_self_training,0.79547597761258,0.7996,2000,0,0,1000,10.0,0.889933030363808,source_val_fallback,0.085
1f7f2e0f41,main,music,electronics,svm,self_training,1,50,transfer,0.8120825548182034,0.8152,2000,50,0,1000,1.0,0.8610294117647058,budget_cv,0.167
1f7f2e0f41,main,music,electronics,svm,self_training,1,50,target_only,0.459166690352797,0.5616,0,50,0,1000,0.01,0.7319279754062363,budget_cv,0.047
1f7f2e0f41,main,music,electronics,svm,self_training,1,100,transfer,0.8321038166677,0.8336,2000,100,0,1000,1.0,0.7902155192477774,budget_cv,0.17
1f7f2e0f41,main,music,electronics,svm,self_training,1,100,target_only,0.5408067827627318,0.6088,0,100,0,1000,0.01,0.7898269610195702,budget_cv,0.048
1f7f2e0f41,main,music,electronics,svm,self_training,1,250,transfer,0.858255132730215,0.8588,2000,250,0,1000,10.0,0.8175749524641409,budget_cv,0.205
1f7f2e0f41,main,music,electronics,svm,self_training,1,250,target_only,0.7818944153718533,0.786,0,250,0,1000,0.01,0.8215714038125604,budget_cv,0.053
1f7f2e0f41,main,music,electronics,svm,self_training,1,500,transfer,0.876243155525587,0.8764,2000,500,0,1000,10.0,0.8672503697992638,budget_cv,0.215
1f7f2e0f41,main,music,electronics,svm,self_training,1,500,target_only,0.8715021154514663,0.8716,0,500,0,1000,1.0,0.8632014018428432,budget_cv,0.069
1f7f2e0f41,main,music,electronics,svm,self_training,1,1000,transfer,0.8911045901977477,0.8912,2000,1000,0,1000,1.0,0.8818695795221911,budget_cv,0.217
1f7f2e0f41,main,music,electronics,svm,self_training,1,1000,target_only,0.8827990811447961,0.8828,0,1000,0,1000,10.0,0.8839645167412044,budget_cv,0.134
1f7f2e0f41,main,music,electronics,svm,self_training,1,2000,transfer,0.9055651875507387,0.9056,2000,2000,0,1000,1.0,0.9034928189319785,budget_cv,0.269
1f7f2e0f41,main,music,electronics,svm,self_training,1,2000,target_only,0.904799939071961,0.9048,0,2000,0,1000,10.0,0.9023859170182269,budget_cv,0.143
1f7f2e0f41,main,music,electronics,svm,self_training,2,0,uda_self_training,0.79547597761258,0.7996,2000,0,0,1000,10.0,0.889933030363808,source_val_fallback,0.084
1f7f2e0f41,main,music,electronics,svm,self_training,2,50,transfer,0.8157107330718536,0.8184,2000,50,0,1000,1.0,0.8390795206971676,budget_cv,0.165
1f7f2e0f41,main,music,electronics,svm,self_training,2,50,target_only,0.7536920352564414,0.756,0,50,0,1000,0.01,0.6281565656565656,budget_cv,0.046
1f7f2e0f41,main,music,electronics,svm,self_training,2,100,transfer,0.8505158365847141,0.8508,2000,100,0,1000,10.0,0.839474503251593,budget_cv,0.192
1f7f2e0f41,main,music,electronics,svm,self_training,2,100,target_only,0.6332159624413145,0.6704,0,100,0,1000,0.01,0.6369210526587896,budget_cv,0.047
1f7f2e0f41,main,music,electronics,svm,self_training,2,250,transfer,0.862445020116714,0.8628,2000,250,0,1000,1.0,0.8598376846622623,budget_cv,0.176
1f7f2e0f41,main,music,electronics,svm,self_training,2,250,target_only,0.8463901689708142,0.8464,0,250,0,1000,0.1,0.8134159645245352,budget_cv,0.052
1f7f2e0f41,main,music,electronics,svm,self_training,2,500,transfer,0.8793621794260333,0.8796,2000,500,0,1000,1.0,0.8715718069504499,budget_cv,0.198
1f7f2e0f41,main,music,electronics,svm,self_training,2,500,target_only,0.8113000953703895,0.8136,0,500,0,1000,0.01,0.8557981198673401,budget_cv,0.062
1f7f2e0f41,main,music,electronics,svm,self_training,2,1000,transfer,0.8931404835237033,0.8932,2000,1000,0,1000,10.0,0.8858368886460676,budget_cv,0.244
1f7f2e0f41,main,music,electronics,svm,self_training,2,1000,target_only,0.88999955999824,0.89,0,1000,0,1000,10.0,0.8618264871227049,budget_cv,0.09
1f7f2e0f41,main,music,electronics,svm,self_training,2,2000,transfer,0.9055651875507387,0.9056,2000,2000,0,1000,1.0,0.907995214433914,budget_cv,0.277
1f7f2e0f41,main,music,electronics,svm,self_training,2,2000,target_only,0.904799939071961,0.9048,0,2000,0,1000,10.0,0.9049261793986351,budget_cv,0.147
1f7f2e0f41,main,music,electronics,svm,self_training,3,0,uda_self_training,0.79547597761258,0.7996,2000,0,0,1000,10.0,0.889933030363808,source_val_fallback,0.085
1f7f2e0f41,main,music,electronics,svm,self_training,3,50,transfer,0.8178757021903482,0.82,2000,50,0,1000,10.0,0.8381102013454954,budget_cv,0.186
1f7f2e0f41,main,music,electronics,svm,self_training,3,50,target_only,0.7198369510393667,0.7356,0,50,0,1000,0.1,0.7939153439153439,budget_cv,0.049
1f7f2e0f41,main,music,electronics,svm,self_training,3,100,transfer,0.8256210809351772,0.828,2000,100,0,1000,1.0,0.8305063944769827,budget_cv,0.169
1f7f2e0f41,main,music,electronics,svm,self_training,3,100,target_only,0.8007872503840245,0.8008,0,100,0,1000,1.0,0.7321130008818996,budget_cv,0.053
1f7f2e0f41,main,music,electronics,svm,self_training,3,250,transfer,0.861584332213009,0.862,2000,250,0,1000,10.0,0.8635027259062396,budget_cv,0.232
1f7f2e0f41,main,music,electronics,svm,self_training,3,250,target_only,0.8080962844370208,0.81,0,250,0,1000,0.01,0.8068885660296831,budget_cv,0.053
1f7f2e0f41,main,music,electronics,svm,self_training,3,500,transfer,0.8768822774805574,0.8772,2000,500,0,1000,10.0,0.8937239126508446,budget_cv,0.22
1f7f2e0f41,main,music,electronics,svm,self_training,3,500,target_only,0.8699685869791359,0.8704,0,500,0,1000,10.0,0.8594378355133839,budget_cv,0.075
1f7f2e0f41,main,music,electronics,svm,self_training,3,1000,transfer,0.8970810256656695,0.8972,2000,1000,0,1000,1.0,0.8949656620157804,budget_cv,0.221
1f7f2e0f41,main,music,electronics,svm,self_training,3,1000,target_only,0.8895405463036424,0.8896,0,1000,0,1000,1.0,0.8889724161477686,budget_cv,0.088
1f7f2e0f41,main,music,electronics,svm,self_training,3,2000,transfer,0.9055651875507387,0.9056,2000,2000,0,1000,1.0,0.896977890290282,budget_cv,0.272
1f7f2e0f41,main,music,electronics,svm,self_training,3,2000,target_only,0.905198771376077,0.9052,0,2000,0,1000,1.0,0.8944505793910881,budget_cv,0.134
1f7f2e0f41,main,music,electronics,svm,self_training,4,0,uda_self_training,0.79547597761258,0.7996,2000,0,0,1000,10.0,0.889933030363808,source_val_fallback,0.086
1f7f2e0f41,main,music,electronics,svm,self_training,4,50,transfer,0.6149720410466729,0.6568,2000,50,0,1000,0.01,0.731576635924462,budget_cv,0.158
1f7f2e0f41,main,music,electronics,svm,self_training,4,50,target_only,0.729161847320067,0.7428,0,50,0,1000,0.1,0.5324786324786325,budget_cv,0.049
1f7f2e0f41,main,music,electronics,svm,self_training,4,100,transfer,0.8353325894240903,0.8368,2000,100,0,1000,10.0,0.8142657300072494,budget_cv,0.258
1f7f2e0f41,main,music,electronics,svm,self_training,4,100,target_only,0.7242114088392813,0.738,0,100,0,1000,0.01,0.734783428748946,budget_cv,0.054
1f7f2e0f41,main,music,electronics,svm,self_training,4,250,transfer,0.8660034559875112,0.8664,2000,250,0,1000,1.0,0.8669755573844102,budget_cv,0.191
1f7f2e0f41,main,music,electronics,svm,self_training,4,250,target_only,0.8269280538302277,0.8288,0,250,0,1000,0.01,0.8668625257389303,budget_cv,0.054
1f7f2e0f41,main,music,electronics,svm,self_training,4,500,transfer,0.8795134617487664,0.8796,2000,500,0,1000,1.0,0.8619468098699001,budget_cv,0.201
1f7f2e0f41,main,music,electronics,svm,self_training,4,500,target_only,0.8723749854971574,0.8724,0,500,0,1000,0.1,0.8594022086233917,budget_cv,0.064
1f7f2e0f41,main,music,electronics,svm,self_training,4,1000,transfer,0.8999497988110514,0.9,2000,1000,0,1000,1.0,0.877954932355795,budget_cv,0.219
1f7f2e0f41,main,music,electronics,svm,self_training,4,1000,target_only,0.8915995663982657,0.8916,0,1000,0,1000,1.0,0.8869083606555304,budget_cv,0.091
1f7f2e0f41,main,music,electronics,svm,self_training,4,2000,transfer,0.9055651875507387,0.9056,2000,2000,0,1000,1.0,0.8954915227122474,budget_cv,0.276
1f7f2e0f41,main,music,electronics,svm,self_training,4,2000,target_only,0.905198771376077,0.9052,0,2000,0,1000,1.0,0.8939395051197142,budget_cv,0.136
1f7f2e0f41,main,music,clothing,logreg,random,0,0,source_only,0.7899350392217841,0.7912,2000,0,0,0,10.0,0.887960960619167,source_val_fallback,0.086
1f7f2e0f41,main,music,clothing,logreg,random,0,50,transfer,0.8185981522054612,0.8192,2000,50,0,0,10.0,0.8984370648844333,budget_cv,0.289
1f7f2e0f41,main,music,clothing,logreg,random,0,50,target_only,0.7630638837794501,0.7648,0,50,0,0,0.1,0.7755680049797696,budget_cv,0.093
1f7f2e0f41,main,music,clothing,logreg,random,0,100,transfer,0.8339196170946739,0.834,2000,100,0,0,10.0,0.888299071692901,budget_cv,0.292
1f7f2e0f41,main,music,clothing,logreg,random,0,100,target_only,0.8090936728120094,0.8092,0,100,0,0,0.01,0.7826822815847206,budget_cv,0.106
1f7f2e0f41,main,music,clothing,logreg,random,0,250,transfer,0.8655969033526533,0.8656,2000,250,0,0,10.0,0.8838648712497047,budget_cv,0.3
1f7f2e0f41,main,music,clothing,logreg,random,0,250,target_only,0.8644877798447623,0.8648,0,250,0,0,10.0,0.8748297292780363,budget_cv,0.113
1f7f2e0f41,main,music,clothing,logreg,random,0,500,transfer,0.8875959534543243,0.8876,2000,500,0,0,10.0,0.8975307290829448,budget_cv,0.308
1f7f2e0f41,main,music,clothing,logreg,random,0,500,target_only,0.8843518718749995,0.8844,0,500,0,0,1.0,0.9177549268257058,budget_cv,0.131
1f7f2e0f41,main,music,clothing,logreg,random,0,1000,transfer,0.9035999845759974,0.9036,2000,1000,0,0,10.0,0.9158903517762734,budget_cv,0.332
1f7f2e0f41,main,music,clothing,logreg,random,0,1000,target_only,0.905198771376077,0.9052,0,1000,0,0,10.0,0.9149067418447839,budget_cv,0.157
1f7f2e0f41,main,music,clothing,logreg,random,0,2000,transfer,0.90959166796812,0.9096,2000,2000,0,0,10.0,0.9133918396720265,budget_cv,0.396
1f7f2e0f41,main,music,clothing,logreg,random,0,2000,target_only,0.9167880174745163,0.9168,0,2000,0,0,10.0,0.9138639238573738,budget_cv,0.207
1f7f2e0f41,main,music,clothing,logreg,random,1,0,source_only,0.7899350392217841,0.7912,2000,0,0,0,10.0,0.887960960619167,source_val_fallback,0.095
1f7f2e0f41,main,music,clothing,logreg,random,1,50,transfer,0.8001078128183767,0.8016,2000,50,0,0,10.0,0.8611111111111112,budget_cv,0.314
1f7f2e0f41,main,music,clothing,logreg,random,1,50,target_only,0.7346823407672971,0.7404,0,50,0,0,0.01,0.7984628897672376,budget_cv,0.102
1f7f2e0f41,main,music,clothing,logreg,random,1,100,transfer,0.8206283509519727,0.8216,2000,100,0,0,10.0,0.8344911423858793,budget_cv,0.325
1f7f2e0f41,main,music,clothing,logreg,random,1,100,target_only,0.808930369730974,0.8096,0,100,0,0,0.01,0.7659235947198182,budget_cv,0.115
1f7f2e0f41,main,music,clothing,logreg,random,1,250,transfer,0.8622727179550254,0.8624,2000,250,0,0,10.0,0.863091948298735,budget_cv,0.332
1f7f2e0f41,main,music,clothing,logreg,random,1,250,target_only,0.8523014017281139,0.8532,0,250,0,0,0.01,0.8878096048402345,budget_cv,0.117
1f7f2e0f41,main,music,clothing,logreg,random,1,500,transfer,0.884399981503997,0.8844,2000,500,0,0,10.0,0.8779921463113635,budget_cv,0.319
1f7f2e0f41,main,music,clothing,logreg,random,1,500,target_only,0.8787984292276427,0.8788,0,500,0,0,10.0,0.8939471259972454,budget_cv,0.136
1f7f2e0f41,main,music,clothing,logreg,random,1,1000,transfer,0.9007936507936508,0.9008,2000,1000,0,0,10.0,0.9098883371097468,budget_cv,0.336
1f7f2e0f41,main,music,clothing,logreg,random,1,1000,target_only,0.8971995887983552,0.8972,0,1000,0,0,10.0,0.9059094388366139,budget_cv,0.161
1f7f2e0f41,main,music,clothing,logreg,random,1,2000,transfer,0.90959166796812,0.9096,2000,2000,0,0,10.0,0.9204030415658288,budget_cv,0.405
1f7f2e0f41,main,music,clothing,logreg,random,1,2000,target_only,0.9079941116231438,0.908,0,2000,0,0,1.0,0.9163593607523275,budget_cv,0.204
1f7f2e0f41,main,music,clothing,logreg,random,2,0,source_only,0.7899350392217841,0.7912,2000,0,0,0,10.0,0.887960960619167,source_val_fallback,0.087
1f7f2e0f41,main,music,clothing,logreg,random,2,50,transfer,0.8261328287499703,0.8264,2000,50,0,0,10.0,0.8565189683610736,budget_cv,0.292
1f7f2e0f41,main,music,clothing,logreg,random,2,50,target_only,0.7637369619895509,0.7656,0,50,0,0,1.0,0.8330780917855222,budget_cv,0.094
1f7f2e0f41,main,music,clothing,logreg,random,2,100,transfer,0.832553089483629,0.8328,2000,100,0,0,10.0,0.8871713329971044,budget_cv,0.293
1f7f2e0f41,main,music,clothing,logreg,random,2,100,target_only,0.8283358200574353,0.8288,0,100,0,0,1.0,0.8782208705983661,budget_cv,0.104
1f7f2e0f41,main,music,clothing,logreg,random,2,250,transfer,0.8550730207778847,0.8552,2000,250,0,0,10.0,0.9135604894000416,budget_cv,0.3
1f7f2e0f41,main,music,clothing,logreg,random,2,250,target_only,0.8575066155355573,0.8576,0,250,0,0,10.0,0.8805262710703298,budget_cv,0.119
1f7f2e0f41,main,music,clothing,logreg,random,2,500,transfer,0.883997327298421,0.884,2000,500,0,0,10.0,0.9095522944798743,budget_cv,0.311
1f7f2e0f41,main,music,clothing,logreg,random,2,500,target_only,0.8911598771771225,0.8912,0,500,0,0,0.1,0.8993659026502185,budget_cv,0.124
1f7f2e0f41,main,music,clothing,logreg,random,2,1000,transfer,0.9015997480953551,0.9016,2000,1000,0,0,10.0,0.8948473864290095,budget_cv,0.328
1f7f2e0f41,main,music,clothing,logreg,random,2,1000,target_only,0.9067956902327163,0.9068,0,1000,0,0,1.0,0.9109328906894248,budget_cv,0.152
1f7f2e0f41,main,music,clothing,logreg,random,2,2000,transfer,0.90959166796812,0.9096,2000,2000,0,0,10.0,0.9169026412817433,budget_cv,0.394
1f7f2e0f41,main,music,clothing,logreg,random,2,2000,target_only,0.9167880174745163,0.9168,0,2000,0,0,10.0,0.9193704590035704,budget_cv,0.218
1f7f2e0f41,main,music,clothing,logreg,random,3,0,source_only,0.7899350392217841,0.7912,2000,0,0,0,10.0,0.887960960619167,source_val_fallback,0.086
1f7f2e0f41,main,music,clothing,logreg,random,3,50,transfer,0.8139422682105608,0.8144,2000,50,0,0,10.0,0.8606123151014792,budget_cv,0.291
1f7f2e0f41,main,music,clothing,logreg,random,3,50,target_only,0.7291507301257875,0.7364,0,50,0,0,0.01,0.6642857142857143,budget_cv,0.086
1f7f2e0f41,main,music,clothing,logreg,random,3,100,transfer,0.8293788750220286,0.8296,2000,100,0,0,10.0,0.818804466230937,budget_cv,0.293
1f7f2e0f41,main,music,clothing,logreg,random,3,100,target_only,0.7949392786600358,0.7964,0,100,0,0,0.01,0.7177005093671761,budget_cv,0.099
1f7f2e0f41,main,music,clothing,logreg,random,3,250,transfer,0.8551591201100599,0.8552,2000,250,0,0,10.0,0.8874040817064072,budget_cv,0.298
1f7f2e0f41,main,music,clothing,logreg,random,3,250,target_only,0.8599824361967965,0.86,0,250,0,0,1.0,0.8667852095890597,budget_cv,0.114
1f7f2e0f41,main,music,clothing,logreg,random,3,500,transfer,0.8831925243215566,0.8832,2000,500,0,0,10.0,0.9059519997641147,budget_cv,0.31
1f7f2e0f41,main,music,clothing,logreg,random,3,500,target_only,0.8791996907512083,0.8792,0,500,0,0,1.0,0.9059100161949803,budget_cv,0.136
1f7f2e0f41,main,music,clothing,logreg,random,3,1000,transfer,0.8975997378553289,0.8976,2000,1000,0,0,10.0,0.9118066586462558,budget_cv,0.326
1f7f2e0f41,main,music,clothing,logreg,random,3,1000,target_only,0.8847963872147031,0.8848,0,1000,0,0,0.1,0.887851594772293,budget_cv,0.146
1f7f2e0f41,main,music,clothing,logreg,random,3,2000,transfer,0.90959166796812,0.9096,2000,2000,0,0,10.0,0.9183996512944398,budget_cv,0.394
1f7f2e0f41,main,music,clothing,logreg,random,3,2000,target_only,0.9167880174745163,0.9168,0,2000,0,0,10.0,0.9198618626719535,budget_cv,0.214
1f7f2e0f41,main,music,clothing,logreg,random,4,0,source_only,0.7899350392217841,0.7912,2000,0,0,0,10.0,0.887960960619167,source_val_fallback,0.086
1f7f2e0f41,main,music,clothing,logreg,random,4,50,transfer,0.8189038664626825,0.8196,2000,50,0,0,10.0,0.7997276688453159,budget_cv,0.29
1f7f2e0f41,main,music,clothing,logreg,random,4,50,target_only,0.7345040182135056,0.7352,0,50,0,0,0.01,0.85749791144528,budget_cv,0.092
1f7f2e0f41,main,music,clothing,logreg,random,4,100,transfer,0.8337286185019741,0.834,2000,100,0,0,10.0,0.8360895640307405,budget_cv,0.293
1f7f2e0f41,main,music,clothing,logreg,random,4,100,target_only,0.8014381345538806,0.8024,0,100,0,0,0.1,0.8057059354907276,budget_cv,0.097
1f7f2e0f41,main,music,clothing,logreg,random,4,250,transfer,0.8607991982033816,0.8608,2000,250,0,0,10.0,0.8395513793320345,budget_cv,0.3
1f7f2e0f41,main,music,clothing,logreg,random,4,250,target_only,0.8397841301964752,0.8404,0,250,0,0,1.0,0.8331764187156344,budget_cv,0.114
1f7f2e0f41,main,music,clothing,logreg,random,4,500,transfer,0.8803678237298704,0.8804,2000,500,0,0,10.0,0.8617738138826757,budget_cv,0.308
1f7f2e0f41,main,music,clothing,logreg,random,4,500,target_only,0.8855926779313876,0.8856,0,500,0,0,1.0,0.86578107686609,budget_cv,0.13
1f7f2e0f41,main,music,clothing,logreg,random,4,1000,transfer,0.8879816469130303,0.888,2000,1000,0,0,1.0,0.8886159258857207,budget_cv,0.311
1f7f2e0f41,main,music,clothing,logreg,random,4,1000,target_only,0.9067999850879976,0.9068,0,1000,0,0,10.0,0.8867458694409581,budget_cv,0.157
1f7f2e0f41,main,music,clothing,logreg,random,4,2000,transfer,0.90959166796812,0.9096,2000,2000,0,0,10.0,0.9123847827947174,budget_cv,0.407
1f7f2e0f41,main,music,clothing,logreg,random,4,2000,target_only,0.9167880174745163,0.9168,0,2000,0,0,10.0,0.9168911521818158,budget_cv,0.212
1f7f2e0f41,main,music,clothing,logreg,uncertainty,0,0,source_only,0.7899350392217841,0.7912,2000,0,0,0,10.0,0.887960960619167,source_val_fallback,0.084
1f7f2e0f41,main,music,clothing,logreg,uncertainty,0,50,transfer,0.7988856095066652,0.7996,2000,50,0,0,1.0,0.7423876445615577,budget_cv,0.278
1f7f2e0f41,main,music,clothing,logreg,uncertainty,0,50,target_only,0.6760637736247492,0.6932,0,50,0,0,0.01,0.6318052318052318,budget_cv,0.108
1f7f2e0f41,main,music,clothing,logreg,uncertainty,0,100,transfer,0.8543954338408053,0.8544,2000,100,0,0,10.0,0.7985108645243023,budget_cv,0.291
1f7f2e0f41,main,music,clothing,logreg,uncertainty,0,100,target_only,0.6288936540191129,0.6668,0,100,0,0,0.01,0.7091666666666666,budget_cv,0.11
1f7f2e0f41,main,music,clothing,logreg,uncertainty,0,250,transfer,0.8794258909865846,0.8796,2000,250,0,0,10.0,0.6912385800796085,budget_cv,0.303
1f7f2e0f41,main,music,clothing,logreg,uncertainty,0,250,target_only,0.6726217505438286,0.6972,0,250,0,0,0.1,0.6863051348796564,budget_cv,0.115
1f7f2e0f41,main,music,clothing,logreg,uncertainty,0,500,transfer,0.8999874544262833,0.9,2000,500,0,0,10.0,0.7143880380143944,budget_cv,0.313
1f7f2e0f41,main,music,clothing,logreg,uncertainty,0,500,target_only,0.7738940118122274,0.7752,0,500,0,0,1.0,0.7126960028275818,budget_cv,0.134
1f7f2e0f41,main,music,clothing,logreg,uncertainty,0,1000,transfer,0.9103917417029153,0.9104,2000,1000,0,0,10.0,0.8237984441513403,budget_cv,0.344
1f7f2e0f41,main,music,clothing,logreg,uncertainty,0,1000,target_only,0.890369057762863,0.8904,0,1000,0,0,10.0,0.7778682332526459,budget_cv,0.163
1f7f2e0f41,main,music,clothing,logreg,uncertainty,0,2000,transfer,0.90959166796812,0.9096,2000,2000,0,0,10.0,0.9208857959389537,budget_cv,0.395
1f7f2e0f41,main,music,clothing,logreg,uncertainty,0,2000,target_only,0.9167880174745163,0.9168,0,2000,0,0,10.0,0.9238708951842658,budget_cv,0.213
1f7f2e0f41,main,music,clothing,logreg,uncertainty,1,0,source_only,0.7899350392217841,0.7912,2000,0,0,0,10.0,0.887960960619167,source_val_fallback,0.085
1f7f2e0f41,main,music,clothing,logreg,uncertainty,1,50,transfer,0.8141574605704748,0.8148,2000,50,0,0,10.0,0.7968915343915345,budget_cv,0.292
1f7f2e0f41,main,music,clothing,logreg,uncertainty,1,50,target_only,0.7132614045308105,0.7172,0,50,0,0,0.1,0.6847506294874716,budget_cv,0.088
1f7f2e0f41,main,music,clothing,logreg,uncertainty,1,100,transfer,0.8515228156204722,0.8516,2000,100,0,0,10.0,0.6865082514790893,budget_cv,0.291
1f7f2e0f41,main,music,clothing,logreg,uncertainty,1,100,target_only,0.64381043290732,0.6776,0,100,0,0,0.01,0.5480752300920368,budget_cv,0.1
1f7f2e0f41,main,music,clothing,logreg,uncertainty,1,250,transfer,0.8823872790080975,0.8824,2000,250,0,0,10.0,0.7756115668420228,budget_cv,0.298
1f7f2e0f41,main,music,clothing,logreg,uncertainty,1,250,target_only,0.7058333333333333,0.7176,0,250,0,0,1.0,0.7324148970583974,budget_cv,0.114
1f7f2e0f41,main,music,clothing,logreg,uncertainty,1,500,transfer,0.9019868113453346,0.902,2000,500,0,0,10.0,0.7549897367930024,budget_cv,0.31
1f7f2e0f41,main,music,clothing,logreg,uncertainty,1,500,target_only,0.7952046175444221,0.7964,0,500,0,0,10.0,0.7218734418521784,budget_cv,0.131
1f7f2e0f41,main,music,clothing,logreg,uncertainty,1,1000,transfer,0.9103917417029153,0.9104,2000,1000,0,0,10.0,0.8277620693827842,budget_cv,0.345
1f7f2e0f41,main,music,clothing,logreg,uncertainty,1,1000,target_only,0.8911598771771225,0.8912,0,1000,0,0,10.0,0.7858598775226238,budget_cv,0.16
1f7f2e0f41,main,music,clothing,logreg,uncertainty,1,2000,transfer,0.90959166796812,0.9096,2000,2000,0,0,10.0,0.9153937708885712,budget_cv,0.393
1f7f2e0f41,main,music,clothing,logreg,uncertainty,1,2000,target_only,0.9167880174745163,0.9168,0,2000,0,0,10.0,0.9143902422560976,budget_cv,0.207
1f7f2e0f41,main,music,clothing,logreg,uncertainty,2,0,source_only,0.7899350392217841,0.7912,2000,0,0,0,10.0,0.887960960619167,source_val_fallback,0.084
1f7f2e0f41,main,music,clothing,logreg,uncertainty,2,50,transfer,0.8375064036885246,0.8376,2000,50,0,0,10.0,0.7912048735578147,budget_cv,0.291
1f7f2e0f41,main,music,clothing,logreg,uncertainty,2,50,target_only,0.6475485823232059,0.6776,0,50,0,0,0.01,0.6236401279879541,budget_cv,0.1
1f7f2e0f41,main,music,clothing,logreg,uncertainty,2,100,transfer,0.8519863590628511,0.852,2000,100,0,0,10.0,0.7509529753236847,budget_cv,0.29
1f7f2e0f41,main,music,clothing,logreg,uncertainty,2,100,target_only,0.6111796025090431,0.6556,0,100,0,0,0.01,0.7716666666666666,budget_cv,0.113
1f7f2e0f41,main,music,clothing,logreg,uncertainty,2,250,transfer,0.8810871945562437,0.8812,2000,250,0,0,10.0,0.733637759772122,budget_cv,0.301
1f7f2e0f41,main,music,clothing,logreg,uncertainty,2,250,target_only,0.6579662648095406,0.6844,0,250,0,0,0.1,0.705019424324806,budget_cv,0.111
1f7f2e0f41,main,music,clothing,logreg,uncertainty,2,500,transfer,0.9007948572053975,0.9008,2000,500,0,0,10.0,0.6998863669870854,budget_cv,0.312
1f7f2e0f41,main,music,clothing,logreg,uncertainty,2,500,target_only,0.8017376628143986,0.8028,0,500,0,0,10.0,0.6980242263734989,budget_cv,0.133
1f7f2e0f41,main,music,clothing,logreg,uncertainty,2,1000,transfer,0.909194755089054,0.9092,2000,1000,0,0,10.0,0.824793386077276,budget_cv,0.341
1f7f2e0f41,main,music,clothing,logreg,uncertainty,2,1000,target_only,0.8935670313236228,0.8936,0,1000,0,0,10.0,0.7779270048542958,budget_cv,0.161
1f7f2e0f41,main,music,clothing,logreg,uncertainty,2,2000,transfer,0.90959166796812,0.9096,2000,2000,0,0,10.0,0.9213465590285996,budget_cv,0.394
1f7f2e0f41,main,music,clothing,logreg,uncertainty,2,2000,target_only,0.9167880174745163,0.9168,0,2000,0,0,10.0,0.9168627129749997,budget_cv,0.208
1f7f2e0f41,main,music,clothing,logreg,uncertainty,3,0,source_only,0.7899350392217841,0.7912,2000,0,0,0,10.0,0.887960960619167,source_val_fallback,0.084
1f7f2e0f41,main,music,clothing,logreg,uncertainty,3,50,transfer,0.828245879987852,0.8288,2000,50,0,0,10.0,0.8390795206971676,budget_cv,0.292
1f7f2e0f41,main,music,clothing,logreg,uncertainty,3,50,target_only,0.7154362225666009,0.7176,0,50,0,0,10.0,0.7780812324929972,budget_cv,0.099
1f7f2e0f41,main,music,clothing,logreg,uncertainty,3,100,transfer,0.8511953334856581,0.8512,2000,100,0,0,10.0,0.7581525398916703,budget_cv,0.291
1f7f2e0f41,main,music,clothing,logreg,uncertainty,3,100,target_only,0.603164544787937,0.6468,0,100,0,0,0.01,0.7259460547504025,budget_cv,0.112
1f7f2e0f41,main,music,clothing,logreg,uncertainty,3,250,transfer,0.8803377947992485,0.8804,2000,250,0,0,10.0,0.7544217975252457,budget_cv,0.302
1f7f2e0f41,main,music,clothing,logreg,uncertainty,3,250,target_only,0.6997264211652442,0.716,0,250,0,0,1.0,0.6992515856081836,budget_cv,0.115
1f7f2e0f41,main,music,clothing,logreg,uncertainty,3,500,transfer,0.9003781788362923,0.9004,2000,500,0,0,10.0,0.7189604496841154,budget_cv,0.31
1f7f2e0f41,main,music,clothing,logreg,uncertainty,3,500,target_only,0.7665758933128468,0.7684,0,500,0,0,1.0,0.7062616591458725,budget_cv,0.128
1f7f2e0f41,main,music,clothing,logreg,uncertainty,3,1000,transfer,0.90959166796812,0.9096,2000,1000,0,0,10.0,0.8417586251373291,budget_cv,0.345
1f7f2e0f41,main,music,clothing,logreg,uncertainty,3,1000,target_only,0.8947595708367326,0.8948,0,1000,0,0,10.0,0.7857247072906851,budget_cv,0.155
1f7f2e0f41,main,music,clothing,logreg,uncertainty,3,2000,transfer,0.90959166796812,0.9096,2000,2000,0,0,10.0,0.9174155470424358,budget_cv,0.391
1f7f2e0f41,main,music,clothing,logreg,uncertainty,3,2000,target_only,0.9167880174745163,0.9168,0,2000,0,0,10.0,0.9234143802468925,budget_cv,0.213
1f7f2e0f41,main,music,clothing,logreg,uncertainty,4,0,source_only,0.7899350392217841,0.7912,2000,0,0,0,10.0,0.887960960619167,source_val_fallback,0.085
1f7f2e0f41,main,music,clothing,logreg,uncertainty,4,50,transfer,0.8242004250014932,0.8248,2000,50,0,0,10.0,0.7743691493691495,budget_cv,0.289
1f7f2e0f41,main,music,clothing,logreg,uncertainty,4,50,target_only,0.6703310799543338,0.6916,0,50,0,0,0.01,0.826950826950827,budget_cv,0.091
1f7f2e0f41,main,music,clothing,logreg,uncertainty,4,100,transfer,0.8505560836174371,0.8508,2000,100,0,0,10.0,0.7970461540642501,budget_cv,0.293
1f7f2e0f41,main,music,clothing,logreg,uncertainty,4,100,target_only,0.6432336422844942,0.6756,0,100,0,0,10.0,0.6589774557165861,budget_cv,0.108
1f7f2e0f41,main,music,clothing,logreg,uncertainty,4,250,transfer,0.8787369626226498,0.8788,2000,250,0,0,10.0,0.7416637982823701,budget_cv,0.299
1f7f2e0f41,main,music,clothing,logreg,uncertainty,4,250,target_only,0.66248597571037,0.6868,0,250,0,0,1.0,0.6880228328618005,budget_cv,0.117
1f7f2e0f41,main,music,clothing,logreg,uncertainty,4,500,transfer,0.9015695101714707,0.9016,2000,500,0,0,10.0,0.7318956384497056,budget_cv,0.312
1f7f2e0f41,main,music,clothing,logreg,uncertainty,4,500,target_only,0.7629604886228303,0.7652,0,500,0,0,1.0,0.7214873958791029,budget_cv,0.133
1f7f2e0f41,main,music,clothing,logreg,uncertainty,4,1000,transfer,0.9099958382075587,0.91,2000,1000,0,0,10.0,0.8318613771413816,budget_cv,0.345
1f7f2e0f41,main,music,clothing,logreg,uncertainty,4,1000,target_only,0.8931622392618448,0.8932,0,1000,0,0,10.0,0.7883286300438859,budget_cv,0.159
1f7f2e0f41,main,music,clothing,logreg,uncertainty,4,2000,transfer,0.90959166796812,0.9096,2000,2000,0,0,10.0,0.9123429896313736,budget_cv,0.389
1f7f2e0f41,main,music,clothing,logreg,uncertainty,4,2000,target_only,0.9167880174745163,0.9168,0,2000,0,0,10.0,0.9163838714409304,budget_cv,0.211
1f7f2e0f41,main,music,clothing,logreg,self_training,0,0,uda_self_training,0.7824628664521172,0.7868,2000,0,0,1000,10.0,0.887960960619167,source_val_fallback,0.173
1f7f2e0f41,main,music,clothing,logreg,self_training,0,50,transfer,0.8212473112448273,0.8228,2000,50,0,1000,10.0,0.8984370648844333,budget_cv,0.37
1f7f2e0f41,main,music,clothing,logreg,self_training,0,50,target_only,0.8010974872361416,0.804,0,50,0,1000,0.1,0.7755680049797696,budget_cv,0.111
1f7f2e0f41,main,music,clothing,logreg,self_training,0,100,transfer,0.8481618935549973,0.8484,2000,100,0,1000,10.0,0.888299071692901,budget_cv,0.374
1f7f2e0f41,main,music,clothing,logreg,self_training,0,100,target_only,0.7961052139086444,0.798,0,100,0,1000,0.01,0.7826822815847206,budget_cv,0.12
1f7f2e0f41,main,music,clothing,logreg,self_training,0,250,transfer,0.8743971061093248,0.8744,2000,250,0,1000,10.0,0.8838648712497047,budget_cv,0.397
1f7f2e0f41,main,music,clothing,logreg,self_training,0,250,target_only,0.876982998008487,0.8772,0,250,0,1000,10.0,0.8748297292780363,budget_cv,0.158
1f7f2e0f41,main,music,clothing,logreg,self_training,0,500,transfer,0.8923950243459258,0.8924,2000,500,0,1000,10.0,0.8975307290829448,budget_cv,0.412
1f7f2e0f41,main,music,clothing,logreg,self_training,0,500,target_only,0.8819508726751726,0.882,0,500,0,1000,1.0,0.9177549268257058,budget_cv,0.164
1f7f2e0f41,main,music,clothing,logreg,self_training,0,1000,transfer,0.9043987610079427,0.9044,2000,1000,0,1000,10.0,0.9158903517762734,budget_cv,0.426
1f7f2e0f41,main,music,clothing,logreg,self_training,0,1000,target_only,0.9031999380479603,0.9032,0,1000,0,1000,10.0,0.9149067418447839,budget_cv,0.209
1f7f2e0f41,main,music,clothing,logreg,self_training,0,2000,transfer,0.909196731082319,0.9092,2000,2000,0,1000,10.0,0.9133918396720265,budget_cv,0.516
1f7f2e0f41,main,music,clothing,logreg,self_training,0,2000,target_only,0.9159965592190655,0.916,0,2000,0,1000,10.0,0.9138639238573738,budget_cv,0.275
1f7f2e0f41,main,music,clothing,logreg,self_training,1,0,uda_self_training,0.7824628664521172,0.7868,2000,0,0,1000,10.0,0.887960960619167,source_val_fallback,0.173
1f7f2e0f41,main,music,clothing,logreg,self_training,1,50,transfer,0.8012037054653613,0.8044,2000,50,0,1000,10.0,0.8611111111111112,budget_cv,0.387
1f7f2e0f41,main,music,clothing,logreg,self_training,1,50,target_only,0.6639723912451185,0.6892,0,50,0,1000,0.01,0.7984628897672376,budget_cv,0.119
1f7f2e0f41,main,music,clothing,logreg,self_training,1,100,transfer,0.8258726286154863,0.8276,2000,100,0,1000,10.0,0.8344911423858793,budget_cv,0.39
1f7f2e0f41,main,music,clothing,logreg,self_training,1,100,target_only,0.7885600388491163,0.794,0,100,0,1000,0.01,0.7659235947198182,budget_cv,0.122
1f7f2e0f41,main,music,clothing,logreg,self_training,1,250,transfer,0.8682015853947167,0.8684,2000,250,0,1000,10.0,0.863091948298735,budget_cv,0.395
1f7f2e0f41,main,music,clothing,logreg,self_training,1,250,target_only,0.7598017082205564,0.7684,0,250,0,1000,0.01,0.8878096048402345,budget_cv,0.129
1f7f2e0f41,main,music,clothing,logreg,self_training,1,500,transfer,0.889595477830772,0.8896,2000,500,0,1000,10.0,0.8779921463113635,budget_cv,0.407
1f7f2e0f41,main,music,clothing,logreg,self_training,1,500,target_only,0.8843865148430913,0.8844,0,500,0,1000,10.0,0.8939471259972454,budget_cv,0.18
1f7f2e0f41,main,music,clothing,logreg,self_training,1,1000,transfer,0.9011916368601438,0.9012,2000,1000,0,1000,10.0,0.9098883371097468,budget_cv,0.42
1f7f2e0f41,main,music,clothing,logreg,self_training,1,1000,target_only,0.895996738457718,0.896,0,1000,0,1000,10.0,0.9059094388366139,budget_cv,0.214
1f7f2e0f41,main,music,clothing,logreg,self_training,1,2000,transfer,0.909196731082319,0.9092,2000,2000,0,1000,10.0,0.9204030415658288,budget_cv,0.517
1f7f2e0f41,main,music,clothing,logreg,self_training,1,2000,target_only,0.904396558276098,0.9044,0,2000,0,1000,1.0,0.9163593607523275,budget_cv,0.259
1f7f2e0f41,main,music,clothing,logreg,self_training,2,0,uda_self_training,0.7824628664521172,0.7868,2000,0,0,1000,10.0,0.887960960619167,source_val_fallback,0.173
1f7f2e0f41,main,music,clothing,logreg,self_training,2,50,transfer,0.8336124143465646,0.8344,2000,50,0,1000,10.0,0.8565189683610736,budget_cv,0.37
1f7f2e0f41,main,music,clothing,logreg,self_training,2,50,target_only,0.7813059336496837,0.7848,0,50,0,1000,1.0,0.8330780917855222,budget_cv,0.128
1f7f2e0f41,main,music,clothing,logreg,self_training,2,100,transfer,0.8478740335987256,0.8484,2000,100,0,1000,10.0,0.8871713329971044,budget_cv,0.373
1f7f2e0f41,main,music,clothing,logreg,self_training,2,100,target_only,0.8467790051364825,0.8476,0,100,0,1000,1.0,0.8782208705983661,budget_cv,0.134
1f7f2e0f41,main,music,clothing,logreg,self_training,2,250,transfer,0.8642279279067118,0.8644,2000,250,0,1000,10.0,0.9135604894000416,budget_cv,0.395
1f7f2e0f41,main,music,clothing,logreg,self_training,2,250,target_only,0.8701665906900791,0.8704,0,250,0,1000,10.0,0.8805262710703298,budget_cv,0.161
1f7f2e0f41,main,music,clothing,logreg,self_training,2,500,transfer,0.8875904856587062,0.8876,2000,500,0,1000,10.0,0.9095522944798743,budget_cv,0.411
1f7f2e0f41,main,music,clothing,logreg,self_training,2,500,target_only,0.8679931567652468,0.868,0,500,0,1000,0.1,0.8993659026502185,budget_cv,0.143
1f7f2e0f41,main,music,clothing,logreg,self_training,2,1000,transfer,0.9027996111984448,0.9028,2000,1000,0,1000,10.0,0.8948473864290095,budget_cv,0.43
1f7f2e0f41,main,music,clothing,logreg,self_training,2,1000,target_only,0.899189096292655,0.8992,0,1000,0,1000,1.0,0.9109328906894248,budget_cv,0.193
1f7f2e0f41,main,music,clothing,logreg,self_training,2,2000,transfer,0.909196731082319,0.9092,2000,2000,0,1000,10.0,0.9169026412817433,budget_cv,0.515
1f7f2e0f41,main,music,clothing,logreg,self_training,2,2000,target_only,0.9159965592190655,0.916,0,2000,0,1000,10.0,0.9193704590035704,budget_cv,0.281
1f7f2e0f41,main,music,clothing,logreg,self_training,3,0,uda_self_training,0.7824628664521172,0.7868,2000,0,0,1000,10.0,0.887960960619167,source_val_fallback,0.173
1f7f2e0f41,main,music,clothing,logreg,self_training,3,50,transfer,0.8201300741870686,0.8216,2000,50,0,1000,10.0,0.8606123151014792,budget_cv,0.371
1f7f2e0f41,main,music,clothing,logreg,self_training,3,50,target_only,0.6018991639245481,0.65,0,50,0,1000,0.01,0.6642857142857143,budget_cv,0.103
1f7f2e0f41,main,music,clothing,logreg,self_training,3,100,transfer,0.8402400990607723,0.8408,2000,100,0,1000,10.0,0.818804466230937,budget_cv,0.372
1f7f2e0f41,main,music,clothing,logreg,self_training,3,100,target_only,0.7389291020951312,0.748,0,100,0,1000,0.01,0.7177005093671761,budget_cv,0.117
1f7f2e0f41,main,music,clothing,logreg,self_training,3,250,transfer,0.867101676504345,0.8672,2000,250,0,1000,10.0,0.8874040817064072,budget_cv,0.393
1f7f2e0f41,main,music,clothing,logreg,self_training,3,250,target_only,0.8627973437565751,0.8628,0,250,0,1000,1.0,0.8667852095890597,budget_cv,0.147
1f7f2e0f41,main,music,clothing,logreg,self_training,3,500,transfer,0.887577965281195,0.8876,2000,500,0,1000,10.0,0.9059519997641147,budget_cv,0.391
1f7f2e0f41,main,music,clothing,logreg,self_training,3,500,target_only,0.8787704975882931,0.8788,0,500,0,1000,1.0,0.9059100161949803,budget_cv,0.171
1f7f2e0f41,main,music,clothing,logreg,self_training,3,1000,transfer,0.8983976590820653,0.8984,2000,1000,0,1000,10.0,0.9118066586462558,budget_cv,0.431
1f7f2e0f41,main,music,clothing,logreg,self_training,3,1000,target_only,0.8751920122887864,0.8752,0,1000,0,1000,0.1,0.887851594772293,budget_cv,0.178
1f7f2e0f41,main,music,clothing,logreg,self_training,3,2000,transfer,0.909196731082319,0.9092,2000,2000,0,1000,10.0,0.9183996512944398,budget_cv,0.517
1f7f2e0f41,main,music,clothing,logreg,self_training,3,2000,target_only,0.9159965592190655,0.916,0,2000,0,1000,10.0,0.9198618626719535,budget_cv,0.282
1f7f2e0f41,main,music,clothing,logreg,self_training,4,0,uda_self_training,0.7824628664521172,0.7868,2000,0,0,1000,10.0,0.887960960619167,source_val_fallback,0.17
1f7f2e0f41,main,music,clothing,logreg,self_training,4,50,transfer,0.8196603029480982,0.8212,2000,50,0,1000,10.0,0.7997276688453159,budget_cv,0.37
1f7f2e0f41,main,music,clothing,logreg,self_training,4,50,target_only,0.7055921219275486,0.7164,0,50,0,1000,0.01,0.85749791144528,budget_cv,0.108
1f7f2e0f41,main,music,clothing,logreg,self_training,4,100,transfer,0.8446026525965813,0.8452,2000,100,0,1000,10.0,0.8360895640307405,budget_cv,0.374
1f7f2e0f41,main,music,clothing,logreg,self_training,4,100,target_only,0.6147558196956894,0.656,0,100,0,1000,0.1,0.8057059354907276,budget_cv,0.12
1f7f2e0f41,main,music,clothing,logreg,self_training,4,250,transfer,0.8711814501288185,0.8712,2000,250,0,1000,10.0,0.8395513793320345,budget_cv,0.395
1f7f2e0f41,main,music,clothing,logreg,self_training,4,250,target_only,0.8320032990201078,0.8332,0,250,0,1000,1.0,0.8331764187156344,budget_cv,0.147
1f7f2e0f41,main,music,clothing,logreg,self_training,4,500,transfer,0.8819794360969455,0.882,2000,500,0,1000,10.0,0.8617738138826757,budget_cv,0.41
1f7f2e0f41,main,music,clothing,logreg,self_training,4,500,target_only,0.8791554518657758,0.8792,0,500,0,1000,1.0,0.86578107686609,budget_cv,0.159
1f7f2e0f41,main,music,clothing,logreg,self_training,4,1000,transfer,0.8899643484488975,0.89,2000,1000,0,1000,1.0,0.8886159258857207,budget_cv,0.37
1f7f2e0f41,main,music,clothing,logreg,self_training,4,1000,target_only,0.9067992693062714,0.9068,0,1000,0,1000,10.0,0.8867458694409581,budget_cv,0.212
1f7f2e0f41,main,music,clothing,logreg,self_training,4,2000,transfer,0.909196731082319,0.9092,2000,2000,0,1000,10.0,0.9123847827947174,budget_cv,0.513
1f7f2e0f41,main,music,clothing,logreg,self_training,4,2000,target_only,0.9159965592190655,0.916,0,2000,0,1000,10.0,0.9168911521818158,budget_cv,0.28
1f7f2e0f41,main,music,clothing,svm,random,0,0,source_only,0.800080289040546,0.8008,2000,0,0,0,1.0,0.8899467342193621,source_val_fallback,0.044
1f7f2e0f41,main,music,clothing,svm,random,0,50,transfer,0.8280731739808106,0.8284,2000,50,0,0,1.0,0.8979030501089325,budget_cv,0.14
1f7f2e0f41,main,music,clothing,svm,random,0,50,target_only,0.7647716932055754,0.7664,0,50,0,0,0.01,0.7755680049797696,budget_cv,0.039
1f7f2e0f41,main,music,clothing,svm,random,0,100,transfer,0.8471975551608826,0.8472,2000,100,0,0,10.0,0.8781837561870933,budget_cv,0.148
1f7f2e0f41,main,music,clothing,svm,random,0,100,target_only,0.7735966719283947,0.7788,0,100,0,0,0.01,0.7448458426613253,budget_cv,0.039
1f7f2e0f41,main,music,clothing,svm,random,0,250,transfer,0.8723828278333132,0.8724,2000,250,0,0,10.0,0.8799118066195941,budget_cv,0.154
1f7f2e0f41,main,music,clothing,svm,random,0,250,target_only,0.8640920652377331,0.8644,0,250,0,0,1.0,0.8748297292780363,budget_cv,0.044
1f7f2e0f41,main,music,clothing,svm,random,0,500,transfer,0.8891999822719971,0.8892,2000,500,0,0,10.0,0.9015711141873495,budget_cv,0.164
1f7f2e0f41,main,music,clothing,svm,random,0,500,target_only,0.8839417666208197,0.884,0,500,0,0,0.1,0.9197988915065874,budget_cv,0.048
1f7f2e0f41,main,music,clothing,svm,random,0,1000,transfer,0.9031949816278476,0.9032,2000,1000,0,0,1.0,0.918910045963386,budget_cv,0.177
1f7f2e0f41,main,music,clothing,svm,random,0,1000,target_only,0.9015969140792255,0.9016,0,1000,0,0,0.1,0.9139101032707018,budget_cv,0.064
1f7f2e0f41,main,music,clothing,svm,random,0,2000,transfer,0.9095812507681593,0.9096,2000,2000,0,0,1.0,0.9153953092700734,budget_cv,0.242
1f7f2e0f41,main,music,clothing,svm,random,0,2000,target_only,0.9143955622659479,0.9144,0,2000,0,0,1.0,0.9183617227172866,budget_cv,0.114
1f7f2e0f41,main,music,clothing,svm,random,1,0,source_only,0.800080289040546,0.8008,2000,0,0,0,1.0,0.8899467342193621,source_val_fallback,0.047
1f7f2e0f41,main,music,clothing,svm,random,1,50,transfer,0.8101940588810199,0.8112,2000,50,0,0,1.0,0.8454325867369347,budget_cv,0.141
1f7f2e0f41,main,music,clothing,svm,random,1,50,target_only,0.5748357287243853,0.6208,0,50,0,0,0.01,0.5887328720662054,budget_cv,0.039
1f7f2e0f41,main,music,clothing,svm,random,1,100,transfer,0.8260786856979161,0.8268,2000,100,0,0,1.0,0.8168476747424117,budget_cv,0.144
1f7f2e0f41,main,music,clothing,svm,random,1,100,target_only,0.812794386852606,0.8136,0,100,0,0,0.01,0.7686016144349477,budget_cv,0.039
1f7f2e0f41,main,music,clothing,svm,random,1,250,transfer,0.8695519116166983,0.8696,2000,250,0,0,1.0,0.8712158930080456,budget_cv,0.146
1f7f2e0f41,main,music,clothing,svm,random,1,250,target_only,0.8559224517004032,0.856,0,250,0,0,0.01,0.8876083870116918,budget_cv,0.042
1f7f2e0f41,main,music,clothing,svm,random,1,500,transfer,0.8851968957240604,0.8852,2000,500,0,0,1.0,0.881935991444045,budget_cv,0.156
1f7f2e0f41,main,music,clothing,svm,random,1,500,target_only,0.8763995055980224,0.8764,0,500,0,0,10.0,0.8919054673682584,budget_cv,0.053
1f7f2e0f41,main,music,clothing,svm,random,1,1000,transfer,0.8975994101726026,0.8976,2000,1000,0,0,1.0,0.9089062519097056,budget_cv,0.188
1f7f2e0f41,main,music,clothing,svm,random,1,1000,target_only,0.8987972634780045,0.8988,0,1000,0,0,10.0,0.9099335773981263,budget_cv,0.082
1f7f2e0f41,main,music,clothing,svm,random,1,2000,transfer,0.9095812507681593,0.9096,2000,2000,0,0,1.0,0.9179092279859026,budget_cv,0.252
1f7f2e0f41,main,music,clothing,svm,random,1,2000,target_only,0.9143955622659479,0.9144,0,2000,0,0,1.0,0.9178940876595613,budget_cv,0.116
1f7f2e0f41,main,music,clothing,svm,random,2,0,source_only,0.800080289040546,0.8008,2000,0,0,0,1.0,0.8899467342193621,source_val_fallback,0.045
1f7f2e0f41,main,music,clothing,svm,random,2,50,transfer,0.8342845029271602,0.8344,2000,50,0,0,1.0,0.8958708202129255,budget_cv,0.146
1f7f2e0f41,main,music,clothing,svm,random,2,50,target_only,0.7641904541393565,0.766,0,50,0,0,0.1,0.8330780917855222,budget_cv,0.038
1f7f2e0f41,main,music,clothing,svm,random,2,100,transfer,0.8443844384438444,0.8444,2000,100,0,0,10.0,0.9186480525190204,budget_cv,0.152
1f7f2e0f41,main,music,clothing,svm,random,2,100,target_only,0.8275336509922832,0.828,0,100,0,0,0.1,0.8782208705983661,budget_cv,0.04
1f7f2e0f41,main,music,clothing,svm,random,2,250,transfer,0.86153539795527,0.8616,2000,250,0,0,1.0,0.922071853821835,budget_cv,0.149
1f7f2e0f41,main,music,clothing,svm,random,2,250,target_only,0.8558804614899782,0.856,0,250,0,0,10.0,0.8923318729969901,budget_cv,0.042
1f7f2e0f41,main,music,clothing,svm,random,2,500,transfer,0.8879988531082559,0.888,2000,500,0,0,1.0,0.9176915481291674,budget_cv,0.161
1f7f2e0f41,main,music,clothing,svm,random,2,500,target_only,0.8903561424569828,0.8904,0,500,0,0,0.01,0.9014558899414187,budget_cv,0.051
1f7f2e0f41,main,music,clothing,svm,random,2,1000,transfer,0.9051956162452952,0.9052,2000,1000,0,0,1.0,0.9079044482385772,budget_cv,0.183
1f7f2e0f41,main,music,clothing,svm,random,2,1000,target_only,0.905997458171269,0.906,0,1000,0,0,0.1,0.9099290539009021,budget_cv,0.063
1f7f2e0f41,main,music,clothing,svm,random,2,2000,transfer,0.9095812507681593,0.9096,2000,2000,0,0,1.0,0.9159067816723012,budget_cv,0.234
1f7f2e0f41,main,music,clothing,svm,random,2,2000,target_only,0.9151921841116877,0.9152,0,2000,0,0,10.0,0.9183899719500145,budget_cv,0.128
1f7f2e0f41,main,music,clothing,svm,random,3,0,source_only,0.800080289040546,0.8008,2000,0,0,0,1.0,0.8899467342193621,source_val_fallback,0.043
1f7f2e0f41,main,music,clothing,svm,random,3,50,transfer,0.8279136539550085,0.828,2000,50,0,0,10.0,0.857426859632742,budget_cv,0.144
1f7f2e0f41,main,music,clothing,svm,random,3,50,target_only,0.7300451601165021,0.7372,0,50,0,0,0.1,0.6472582972582973,budget_cv,0.037
1f7f2e0f41,main,music,clothing,svm,random,3,100,transfer,0.837579625988284,0.8376,2000,100,0,0,10.0,0.8393246187363834,budget_cv,0.145
1f7f2e0f41,main,music,clothing,svm,random,3,100,target_only,0.802336962474815,0.8028,0,100,0,0,10.0,0.7078902540905109,budget_cv,0.039
1f7f2e0f41,main,music,clothing,svm,random,3,250,transfer,0.8643921672915827,0.8644,2000,250,0,0,1.0,0.8953897495743162,budget_cv,0.146
1f7f2e0f41,main,music,clothing,svm,random,3,250,target_only,0.8595836218336507,0.8596,0,250,0,0,0.1,0.8667852095890597,budget_cv,0.042
1f7f2e0f41,main,music,clothing,svm,random,3,500,transfer,0.8811990686006979,0.8812,2000,500,0,0,10.0,0.9038994664105866,budget_cv,0.17
1f7f2e0f41,main,music,clothing,svm,random,3,500,target_only,0.8787998254717486,0.8788,0,500,0,0,0.1,0.9059100161949803,budget_cv,0.049
1f7f2e0f41,main,music,clothing,svm,random,3,1000,transfer,0.9031994424287884,0.9032,2000,1000,0,0,1.0,0.9067846177476465,budget_cv,0.187
1f7f2e0f41,main,music,clothing,svm,random,3,1000,target_only,0.9003973067431743,0.9004,0,1000,0,0,1.0,0.8958843126311692,budget_cv,0.069
1f7f2e0f41,main,music,clothing,svm,random,3,2000,transfer,0.9095812507681593,0.9096,2000,2000,0,0,1.0,0.9174036491158333,budget_cv,0.237
1f7f2e0f41,main,music,clothing,svm,random,3,2000,target_only,0.9143955622659479,0.9144,0,2000,0,0,1.0,0.919372990097639,budget_cv,0.109
1f7f2e0f41,main,music,clothing,svm,random,4,0,source_only,0.800080289040546,0.8008,2000,0,0,0,1.0,0.8899467342193621,source_val_fallback,0.042
1f7f2e0f41,main,music,clothing,svm,random,4,50,transfer,0.8346348729987816,0.8348,2000,50,0,0,10.0,0.8585511982570807,budget_cv,0.142
1f7f2e0f41,main,music,clothing,svm,random,4,50,target_only,0.7294650223308454,0.732,0,50,0,0,0.01,0.8337912087912088,budget_cv,0.038
1f7f2e0f41,main,music,clothing,svm,random,4,100,transfer,0.8467362177443765,0.8468,2000,100,0,0,10.0,0.8992615116694976,budget_cv,0.144
1f7f2e0f41,main,music,clothing,svm,random,4,100,target_only,0.8048940426419093,0.8052,0,100,0,0,0.1,0.7957554319918367,budget_cv,0.039
1f7f2e0f41,main,music,clothing,svm,random,4,250,transfer,0.862793655578634,0.8628,2000,250,0,0,1.0,0.8677866292169377,budget_cv,0.147
1f7f2e0f41,main,music,clothing,svm,random,4,250,target_only,0.843112796589224,0.844,0,250,0,0,1.0,0.8371107886686059,budget_cv,0.043
1f7f2e0f41,main,music,clothing,svm,random,4,500,transfer,0.8819968091937206,0.882,2000,500,0,0,1.0,0.8699109129153092,budget_cv,0.153
1f7f2e0f41,main,music,clothing,svm,random,4,500,target_only,0.8843946544088199,0.8844,0,500,0,0,0.1,0.8617871818073137,budget_cv,0.048
1f7f2e0f41,main,music,clothing,svm,random,4,1000,transfer,0.8955962414646927,0.8956,2000,1000,0,0,1.0,0.8948612338178735,budget_cv,0.172
1f7f2e0f41,main,music,clothing,svm,random,4,1000,target_only,0.9055999395839613,0.9056,0,1000,0,0,1.0,0.8867735654625962,budget_cv,0.065
1f7f2e0f41,main,music,clothing,svm,random,4,2000,transfer,0.9095812507681593,0.9096,2000,2000,0,0,1.0,0.9119067043769852,budget_cv,0.242
1f7f2e0f41,main,music,clothing,svm,random,4,2000,target_only,0.9151921841116877,0.9152,0,2000,0,0,10.0,0.9168986707212191,budget_cv,0.125
1f7f2e0f41,main,music,clothing,svm,uncertainty,0,0,source_only,0.800080289040546,0.8008,2000,0,0,0,1.0,0.8899467342193621,source_val_fallback,0.043
1f7f2e0f41,main,music,clothing,svm,uncertainty,0,50,transfer,0.8375624704331689,0.8376,2000,50,0,0,1.0,0.8135896754317806,budget_cv,0.143
1f7f2e0f41,main,music,clothing,svm,uncertainty,0,50,target_only,0.5938477640780272,0.6384,0,50,0,0,0.01,0.45749084249084254,budget_cv,0.038
1f7f2e0f41,main,music,clothing,svm,uncertainty,0,100,transfer,0.8527261038498677,0.8528,2000,100,0,0,1.0,0.713204892227559,budget_cv,0.144
1f7f2e0f41,main,music,clothing,svm,uncertainty,0,100,target_only,0.5739268075743744,0.6272,0,100,0,0,0.01,0.552940577940578,budget_cv,0.04
1f7f2e0f41,main,music,clothing,svm,uncertainty,0,250,transfer,0.8843844427706192,0.8844,2000,250,0,0,1.0,0.6469009833315583,budget_cv,0.15
1f7f2e0f41,main,music,clothing,svm,uncertainty,0,250,target_only,0.7509424096236825,0.754,0,250,0,0,0.1,0.6061708018239331,budget_cv,0.044
1f7f2e0f41,main,music,clothing,svm,uncertainty,0,500,transfer,0.9059695341290579,0.906,2000,500,0,0,1.0,0.6654888971914535,budget_cv,0.164
1f7f2e0f41,main,music,clothing,svm,uncertainty,0,500,target_only,0.8104704341120383,0.8116,0,500,0,0,1.0,0.6451685150673536,budget_cv,0.051
1f7f2e0f41,main,music,clothing,svm,uncertainty,0,1000,transfer,0.9107760023135822,0.9108,2000,1000,0,0,10.0,0.8335020197172232,budget_cv,0.24
1f7f2e0f41,main,music,clothing,svm,uncertainty,0,1000,target_only,0.90118847462368,0.9012,0,1000,0,0,1.0,0.7751228748193654,budget_cv,0.083
1f7f2e0f41,main,music,clothing,svm,uncertainty,0,2000,transfer,0.9095812507681593,0.9096,2000,2000,0,0,1.0,0.9198963949863477,budget_cv,0.23
1f7f2e0f41,main,music,clothing,svm,uncertainty,0,2000,target_only,0.9143955622659479,0.9144,0,2000,0,0,1.0,0.9143800808908007,budget_cv,0.11
1f7f2e0f41,main,music,clothing,svm,uncertainty,1,0,source_only,0.800080289040546,0.8008,2000,0,0,0,1.0,0.8899467342193621,source_val_fallback,0.043
1f7f2e0f41,main,music,clothing,svm,uncertainty,1,50,transfer,0.8406368120955858,0.8408,2000,50,0,0,10.0,0.7941179463238287,budget_cv,0.146
1f7f2e0f41,main,music,clothing,svm,uncertainty,1,50,target_only,0.7043948577518859,0.7084,0,50,0,0,0.1,0.7129576076944497,budget_cv,0.039
1f7f2e0f41,main,music,clothing,svm,uncertainty,1,100,transfer,0.8543506889692574,0.8544,2000,100,0,0,1.0,0.6582320229731441,budget_cv,0.141
1f7f2e0f41,main,music,clothing,svm,uncertainty,1,100,target_only,0.691525880643316,0.7056,0,100,0,0,0.01,0.6165385911695315,budget_cv,0.038
1f7f2e0f41,main,music,clothing,svm,uncertainty,1,250,transfer,0.8887993594843107,0.8888,2000,250,0,0,10.0,0.6357415136216616,budget_cv,0.155
1f7f2e0f41,main,music,clothing,svm,uncertainty,1,250,target_only,0.7434961530886053,0.746,0,250,0,0,0.1,0.7469997377393128,budget_cv,0.042
1f7f2e0f41,main,music,clothing,svm,uncertainty,1,500,transfer,0.9015772604102452,0.9016,2000,500,0,0,1.0,0.6856058817700896,budget_cv,0.163
1f7f2e0f41,main,music,clothing,svm,uncertainty,1,500,target_only,0.7784022480931352,0.7792,0,500,0,0,0.01,0.6447234640614886,budget_cv,0.049
1f7f2e0f41,main,music,clothing,svm,uncertainty,1,1000,transfer,0.9115762175394694,0.9116,2000,1000,0,0,10.0,0.8288871690729884,budget_cv,0.22
1f7f2e0f41,main,music,clothing,svm,uncertainty,1,1000,target_only,0.9031938044034818,0.9032,0,1000,0,0,10.0,0.7733106029181457,budget_cv,0.08
1f7f2e0f41,main,music,clothing,svm,uncertainty,1,2000,transfer,0.9091705712650899,0.9092,2000,2000,0,0,10.0,0.9194398071551751,budget_cv,0.274
1f7f2e0f41,main,music,clothing,svm,uncertainty,1,2000,target_only,0.9143955622659479,0.9144,0,2000,0,0,1.0,0.9188986383446829,budget_cv,0.112
1f7f2e0f41,main,music,clothing,svm,uncertainty,2,0,source_only,0.800080289040546,0.8008,2000,0,0,0,1.0,0.8899467342193621,source_val_fallback,0.042
1f7f2e0f41,main,music,clothing,svm,uncertainty,2,50,transfer,0.8443993775975104,0.8444,2000,50,0,0,10.0,0.7550336373865786,budget_cv,0.147
1f7f2e0f41,main,music,clothing,svm,uncertainty,2,50,target_only,0.6448873674599518,0.6784,0,50,0,0,0.01,0.6504713804713805,budget_cv,0.037
1f7f2e0f41,main,music,clothing,svm,uncertainty,2,100,transfer,0.8536,0.8536,2000,100,0,0,1.0,0.6875878725024834,budget_cv,0.145
1f7f2e0f41,main,music,clothing,svm,uncertainty,2,100,target_only,0.7073460378638602,0.718,0,100,0,0,1.0,0.6895124884149274,budget_cv,0.039
1f7f2e0f41,main,music,clothing,svm,uncertainty,2,250,transfer,0.8867991125050421,0.8868,2000,250,0,0,1.0,0.6420270356941105,budget_cv,0.149
1f7f2e0f41,main,music,clothing,svm,uncertainty,2,250,target_only,0.7617250715797337,0.7648,0,250,0,0,1.0,0.6859852335996127,budget_cv,0.043
1f7f2e0f41,main,music,clothing,svm,uncertainty,2,500,transfer,0.9007719938875549,0.9008,2000,500,0,0,1.0,0.6488325830976721,budget_cv,0.168
1f7f2e0f41,main,music,clothing,svm,uncertainty,2,500,target_only,0.7959431571546185,0.7968,0,500,0,0,0.1,0.6462818307257939,budget_cv,0.05
1f7f2e0f41,main,music,clothing,svm,uncertainty,2,1000,transfer,0.9095791091573797,0.9096,2000,1000,0,0,10.0,0.8261587631490085,budget_cv,0.239
1f7f2e0f41,main,music,clothing,svm,uncertainty,2,1000,target_only,0.9011954312767423,0.9012,0,1000,0,0,10.0,0.7738861296111503,budget_cv,0.092
1f7f2e0f41,main,music,clothing,svm,uncertainty,2,2000,transfer,0.9095812507681593,0.9096,2000,2000,0,0,1.0,0.9203871299899378,budget_cv,0.243
1f7f2e0f41,main,music,clothing,svm,uncertainty,2,2000,target_only,0.9143955622659479,0.9144,0,2000,0,0,1.0,0.9213682828822182,budget_cv,0.104
1f7f2e0f41,main,music,clothing,svm,uncertainty,3,0,source_only,0.800080289040546,0.8008,2000,0,0,0,1.0,0.8899467342193621,source_val_fallback,0.043
1f7f2e0f41,main,music,clothing,svm,uncertainty,3,50,transfer,0.8439831252148233,0.844,2000,50,0,0,10.0,0.8144724556489263,budget_cv,0.148
1f7f2e0f41,main,music,clothing,svm,uncertainty,3,50,target_only,0.627583989153438,0.6572,0,50,0,0,0.01,0.7598239119978251,budget_cv,0.038
1f7f2e0f41,main,music,clothing,svm,uncertainty,3,100,transfer,0.8651818588709297,0.8652,2000,100,0,0,1.0,0.706784005468216,budget_cv,0.145
1f7f2e0f41,main,music,clothing,svm,uncertainty,3,100,target_only,0.6414834925773161,0.6704,0,100,0,0,0.01,0.5558357027021334,budget_cv,0.039
1f7f2e0f41,main,music,clothing,svm,uncertainty,3,250,transfer,0.8871981951711227,0.8872,2000,250,0,0,1.0,0.6721432161249393,budget_cv,0.154
1f7f2e0f41,main,music,clothing,svm,uncertainty,3,250,target_only,0.7687059002601917,0.77,0,250,0,0,1.0,0.7031061151929672,budget_cv,0.042
1f7f2e0f41,main,music,clothing,svm,uncertainty,3,500,transfer,0.9027684969930257,0.9028,2000,500,0,0,10.0,0.6735098973063559,budget_cv,0.17
1f7f2e0f41,main,music,clothing,svm,uncertainty,3,500,target_only,0.7781721740137808,0.7788,0,500,0,0,0.1,0.6565425821134981,budget_cv,0.05
1f7f2e0f41,main,music,clothing,svm,uncertainty,3,1000,transfer,0.9107804573513782,0.9108,2000,1000,0,0,10.0,0.837429950152961,budget_cv,0.241
1f7f2e0f41,main,music,clothing,svm,uncertainty,3,1000,target_only,0.9047950645761476,0.9048,0,1000,0,0,10.0,0.7887108901367824,budget_cv,0.096
1f7f2e0f41,main,music,clothing,svm,uncertainty,3,2000,transfer,0.9095812507681593,0.9096,2000,2000,0,0,1.0,0.9184051488667243,budget_cv,0.254
1f7f2e0f41,main,music,clothing,svm,uncertainty,3,2000,target_only,0.9143955622659479,0.9144,0,2000,0,0,1.0,0.9239223066145588,budget_cv,0.121
1f7f2e0f41,main,music,clothing,svm,uncertainty,4,0,source_only,0.800080289040546,0.8008,2000,0,0,0,1.0,0.8899467342193621,source_val_fallback,0.044
1f7f2e0f41,main,music,clothing,svm,uncertainty,4,50,transfer,0.838391622221696,0.8384,2000,50,0,0,10.0,0.6636752136752136,budget_cv,0.142
1f7f2e0f41,main,music,clothing,svm,uncertainty,4,50,target_only,0.3930086295158695,0.5352,0,50,0,0,0.1,0.3977072310405643,budget_cv,0.038
1f7f2e0f41,main,music,clothing,svm,uncertainty,4,100,transfer,0.8571981492880147,0.8572,2000,100,0,0,1.0,0.6751041321583958,budget_cv,0.141
1f7f2e0f41,main,music,clothing,svm,uncertainty,4,100,target_only,0.5758595912284437,0.6328,0,100,0,0,0.01,0.5879197892439774,budget_cv,0.039
1f7f2e0f41,main,music,clothing,svm,uncertainty,4,250,transfer,0.8871941521448472,0.8872,2000,250,0,0,1.0,0.6784559364004069,budget_cv,0.147
1f7f2e0f41,main,music,clothing,svm,uncertainty,4,250,target_only,0.7439739199157007,0.7512,0,250,0,0,1.0,0.6829182481411623,budget_cv,0.042
1f7f2e0f41,main,music,clothing,svm,uncertainty,4,500,transfer,0.8995513828693087,0.8996,2000,500,0,0,10.0,0.6273635023426625,budget_cv,0.171
1f7f2e0f41,main,music,clothing,svm,uncertainty,4,500,target_only,0.7937155978619626,0.7944,0,500,0,0,0.1,0.6085097975792214,budget_cv,0.049
1f7f2e0f41,main,music,clothing,svm,uncertainty,4,1000,transfer,0.9103792940320932,0.9104,2000,1000,0,0,10.0,0.8334653919351146,budget_cv,0.228
1f7f2e0f41,main,music,clothing,svm,uncertainty,4,1000,target_only,0.9035918400133387,0.9036,0,1000,0,0,1.0,0.7801142877918,budget_cv,0.077
1f7f2e0f41,main,music,clothing,svm,uncertainty,4,2000,transfer,0.9095812507681593,0.9096,2000,2000,0,0,1.0,0.9194039365394787,budget_cv,0.256
1f7f2e0f41,main,music,clothing,svm,uncertainty,4,2000,target_only,0.9143955622659479,0.9144,0,2000,0,0,1.0,0.9193909611413265,budget_cv,0.124
1f7f2e0f41,main,music,clothing,svm,self_training,0,0,uda_self_training,0.8064802531480693,0.8084,2000,0,0,1000,1.0,0.8899467342193621,source_val_fallback,0.073
1f7f2e0f41,main,music,clothing,svm,self_training,0,50,transfer,0.8374976467251803,0.838,2000,50,0,1000,1.0,0.8979030501089325,budget_cv,0.172
1f7f2e0f41,main,music,clothing,svm,self_training,0,50,target_only,0.8069313350686037,0.8092,0,50,0,1000,0.01,0.7755680049797696,budget_cv,0.046
1f7f2e0f41,main,music,clothing,svm,self_training,0,100,transfer,0.8499930636792645,0.85,2000,100,0,1000,10.0,0.8781837561870933,budget_cv,0.191
1f7f2e0f41,main,music,clothing,svm,self_training,0,100,target_only,0.553988540547543,0.6188,0,100,0,1000,0.01,0.7448458426613253,budget_cv,0.046
1f7f2e0f41,main,music,clothing,svm,self_training,0,250,transfer,0.8739893344572685,0.874,2000,250,0,1000,10.0,0.8799118066195941,budget_cv,0.206
1f7f2e0f41,main,music,clothing,svm,self_training,0,250,target_only,0.877278292406847,0.8776,0,250,0,1000,1.0,0.8748297292780363,budget_cv,0.062
1f7f2e0f41,main,music,clothing,svm,self_training,0,500,transfer,0.8888,0.8888,2000,500,0,1000,10.0,0.9015711141873495,budget_cv,0.721
1f7f2e0f41,main,music,clothing,svm,self_training,0,500,target_only,0.8855645524757749,0.8856,0,500,0,1000,0.1,0.9197988915065874,budget_cv,0.54
1f7f2e0f41,main,music,clothing,svm,self_training,0,1000,transfer,0.9063994608608945,0.9064,2000,1000,0,1000,1.0,0.918910045963386,budget_cv,0.663
1f7f2e0f41,main,music,clothing,svm,self_training,0,1000,target_only,0.8995929152761019,0.8996,0,1000,0,1000,0.1,0.9139101032707018,budget_cv,0.079
1f7f2e0f41,main,music,clothing,svm,self_training,0,2000,transfer,0.9103917417029153,0.9104,2000,2000,0,1000,1.0,0.9153953092700734,budget_cv,0.287
1f7f2e0f41,main,music,clothing,svm,self_training,0,2000,target_only,0.9147993320267631,0.9148,0,2000,0,1000,1.0,0.9183617227172866,budget_cv,0.142
1f7f2e0f41,main,music,clothing,svm,self_training,1,0,uda_self_training,0.8064802531480693,0.8084,2000,0,0,1000,1.0,0.8899467342193621,source_val_fallback,0.07
1f7f2e0f41,main,music,clothing,svm,self_training,1,50,transfer,0.8146488318192149,0.8164,2000,50,0,1000,1.0,0.8454325867369347,budget_cv,0.173
1f7f2e0f41,main,music,clothing,svm,self_training,1,50,target_only,0.4789888307509636,0.5664,0,50,0,1000,0.01,0.5887328720662054,budget_cv,0.048
1f7f2e0f41,main,music,clothing,svm,self_training,1,100,transfer,0.8334174561767198,0.8344,2000,100,0,1000,1.0,0.8168476747424117,budget_cv,0.172
1f7f2e0f41,main,music,clothing,svm,self_training,1,100,target_only,0.7353034795865373,0.7472,0,100,0,1000,0.01,0.7686016144349477,budget_cv,0.048
1f7f2e0f41,main,music,clothing,svm,self_training,1,250,transfer,0.8694917512381469,0.8696,2000,250,0,1000,1.0,0.8712158930080456,budget_cv,0.176
1f7f2e0f41,main,music,clothing,svm,self_training,1,250,target_only,0.8492169870217532,0.8496,0,250,0,1000,0.01,0.8876083870116918,budget_cv,0.05
1f7f2e0f41,main,music,clothing,svm,self_training,1,500,transfer,0.8856,0.8856,2000,500,0,1000,1.0,0.881935991444045,budget_cv,0.188
1f7f2e0f41,main,music,clothing,svm,self_training,1,500,target_only,0.8871981951711227,0.8872,0,500,0,1000,10.0,0.8919054673682584,budget_cv,0.084
1f7f2e0f41,main,music,clothing,svm,self_training,1,1000,transfer,0.8983976590820653,0.8984,2000,1000,0,1000,1.0,0.9089062519097056,budget_cv,0.226
1f7f2e0f41,main,music,clothing,svm,self_training,1,1000,target_only,0.899996863901652,0.9,0,1000,0,1000,10.0,0.9099335773981263,budget_cv,0.126
1f7f2e0f41,main,music,clothing,svm,self_training,1,2000,transfer,0.9103917417029153,0.9104,2000,2000,0,1000,1.0,0.9179092279859026,budget_cv,0.287
1f7f2e0f41,main,music,clothing,svm,self_training,1,2000,target_only,0.9147993320267631,0.9148,0,2000,0,1000,1.0,0.9178940876595613,budget_cv,0.148
1f7f2e0f41,main,music,clothing,svm,self_training,2,0,uda_self_training,0.8064802531480693,0.8084,2000,0,0,1000,1.0,0.8899467342193621,source_val_fallback,0.075
1f7f2e0f41,main,music,clothing,svm,self_training,2,50,transfer,0.8425222091769882,0.8428,2000,50,0,1000,1.0,0.8958708202129255,budget_cv,0.178
1f7f2e0f41,main,music,clothing,svm,self_training,2,50,target_only,0.7804476785675951,0.784,0,50,0,1000,0.1,0.8330780917855222,budget_cv,0.048
1f7f2e0f41,main,music,clothing,svm,self_training,2,100,transfer,0.8487650586791573,0.8488,2000,100,0,1000,10.0,0.9186480525190204,budget_cv,0.237
1f7f2e0f41,main,music,clothing,svm,self_training,2,100,target_only,0.8462934015930119,0.8472,0,100,0,1000,0.1,0.8782208705983661,budget_cv,0.047
1f7f2e0f41,main,music,clothing,svm,self_training,2,250,transfer,0.8667206508066643,0.8668,2000,250,0,1000,1.0,0.922071853821835,budget_cv,0.178
1f7f2e0f41,main,music,clothing,svm,self_training,2,250,target_only,0.8726630057681255,0.8728,0,250,0,1000,10.0,0.8923318729969901,budget_cv,0.063
1f7f2e0f41,main,music,clothing,svm,self_training,2,500,transfer,0.8855981695707131,0.8856,2000,500,0,1000,1.0,0.9176915481291674,budget_cv,0.187
1f7f2e0f41,main,music,clothing,svm,self_training,2,500,target_only,0.8679878337587592,0.868,0,500,0,1000,0.01,0.9014558899414187,budget_cv,0.057
1f7f2e0f41,main,music,clothing,svm,self_training,2,1000,transfer,0.9039984639754236,0.904,2000,1000,0,1000,1.0,0.9079044482385772,budget_cv,0.216
1f7f2e0f41,main,music,clothing,svm,self_training,2,1000,target_only,0.8979776530251187,0.898,0,1000,0,1000,0.1,0.9099290539009021,budget_cv,0.078
1f7f2e0f41,main,music,clothing,svm,self_training,2,2000,transfer,0.9103917417029153,0.9104,2000,2000,0,1000,1.0,0.9159067816723012,budget_cv,0.276
1f7f2e0f41,main,music,clothing,svm,self_training,2,2000,target_only,0.9147939878637836,0.9148,0,2000,0,1000,10.0,0.9183899719500145,budget_cv,0.168
1f7f2e0f41,main,music,clothing,svm,self_training,3,0,uda_self_training,0.8064802531480693,0.8084,2000,0,0,1000,1.0,0.8899467342193621,source_val_fallback,0.069
1f7f2e0f41,main,music,clothing,svm,self_training,3,50,transfer,0.8310438574913392,0.8312,2000,50,0,1000,10.0,0.857426859632742,budget_cv,0.238
1f7f2e0f41,main,music,clothing,svm,self_training,3,50,target_only,0.5973720689737749,0.6476,0,50,0,1000,0.01,0.6472582972582973,budget_cv,0.046
1f7f2e0f41,main,music,clothing,svm,self_training,3,100,transfer,0.8451583537908356,0.8452,2000,100,0,1000,10.0,0.8393246187363834,budget_cv,0.222
1f7f2e0f41,main,music,clothing,svm,self_training,3,100,target_only,0.849714312920289,0.85,0,100,0,1000,10.0,0.7078902540905109,budget_cv,0.055
1f7f2e0f41,main,music,clothing,svm,self_training,3,250,transfer,0.8695786317630281,0.8696,2000,250,0,1000,1.0,0.8953897495743162,budget_cv,0.175
1f7f2e0f41,main,music,clothing,svm,self_training,3,250,target_only,0.8643998047357189,0.8644,0,250,0,1000,0.1,0.8667852095890597,budget_cv,0.05
1f7f2e0f41,main,music,clothing,svm,self_training,3,500,transfer,0.8815993180120717,0.8816,2000,500,0,1000,10.0,0.9038994664105866,budget_cv,0.217
1f7f2e0f41,main,music,clothing,svm,self_training,3,500,target_only,0.8819546516989967,0.882,0,500,0,1000,0.1,0.9059100161949803,budget_cv,0.059
1f7f2e0f41,main,music,clothing,svm,self_training,3,1000,transfer,0.9011999841919975,0.9012,2000,1000,0,1000,1.0,0.9067846177476465,budget_cv,0.206
1f7f2e0f41,main,music,clothing,svm,self_training,3,1000,target_only,0.9007837444086839,0.9008,0,1000,0,1000,1.0,0.8958843126311692,budget_cv,0.091
1f7f2e0f41,main,music,clothing,svm,self_training,3,2000,transfer,0.9103917417029153,0.9104,2000,2000,0,1000,1.0,0.9174036491158333,budget_cv,0.277
1f7f2e0f41,main,music,clothing,svm,self_training,3,2000,target_only,0.9147993320267631,0.9148,0,2000,0,1000,1.0,0.919372990097639,budget_cv,0.138
1f7f2e0f41,main,music,clothing,svm,self_training,4,0,uda_self_training,0.8064802531480693,0.8084,2000,0,0,1000,1.0,0.8899467342193621,source_val_fallback,0.071
1f7f2e0f41,main,music,clothing,svm,self_training,4,50,transfer,0.838180858045199,0.8384,2000,50,0,1000,10.0,0.8585511982570807,budget_cv,0.228
1f7f2e0f41,main,music,clothing,svm,self_training,4,50,target_only,0.595081181925003,0.642,0,50,0,1000,0.01,0.8337912087912088,budget_cv,0.044
1f7f2e0f41,main,music,clothing,svm,self_training,4,100,transfer,0.8507168552597054,0.8508,2000,100,0,1000,10.0,0.8992615116694976,budget_cv,0.199
1f7f2e0f41,main,music,clothing,svm,self_training,4,100,target_only,0.7964534041132696,0.8,0,100,0,1000,0.1,0.7957554319918367,budget_cv,0.05
1f7f2e0f41,main,music,clothing,svm,self_training,4,250,transfer,0.8675999788159967,0.8676,2000,250,0,1000,1.0,0.8677866292169377,budget_cv,0.177
1f7f2e0f41,main,music,clothing,svm,self_training,4,250,target_only,0.8539294428506792,0.8548,0,250,0,1000,1.0,0.8371107886686059,budget_cv,0.055
1f7f2e0f41,main,music,clothing,svm,self_training,4,500,transfer,0.8859919555923866,0.886,2000,500,0,1000,1.0,0.8699109129153092,budget_cv,0.187
1f7f2e0f41,main,music,clothing,svm,self_training,4,500,target_only,0.8815754434839609,0.8816,0,500,0,1000,0.1,0.8617871818073137,budget_cv,0.06
1f7f2e0f41,main,music,clothing,svm,self_training,4,1000,transfer,0.8959994009565495,0.896,2000,1000,0,1000,1.0,0.8948612338178735,budget_cv,0.208
1f7f2e0f41,main,music,clothing,svm,self_training,4,1000,target_only,0.9055984895758332,0.9056,0,1000,0,1000,1.0,0.8867735654625962,budget_cv,0.085
1f7f2e0f41,main,music,clothing,svm,self_training,4,2000,transfer,0.9103917417029153,0.9104,2000,2000,0,1000,1.0,0.9119067043769852,budget_cv,0.285
1f7f2e0f41,main,music,clothing,svm,self_training,4,2000,target_only,0.9147939878637836,0.9148,0,2000,0,1000,10.0,0.9168986707212191,budget_cv,0.168
1f7f2e0f41,main,electronics,books,logreg,random,0,0,source_only,0.8118863550857434,0.814,2000,0,0,0,1.0,0.9012235817575083,source_val_fallback,0.081
1f7f2e0f41,main,electronics,books,logreg,random,0,50,transfer,0.8301560439333993,0.8312,2000,50,0,0,10.0,0.7919719169719169,budget_cv,0.273
1f7f2e0f41,main,electronics,books,logreg,random,0,50,target_only,0.6409672221329712,0.6696,0,50,0,0,0.01,0.605130249867092,budget_cv,0.095
1f7f2e0f41,main,electronics,books,logreg,random,0,100,transfer,0.8098233035468239,0.8124,2000,100,0,0,1.0,0.7949539905724604,budget_cv,0.262
1f7f2e0f41,main,electronics,books,logreg,random,0,100,target_only,0.7484655579705775,0.7544,0,100,0,0,0.01,0.7705931495405179,budget_cv,0.105
1f7f2e0f41,main,electronics,books,logreg,random,0,250,transfer,0.8265959037829579,0.8284,2000,250,0,0,1.0,0.8458003019253835,budget_cv,0.267
1f7f2e0f41,main,electronics,books,logreg,random,0,250,target_only,0.8378316583430956,0.8384,0,250,0,0,0.01,0.8097123546377191,budget_cv,0.111
1f7f2e0f41,main,electronics,books,logreg,random,0,500,transfer,0.8739147663820743,0.874,2000,500,0,0,10.0,0.8758879361010754,budget_cv,0.305
1f7f2e0f41,main,electronics,books,logreg,random,0,500,target_only,0.8751075996064929,0.8752,0,500,0,0,10.0,0.8556099835157718,budget_cv,0.143
1f7f2e0f41,main,electronics,books,logreg,random,0,1000,transfer,0.8911774345528289,0.8912,2000,1000,0,0,10.0,0.8656426580494393,budget_cv,0.343
1f7f2e0f41,main,electronics,books,logreg,random,0,1000,target_only,0.8887794286431219,0.8888,0,1000,0,0,10.0,0.8596965534556631,budget_cv,0.178
1f7f2e0f41,main,electronics,books,logreg,random,0,2000,transfer,0.9103853175304242,0.9104,2000,2000,0,0,10.0,0.8829215669013492,budget_cv,0.448
1f7f2e0f41,main,electronics,books,logreg,random,0,2000,target_only,0.9051769238561896,0.9052,0,2000,0,0,10.0,0.8845344972299983,budget_cv,0.255
1f7f2e0f41,main,electronics,books,logreg,random,1,0,source_only,0.8118863550857434,0.814,2000,0,0,0,1.0,0.9012235817575083,source_val_fallback,0.083
1f7f2e0f41,main,electronics,books,logreg,random,1,50,transfer,0.8350902044544424,0.8356,2000,50,0,0,10.0,0.8149733307628045,budget_cv,0.277
1f7f2e0f41,main,electronics,books,logreg,random,1,50,target_only,0.6673014983366792,0.69,0,50,0,0,0.1,0.6493741765480895,budget_cv,0.093
1f7f2e0f41,main,electronics,books,logreg,random,1,100,transfer,0.8391583674790895,0.8396,2000,100,0,0,10.0,0.822644660575695,budget_cv,0.279
1f7f2e0f41,main,electronics,books,logreg,random,1,100,target_only,0.7336649639449463,0.7428,0,100,0,0,0.01,0.674773519163763,budget_cv,0.096
1f7f2e0f41,main,electronics,books,logreg,random,1,250,transfer,0.8582548529694407,0.8584,2000,250,0,0,10.0,0.8210304084052925,budget_cv,0.281
1f7f2e0f41,main,electronics,books,logreg,random,1,250,target_only,0.8313564787553227,0.8316,0,250,0,0,1.0,0.8135520144649359,budget_cv,0.115
1f7f2e0f41,main,electronics,books,logreg,random,1,500,transfer,0.8715994863979455,0.8716,2000,500,0,0,10.0,0.8636205369988521,budget_cv,0.305
1f7f2e0f41,main,electronics,books,logreg,random,1,500,target_only,0.8659737308512468,0.866,0,500,0,0,10.0,0.8757385040423568,budget_cv,0.143
1f7f2e0f41,main,electronics,books,logreg,random,1,1000,transfer,0.8923995695982785,0.8924,2000,1000,0,0,10.0,0.8629243340581634,budget_cv,0.345
1f7f2e0f41,main,electronics,books,logreg,random,1,1000,target_only,0.8839963621259164,0.884,0,1000,0,0,1.0,0.8669575005738736,budget_cv,0.175
1f7f2e0f41,main,electronics,books,logreg,random,1,2000,transfer,0.9103853175304242,0.9104,2000,2000,0,0,10.0,0.8850589485740267,budget_cv,0.45
1f7f2e0f41,main,electronics,books,logreg,random,1,2000,target_only,0.9051769238561896,0.9052,0,2000,0,0,10.0,0.8869926349435047,budget_cv,0.252
1f7f2e0f41,main,electronics,books,logreg,random,2,0,source_only,0.8118863550857434,0.814,2000,0,0,0,1.0,0.9012235817575083,source_val_fallback,0.082
1f7f2e0f41,main,electronics,books,logreg,random,2,50,transfer,0.8116883116883117,0.8144,2000,50,0,0,1.0,0.8407321408095401,budget_cv,0.261
1f7f2e0f41,main,electronics,books,logreg,random,2,50,target_only,0.6110734213189503,0.6508,0,50,0,0,0.01,0.7097296494355317,budget_cv,0.094
1f7f2e0f41,main,electronics,books,logreg,random,2,100,transfer,0.8290763673890609,0.8304,2000,100,0,0,10.0,0.8885497230324816,budget_cv,0.282
1f7f2e0f41,main,electronics,books,logreg,random,2,100,target_only,0.7148484581238792,0.7284,0,100,0,0,1.0,0.7859815520082112,budget_cv,0.107
1f7f2e0f41,main,electronics,books,logreg,random,2,250,transfer,0.8581049491069751,0.8584,2000,250,0,0,10.0,0.860067224098623,budget_cv,0.284
1f7f2e0f41,main,electronics,books,logreg,random,2,250,target_only,0.8333935679664531,0.8336,0,250,0,0,10.0,0.8079697478764333,budget_cv,0.122
1f7f2e0f41,main,electronics,books,logreg,random,2,500,transfer,0.8718109775951226,0.872,2000,500,0,0,10.0,0.840519013710936,budget_cv,0.306
1f7f2e0f41,main,electronics,books,logreg,random,2,500,target_only,0.8520181120206048,0.8524,0,500,0,0,10.0,0.8512517382166287,budget_cv,0.141
1f7f2e0f41,main,electronics,books,logreg,random,2,1000,transfer,0.8923179721384562,0.8924,2000,1000,0,0,10.0,0.8734295727512761,budget_cv,0.339
1f7f2e0f41,main,electronics,books,logreg,random,2,1000,target_only,0.8870956583235963,0.8872,0,1000,0,0,10.0,0.8624121200368909,budget_cv,0.172
1f7f2e0f41,main,electronics,books,logreg,random,2,2000,transfer,0.9103853175304242,0.9104,2000,2000,0,0,10.0,0.8885267297636362,budget_cv,0.452
1f7f2e0f41,main,electronics,books,logreg,random,2,2000,target_only,0.9051769238561896,0.9052,0,2000,0,0,10.0,0.8880856661799531,budget_cv,0.25
1f7f2e0f41,main,electronics,books,logreg,random,3,0,source_only,0.8118863550857434,0.814,2000,0,0,0,1.0,0.9012235817575083,source_val_fallback,0.082
1f7f2e0f41,main,electronics,books,logreg,random,3,50,transfer,0.8202165191041564,0.822,2000,50,0,0,1.0,0.8707376909894072,budget_cv,0.261
1f7f2e0f41,main,electronics,books,logreg,random,3,50,target_only,0.7067388003005531,0.7188,0,50,0,0,0.01,0.7091630591630592,budget_cv,0.092
1f7f2e0f41,main,electronics,books,logreg,random,3,100,transfer,0.8422691717418096,0.8424,2000,100,0,0,10.0,0.8471058834425538,budget_cv,0.273
1f7f2e0f41,main,electronics,books,logreg,random,3,100,target_only,0.7829289552551175,0.7836,0,100,0,0,1.0,0.7044035409626807,budget_cv,0.104
1f7f2e0f41,main,electronics,books,logreg,random,3,250,transfer,0.8522874785096295,0.8524,2000,250,0,0,10.0,0.826114651488818,budget_cv,0.277
1f7f2e0f41,main,electronics,books,logreg,random,3,250,target_only,0.8373797731840368,0.8376,0,250,0,0,0.01,0.8192649020890039,budget_cv,0.11
1f7f2e0f41,main,electronics,books,logreg,random,3,500,transfer,0.8661502041570059,0.8664,2000,500,0,0,10.0,0.8332574601892352,budget_cv,0.303
1f7f2e0f41,main,electronics,books,logreg,random,3,500,target_only,0.8511128651166031,0.8516,0,500,0,0,10.0,0.8307978418903205,budget_cv,0.141
1f7f2e0f41,main,electronics,books,logreg,random,3,1000,transfer,0.891929174703934,0.892,2000,1000,0,0,10.0,0.8696507283993586,budget_cv,0.342
1f7f2e0f41,main,electronics,books,logreg,random,3,1000,target_only,0.8883197868036738,0.8884,0,1000,0,0,10.0,0.869535149943991,budget_cv,0.175
1f7f2e0f41,main,electronics,books,logreg,random,3,2000,transfer,0.9103853175304242,0.9104,2000,2000,0,0,10.0,0.8910782807104937,budget_cv,0.45
1f7f2e0f41,main,electronics,books,logreg,random,3,2000,target_only,0.9051769238561896,0.9052,0,2000,0,0,10.0,0.8845597038873784,budget_cv,0.253
1f7f2e0f41,main,electronics,books,logreg,random,4,0,source_only,0.8118863550857434,0.814,2000,0,0,0,1.0,0.9012235817575083,source_val_fallback,0.082
1f7f2e0f41,main,electronics,books,logreg,random,4,50,transfer,0.8303203808543489,0.8312,2000,50,0,0,10.0,0.8953794743268428,budget_cv,0.276
1f7f2e0f41,main,electronics,books,logreg,random,4,50,target_only,0.6399253499201188,0.662,0,50,0,0,0.01,0.801948051948052,budget_cv,0.103
1f7f2e0f41,main,electronics,books,logreg,random,4,100,transfer,0.8449159107619701,0.8452,2000,100,0,0,10.0,0.8563116559720974,budget_cv,0.276
1f7f2e0f41,main,electronics,books,logreg,random,4,100,target_only,0.750368686248003,0.7504,0,100,0,0,0.01,0.787143792587341,budget_cv,0.109
1f7f2e0f41,main,electronics,books,logreg,random,4,250,transfer,0.8506623845845043,0.8512,2000,250,0,0,10.0,0.8577541392002704,budget_cv,0.285
1f7f2e0f41,main,electronics,books,logreg,random,4,250,target_only,0.8061793768654726,0.81,0,250,0,0,10.0,0.7972256675623103,budget_cv,0.118
1f7f2e0f41,main,electronics,books,logreg,random,4,500,transfer,0.8739147663820743,0.874,2000,500,0,0,10.0,0.8593832188725958,budget_cv,0.305
1f7f2e0f41,main,electronics,books,logreg,random,4,500,target_only,0.8528994677285482,0.8532,0,500,0,0,1.0,0.8610909994451328,budget_cv,0.138
1f7f2e0f41,main,electronics,books,logreg,random,4,1000,transfer,0.8878673066560044,0.888,2000,1000,0,0,10.0,0.886329085734729,budget_cv,0.336
1f7f2e0f41,main,electronics,books,logreg,random,4,1000,target_only,0.8814597241792047,0.8816,0,1000,0,0,10.0,0.8882659017442681,budget_cv,0.177
1f7f2e0f41,main,electronics,books,logreg,random,4,2000,transfer,0.9103853175304242,0.9104,2000,2000,0,0,10.0,0.8886415918921098,budget_cv,0.45
1f7f2e0f41,main,electronics,books,logreg,random,4,2000,target_only,0.9051769238561896,0.9052,0,2000,0,0,10.0,0.8856245343181098,budget_cv,0.253
1f7f2e0f41,main,electronics,books,logreg,uncertainty,0,0,source_only,0.8118863550857434,0.814,2000,0,0,0,1.0,0.9012235817575083,source_val_fallback,0.08
1f7f2e0f41,main,electronics,books,logreg,uncertainty,0,50,transfer,0.8391717852284779,0.8396,2000,50,0,0,10.0,0.6735841772606479,budget_cv,0.276
1f7f2e0f41,main,electronics,books,logreg,uncertainty,0,50,target_only,0.6479298849708015,0.6556,0,50,0,0,1.0,0.7178362573099415,budget_cv,0.092
1f7f2e0f41,main,electronics,books,logreg,uncertainty,0,100,transfer,0.8499325536869291,0.85,2000,100,0,0,10.0,0.6236064968623108,budget_cv,0.279
1f7f2e0f41,main,electronics,books,logreg,uncertainty,0,100,target_only,0.6583811017562867,0.6636,0,100,0,0,0.01,0.5428712886029959,budget_cv,0.095
1f7f2e0f41,main,electronics,books,logreg,uncertainty,0,250,transfer,0.8623893434307552,0.8624,2000,250,0,0,10.0,0.6436853587227985,budget_cv,0.291
1f7f2e0f41,main,electronics,books,logreg,uncertainty,0,250,target_only,0.7345481817871706,0.7348,0,250,0,0,10.0,0.6461138278371868,budget_cv,0.121
1f7f2e0f41,main,electronics,books,logreg,uncertainty,0,500,transfer,0.8923970904173248,0.8924,2000,500,0,0,10.0,0.642495834883984,budget_cv,0.319
1f7f2e0f41,main,electronics,books,logreg,uncertainty,0,500,target_only,0.7665549387124628,0.7668,0,500,0,0,0.1,0.6621409923812077,budget_cv,0.129
1f7f2e0f41,main,electronics,books,logreg,uncertainty,0,1000,transfer,0.906785667364214,0.9068,2000,1000,0,0,10.0,0.7539062651993476,budget_cv,0.368
1f7f2e0f41,main,electronics,books,logreg,uncertainty,0,1000,target_only,0.8779365465343505,0.878,0,1000,0,0,10.0,0.7177065128747483,budget_cv,0.173
1f7f2e0f41,main,electronics,books,logreg,uncertainty,0,2000,transfer,0.9103853175304242,0.9104,2000,2000,0,0,10.0,0.8821124702239181,budget_cv,0.449
1f7f2e0f41,main,electronics,books,logreg,uncertainty,0,2000,target_only,0.9051769238561896,0.9052,0,2000,0,0,10.0,0.886644948886532,budget_cv,0.253
1f7f2e0f41,main,electronics,books,logreg,uncertainty,1,0,source_only,0.8118863550857434,0.814,2000,0,0,0,1.0,0.9012235817575083,source_val_fallback,0.08
1f7f2e0f41,main,electronics,books,logreg,uncertainty,1,50,transfer,0.8379427224758318,0.838,2000,50,0,0,10.0,0.659392241745183,budget_cv,0.275
1f7f2e0f41,main,electronics,books,logreg,uncertainty,1,50,target_only,0.612452261164898,0.6304,0,50,0,0,0.1,0.4511583445793972,budget_cv,0.098
1f7f2e0f41,main,electronics,books,logreg,uncertainty,1,100,transfer,0.8395956626667185,0.8396,2000,100,0,0,10.0,0.5920972934117524,budget_cv,0.281
1f7f2e0f41,main,electronics,books,logreg,uncertainty,1,100,target_only,0.7143268676781256,0.7144,0,100,0,0,0.01,0.5049862050083191,budget_cv,0.107
1f7f2e0f41,main,electronics,books,logreg,uncertainty,1,250,transfer,0.8643982426012241,0.8644,2000,250,0,0,10.0,0.6020679078056127,budget_cv,0.295
1f7f2e0f41,main,electronics,books,logreg,uncertainty,1,250,target_only,0.7359255591110043,0.7384,0,250,0,0,0.01,0.640988167291101,budget_cv,0.117
1f7f2e0f41,main,electronics,books,logreg,uncertainty,1,500,transfer,0.8919982719723516,0.892,2000,500,0,0,10.0,0.642332784760723,budget_cv,0.32
1f7f2e0f41,main,electronics,books,logreg,uncertainty,1,500,target_only,0.7690317812269032,0.7696,0,500,0,0,0.01,0.6406273232700127,budget_cv,0.137
1f7f2e0f41,main,electronics,books,logreg,uncertainty,1,1000,transfer,0.9043833397531186,0.9044,2000,1000,0,0,10.0,0.7544437237452074,budget_cv,0.366
1f7f2e0f41,main,electronics,books,logreg,uncertainty,1,1000,target_only,0.8807484069908005,0.8808,0,1000,0,0,10.0,0.7095590627214562,budget_cv,0.169
1f7f2e0f41,main,electronics,books,logreg,uncertainty,1,2000,transfer,0.9103853175304242,0.9104,2000,2000,0,0,10.0,0.8886166028581034,budget_cv,0.443
1f7f2e0f41,main,electronics,books,logreg,uncertainty,1,2000,target_only,0.9051769238561896,0.9052,0,2000,0,0,10.0,0.8826580887493128,budget_cv,0.248
1f7f2e0f41,main,electronics,books,logreg,uncertainty,2,0,source_only,0.8118863550857434,0.814,2000,0,0,0,1.0,0.9012235817575083,source_val_fallback,0.081
1f7f2e0f41,main,electronics,books,logreg,uncertainty,2,50,transfer,0.8427063536547119,0.8428,2000,50,0,0,10.0,0.7181232616015225,budget_cv,0.273
1f7f2e0f41,main,electronics,books,logreg,uncertainty,2,50,target_only,0.6226274093359251,0.6348,0,50,0,0,0.01,0.6370683896999686,budget_cv,0.095
1f7f2e0f41,main,electronics,books,logreg,uncertainty,2,100,transfer,0.8467821286674877,0.8468,2000,100,0,0,10.0,0.5849326599326599,budget_cv,0.278
1f7f2e0f41,main,electronics,books,logreg,uncertainty,2,100,target_only,0.6328776521403521,0.6428,0,100,0,0,0.01,0.5346005464109228,budget_cv,0.102
1f7f2e0f41,main,electronics,books,logreg,uncertainty,2,250,transfer,0.8691989745199602,0.8692,2000,250,0,0,10.0,0.5830674011221756,budget_cv,0.302
1f7f2e0f41,main,electronics,books,logreg,uncertainty,2,250,target_only,0.7398551997742668,0.742,0,250,0,0,0.01,0.6045554377166941,budget_cv,0.12
1f7f2e0f41,main,electronics,books,logreg,uncertainty,2,500,transfer,0.8891970038869852,0.8892,2000,500,0,0,10.0,0.6162972626924317,budget_cv,0.33
1f7f2e0f41,main,electronics,books,logreg,uncertainty,2,500,target_only,0.767957081341765,0.768,0,500,0,0,0.1,0.6637162733154068,budget_cv,0.161
1f7f2e0f41,main,electronics,books,logreg,uncertainty,2,1000,transfer,0.9063865196588309,0.9064,2000,1000,0,0,10.0,0.7528537795228484,budget_cv,0.393
1f7f2e0f41,main,electronics,books,logreg,uncertainty,2,1000,target_only,0.8779174722112147,0.878,0,1000,0,0,10.0,0.7148695648388985,budget_cv,0.175
1f7f2e0f41,main,electronics,books,logreg,uncertainty,2,2000,transfer,0.9103853175304242,0.9104,2000,2000,0,0,10.0,0.8855697944210118,budget_cv,0.455
1f7f2e0f41,main,electronics,books,logreg,uncertainty,2,2000,target_only,0.9051769238561896,0.9052,0,2000,0,0,10.0,0.8780162285545096,budget_cv,0.249
1f7f2e0f41,main,electronics,books,logreg,uncertainty,3,0,source_only,0.8118863550857434,0.814,2000,0,0,0,1.0,0.9012235817575083,source_val_fallback,0.081
1f7f2e0f41,main,electronics,books,logreg,uncertainty,3,50,transfer,0.829925860510967,0.8304,2000,50,0,0,1.0,0.7787231559290383,budget_cv,0.259
1f7f2e0f41,main,electronics,books,logreg,uncertainty,3,50,target_only,0.5694337722900824,0.5944,0,50,0,0,0.01,0.6310297110297111,budget_cv,0.093
1f7f2e0f41,main,electronics,books,logreg,uncertainty,3,100,transfer,0.8427969565490787,0.8428,2000,100,0,0,10.0,0.6686515304715507,budget_cv,0.279
1f7f2e0f41,main,electronics,books,logreg,uncertainty,3,100,target_only,0.6762072267345087,0.6764,0,100,0,0,0.01,0.6112945263661972,budget_cv,0.105
1f7f2e0f41,main,electronics,books,logreg,uncertainty,3,250,transfer,0.8607087140628482,0.8608,2000,250,0,0,10.0,0.6560930991782056,budget_cv,0.289
1f7f2e0f41,main,electronics,books,logreg,uncertainty,3,250,target_only,0.7651864371686108,0.7652,0,250,0,0,0.1,0.669095449675427,budget_cv,0.117
1f7f2e0f41,main,electronics,books,logreg,uncertainty,3,500,transfer,0.889595477830772,0.8896,2000,500,0,0,10.0,0.6836897856596732,budget_cv,0.317
1f7f2e0f41,main,electronics,books,logreg,uncertainty,3,500,target_only,0.7612139110321754,0.7632,0,500,0,0,0.01,0.7002729136826651,budget_cv,0.126
1f7f2e0f41,main,electronics,books,logreg,uncertainty,3,1000,transfer,0.9043888479152209,0.9044,2000,1000,0,0,10.0,0.7548219254948018,budget_cv,0.369
1f7f2e0f41,main,electronics,books,logreg,uncertainty,3,1000,target_only,0.8787021660190243,0.8788,0,1000,0,0,10.0,0.7195058525139472,budget_cv,0.175
1f7f2e0f41,main,electronics,books,logreg,uncertainty,3,2000,transfer,0.9103853175304242,0.9104,2000,2000,0,0,10.0,0.8796519546741653,budget_cv,0.453
1f7f2e0f41,main,electronics,books,logreg,uncertainty,3,2000,target_only,0.9051769238561896,0.9052,0,2000,0,0,10.0,0.8805856036460514,budget_cv,0.254
1f7f2e0f41,main,electronics,books,logreg,uncertainty,4,0,source_only,0.8118863550857434,0.814,2000,0,0,0,1.0,0.9012235817575083,source_val_fallback,0.081
1f7f2e0f41,main,electronics,books,logreg,uncertainty,4,50,transfer,0.8402920374172941,0.8404,2000,50,0,0,10.0,0.8169934640522877,budget_cv,0.273
1f7f2e0f41,main,electronics,books,logreg,uncertainty,4,50,target_only,0.6318093039070716,0.6424,0,50,0,0,0.01,0.6404151404151404,budget_cv,0.088
1f7f2e0f41,main,electronics,books,logreg,uncertainty,4,100,transfer,0.8466390077647912,0.8468,2000,100,0,0,10.0,0.6941999307211116,budget_cv,0.275
1f7f2e0f41,main,electronics,books,logreg,uncertainty,4,100,target_only,0.6386708929184581,0.6476,0,100,0,0,0.01,0.668474715460531,budget_cv,0.095
1f7f2e0f41,main,electronics,books,logreg,uncertainty,4,250,transfer,0.8655118618537845,0.8656,2000,250,0,0,10.0,0.5639853958723515,budget_cv,0.289
1f7f2e0f41,main,electronics,books,logreg,uncertainty,4,250,target_only,0.7435372593404211,0.7444,0,250,0,0,10.0,0.5778678335501483,budget_cv,0.118
1f7f2e0f41,main,electronics,books,logreg,uncertainty,4,500,transfer,0.8915762508619889,0.8916,2000,500,0,0,10.0,0.6388244318595769,budget_cv,0.319
1f7f2e0f41,main,electronics,books,logreg,uncertainty,4,500,target_only,0.7878858316700381,0.788,0,500,0,0,10.0,0.6432256722251475,budget_cv,0.132
1f7f2e0f41,main,electronics,books,logreg,uncertainty,4,1000,transfer,0.9067837580019942,0.9068,2000,1000,0,0,10.0,0.7748380545731819,budget_cv,0.367
1f7f2e0f41,main,electronics,books,logreg,uncertainty,4,1000,target_only,0.8719107269002204,0.872,0,1000,0,0,10.0,0.7359205417297824,budget_cv,0.175
1f7f2e0f41,main,electronics,books,logreg,uncertainty,4,2000,transfer,0.9103853175304242,0.9104,2000,2000,0,0,10.0,0.8866764033361693,budget_cv,0.442
1f7f2e0f41,main,electronics,books,logreg,uncertainty,4,2000,target_only,0.9051769238561896,0.9052,0,2000,0,0,10.0,0.8906118973546627,budget_cv,0.251
1f7f2e0f41,main,electronics,books,logreg,self_training,0,0,uda_self_training,0.7650094104373087,0.774,2000,0,0,1000,1.0,0.9012235817575083,source_val_fallback,0.14
1f7f2e0f41,main,electronics,books,logreg,self_training,0,50,transfer,0.8288976467344589,0.8312,2000,50,0,1000,10.0,0.7919719169719169,budget_cv,0.355
1f7f2e0f41,main,electronics,books,logreg,self_training,0,50,target_only,0.417317923586399,0.5432,0,50,0,1000,0.01,0.605130249867092,budget_cv,0.125
1f7f2e0f41,main,electronics,books,logreg,self_training,0,100,transfer,0.77974297827239,0.7872,2000,100,0,1000,1.0,0.7949539905724604,budget_cv,0.324
1f7f2e0f41,main,electronics,books,logreg,self_training,0,100,target_only,0.4943208113939538,0.582,0,100,0,1000,0.01,0.7705931495405179,budget_cv,0.13
1f7f2e0f41,main,electronics,books,logreg,self_training,0,250,transfer,0.8120622906288306,0.8156,2000,250,0,1000,1.0,0.8458003019253835,budget_cv,0.336
1f7f2e0f41,main,electronics,books,logreg,self_training,0,250,target_only,0.6041269920521091,0.6524,0,250,0,1000,0.01,0.8097123546377191,budget_cv,0.134
1f7f2e0f41,main,electronics,books,logreg,self_training,0,500,transfer,0.8771008744813216,0.8772,2000,500,0,1000,10.0,0.8758879361010754,budget_cv,0.407
1f7f2e0f41,main,electronics,books,logreg,self_training,0,500,target_only,0.8662726005328856,0.8668,0,500,0,1000,10.0,0.8556099835157718,budget_cv,0.2
1f7f2e0f41,main,electronics,books,logreg,self_training,0,1000,transfer,0.8927752267883972,0.8928,2000,1000,0,1000,10.0,0.8656426580494393,budget_cv,0.453
1f7f2e0f41,main,electronics,books,logreg,self_training,0,1000,target_only,0.8867137030304204,0.8868,0,1000,0,1000,10.0,0.8596965534556631,budget_cv,0.247
1f7f2e0f41,main,electronics,books,logreg,self_training,0,2000,transfer,0.9115881032951794,0.9116,2000,2000,0,1000,10.0,0.8829215669013492,budget_cv,0.59
1f7f2e0f41,main,electronics,books,logreg,self_training,0,2000,target_only,0.9019653506335279,0.902,0,2000,0,1000,10.0,0.8845344972299983,budget_cv,0.357
1f7f2e0f41,main,electronics,books,logreg,self_training,1,0,uda_self_training,0.7650094104373087,0.774,2000,0,0,1000,1.0,0.9012235817575083,source_val_fallback,0.141
1f7f2e0f41,main,electronics,books,logreg,self_training,1,50,transfer,0.8459746954521595,0.8468,2000,50,0,1000,10.0,0.8149733307628045,budget_cv,0.355
1f7f2e0f41,main,electronics,books,logreg,self_training,1,50,target_only,0.40826262619621356,0.5392,0,50,0,1000,0.1,0.6493741765480895,budget_cv,0.13
1f7f2e0f41,main,electronics,books,logreg,self_training,1,100,transfer,0.8477367412448626,0.8484,2000,100,0,1000,10.0,0.822644660575695,budget_cv,0.362
1f7f2e0f41,main,electronics,books,logreg,self_training,1,100,target_only,0.4188052096981259,0.542,0,100,0,1000,0.01,0.674773519163763,budget_cv,0.123
1f7f2e0f41,main,electronics,books,logreg,self_training,1,250,transfer,0.8625667152451257,0.8628,2000,250,0,1000,10.0,0.8210304084052925,budget_cv,0.37
1f7f2e0f41,main,electronics,books,logreg,self_training,1,250,target_only,0.734827264239029,0.7444,0,250,0,1000,1.0,0.8135520144649359,budget_cv,0.159
1f7f2e0f41,main,electronics,books,logreg,self_training,1,500,transfer,0.8791996907512083,0.8792,2000,500,0,1000,10.0,0.8636205369988521,budget_cv,0.402
1f7f2e0f41,main,electronics,books,logreg,self_training,1,500,target_only,0.8591797218799507,0.8592,0,500,0,1000,10.0,0.8757385040423568,budget_cv,0.2
1f7f2e0f41,main,electronics,books,logreg,self_training,1,1000,transfer,0.8915999826559973,0.8916,2000,1000,0,1000,10.0,0.8629243340581634,budget_cv,0.452
1f7f2e0f41,main,electronics,books,logreg,self_training,1,1000,target_only,0.8621330896615849,0.8624,0,1000,0,1000,1.0,0.8669575005738736,budget_cv,0.225
1f7f2e0f41,main,electronics,books,logreg,self_training,1,2000,transfer,0.9115881032951794,0.9116,2000,2000,0,1000,10.0,0.8850589485740267,budget_cv,0.589
1f7f2e0f41,main,electronics,books,logreg,self_training,1,2000,target_only,0.9019653506335279,0.902,0,2000,0,1000,10.0,0.8869926349435047,budget_cv,0.355
1f7f2e0f41,main,electronics,books,logreg,self_training,2,0,uda_self_training,0.7650094104373087,0.774,2000,0,0,1000,1.0,0.9012235817575083,source_val_fallback,0.14
1f7f2e0f41,main,electronics,books,logreg,self_training,2,50,transfer,0.7570484794078305,0.7676,2000,50,0,1000,1.0,0.8407321408095401,budget_cv,0.323
1f7f2e0f41,main,electronics,books,logreg,self_training,2,50,target_only,0.39652663880217975,0.5328,0,50,0,1000,0.01,0.7097296494355317,budget_cv,0.124
1f7f2e0f41,main,electronics,books,logreg,self_training,2,100,transfer,0.8254501068050046,0.8284,2000,100,0,1000,10.0,0.8885497230324816,budget_cv,0.359
1f7f2e0f41,main,electronics,books,logreg,self_training,2,100,target_only,0.6051693404634582,0.6456,0,100,0,1000,1.0,0.7859815520082112,budget_cv,0.162
1f7f2e0f41,main,electronics,books,logreg,self_training,2,250,transfer,0.8612586741397716,0.8616,2000,250,0,1000,10.0,0.860067224098623,budget_cv,0.372
1f7f2e0f41,main,electronics,books,logreg,self_training,2,250,target_only,0.825412701845444,0.8264,0,250,0,1000,10.0,0.8079697478764333,budget_cv,0.182
1f7f2e0f41,main,electronics,books,logreg,self_training,2,500,transfer,0.8733892386622467,0.8736,2000,500,0,1000,10.0,0.840519013710936,budget_cv,0.402
1f7f2e0f41,main,electronics,books,logreg,self_training,2,500,target_only,0.852718117244726,0.8532,0,500,0,1000,10.0,0.8512517382166287,budget_cv,0.201
1f7f2e0f41,main,electronics,books,logreg,self_training,2,1000,transfer,0.895529377859433,0.8956,2000,1000,0,1000,10.0,0.8734295727512761,budget_cv,0.454
1f7f2e0f41,main,electronics,books,logreg,self_training,2,1000,target_only,0.8826375892014405,0.8828,0,1000,0,1000,10.0,0.8624121200368909,budget_cv,0.241
1f7f2e0f41,main,electronics,books,logreg,self_training,2,2000,transfer,0.9115881032951794,0.9116,2000,2000,0,1000,10.0,0.8885267297636362,budget_cv,0.596
1f7f2e0f41,main,electronics,books,logreg,self_training,2,2000,target_only,0.9019653506335279,0.902,0,2000,0,1000,10.0,0.8880856661799531,budget_cv,0.355
1f7f2e0f41,main,electronics,books,logreg,self_training,3,0,uda_self_training,0.7650094104373087,0.774,2000,0,0,1000,1.0,0.9012235817575083,source_val_fallback,0.141
1f7f2e0f41,main,electronics,books,logreg,self_training,3,50,transfer,0.7795078019553943,0.7864,2000,50,0,1000,1.0,0.8707376909894072,budget_cv,0.316
1f7f2e0f41,main,electronics,books,logreg,self_training,3,50,target_only,0.3967469618688252,0.5332,0,50,0,1000,0.01,0.7091630591630592,budget_cv,0.116
1f7f2e0f41,main,electronics,books,logreg,self_training,3,100,transfer,0.8582690178955783,0.8584,2000,100,0,1000,10.0,0.8471058834425538,budget_cv,0.36
1f7f2e0f41,main,electronics,books,logreg,self_training,3,100,target_only,0.7994019241758844,0.8032,0,100,0,1000,1.0,0.7044035409626807,budget_cv,0.143
1f7f2e0f41,main,electronics,books,logreg,self_training,3,250,transfer,0.8663010841941301,0.8664,2000,250,0,1000,10.0,0.826114651488818,budget_cv,0.38
1f7f2e0f41,main,electronics,books,logreg,self_training,3,250,target_only,0.6153216743517853,0.66,0,250,0,1000,0.01,0.8192649020890039,budget_cv,0.131
1f7f2e0f41,main,electronics,books,logreg,self_training,3,500,transfer,0.8713816781157007,0.8716,2000,500,0,1000,10.0,0.8332574601892352,budget_cv,0.399
1f7f2e0f41,main,electronics,books,logreg,self_training,3,500,target_only,0.8386582546862735,0.8396,0,500,0,1000,10.0,0.8307978418903205,budget_cv,0.2
1f7f2e0f41,main,electronics,books,logreg,self_training,3,1000,transfer,0.8895276008084658,0.8896,2000,1000,0,1000,10.0,0.8696507283993586,budget_cv,0.457
1f7f2e0f41,main,electronics,books,logreg,self_training,3,1000,target_only,0.884225708750982,0.8844,0,1000,0,1000,10.0,0.869535149943991,budget_cv,0.243
1f7f2e0f41,main,electronics,books,logreg,self_training,3,2000,transfer,0.9115881032951794,0.9116,2000,2000,0,1000,10.0,0.8910782807104937,budget_cv,0.594
1f7f2e0f41,main,electronics,books,logreg,self_training,3,2000,target_only,0.9019653506335279,0.902,0,2000,0,1000,10.0,0.8845597038873784,budget_cv,0.361
1f7f2e0f41,main,electronics,books,logreg,self_training,4,0,uda_self_training,0.7650094104373087,0.774,2000,0,0,1000,1.0,0.9012235817575083,source_val_fallback,0.141
1f7f2e0f41,main,electronics,books,logreg,self_training,4,50,transfer,0.83130453778657,0.8332,2000,50,0,1000,10.0,0.8953794743268428,budget_cv,0.355
1f7f2e0f41,main,electronics,books,logreg,self_training,4,50,target_only,0.40837697194004774,0.5384,0,50,0,1000,0.01,0.801948051948052,budget_cv,0.129
1f7f2e0f41,main,electronics,books,logreg,self_training,4,100,transfer,0.8526335232634246,0.8532,2000,100,0,1000,10.0,0.8563116559720974,budget_cv,0.358
1f7f2e0f41,main,electronics,books,logreg,self_training,4,100,target_only,0.5080119910282954,0.5912,0,100,0,1000,0.01,0.787143792587341,budget_cv,0.128
1f7f2e0f41,main,electronics,books,logreg,self_training,4,250,transfer,0.852099923863613,0.8528,2000,250,0,1000,10.0,0.8577541392002704,budget_cv,0.379
1f7f2e0f41,main,electronics,books,logreg,self_training,4,250,target_only,0.7743943886338142,0.7836,0,250,0,1000,10.0,0.7972256675623103,budget_cv,0.176
1f7f2e0f41,main,electronics,books,logreg,self_training,4,500,transfer,0.8738541754267933,0.874,2000,500,0,1000,10.0,0.8593832188725958,budget_cv,0.398
1f7f2e0f41,main,electronics,books,logreg,self_training,4,500,target_only,0.780798612815102,0.7856,0,500,0,1000,1.0,0.8610909994451328,budget_cv,0.183
1f7f2e0f41,main,electronics,books,logreg,self_training,4,1000,transfer,0.8890656540697046,0.8892,2000,1000,0,1000,10.0,0.886329085734729,budget_cv,0.447
1f7f2e0f41,main,electronics,books,logreg,self_training,4,1000,target_only,0.8773359091188966,0.8776,0,1000,0,1000,10.0,0.8882659017442681,budget_cv,0.242
1f7f2e0f41,main,electronics,books,logreg,self_training,4,2000,transfer,0.9115881032951794,0.9116,2000,2000,0,1000,10.0,0.8886415918921098,budget_cv,0.594
1f7f2e0f41,main,electronics,books,logreg,self_training,4,2000,target_only,0.9019653506335279,0.902,0,2000,0,1000,10.0,0.8856245343181098,budget_cv,0.364
1f7f2e0f41,main,electronics,books,svm,random,0,0,source_only,0.8106237180682454,0.8128,2000,0,0,0,0.1,0.8985627949687147,source_val_fallback,0.052
1f7f2e0f41,main,electronics,books,svm,random,0,50,transfer,0.8315747161089337,0.8324,2000,50,0,0,1.0,0.7919719169719169,budget_cv,0.17
1f7f2e0f41,main,electronics,books,svm,random,0,50,target_only,0.5829308623719044,0.6324,0,50,0,0,0.01,0.562687747035573,budget_cv,0.041
1f7f2e0f41,main,electronics,books,svm,random,0,100,transfer,0.8096405184986393,0.8124,2000,100,0,0,0.1,0.7949539905724604,budget_cv,0.171
1f7f2e0f41,main,electronics,books,svm,random,0,100,target_only,0.7007787946840557,0.7196,0,100,0,0,0.01,0.6593063628337984,budget_cv,0.041
1f7f2e0f41,main,electronics,books,svm,random,0,250,transfer,0.8273178753579615,0.8292,2000,250,0,0,0.1,0.8496403550100529,budget_cv,0.186
1f7f2e0f41,main,electronics,books,svm,random,0,250,target_only,0.8263730740332291,0.828,0,250,0,0,0.01,0.8064770241263846,budget_cv,0.046
1f7f2e0f41,main,electronics,books,svm,random,0,500,transfer,0.8755209508246117,0.8756,2000,500,0,0,1.0,0.8679001793235862,budget_cv,0.209
1f7f2e0f41,main,electronics,books,svm,random,0,500,target_only,0.8766919624298024,0.8768,0,500,0,0,10.0,0.8596710503110546,budget_cv,0.062
1f7f2e0f41,main,electronics,books,svm,random,0,1000,transfer,0.8955795335885834,0.8956,2000,1000,0,0,1.0,0.8686713153973006,budget_cv,0.256
1f7f2e0f41,main,electronics,books,svm,random,0,1000,target_only,0.8875753745100327,0.8876,0,1000,0,0,1.0,0.8607864461381087,budget_cv,0.09
1f7f2e0f41,main,electronics,books,svm,random,0,2000,transfer,0.9091860364449638,0.9092,2000,2000,0,0,1.0,0.8815326647820302,budget_cv,0.325
1f7f2e0f41,main,electronics,books,svm,random,0,2000,target_only,0.9003705256162984,0.9004,0,2000,0,0,10.0,0.8849902718734967,budget_cv,0.144
1f7f2e0f41,main,electronics,books,svm,random,1,0,source_only,0.8106237180682454,0.8128,2000,0,0,0,0.1,0.8985627949687147,source_val_fallback,0.051
1f7f2e0f41,main,electronics,books,svm,random,1,50,transfer,0.8360768484559722,0.8364,2000,50,0,0,1.0,0.8149733307628045,budget_cv,0.17
1f7f2e0f41,main,electronics,books,svm,random,1,50,target_only,0.6730384142679369,0.694,0,50,0,0,0.01,0.6493741765480895,budget_cv,0.04
1f7f2e0f41,main,electronics,books,svm,random,1,100,transfer,0.8413038348687856,0.8416,2000,100,0,0,1.0,0.8448368071175089,budget_cv,0.175
1f7f2e0f41,main,electronics,books,svm,random,1,100,target_only,0.7553838461055145,0.7608,0,100,0,0,0.1,0.6647421082456472,budget_cv,0.041
1f7f2e0f41,main,electronics,books,svm,random,1,250,transfer,0.8571833418649951,0.8572,2000,250,0,0,10.0,0.8256520770890033,budget_cv,0.2
1f7f2e0f41,main,electronics,books,svm,random,1,250,target_only,0.8318605384049746,0.832,0,250,0,0,10.0,0.8218427405927407,budget_cv,0.046
1f7f2e0f41,main,electronics,books,svm,random,1,500,transfer,0.8723983462825677,0.8724,2000,500,0,0,1.0,0.8577583068497004,budget_cv,0.199
1f7f2e0f41,main,electronics,books,svm,random,1,500,target_only,0.8639616045232607,0.864,0,500,0,0,10.0,0.8777786497855052,budget_cv,0.057
1f7f2e0f41,main,electronics,books,svm,random,1,1000,transfer,0.889595477830772,0.8896,2000,1000,0,0,10.0,0.8649388843858765,budget_cv,0.258
1f7f2e0f41,main,electronics,books,svm,random,1,1000,target_only,0.8855988285320042,0.8856,0,1000,0,0,10.0,0.8679025129553453,budget_cv,0.086
1f7f2e0f41,main,electronics,books,svm,random,1,2000,transfer,0.9091860364449638,0.9092,2000,2000,0,0,1.0,0.8861418073512793,budget_cv,0.308
1f7f2e0f41,main,electronics,books,svm,random,1,2000,target_only,0.9003705256162984,0.9004,0,2000,0,0,10.0,0.889468148188629,budget_cv,0.146
1f7f2e0f41,main,electronics,books,svm,random,2,0,source_only,0.8106237180682454,0.8128,2000,0,0,0,0.1,0.8985627949687147,source_val_fallback,0.052
1f7f2e0f41,main,electronics,books,svm,random,2,50,transfer,0.8087154597383812,0.8116,2000,50,0,0,0.1,0.8407321408095401,budget_cv,0.165
1f7f2e0f41,main,electronics,books,svm,random,2,50,target_only,0.625438492246885,0.6596,0,50,0,0,0.01,0.6891414141414142,budget_cv,0.039
1f7f2e0f41,main,electronics,books,svm,random,2,100,transfer,0.8345088439923328,0.8356,2000,100,0,0,1.0,0.8990671369981715,budget_cv,0.172
1f7f2e0f41,main,electronics,books,svm,random,2,100,target_only,0.7136922698930899,0.7276,0,100,0,0,0.1,0.7859815520082112,budget_cv,0.041
1f7f2e0f41,main,electronics,books,svm,random,2,250,transfer,0.8610317038346118,0.8612,2000,250,0,0,1.0,0.8720733358155356,budget_cv,0.184
1f7f2e0f41,main,electronics,books,svm,random,2,250,target_only,0.8334028556032067,0.8336,0,250,0,0,1.0,0.8199687287451461,budget_cv,0.047
1f7f2e0f41,main,electronics,books,svm,random,2,500,transfer,0.8702535214155374,0.8704,2000,500,0,0,1.0,0.8487174892508698,budget_cv,0.206
1f7f2e0f41,main,electronics,books,svm,random,2,500,target_only,0.852296247489839,0.8528,0,500,0,0,0.01,0.849439146690908,budget_cv,0.055
1f7f2e0f41,main,electronics,books,svm,random,2,1000,transfer,0.8915583410522987,0.8916,2000,1000,0,0,1.0,0.877575235875522,budget_cv,0.236
1f7f2e0f41,main,electronics,books,svm,random,2,1000,target_only,0.8814846324005641,0.8816,0,1000,0,0,10.0,0.8653556133265288,budget_cv,0.083
1f7f2e0f41,main,electronics,books,svm,random,2,2000,transfer,0.9091860364449638,0.9092,2000,2000,0,0,1.0,0.8901453368830802,budget_cv,0.305
1f7f2e0f41,main,electronics,books,svm,random,2,2000,target_only,0.9023774452849587,0.9024,0,2000,0,0,1.0,0.8910935798704771,budget_cv,0.133
1f7f2e0f41,main,electronics,books,svm,random,3,0,source_only,0.8106237180682454,0.8128,2000,0,0,0,0.1,0.8985627949687147,source_val_fallback,0.054
1f7f2e0f41,main,electronics,books,svm,random,3,50,transfer,0.836110899626942,0.8364,2000,50,0,0,1.0,0.8758291416186154,budget_cv,0.168
1f7f2e0f41,main,electronics,books,svm,random,3,50,target_only,0.6895381227648656,0.7076,0,50,0,0,0.01,0.6481115502854633,budget_cv,0.039
1f7f2e0f41,main,electronics,books,svm,random,3,100,transfer,0.8371978900846555,0.8372,2000,100,0,0,10.0,0.8595260851587326,budget_cv,0.184
1f7f2e0f41,main,electronics,books,svm,random,3,100,target_only,0.775055448831863,0.776,0,100,0,0,10.0,0.7140724264380177,budget_cv,0.041
1f7f2e0f41,main,electronics,books,svm,random,3,250,transfer,0.8523232317087714,0.8524,2000,250,0,0,1.0,0.8182192269035252,budget_cv,0.194
1f7f2e0f41,main,electronics,books,svm,random,3,250,target_only,0.8292694656855673,0.8296,0,250,0,0,1.0,0.8221279162228151,budget_cv,0.046
1f7f2e0f41,main,electronics,books,svm,random,3,500,transfer,0.8674676585050768,0.8676,2000,500,0,0,10.0,0.8344753627771434,budget_cv,0.224
1f7f2e0f41,main,electronics,books,svm,random,3,500,target_only,0.8538879297942742,0.8544,0,500,0,0,1.0,0.8286604154255802,budget_cv,0.056
1f7f2e0f41,main,electronics,books,svm,random,3,1000,transfer,0.8931589559445157,0.8932,2000,1000,0,0,10.0,0.8710013100216174,budget_cv,0.26
1f7f2e0f41,main,electronics,books,svm,random,3,1000,target_only,0.8851073321698348,0.8852,0,1000,0,0,1.0,0.8706461903332509,budget_cv,0.081
1f7f2e0f41,main,electronics,books,svm,random,3,2000,transfer,0.9091860364449638,0.9092,2000,2000,0,0,1.0,0.8921234583896084,budget_cv,0.301
1f7f2e0f41,main,electronics,books,svm,random,3,2000,target_only,0.9023774452849587,0.9024,0,2000,0,0,1.0,0.8855467708849684,budget_cv,0.138
1f7f2e0f41,main,electronics,books,svm,random,4,0,source_only,0.8106237180682454,0.8128,2000,0,0,0,0.1,0.8985627949687147,source_val_fallback,0.052
1f7f2e0f41,main,electronics,books,svm,random,4,50,transfer,0.7675881384897778,0.7744,2000,50,0,0,0.01,0.8898770311813791,budget_cv,0.165
1f7f2e0f41,main,electronics,books,svm,random,4,50,target_only,0.5339322655735619,0.6028,0,50,0,0,0.01,0.7311447811447812,budget_cv,0.04
1f7f2e0f41,main,electronics,books,svm,random,4,100,transfer,0.846182539026374,0.8464,2000,100,0,0,1.0,0.8577408031037064,budget_cv,0.173
1f7f2e0f41,main,electronics,books,svm,random,4,100,target_only,0.7380399127766613,0.7428,0,100,0,0,0.01,0.7595886386208967,budget_cv,0.042
1f7f2e0f41,main,electronics,books,svm,random,4,250,transfer,0.8322547787177798,0.834,2000,250,0,0,0.1,0.8511338862038184,budget_cv,0.18
1f7f2e0f41,main,electronics,books,svm,random,4,250,target_only,0.8005246528638448,0.8048,0,250,0,0,10.0,0.8061985232232319,budget_cv,0.048
1f7f2e0f41,main,electronics,books,svm,random,4,500,transfer,0.87595427178275,0.876,2000,500,0,0,1.0,0.8553785020024508,budget_cv,0.204
1f7f2e0f41,main,electronics,books,svm,random,4,500,target_only,0.8512629976495545,0.8516,0,500,0,0,0.1,0.861039164358646,budget_cv,0.054
1f7f2e0f41,main,electronics,books,svm,random,4,1000,transfer,0.8890947908824227,0.8892,2000,1000,0,0,1.0,0.8854330955380741,budget_cv,0.232
1f7f2e0f41,main,electronics,books,svm,random,4,1000,target_only,0.8830802742007816,0.8832,0,1000,0,0,1.0,0.8811366340178646,budget_cv,0.079
1f7f2e0f41,main,electronics,books,svm,random,4,2000,transfer,0.9043904390439044,0.9044,2000,2000,0,0,10.0,0.8876769837358925,budget_cv,0.343
1f7f2e0f41,main,electronics,books,svm,random,4,2000,target_only,0.9023774452849587,0.9024,0,2000,0,0,1.0,0.8880881743691141,budget_cv,0.152
1f7f2e0f41,main,electronics,books,svm,uncertainty,0,0,source_only,0.8106237180682454,0.8128,2000,0,0,0,0.1,0.8985627949687147,source_val_fallback,0.051
1f7f2e0f41,main,electronics,books,svm,uncertainty,0,50,transfer,0.8281194634634865,0.8284,2000,50,0,0,10.0,0.6551308827624617,budget_cv,0.185
1f7f2e0f41,main,electronics,books,svm,uncertainty,0,50,target_only,0.5627715388931323,0.6156,0,50,0,0,0.1,0.5002517932952716,budget_cv,0.039
1f7f2e0f41,main,electronics,books,svm,uncertainty,0,100,transfer,0.8270484598121093,0.8284,2000,100,0,0,0.1,0.5880143112701253,budget_cv,0.177
1f7f2e0f41,main,electronics,books,svm,uncertainty,0,100,target_only,0.691748690413577,0.6928,0,100,0,0,0.01,0.575488821855291,budget_cv,0.043
1f7f2e0f41,main,electronics,books,svm,uncertainty,0,250,transfer,0.8546239437808764,0.8548,2000,250,0,0,0.1,0.5551099143913402,budget_cv,0.188
1f7f2e0f41,main,electronics,books,svm,uncertainty,0,250,target_only,0.7502151992129857,0.7504,0,250,0,0,0.01,0.6153127757460463,budget_cv,0.048
1f7f2e0f41,main,electronics,books,svm,uncertainty,0,500,transfer,0.8947951353270576,0.8948,2000,500,0,0,1.0,0.5944783559118774,budget_cv,0.216
1f7f2e0f41,main,electronics,books,svm,uncertainty,0,500,target_only,0.7951180472188876,0.7952,0,500,0,0,0.1,0.6260354090498493,budget_cv,0.059
1f7f2e0f41,main,electronics,books,svm,uncertainty,0,1000,transfer,0.9083820428804046,0.9084,2000,1000,0,0,1.0,0.7426557946099264,budget_cv,0.257
1f7f2e0f41,main,electronics,books,svm,uncertainty,0,1000,target_only,0.8839286114531881,0.884,0,1000,0,0,10.0,0.6945357424946029,budget_cv,0.094
1f7f2e0f41,main,electronics,books,svm,uncertainty,0,2000,transfer,0.9091860364449638,0.9092,2000,2000,0,0,1.0,0.8841583774900018,budget_cv,0.308
1f7f2e0f41,main,electronics,books,svm,uncertainty,0,2000,target_only,0.9023774452849587,0.9024,0,2000,0,0,1.0,0.8835701388484667,budget_cv,0.14
1f7f2e0f41,main,electronics,books,svm,uncertainty,1,0,source_only,0.8106237180682454,0.8128,2000,0,0,0,0.1,0.8985627949687147,source_val_fallback,0.055
1f7f2e0f41,main,electronics,books,svm,uncertainty,1,50,transfer,0.8318277916586585,0.832,2000,50,0,0,10.0,0.7461959609018433,budget_cv,0.19
1f7f2e0f41,main,electronics,books,svm,uncertainty,1,50,target_only,0.6440206938174718,0.6596,0,50,0,0,10.0,0.48391312052639285,budget_cv,0.04
1f7f2e0f41,main,electronics,books,svm,uncertainty,1,100,transfer,0.8451498285444484,0.8452,2000,100,0,0,1.0,0.6030270655270655,budget_cv,0.178
1f7f2e0f41,main,electronics,books,svm,uncertainty,1,100,target_only,0.6931917849707885,0.6948,0,100,0,0,10.0,0.6757288441692467,budget_cv,0.043
1f7f2e0f41,main,electronics,books,svm,uncertainty,1,250,transfer,0.8706574334494452,0.8708,2000,250,0,0,1.0,0.5664335112821067,budget_cv,0.191
1f7f2e0f41,main,electronics,books,svm,uncertainty,1,250,target_only,0.7581147064481693,0.7604,0,250,0,0,0.1,0.5895580302733407,budget_cv,0.048
1f7f2e0f41,main,electronics,books,svm,uncertainty,1,500,transfer,0.8955719130217263,0.8956,2000,500,0,0,1.0,0.6167875280368383,budget_cv,0.209
1f7f2e0f41,main,electronics,books,svm,uncertainty,1,500,target_only,0.7878778176229508,0.788,0,500,0,0,0.01,0.6129325396678119,budget_cv,0.058
1f7f2e0f41,main,electronics,books,svm,uncertainty,1,1000,transfer,0.905589788591534,0.9056,2000,1000,0,0,10.0,0.7438493866936146,budget_cv,0.284
1f7f2e0f41,main,electronics,books,svm,uncertainty,1,1000,target_only,0.8899759003212064,0.89,0,1000,0,0,10.0,0.6997718939083262,budget_cv,0.096
1f7f2e0f41,main,electronics,books,svm,uncertainty,1,2000,transfer,0.9043904390439044,0.9044,2000,2000,0,0,10.0,0.8831332184773494,budget_cv,0.356
1f7f2e0f41,main,electronics,books,svm,uncertainty,1,2000,target_only,0.9003705256162984,0.9004,0,2000,0,0,10.0,0.8783978663701518,budget_cv,0.156
1f7f2e0f41,main,electronics,books,svm,uncertainty,2,0,source_only,0.8106237180682454,0.8128,2000,0,0,0,0.1,0.8985627949687147,source_val_fallback,0.054
1f7f2e0f41,main,electronics,books,svm,uncertainty,2,50,transfer,0.8185432360660561,0.82,2000,50,0,0,0.1,0.7384634128055181,budget_cv,0.167
1f7f2e0f41,main,electronics,books,svm,uncertainty,2,50,target_only,0.6930056589557383,0.6936,0,50,0,0,0.01,0.6845788714209767,budget_cv,0.039
1f7f2e0f41,main,electronics,books,svm,uncertainty,2,100,transfer,0.8335370560988162,0.8344,2000,100,0,0,0.1,0.6377142928867067,budget_cv,0.171
1f7f2e0f41,main,electronics,books,svm,uncertainty,2,100,target_only,0.7193094563521393,0.72,0,100,0,0,0.01,0.6150279335314724,budget_cv,0.041
1f7f2e0f41,main,electronics,books,svm,uncertainty,2,250,transfer,0.8638932923411955,0.864,2000,250,0,0,1.0,0.5748897522720552,budget_cv,0.194
1f7f2e0f41,main,electronics,books,svm,uncertainty,2,250,target_only,0.7363629616284542,0.738,0,250,0,0,0.1,0.623791186718149,budget_cv,0.048
1f7f2e0f41,main,electronics,books,svm,uncertainty,2,500,transfer,0.8911721400678574,0.8912,2000,500,0,0,1.0,0.5971921872846119,budget_cv,0.217
1f7f2e0f41,main,electronics,books,svm,uncertainty,2,500,target_only,0.8098941186283113,0.81,0,500,0,0,10.0,0.6400152369980924,budget_cv,0.062
1f7f2e0f41,main,electronics,books,svm,uncertainty,2,1000,transfer,0.9063760322642597,0.9064,2000,1000,0,0,1.0,0.7479023448021213,budget_cv,0.256
1f7f2e0f41,main,electronics,books,svm,uncertainty,2,1000,target_only,0.8863615265584317,0.8864,0,1000,0,0,1.0,0.7056577176693418,budget_cv,0.09
1f7f2e0f41,main,electronics,books,svm,uncertainty,2,2000,transfer,0.9091860364449638,0.9092,2000,2000,0,0,1.0,0.8882253784675389,budget_cv,0.315
1f7f2e0f41,main,electronics,books,svm,uncertainty,2,2000,target_only,0.9023774452849587,0.9024,0,2000,0,0,1.0,0.8856436675746077,budget_cv,0.141
1f7f2e0f41,main,electronics,books,svm,uncertainty,3,0,source_only,0.8106237180682454,0.8128,2000,0,0,0,0.1,0.8985627949687147,source_val_fallback,0.052
1f7f2e0f41,main,electronics,books,svm,uncertainty,3,50,transfer,0.8282301087255252,0.8288,2000,50,0,0,10.0,0.6623267570635992,budget_cv,0.18
1f7f2e0f41,main,electronics,books,svm,uncertainty,3,50,target_only,0.49695548712206045,0.5768,0,50,0,0,0.01,0.4686636819970153,budget_cv,0.039
1f7f2e0f41,main,electronics,books,svm,uncertainty,3,100,transfer,0.8399015330388803,0.84,2000,100,0,0,10.0,0.6478574876470112,budget_cv,0.185
1f7f2e0f41,main,electronics,books,svm,uncertainty,3,100,target_only,0.602156361939856,0.6136,0,100,0,0,0.01,0.7073686589815621,budget_cv,0.041
1f7f2e0f41,main,electronics,books,svm,uncertainty,3,250,transfer,0.8707826125083391,0.8708,2000,250,0,0,1.0,0.6149801587301588,budget_cv,0.187
1f7f2e0f41,main,electronics,books,svm,uncertainty,3,250,target_only,0.7529725106526595,0.7536,0,250,0,0,10.0,0.6555011448653781,budget_cv,0.049
1f7f2e0f41,main,electronics,books,svm,uncertainty,3,500,transfer,0.8907949503585046,0.8908,2000,500,0,0,10.0,0.5905130651709204,budget_cv,0.235
1f7f2e0f41,main,electronics,books,svm,uncertainty,3,500,target_only,0.7791644160745135,0.7804,0,500,0,0,0.01,0.6275035903505667,budget_cv,0.06
1f7f2e0f41,main,electronics,books,svm,uncertainty,3,1000,transfer,0.9079849242499891,0.908,2000,1000,0,0,1.0,0.7445294410663682,budget_cv,0.25
1f7f2e0f41,main,electronics,books,svm,uncertainty,3,1000,target_only,0.8839141150188556,0.884,0,1000,0,0,1.0,0.7054519141392822,budget_cv,0.091
1f7f2e0f41,main,electronics,books,svm,uncertainty,3,2000,transfer,0.9091860364449638,0.9092,2000,2000,0,0,1.0,0.8832086914208115,budget_cv,0.306
1f7f2e0f41,main,electronics,books,svm,uncertainty,3,2000,target_only,0.9003705256162984,0.9004,0,2000,0,0,10.0,0.8881280659453386,budget_cv,0.15
1f7f2e0f41,main,electronics,books,svm,uncertainty,4,0,source_only,0.8106237180682454,0.8128,2000,0,0,0,0.1,0.8985627949687147,source_val_fallback,0.051
1f7f2e0f41,main,electronics,books,svm,uncertainty,4,50,transfer,0.8323671439602162,0.8324,2000,50,0,0,1.0,0.7960456697298802,budget_cv,0.171
1f7f2e0f41,main,electronics,books,svm,uncertainty,4,50,target_only,0.6822625340627368,0.6824,0,50,0,0,0.01,0.6271825396825396,budget_cv,0.039
1f7f2e0f41,main,electronics,books,svm,uncertainty,4,100,transfer,0.8451819420217175,0.8452,2000,100,0,0,1.0,0.7240117388430329,budget_cv,0.178
1f7f2e0f41,main,electronics,books,svm,uncertainty,4,100,target_only,0.7297564311554108,0.7304,0,100,0,0,10.0,0.6006248631829127,budget_cv,0.043
1f7f2e0f41,main,electronics,books,svm,uncertainty,4,250,transfer,0.8739661019227731,0.874,2000,250,0,0,10.0,0.6136749844229382,budget_cv,0.201
1f7f2e0f41,main,electronics,books,svm,uncertainty,4,250,target_only,0.7476647925981672,0.7492,0,250,0,0,0.01,0.6656622558103206,budget_cv,0.047
1f7f2e0f41,main,electronics,books,svm,uncertainty,4,500,transfer,0.8923986054859272,0.8924,2000,500,0,0,10.0,0.6119246971173932,budget_cv,0.234
1f7f2e0f41,main,electronics,books,svm,uncertainty,4,500,target_only,0.7912175439457014,0.7916,0,500,0,0,0.1,0.6358298970096964,budget_cv,0.062
1f7f2e0f41,main,electronics,books,svm,uncertainty,4,1000,transfer,0.9075838974182862,0.9076,2000,1000,0,0,1.0,0.7321786290069395,budget_cv,0.265
1f7f2e0f41,main,electronics,books,svm,uncertainty,4,1000,target_only,0.8815447335108668,0.8816,0,1000,0,0,10.0,0.7056632827003065,budget_cv,0.097
1f7f2e0f41,main,electronics,books,svm,uncertainty,4,2000,transfer,0.9091860364449638,0.9092,2000,2000,0,0,1.0,0.8842039484235874,budget_cv,0.318
1f7f2e0f41,main,electronics,books,svm,uncertainty,4,2000,target_only,0.9023774452849587,0.9024,0,2000,0,0,1.0,0.8951434898969675,budget_cv,0.147
1f7f2e0f41,main,electronics,books,svm,self_training,0,0,uda_self_training,0.7697707881186433,0.7784,2000,0,0,1000,0.1,0.8985627949687147,source_val_fallback,0.076
1f7f2e0f41,main,electronics,books,svm,self_training,0,50,transfer,0.8433048639620362,0.8444,2000,50,0,1000,1.0,0.7919719169719169,budget_cv,0.203
1f7f2e0f41,main,electronics,books,svm,self_training,0,50,target_only,0.42794189635789337,0.5492,0,50,0,1000,0.01,0.562687747035573,budget_cv,0.059
1f7f2e0f41,main,electronics,books,svm,self_training,0,100,transfer,0.7812651623012495,0.7888,2000,100,0,1000,0.1,0.7949539905724604,budget_cv,0.193
1f7f2e0f41,main,electronics,books,svm,self_training,0,100,target_only,0.4982234976597998,0.5864,0,100,0,1000,0.01,0.6593063628337984,budget_cv,0.059
1f7f2e0f41,main,electronics,books,svm,self_training,0,250,transfer,0.812665020077902,0.8164,2000,250,0,1000,0.1,0.8496403550100529,budget_cv,0.204
1f7f2e0f41,main,electronics,books,svm,self_training,0,250,target_only,0.6212394488132169,0.664,0,250,0,1000,0.01,0.8064770241263846,budget_cv,0.058
1f7f2e0f41,main,electronics,books,svm,self_training,0,500,transfer,0.8791436132441952,0.8792,2000,500,0,1000,1.0,0.8679001793235862,budget_cv,0.241
1f7f2e0f41,main,electronics,books,svm,self_training,0,500,target_only,0.88023426338304,0.8804,0,500,0,1000,10.0,0.8596710503110546,budget_cv,0.096
1f7f2e0f41,main,electronics,books,svm,self_training,0,1000,transfer,0.8951757814125375,0.8952,2000,1000,0,1000,1.0,0.8686713153973006,budget_cv,0.278
1f7f2e0f41,main,electronics,books,svm,self_training,0,1000,target_only,0.8931555356076986,0.8932,0,1000,0,1000,1.0,0.8607864461381087,budget_cv,0.114
1f7f2e0f41,main,electronics,books,svm,self_training,0,2000,transfer,0.9095851864369457,0.9096,2000,2000,0,1000,1.0,0.8815326647820302,budget_cv,0.36
1f7f2e0f41,main,electronics,books,svm,self_training,0,2000,target_only,0.9007664034735601,0.9008,0,2000,0,1000,10.0,0.8849902718734967,budget_cv,0.21
1f7f2e0f41,main,electronics,books,svm,self_training,1,0,uda_self_training,0.7697707881186433,0.7784,2000,0,0,1000,0.1,0.8985627949687147,source_val_fallback,0.073
1f7f2e0f41,main,electronics,books,svm,self_training,1,50,transfer,0.8496593642010322,0.85,2000,50,0,1000,1.0,0.8149733307628045,budget_cv,0.202
1f7f2e0f41,main,electronics,books,svm,self_training,1,50,target_only,0.40826262619621356,0.5392,0,50,0,1000,0.01,0.6493741765480895,budget_cv,0.058
1f7f2e0f41,main,electronics,books,svm,self_training,1,100,transfer,0.851669543475737,0.852,2000,100,0,1000,1.0,0.8448368071175089,budget_cv,0.205
1f7f2e0f41,main,electronics,books,svm,self_training,1,100,target_only,0.6099819259916923,0.6556,0,100,0,1000,0.1,0.6647421082456472,budget_cv,0.057
1f7f2e0f41,main,electronics,books,svm,self_training,1,250,transfer,0.8631912442396313,0.8632,2000,250,0,1000,10.0,0.8256520770890033,budget_cv,0.273
1f7f2e0f41,main,electronics,books,svm,self_training,1,250,target_only,0.8558667978599102,0.856,0,250,0,1000,10.0,0.8218427405927407,budget_cv,0.073
1f7f2e0f41,main,electronics,books,svm,self_training,1,500,transfer,0.8795995183980736,0.8796,2000,500,0,1000,1.0,0.8577583068497004,budget_cv,0.238
1f7f2e0f41,main,electronics,books,svm,self_training,1,500,target_only,0.8743842427594117,0.8744,0,500,0,1000,10.0,0.8777786497855052,budget_cv,0.084
1f7f2e0f41,main,electronics,books,svm,self_training,1,1000,transfer,0.889595477830772,0.8896,2000,1000,0,1000,10.0,0.8649388843858765,budget_cv,0.35
1f7f2e0f41,main,electronics,books,svm,self_training,1,1000,target_only,0.8891995567982272,0.8892,0,1000,0,1000,10.0,0.8679025129553453,budget_cv,0.207
1f7f2e0f41,main,electronics,books,svm,self_training,1,2000,transfer,0.9095851864369457,0.9096,2000,2000,0,1000,1.0,0.8861418073512793,budget_cv,0.365
1f7f2e0f41,main,electronics,books,svm,self_training,1,2000,target_only,0.9007664034735601,0.9008,0,2000,0,1000,10.0,0.889468148188629,budget_cv,0.211
1f7f2e0f41,main,electronics,books,svm,self_training,2,0,uda_self_training,0.7697707881186433,0.7784,2000,0,0,1000,0.1,0.8985627949687147,source_val_fallback,0.073
1f7f2e0f41,main,electronics,books,svm,self_training,2,50,transfer,0.7587211232673291,0.7692,2000,50,0,1000,0.1,0.8407321408095401,budget_cv,0.189
1f7f2e0f41,main,electronics,books,svm,self_training,2,50,target_only,0.39555614118068244,0.5332,0,50,0,1000,0.01,0.6891414141414142,budget_cv,0.06
1f7f2e0f41,main,electronics,books,svm,self_training,2,100,transfer,0.8353823390426611,0.8368,2000,100,0,1000,1.0,0.8990671369981715,budget_cv,0.216
1f7f2e0f41,main,electronics,books,svm,self_training,2,100,target_only,0.6119670262170973,0.6524,0,100,0,1000,0.1,0.7859815520082112,budget_cv,0.062
1f7f2e0f41,main,electronics,books,svm,self_training,2,250,transfer,0.864203910446685,0.8644,2000,250,0,1000,1.0,0.8720733358155356,budget_cv,0.222
1f7f2e0f41,main,electronics,books,svm,self_training,2,250,target_only,0.8475750636654892,0.848,0,250,0,1000,1.0,0.8199687287451461,budget_cv,0.068
1f7f2e0f41,main,electronics,books,svm,self_training,2,500,transfer,0.873450246083205,0.8736,2000,500,0,1000,1.0,0.8487174892508698,budget_cv,0.243
1f7f2e0f41,main,electronics,books,svm,self_training,2,500,target_only,0.6529729986769268,0.6824,0,500,0,1000,0.01,0.849439146690908,budget_cv,0.071
1f7f2e0f41,main,electronics,books,svm,self_training,2,1000,transfer,0.8923619564098735,0.8924,2000,1000,0,1000,1.0,0.877575235875522,budget_cv,0.281
1f7f2e0f41,main,electronics,books,svm,self_training,2,1000,target_only,0.8895133784887352,0.8896,0,1000,0,1000,10.0,0.8653556133265288,budget_cv,0.117
1f7f2e0f41,main,electronics,books,svm,self_training,2,2000,transfer,0.9095851864369457,0.9096,2000,2000,0,1000,1.0,0.8901453368830802,budget_cv,0.36
1f7f2e0f41,main,electronics,books,svm,self_training,2,2000,target_only,0.9039702538258251,0.904,0,2000,0,1000,1.0,0.8910935798704771,budget_cv,0.173
1f7f2e0f41,main,electronics,books,svm,self_training,3,0,uda_self_training,0.7697707881186433,0.7784,2000,0,0,1000,0.1,0.8985627949687147,source_val_fallback,0.076
1f7f2e0f41,main,electronics,books,svm,self_training,3,50,transfer,0.8524824005089999,0.8528,2000,50,0,1000,1.0,0.8758291416186154,budget_cv,0.207
1f7f2e0f41,main,electronics,books,svm,self_training,3,50,target_only,0.3924976260676465,0.532,0,50,0,1000,0.01,0.6481115502854633,budget_cv,0.056
1f7f2e0f41,main,electronics,books,svm,self_training,3,100,transfer,0.8451997770876789,0.8452,2000,100,0,1000,10.0,0.8595260851587326,budget_cv,0.26
1f7f2e0f41,main,electronics,books,svm,self_training,3,100,target_only,0.8179152097197828,0.8192,0,100,0,1000,10.0,0.7140724264380177,budget_cv,0.06
1f7f2e0f41,main,electronics,books,svm,self_training,3,250,transfer,0.863140789231053,0.8632,2000,250,0,1000,1.0,0.8182192269035252,budget_cv,0.22
1f7f2e0f41,main,electronics,books,svm,self_training,3,250,target_only,0.8459962885105531,0.8464,0,250,0,1000,1.0,0.8221279162228151,budget_cv,0.064
1f7f2e0f41,main,electronics,books,svm,self_training,3,500,transfer,0.865872761536504,0.866,2000,500,0,1000,10.0,0.8344753627771434,budget_cv,0.305
1f7f2e0f41,main,electronics,books,svm,self_training,3,500,target_only,0.8524604372863591,0.8532,0,500,0,1000,1.0,0.8286604154255802,budget_cv,0.081
1f7f2e0f41,main,electronics,books,svm,self_training,3,1000,transfer,0.8935574229691876,0.8936,2000,1000,0,1000,10.0,0.8710013100216174,budget_cv,0.363
1f7f2e0f41,main,electronics,books,svm,self_training,3,1000,target_only,0.8903281254402886,0.8904,0,1000,0,1000,1.0,0.8706461903332509,budget_cv,0.118
1f7f2e0f41,main,electronics,books,svm,self_training,3,2000,transfer,0.9095851864369457,0.9096,2000,2000,0,1000,1.0,0.8921234583896084,budget_cv,0.385
1f7f2e0f41,main,electronics,books,svm,self_training,3,2000,target_only,0.9039702538258251,0.904,0,2000,0,1000,1.0,0.8855467708849684,budget_cv,0.183
1f7f2e0f41,main,electronics,books,svm,self_training,4,0,uda_self_training,0.7697707881186433,0.7784,2000,0,0,1000,0.1,0.8985627949687147,source_val_fallback,0.072
1f7f2e0f41,main,electronics,books,svm,self_training,4,50,transfer,0.6604894091047564,0.6892,2000,50,0,1000,0.01,0.8898770311813791,budget_cv,0.182
1f7f2e0f41,main,electronics,books,svm,self_training,4,50,target_only,0.4287163876204972,0.5496,0,50,0,1000,0.01,0.7311447811447812,budget_cv,0.056
1f7f2e0f41,main,electronics,books,svm,self_training,4,100,transfer,0.8565420971205193,0.8568,2000,100,0,1000,1.0,0.8577408031037064,budget_cv,0.208
1f7f2e0f41,main,electronics,books,svm,self_training,4,100,target_only,0.4250726138376576,0.548,0,100,0,1000,0.01,0.7595886386208967,budget_cv,0.053
1f7f2e0f41,main,electronics,books,svm,self_training,4,250,transfer,0.8086539442800286,0.8128,2000,250,0,1000,0.1,0.8511338862038184,budget_cv,0.205
1f7f2e0f41,main,electronics,books,svm,self_training,4,250,target_only,0.7793859570253834,0.788,0,250,0,1000,10.0,0.8061985232232319,budget_cv,0.07
1f7f2e0f41,main,electronics,books,svm,self_training,4,500,transfer,0.8795234925987399,0.8796,2000,500,0,1000,1.0,0.8553785020024508,budget_cv,0.24
1f7f2e0f41,main,electronics,books,svm,self_training,4,500,target_only,0.7823852899996737,0.7876,0,500,0,1000,0.1,0.861039164358646,budget_cv,0.071
1f7f2e0f41,main,electronics,books,svm,self_training,4,1000,transfer,0.8895083538089833,0.8896,2000,1000,0,1000,1.0,0.8854330955380741,budget_cv,0.274
1f7f2e0f41,main,electronics,books,svm,self_training,4,1000,target_only,0.8834455700424835,0.8836,0,1000,0,1000,1.0,0.8811366340178646,budget_cv,0.102
1f7f2e0f41,main,electronics,books,svm,self_training,4,2000,transfer,0.9043904390439044,0.9044,2000,2000,0,1000,10.0,0.8876769837358925,budget_cv,0.45
1f7f2e0f41,main,electronics,books,svm,self_training,4,2000,target_only,0.9039702538258251,0.904,0,2000,0,1000,1.0,0.8880881743691141,budget_cv,0.176
1f7f2e0f41,main,electronics,music,logreg,random,0,0,source_only,0.8260873467885625,0.8264,2000,0,0,0,1.0,0.9005329387287353,source_val_fallback,0.083
1f7f2e0f41,main,electronics,music,logreg,random,0,50,transfer,0.8387956410341335,0.8388,2000,50,0,0,10.0,0.8563025210084033,budget_cv,0.278
1f7f2e0f41,main,electronics,music,logreg,random,0,50,target_only,0.7030136534191702,0.7132,0,50,0,0,0.1,0.6283810960281548,budget_cv,0.09
1f7f2e0f41,main,electronics,music,logreg,random,0,100,transfer,0.8451583537908356,0.8452,2000,100,0,0,10.0,0.8589193644222107,budget_cv,0.281
1f7f2e0f41,main,electronics,music,logreg,random,0,100,target_only,0.7920476439804081,0.7936,0,100,0,0,0.01,0.768652526766117,budget_cv,0.096
1f7f2e0f41,main,electronics,music,logreg,random,0,250,transfer,0.8567996334070616,0.8568,2000,250,0,0,10.0,0.8351905429502091,budget_cv,0.299
1f7f2e0f41,main,electronics,music,logreg,random,0,250,target_only,0.8492866126107984,0.8496,0,250,0,0,0.1,0.8146769374123933,budget_cv,0.115
1f7f2e0f41,main,electronics,music,logreg,random,0,500,transfer,0.8631683864239994,0.8632,2000,500,0,0,10.0,0.8877529380834432,budget_cv,0.297
1f7f2e0f41,main,electronics,music,logreg,random,0,500,target_only,0.8549771520909891,0.8552,0,500,0,0,10.0,0.8494131424616181,budget_cv,0.139
1f7f2e0f41,main,electronics,music,logreg,random,0,1000,transfer,0.8851999816319971,0.8852,2000,1000,0,0,10.0,0.8919661139342944,budget_cv,0.325
1f7f2e0f41,main,electronics,music,logreg,random,0,1000,target_only,0.8763667476004346,0.8764,0,1000,0,0,10.0,0.8827340064055385,budget_cv,0.167
1f7f2e0f41,main,electronics,music,logreg,random,0,2000,transfer,0.8955979787768691,0.8956,2000,2000,0,0,10.0,0.899393619811751,budget_cv,0.409
1f7f2e0f41,main,electronics,music,logreg,random,0,2000,target_only,0.8899784357734115,0.89,0,2000,0,0,10.0,0.8868244787352099,budget_cv,0.229
1f7f2e0f41,main,electronics,music,logreg,random,1,0,source_only,0.8260873467885625,0.8264,2000,0,0,0,1.0,0.9005329387287353,source_val_fallback,0.084
1f7f2e0f41,main,electronics,music,logreg,random,1,50,transfer,0.8338168262585752,0.834,2000,50,0,0,1.0,0.8988484282601931,budget_cv,0.264
1f7f2e0f41,main,electronics,music,logreg,random,1,50,target_only,0.723586585958778,0.7252,0,50,0,0,10.0,0.7584797526747992,budget_cv,0.097
1f7f2e0f41,main,electronics,music,logreg,random,1,100,transfer,0.8386388712312567,0.8388,2000,100,0,0,1.0,0.8589506194729317,budget_cv,0.268
1f7f2e0f41,main,electronics,music,logreg,random,1,100,target_only,0.7915972991009963,0.7916,0,100,0,0,10.0,0.7548368298368299,budget_cv,0.106
1f7f2e0f41,main,electronics,music,logreg,random,1,250,transfer,0.8575670923010053,0.8576,2000,250,0,0,10.0,0.8758829534762534,budget_cv,0.304
1f7f2e0f41,main,electronics,music,logreg,random,1,250,target_only,0.8214794340296304,0.822,0,250,0,0,1.0,0.8753074716160246,budget_cv,0.118
1f7f2e0f41,main,electronics,music,logreg,random,1,500,transfer,0.866398631921991,0.8664,2000,500,0,0,10.0,0.8757885338310195,budget_cv,0.299
1f7f2e0f41,main,electronics,music,logreg,random,1,500,target_only,0.858798892983321,0.8588,0,500,0,0,10.0,0.8537556814976469,budget_cv,0.136
1f7f2e0f41,main,electronics,music,logreg,random,1,1000,transfer,0.878778878431778,0.8788,2000,1000,0,0,10.0,0.868957547260488,budget_cv,0.321
1f7f2e0f41,main,electronics,music,logreg,random,1,1000,target_only,0.8763214591794373,0.8764,0,1000,0,0,10.0,0.8567327407206385,budget_cv,0.171
1f7f2e0f41,main,electronics,music,logreg,random,1,2000,transfer,0.8955979787768691,0.8956,2000,2000,0,0,10.0,0.8994593549348825,budget_cv,0.407
1f7f2e0f41,main,electronics,music,logreg,random,1,2000,target_only,0.8899784357734115,0.89,0,2000,0,0,10.0,0.8898694502726467,budget_cv,0.226
1f7f2e0f41,main,electronics,music,logreg,random,2,0,source_only,0.8260873467885625,0.8264,2000,0,0,0,1.0,0.9005329387287353,source_val_fallback,0.083
1f7f2e0f41,main,electronics,music,logreg,random,2,50,transfer,0.8303474484256244,0.8304,2000,50,0,0,1.0,0.8195045695045694,budget_cv,0.265
1f7f2e0f41,main,electronics,music,logreg,random,2,50,target_only,0.7535682590109722,0.7556,0,50,0,0,0.01,0.5922748046587055,budget_cv,0.097
1f7f2e0f41,main,electronics,music,logreg,random,2,100,transfer,0.835563981934603,0.8356,2000,100,0,0,1.0,0.8381199260509605,budget_cv,0.272
1f7f2e0f41,main,electronics,music,logreg,random,2,100,target_only,0.7863788758607169,0.7868,0,100,0,0,0.1,0.7547107097923794,budget_cv,0.111
1f7f2e0f41,main,electronics,music,logreg,random,2,250,transfer,0.8555777936415503,0.8556,2000,250,0,0,10.0,0.8514163527887653,budget_cv,0.315
1f7f2e0f41,main,electronics,music,logreg,random,2,250,target_only,0.834389400921659,0.8344,0,250,0,0,10.0,0.8235991091990943,budget_cv,0.124
1f7f2e0f41,main,electronics,music,logreg,random,2,500,transfer,0.8699998127997304,0.87,2000,500,0,0,10.0,0.875882229646245,budget_cv,0.302
1f7f2e0f41,main,electronics,music,logreg,random,2,500,target_only,0.854553112635512,0.8548,0,500,0,0,1.0,0.8472230699155752,budget_cv,0.133
1f7f2e0f41,main,electronics,music,logreg,random,2,1000,transfer,0.8799962366819823,0.88,2000,1000,0,0,10.0,0.8839993600312549,budget_cv,0.322
1f7f2e0f41,main,electronics,music,logreg,random,2,1000,target_only,0.8759865867092185,0.876,0,1000,0,0,10.0,0.8818814118688163,budget_cv,0.168
1f7f2e0f41,main,electronics,music,logreg,random,2,2000,transfer,0.8955979787768691,0.8956,2000,2000,0,0,10.0,0.8914893179322739,budget_cv,0.407
1f7f2e0f41,main,electronics,music,logreg,random,2,2000,target_only,0.8899784357734115,0.89,0,2000,0,0,10.0,0.8818742203125779,budget_cv,0.232
1f7f2e0f41,main,electronics,music,logreg,random,3,0,source_only,0.8260873467885625,0.8264,2000,0,0,0,1.0,0.9005329387287353,source_val_fallback,0.083
1f7f2e0f41,main,electronics,music,logreg,random,3,50,transfer,0.8375184732691475,0.8376,2000,50,0,0,10.0,0.919447862365819,budget_cv,0.276
1f7f2e0f41,main,electronics,music,logreg,random,3,50,target_only,0.7060813415037941,0.7212,0,50,0,0,0.01,0.669899106741212,budget_cv,0.087
1f7f2e0f41,main,electronics,music,logreg,random,3,100,transfer,0.8384699877237192,0.8388,2000,100,0,0,1.0,0.8578011747644673,budget_cv,0.271
1f7f2e0f41,main,electronics,music,logreg,random,3,100,target_only,0.7957801231583079,0.7976,0,100,0,0,0.01,0.7574184816045282,budget_cv,0.098
1f7f2e0f41,main,electronics,music,logreg,random,3,250,transfer,0.8426093936801224,0.8428,2000,250,0,0,1.0,0.8594721230374834,budget_cv,0.289
1f7f2e0f41,main,electronics,music,logreg,random,3,250,target_only,0.8192314833856421,0.8204,0,250,0,0,0.1,0.7826299558919549,budget_cv,0.111
1f7f2e0f41,main,electronics,music,logreg,random,3,500,transfer,0.8719882024327362,0.872,2000,500,0,0,10.0,0.8659559921599619,budget_cv,0.301
1f7f2e0f41,main,electronics,music,logreg,random,3,500,target_only,0.8572488092305166,0.8576,0,500,0,0,10.0,0.8428254686297244,budget_cv,0.138
1f7f2e0f41,main,electronics,music,logreg,random,3,1000,transfer,0.878390582566714,0.8784,2000,1000,0,0,10.0,0.8819753958690347,budget_cv,0.322
1f7f2e0f41,main,electronics,music,logreg,random,3,1000,target_only,0.8747254165239817,0.8748,0,1000,0,0,10.0,0.8678186743162096,budget_cv,0.175
1f7f2e0f41,main,electronics,music,logreg,random,3,2000,transfer,0.8955979787768691,0.8956,2000,2000,0,0,10.0,0.9009585641086053,budget_cv,0.404
1f7f2e0f41,main,electronics,music,logreg,random,3,2000,target_only,0.8899784357734115,0.89,0,2000,0,0,10.0,0.8933665777416276,budget_cv,0.231
1f7f2e0f41,main,electronics,music,logreg,random,4,0,source_only,0.8260873467885625,0.8264,2000,0,0,0,1.0,0.9005329387287353,source_val_fallback,0.083
1f7f2e0f41,main,electronics,music,logreg,random,4,50,transfer,0.8336721078465243,0.834,2000,50,0,0,1.0,0.7797979797979798,budget_cv,0.265
1f7f2e0f41,main,electronics,music,logreg,random,4,50,target_only,0.7307158918016453,0.7312,0,50,0,0,0.01,0.7530798149219201,budget_cv,0.096
1f7f2e0f41,main,electronics,music,logreg,random,4,100,transfer,0.8344617988334888,0.8348,2000,100,0,0,1.0,0.8058832471875951,budget_cv,0.263
1f7f2e0f41,main,electronics,music,logreg,random,4,100,target_only,0.7619383111389064,0.7632,0,100,0,0,0.01,0.7180572513905847,budget_cv,0.106
1f7f2e0f41,main,electronics,music,logreg,random,4,250,transfer,0.8555948014128509,0.8556,2000,250,0,0,10.0,0.8474172115118902,budget_cv,0.298
1f7f2e0f41,main,electronics,music,logreg,random,4,250,target_only,0.8316248871886744,0.832,0,250,0,0,1.0,0.8300106613477368,budget_cv,0.113
1f7f2e0f41,main,electronics,music,logreg,random,4,500,transfer,0.8619998012797139,0.862,2000,500,0,0,1.0,0.8676763765484861,budget_cv,0.287
1f7f2e0f41,main,electronics,music,logreg,random,4,500,target_only,0.8559996313590563,0.856,0,500,0,0,10.0,0.855821121596029,budget_cv,0.138
1f7f2e0f41,main,electronics,music,logreg,random,4,1000,transfer,0.8859999817599971,0.886,2000,1000,0,0,10.0,0.887907252137378,budget_cv,0.327
1f7f2e0f41,main,electronics,music,logreg,random,4,1000,target_only,0.8847705012483196,0.8848,0,1000,0,0,10.0,0.8764004776193431,budget_cv,0.17
1f7f2e0f41,main,electronics,music,logreg,random,4,2000,transfer,0.8955979787768691,0.8956,2000,2000,0,0,10.0,0.9019798292479629,budget_cv,0.414
1f7f2e0f41,main,electronics,music,logreg,random,4,2000,target_only,0.8899784357734115,0.89,0,2000,0,0,10.0,0.8838758515275796,budget_cv,0.233
1f7f2e0f41,main,electronics,music,logreg,uncertainty,0,0,source_only,0.8260873467885625,0.8264,2000,0,0,0,1.0,0.9005329387287353,source_val_fallback,0.081
1f7f2e0f41,main,electronics,music,logreg,uncertainty,0,50,transfer,0.8342128329198533,0.8344,2000,50,0,0,1.0,0.7328551078551078,budget_cv,0.263
1f7f2e0f41,main,electronics,music,logreg,uncertainty,0,50,target_only,0.7129904871303318,0.716,0,50,0,0,0.1,0.5793396418396418,budget_cv,0.098
1f7f2e0f41,main,electronics,music,logreg,uncertainty,0,100,transfer,0.8388993475183125,0.8392,2000,100,0,0,1.0,0.6846670917689569,budget_cv,0.269
1f7f2e0f41,main,electronics,music,logreg,uncertainty,0,100,target_only,0.7490695563181564,0.7492,0,100,0,0,0.1,0.6803895042865631,budget_cv,0.095
1f7f2e0f41,main,electronics,music,logreg,uncertainty,0,250,transfer,0.8663999144959453,0.8664,2000,250,0,0,10.0,0.7363228310655447,budget_cv,0.3
1f7f2e0f41,main,electronics,music,logreg,uncertainty,0,250,target_only,0.7100999568924258,0.7112,0,250,0,0,0.1,0.7256806097128677,budget_cv,0.116
1f7f2e0f41,main,electronics,music,logreg,uncertainty,0,500,transfer,0.8767971614065988,0.8768,2000,500,0,0,10.0,0.6799149357666145,budget_cv,0.319
1f7f2e0f41,main,electronics,music,logreg,uncertainty,0,500,target_only,0.7667489086809575,0.7668,0,500,0,0,10.0,0.6649466730228613,budget_cv,0.125
1f7f2e0f41,main,electronics,music,logreg,uncertainty,0,1000,transfer,0.8919864507803859,0.892,2000,1000,0,0,10.0,0.7829842372173982,budget_cv,0.34
1f7f2e0f41,main,electronics,music,logreg,uncertainty,0,1000,target_only,0.868781104479045,0.8688,0,1000,0,0,10.0,0.7237229576868351,budget_cv,0.165
1f7f2e0f41,main,electronics,music,logreg,uncertainty,0,2000,transfer,0.8955979787768691,0.8956,2000,2000,0,0,10.0,0.8994697523329664,budget_cv,0.404
1f7f2e0f41,main,electronics,music,logreg,uncertainty,0,2000,target_only,0.8899784357734115,0.89,0,2000,0,0,10.0,0.8853048077861235,budget_cv,0.229
1f7f2e0f41,main,electronics,music,logreg,uncertainty,1,0,source_only,0.8260873467885625,0.8264,2000,0,0,0,1.0,0.9005329387287353,source_val_fallback,0.081
1f7f2e0f41,main,electronics,music,logreg,uncertainty,1,50,transfer,0.8334460775270074,0.8336,2000,50,0,0,10.0,0.7806324110671937,budget_cv,0.28
1f7f2e0f41,main,electronics,music,logreg,uncertainty,1,50,target_only,0.6482558134795546,0.6548,0,50,0,0,0.01,0.5341736694677871,budget_cv,0.107
1f7f2e0f41,main,electronics,music,logreg,uncertainty,1,100,transfer,0.8418995999219344,0.842,2000,100,0,0,10.0,0.6201533973273103,budget_cv,0.284
1f7f2e0f41,main,electronics,music,logreg,uncertainty,1,100,target_only,0.7048972304605079,0.7056,0,100,0,0,0.01,0.5480097391694061,budget_cv,0.102
1f7f2e0f41,main,electronics,music,logreg,uncertainty,1,250,transfer,0.8615254674676098,0.8616,2000,250,0,0,10.0,0.6202146411398343,budget_cv,0.304
1f7f2e0f41,main,electronics,music,logreg,uncertainty,1,250,target_only,0.7106661583468193,0.7144,0,250,0,0,0.01,0.6339130622900998,budget_cv,0.113
1f7f2e0f41,main,electronics,music,logreg,uncertainty,1,500,transfer,0.8811990686006979,0.8812,2000,500,0,0,10.0,0.6409584158067093,budget_cv,0.319
1f7f2e0f41,main,electronics,music,logreg,uncertainty,1,500,target_only,0.7521525094097963,0.7524,0,500,0,0,10.0,0.6133887267326995,budget_cv,0.134
1f7f2e0f41,main,electronics,music,logreg,uncertainty,1,1000,transfer,0.8939910274005591,0.894,2000,1000,0,0,10.0,0.7786743972877638,budget_cv,0.342
1f7f2e0f41,main,electronics,music,logreg,uncertainty,1,1000,target_only,0.8687858078729795,0.8688,0,1000,0,0,10.0,0.7228665765241532,budget_cv,0.165
1f7f2e0f41,main,electronics,music,logreg,uncertainty,1,2000,transfer,0.8955979787768691,0.8956,2000,2000,0,0,10.0,0.8984793428803206,budget_cv,0.409
1f7f2e0f41,main,electronics,music,logreg,uncertainty,1,2000,target_only,0.8899784357734115,0.89,0,2000,0,0,10.0,0.8838388984751816,budget_cv,0.239
1f7f2e0f41,main,electronics,music,logreg,uncertainty,2,0,source_only,0.8260873467885625,0.8264,2000,0,0,0,1.0,0.9005329387287353,source_val_fallback,0.081
1f7f2e0f41,main,electronics,music,logreg,uncertainty,2,50,transfer,0.8308231009371919,0.8312,2000,50,0,0,1.0,0.733406432748538,budget_cv,0.263
1f7f2e0f41,main,electronics,music,logreg,uncertainty,2,50,target_only,0.7022606712704,0.7072,0,50,0,0,0.1,0.544182769726248,budget_cv,0.091
1f7f2e0f41,main,electronics,music,logreg,uncertainty,2,100,transfer,0.8371322209450685,0.8372,2000,100,0,0,1.0,0.6855364819769715,budget_cv,0.266
1f7f2e0f41,main,electronics,music,logreg,uncertainty,2,100,target_only,0.7006677486137654,0.7028,0,100,0,0,0.1,0.7145189605121538,budget_cv,0.102
1f7f2e0f41,main,electronics,music,logreg,uncertainty,2,250,transfer,0.8483823153132581,0.8484,2000,250,0,0,1.0,0.6579113941097071,budget_cv,0.295
1f7f2e0f41,main,electronics,music,logreg,uncertainty,2,250,target_only,0.7241517365629067,0.7244,0,250,0,0,0.1,0.6729863732425664,budget_cv,0.116
1f7f2e0f41,main,electronics,music,logreg,uncertainty,2,500,transfer,0.8787943954528457,0.8788,2000,500,0,0,10.0,0.7023013809678504,budget_cv,0.319
1f7f2e0f41,main,electronics,music,logreg,uncertainty,2,500,target_only,0.7651915468956882,0.7652,0,500,0,0,10.0,0.6996259384751164,budget_cv,0.13
1f7f2e0f41,main,electronics,music,logreg,uncertainty,2,1000,transfer,0.8923908919650959,0.8924,2000,1000,0,0,10.0,0.7769543924073071,budget_cv,0.34
1f7f2e0f41,main,electronics,music,logreg,uncertainty,2,1000,target_only,0.8679915514592934,0.868,0,1000,0,0,10.0,0.7249048000200783,budget_cv,0.166
1f7f2e0f41,main,electronics,music,logreg,uncertainty,2,2000,transfer,0.8955979787768691,0.8956,2000,2000,0,0,10.0,0.8994489486852272,budget_cv,0.411
1f7f2e0f41,main,electronics,music,logreg,uncertainty,2,2000,target_only,0.8899784357734115,0.89,0,2000,0,0,10.0,0.8928735018078581,budget_cv,0.234
1f7f2e0f41,main,electronics,music,logreg,uncertainty,3,0,source_only,0.8260873467885625,0.8264,2000,0,0,0,1.0,0.9005329387287353,source_val_fallback,0.081
1f7f2e0f41,main,electronics,music,logreg,uncertainty,3,50,transfer,0.8257267116000627,0.826,2000,50,0,0,1.0,0.7793417366946779,budget_cv,0.264
1f7f2e0f41,main,electronics,music,logreg,uncertainty,3,50,target_only,0.6887056638239397,0.6896,0,50,0,0,0.1,0.6746128140864983,budget_cv,0.09
1f7f2e0f41,main,electronics,music,logreg,uncertainty,3,100,transfer,0.8371810087928656,0.8372,2000,100,0,0,10.0,0.6722487842457509,budget_cv,0.28
1f7f2e0f41,main,electronics,music,logreg,uncertainty,3,100,target_only,0.7251706006532116,0.7284,0,100,0,0,0.01,0.6426463818525459,budget_cv,0.104
1f7f2e0f41,main,electronics,music,logreg,uncertainty,3,250,transfer,0.8595784087761333,0.8596,2000,250,0,0,10.0,0.6731318366392153,budget_cv,0.301
1f7f2e0f41,main,electronics,music,logreg,uncertainty,3,250,target_only,0.723949441320145,0.7244,0,250,0,0,0.1,0.6962369913678054,budget_cv,0.117
1f7f2e0f41,main,electronics,music,logreg,uncertainty,3,500,transfer,0.8823924731182795,0.8824,2000,500,0,0,10.0,0.6735738233230683,budget_cv,0.32
1f7f2e0f41,main,electronics,music,logreg,uncertainty,3,500,target_only,0.7634591730532689,0.7636,0,500,0,0,0.1,0.660955817686587,budget_cv,0.125
1f7f2e0f41,main,electronics,music,logreg,uncertainty,3,1000,transfer,0.893185627057977,0.8932,2000,1000,0,0,10.0,0.7747431921305022,budget_cv,0.341
1f7f2e0f41,main,electronics,music,logreg,uncertainty,3,1000,target_only,0.8703668139043594,0.8704,0,1000,0,0,10.0,0.7008809465957171,budget_cv,0.167
1f7f2e0f41,main,electronics,music,logreg,uncertainty,3,2000,transfer,0.8955979787768691,0.8956,2000,2000,0,0,10.0,0.8959638594058722,budget_cv,0.4
1f7f2e0f41,main,electronics,music,logreg,uncertainty,3,2000,target_only,0.8899784357734115,0.89,0,2000,0,0,10.0,0.8874301843586799,budget_cv,0.231
1f7f2e0f41,main,electronics,music,logreg,uncertainty,4,0,source_only,0.8260873467885625,0.8264,2000,0,0,0,1.0,0.9005329387287353,source_val_fallback,0.081
1f7f2e0f41,main,electronics,music,logreg,uncertainty,4,50,transfer,0.8323001582221992,0.8324,2000,50,0,0,1.0,0.5911907536907537,budget_cv,0.263
1f7f2e0f41,main,electronics,music,logreg,uncertainty,4,50,target_only,0.6345086363411401,0.6408,0,50,0,0,1.0,0.7064409761778183,budget_cv,0.09
1f7f2e0f41,main,electronics,music,logreg,uncertainty,4,100,transfer,0.846798014502268,0.8468,2000,100,0,0,10.0,0.6166350496838301,budget_cv,0.281
1f7f2e0f41,main,electronics,music,logreg,uncertainty,4,100,target_only,0.7163378666463103,0.7164,0,100,0,0,10.0,0.5918104083738759,budget_cv,0.101
1f7f2e0f41,main,electronics,music,logreg,uncertainty,4,250,transfer,0.8577769715356833,0.858,2000,250,0,0,10.0,0.6235700735466981,budget_cv,0.302
1f7f2e0f41,main,electronics,music,logreg,uncertainty,4,250,target_only,0.7197704823619677,0.7216,0,250,0,0,0.01,0.6948180148986016,budget_cv,0.113
1f7f2e0f41,main,electronics,music,logreg,uncertainty,4,500,transfer,0.877199037240452,0.8772,2000,500,0,0,10.0,0.6588038751356179,budget_cv,0.326
1f7f2e0f41,main,electronics,music,logreg,uncertainty,4,500,target_only,0.7574868530661666,0.7576,0,500,0,0,10.0,0.6295440205769817,budget_cv,0.131
1f7f2e0f41,main,electronics,music,logreg,uncertainty,4,1000,transfer,0.8931924636602359,0.8932,2000,1000,0,0,10.0,0.7799281611086014,budget_cv,0.353
1f7f2e0f41,main,electronics,music,logreg,uncertainty,4,1000,target_only,0.8623999119359436,0.8624,0,1000,0,0,10.0,0.714051544645951,budget_cv,0.181
1f7f2e0f41,main,electronics,music,logreg,uncertainty,4,2000,transfer,0.8955979787768691,0.8956,2000,2000,0,0,10.0,0.8979629701161592,budget_cv,0.413
1f7f2e0f41,main,electronics,music,logreg,uncertainty,4,2000,target_only,0.8899784357734115,0.89,0,2000,0,0,10.0,0.8938640706084922,budget_cv,0.236
1f7f2e0f41,main,electronics,music,logreg,self_training,0,0,uda_self_training,0.8253914610791935,0.8264,2000,0,0,1000,1.0,0.9005329387287353,source_val_fallback,0.138
1f7f2e0f41,main,electronics,music,logreg,self_training,0,50,transfer,0.8499993999976,0.85,2000,50,0,1000,10.0,0.8563025210084033,budget_cv,0.355
1f7f2e0f41,main,electronics,music,logreg,self_training,0,50,target_only,0.5785924989464812,0.632,0,50,0,1000,0.1,0.6283810960281548,budget_cv,0.118
1f7f2e0f41,main,electronics,music,logreg,self_training,0,100,transfer,0.8535924102305463,0.8536,2000,100,0,1000,10.0,0.8589193644222107,budget_cv,0.358
1f7f2e0f41,main,electronics,music,logreg,self_training,0,100,target_only,0.7165838820065725,0.7328,0,100,0,1000,0.01,0.768652526766117,budget_cv,0.109
1f7f2e0f41,main,electronics,music,logreg,self_training,0,250,transfer,0.8631957098174599,0.8632,2000,250,0,1000,10.0,0.8351905429502091,budget_cv,0.385
1f7f2e0f41,main,electronics,music,logreg,self_training,0,250,target_only,0.5700237975646147,0.628,0,250,0,1000,0.1,0.8146769374123933,budget_cv,0.141
1f7f2e0f41,main,electronics,music,logreg,self_training,0,500,transfer,0.8711636372249704,0.8712,2000,500,0,1000,10.0,0.8877529380834432,budget_cv,0.391
1f7f2e0f41,main,electronics,music,logreg,self_training,0,500,target_only,0.8479400951557093,0.8488,0,500,0,1000,10.0,0.8494131424616181,budget_cv,0.193
1f7f2e0f41,main,electronics,music,logreg,self_training,0,1000,transfer,0.8807993134040453,0.8808,2000,1000,0,1000,10.0,0.8919661139342944,budget_cv,0.422
1f7f2e0f41,main,electronics,music,logreg,self_training,0,1000,target_only,0.8754560271674054,0.8756,0,1000,0,1000,10.0,0.8827340064055385,budget_cv,0.222
1f7f2e0f41,main,electronics,music,logreg,self_training,0,2000,transfer,0.8967933947772657,0.8968,2000,2000,0,1000,10.0,0.899393619811751,budget_cv,0.552
1f7f2e0f41,main,electronics,music,logreg,self_training,0,2000,target_only,0.8879437746683776,0.888,0,2000,0,1000,10.0,0.8868244787352099,budget_cv,0.318
1f7f2e0f41,main,electronics,music,logreg,self_training,1,0,uda_self_training,0.8253914610791935,0.8264,2000,0,0,1000,1.0,0.9005329387287353,source_val_fallback,0.136
1f7f2e0f41,main,electronics,music,logreg,self_training,1,50,transfer,0.8361944699253047,0.8368,2000,50,0,1000,1.0,0.8988484282601931,budget_cv,0.316
1f7f2e0f41,main,electronics,music,logreg,self_training,1,50,target_only,0.7639925988078986,0.764,0,50,0,1000,10.0,0.7584797526747992,budget_cv,0.136
1f7f2e0f41,main,electronics,music,logreg,self_training,1,100,transfer,0.8391168614997582,0.8396,2000,100,0,1000,1.0,0.8589506194729317,budget_cv,0.323
1f7f2e0f41,main,electronics,music,logreg,self_training,1,100,target_only,0.7893957862308909,0.792,0,100,0,1000,10.0,0.7548368298368299,budget_cv,0.148
1f7f2e0f41,main,electronics,music,logreg,self_training,1,250,transfer,0.8602604616866218,0.8604,2000,250,0,1000,10.0,0.8758829534762534,budget_cv,0.382
1f7f2e0f41,main,electronics,music,logreg,self_training,1,250,target_only,0.7390523079012963,0.7492,0,250,0,1000,1.0,0.8753074716160246,budget_cv,0.154
1f7f2e0f41,main,electronics,music,logreg,self_training,1,500,transfer,0.8695996661751454,0.8696,2000,500,0,1000,10.0,0.8757885338310195,budget_cv,0.388
1f7f2e0f41,main,electronics,music,logreg,self_training,1,500,target_only,0.8641870235228075,0.8644,0,500,0,1000,10.0,0.8537556814976469,budget_cv,0.185
1f7f2e0f41,main,electronics,music,logreg,self_training,1,1000,transfer,0.8823830631610952,0.8824,2000,1000,0,1000,10.0,0.868957547260488,budget_cv,0.43
1f7f2e0f41,main,electronics,music,logreg,self_training,1,1000,target_only,0.8705716884584407,0.8708,0,1000,0,1000,10.0,0.8567327407206385,budget_cv,0.232
1f7f2e0f41,main,electronics,music,logreg,self_training,1,2000,transfer,0.8967933947772657,0.8968,2000,2000,0,1000,10.0,0.8994593549348825,budget_cv,0.55
1f7f2e0f41,main,electronics,music,logreg,self_training,1,2000,target_only,0.8879437746683776,0.888,0,2000,0,1000,10.0,0.8898694502726467,budget_cv,0.311
1f7f2e0f41,main,electronics,music,logreg,self_training,2,0,uda_self_training,0.8253914610791935,0.8264,2000,0,0,1000,1.0,0.9005329387287353,source_val_fallback,0.136
1f7f2e0f41,main,electronics,music,logreg,self_training,2,50,transfer,0.84142097061899,0.8416,2000,50,0,1000,1.0,0.8195045695045694,budget_cv,0.316
1f7f2e0f41,main,electronics,music,logreg,self_training,2,50,target_only,0.4471658099967891,0.554,0,50,0,1000,0.01,0.5922748046587055,budget_cv,0.117
1f7f2e0f41,main,electronics,music,logreg,self_training,2,100,transfer,0.8462180205568062,0.8464,2000,100,0,1000,1.0,0.8381199260509605,budget_cv,0.325
1f7f2e0f41,main,electronics,music,logreg,self_training,2,100,target_only,0.5983717774762551,0.6448,0,100,0,1000,0.1,0.7547107097923794,budget_cv,0.131
1f7f2e0f41,main,electronics,music,logreg,self_training,2,250,transfer,0.8631957098174599,0.8632,2000,250,0,1000,10.0,0.8514163527887653,budget_cv,0.381
1f7f2e0f41,main,electronics,music,logreg,self_training,2,250,target_only,0.8429281777873516,0.8432,0,250,0,1000,10.0,0.8235991091990943,budget_cv,0.173
1f7f2e0f41,main,electronics,music,logreg,self_training,2,500,transfer,0.8731975451044732,0.8732,2000,500,0,1000,10.0,0.875882229646245,budget_cv,0.386
1f7f2e0f41,main,electronics,music,logreg,self_training,2,500,target_only,0.810721977205553,0.814,0,500,0,1000,1.0,0.8472230699155752,budget_cv,0.17
1f7f2e0f41,main,electronics,music,logreg,self_training,2,1000,transfer,0.8815999242239515,0.8816,2000,1000,0,1000,10.0,0.8839993600312549,budget_cv,0.43
1f7f2e0f41,main,electronics,music,logreg,self_training,2,1000,target_only,0.8763057746869255,0.8764,0,1000,0,1000,10.0,0.8818814118688163,budget_cv,0.229
1f7f2e0f41,main,electronics,music,logreg,self_training,2,2000,transfer,0.8967933947772657,0.8968,2000,2000,0,1000,10.0,0.8914893179322739,budget_cv,0.55
1f7f2e0f41,main,electronics,music,logreg,self_training,2,2000,target_only,0.8879437746683776,0.888,0,2000,0,1000,10.0,0.8818742203125779,budget_cv,0.319
1f7f2e0f41,main,electronics,music,logreg,self_training,3,0,uda_self_training,0.8253914610791935,0.8264,2000,0,0,1000,1.0,0.9005329387287353,source_val_fallback,0.136
1f7f2e0f41,main,electronics,music,logreg,self_training,3,50,transfer,0.8525247758376593,0.8528,2000,50,0,1000,10.0,0.919447862365819,budget_cv,0.356
1f7f2e0f41,main,electronics,music,logreg,self_training,3,50,target_only,0.44693736352161695,0.5544,0,50,0,1000,0.01,0.669899106741212,budget_cv,0.109
1f7f2e0f41,main,electronics,music,logreg,self_training,3,100,transfer,0.8377353640511536,0.8384,2000,100,0,1000,1.0,0.8578011747644673,budget_cv,0.323
1f7f2e0f41,main,electronics,music,logreg,self_training,3,100,target_only,0.5372095766010143,0.6076,0,100,0,1000,0.01,0.7574184816045282,budget_cv,0.116
1f7f2e0f41,main,electronics,music,logreg,self_training,3,250,transfer,0.8492975341228859,0.8496,2000,250,0,1000,1.0,0.8594721230374834,budget_cv,0.345
1f7f2e0f41,main,electronics,music,logreg,self_training,3,250,target_only,0.5631982485864135,0.6212,0,250,0,1000,0.1,0.7826299558919549,budget_cv,0.138
1f7f2e0f41,main,electronics,music,logreg,self_training,3,500,transfer,0.8691743581742022,0.8692,2000,500,0,1000,10.0,0.8659559921599619,budget_cv,0.399
1f7f2e0f41,main,electronics,music,logreg,self_training,3,500,target_only,0.8445650269055522,0.8456,0,500,0,1000,10.0,0.8428254686297244,budget_cv,0.191
1f7f2e0f41,main,electronics,music,logreg,self_training,3,1000,transfer,0.8803816074759655,0.8804,2000,1000,0,1000,10.0,0.8819753958690347,budget_cv,0.433
1f7f2e0f41,main,electronics,music,logreg,self_training,3,1000,target_only,0.8681933060147602,0.8684,0,1000,0,1000,10.0,0.8678186743162096,budget_cv,0.238
1f7f2e0f41,main,electronics,music,logreg,self_training,3,2000,transfer,0.8967933947772657,0.8968,2000,2000,0,1000,10.0,0.9009585641086053,budget_cv,0.544
1f7f2e0f41,main,electronics,music,logreg,self_training,3,2000,target_only,0.8879437746683776,0.888,0,2000,0,1000,10.0,0.8933665777416276,budget_cv,0.319
1f7f2e0f41,main,electronics,music,logreg,self_training,4,0,uda_self_training,0.8253914610791935,0.8264,2000,0,0,1000,1.0,0.9005329387287353,source_val_fallback,0.137
1f7f2e0f41,main,electronics,music,logreg,self_training,4,50,transfer,0.8310032164111649,0.832,2000,50,0,1000,1.0,0.7797979797979798,budget_cv,0.317
1f7f2e0f41,main,electronics,music,logreg,self_training,4,50,target_only,0.656946131823227,0.6884,0,50,0,1000,0.01,0.7530798149219201,budget_cv,0.114
1f7f2e0f41,main,electronics,music,logreg,self_training,4,100,transfer,0.8336124143465646,0.8344,2000,100,0,1000,1.0,0.8058832471875951,budget_cv,0.318
1f7f2e0f41,main,electronics,music,logreg,self_training,4,100,target_only,0.5114629342817263,0.5912,0,100,0,1000,0.01,0.7180572513905847,budget_cv,0.123
1f7f2e0f41,main,electronics,music,logreg,self_training,4,250,transfer,0.859198558193236,0.8592,2000,250,0,1000,10.0,0.8474172115118902,budget_cv,0.384
1f7f2e0f41,main,electronics,music,logreg,self_training,4,250,target_only,0.7297359191571937,0.7432,0,250,0,1000,1.0,0.8300106613477368,budget_cv,0.152
1f7f2e0f41,main,electronics,music,logreg,self_training,4,500,transfer,0.8599956094623127,0.86,2000,500,0,1000,1.0,0.8676763765484861,budget_cv,0.344
1f7f2e0f41,main,electronics,music,logreg,self_training,4,500,target_only,0.8610238672083452,0.8612,0,500,0,1000,10.0,0.855821121596029,budget_cv,0.192
1f7f2e0f41,main,electronics,music,logreg,self_training,4,1000,transfer,0.8871981951711227,0.8872,2000,1000,0,1000,10.0,0.887907252137378,budget_cv,0.433
1f7f2e0f41,main,electronics,music,logreg,self_training,4,1000,target_only,0.8806954701431207,0.8808,0,1000,0,1000,10.0,0.8764004776193431,budget_cv,0.237
1f7f2e0f41,main,electronics,music,logreg,self_training,4,2000,transfer,0.8967933947772657,0.8968,2000,2000,0,1000,10.0,0.9019798292479629,budget_cv,0.547
1f7f2e0f41,main,electronics,music,logreg,self_training,4,2000,target_only,0.8879437746683776,0.888,0,2000,0,1000,10.0,0.8838758515275796,budget_cv,0.325
1f7f2e0f41,main,electronics,music,svm,random,0,0,source_only,0.8272344280497532,0.8276,2000,0,0,0,0.1,0.9005329387287353,source_val_fallback,0.046
1f7f2e0f41,main,electronics,music,svm,random,0,50,transfer,0.8032515873855057,0.8044,2000,50,0,0,0.01,0.8382539273019148,budget_cv,0.137
1f7f2e0f41,main,electronics,music,svm,random,0,50,target_only,0.6985808889322889,0.7096,0,50,0,0,0.01,0.6317541119011707,budget_cv,0.038
1f7f2e0f41,main,electronics,music,svm,random,0,100,transfer,0.8443073067981754,0.8444,2000,100,0,0,1.0,0.8694598293863001,budget_cv,0.144
1f7f2e0f41,main,electronics,music,svm,random,0,100,target_only,0.7926054792424261,0.794,0,100,0,0,0.01,0.7584285931550866,budget_cv,0.039
1f7f2e0f41,main,electronics,music,svm,random,0,250,transfer,0.858399637503072,0.8584,2000,250,0,0,10.0,0.855234473653313,budget_cv,0.158
1f7f2e0f41,main,electronics,music,svm,random,0,250,target_only,0.8488340817316028,0.8492,0,250,0,0,0.01,0.8146769374123933,budget_cv,0.043
1f7f2e0f41,main,electronics,music,svm,random,0,500,transfer,0.8639852886488203,0.864,2000,500,0,0,1.0,0.883848702551869,budget_cv,0.161
1f7f2e0f41,main,electronics,music,svm,random,0,500,target_only,0.8554899179999356,0.8556,0,500,0,0,10.0,0.8538312922701204,budget_cv,0.052
1f7f2e0f41,main,electronics,music,svm,random,0,1000,transfer,0.880399827775752,0.8804,2000,1000,0,0,10.0,0.8959672662122521,budget_cv,0.195
1f7f2e0f41,main,electronics,music,svm,random,0,1000,target_only,0.8763699133821207,0.8764,0,1000,0,0,10.0,0.889801516277987,budget_cv,0.07
1f7f2e0f41,main,electronics,music,svm,random,0,2000,transfer,0.8979963278678033,0.898,2000,2000,0,0,1.0,0.9049360740969933,budget_cv,0.224
1f7f2e0f41,main,electronics,music,svm,random,0,2000,target_only,0.8895819090999869,0.8896,0,2000,0,0,10.0,0.8968949169795019,budget_cv,0.111
1f7f2e0f41,main,electronics,music,svm,random,1,0,source_only,0.8272344280497532,0.8276,2000,0,0,0,0.1,0.9005329387287353,source_val_fallback,0.044
1f7f2e0f41,main,electronics,music,svm,random,1,50,transfer,0.8346177090235942,0.8348,2000,50,0,0,0.1,0.8988484282601931,budget_cv,0.14
1f7f2e0f41,main,electronics,music,svm,random,1,50,target_only,0.7231327720011256,0.7248,0,50,0,0,1.0,0.7584797526747992,budget_cv,0.039
1f7f2e0f41,main,electronics,music,svm,random,1,100,transfer,0.8398359920558651,0.84,2000,100,0,0,0.1,0.8589506194729317,budget_cv,0.141
1f7f2e0f41,main,electronics,music,svm,random,1,100,target_only,0.7891972679965933,0.7892,0,100,0,0,1.0,0.7548368298368299,budget_cv,0.04
1f7f2e0f41,main,electronics,music,svm,random,1,250,transfer,0.851196571569009,0.8512,2000,250,0,0,10.0,0.8837084765346249,budget_cv,0.158
1f7f2e0f41,main,electronics,music,svm,random,1,250,target_only,0.8218309817425202,0.822,0,250,0,0,10.0,0.87535002489343,budget_cv,0.044
1f7f2e0f41,main,electronics,music,svm,random,1,500,transfer,0.8591707976566021,0.8592,2000,500,0,0,0.1,0.8698408434806209,budget_cv,0.158
1f7f2e0f41,main,electronics,music,svm,random,1,500,target_only,0.8607956345510995,0.8608,0,500,0,0,10.0,0.8618434310614352,budget_cv,0.051
1f7f2e0f41,main,electronics,music,svm,random,1,1000,transfer,0.8771405360194334,0.8772,2000,1000,0,0,0.1,0.8729234762929713,budget_cv,0.177
1f7f2e0f41,main,electronics,music,svm,random,1,1000,target_only,0.8787495404087364,0.8788,0,1000,0,0,1.0,0.8618262349123382,budget_cv,0.065
1f7f2e0f41,main,electronics,music,svm,random,1,2000,transfer,0.899995903832221,0.9,2000,2000,0,0,10.0,0.8994608699273711,budget_cv,0.235
1f7f2e0f41,main,electronics,music,svm,random,1,2000,target_only,0.8895819090999869,0.8896,0,2000,0,0,10.0,0.8934232154797582,budget_cv,0.118
1f7f2e0f41,main,electronics,music,svm,random,2,0,source_only,0.8272344280497532,0.8276,2000,0,0,0,0.1,0.9005329387287353,source_val_fallback,0.045
1f7f2e0f41,main,electronics,music,svm,random,2,50,transfer,0.8250031627868744,0.8256,2000,50,0,0,10.0,0.8300865800865801,budget_cv,0.147
1f7f2e0f41,main,electronics,music,svm,random,2,50,target_only,0.684857848199303,0.7,0,50,0,0,0.01,0.6175771088814567,budget_cv,0.037
1f7f2e0f41,main,electronics,music,svm,random,2,100,transfer,0.8382872927115282,0.8384,2000,100,0,0,1.0,0.8439693397951111,budget_cv,0.145
1f7f2e0f41,main,electronics,music,svm,random,2,100,target_only,0.7869708146812667,0.7872,0,100,0,0,0.01,0.7773879142300194,budget_cv,0.039
1f7f2e0f41,main,electronics,music,svm,random,2,250,transfer,0.8567595718215508,0.8568,2000,250,0,0,1.0,0.8551446703672484,budget_cv,0.149
1f7f2e0f41,main,electronics,music,svm,random,2,250,target_only,0.8291584239940633,0.8292,0,250,0,0,10.0,0.8351842422963499,budget_cv,0.044
1f7f2e0f41,main,electronics,music,svm,random,2,500,transfer,0.8691952910304771,0.8692,2000,500,0,0,1.0,0.8678178108102355,budget_cv,0.16
1f7f2e0f41,main,electronics,music,svm,random,2,500,target_only,0.8619664081450862,0.862,0,500,0,0,10.0,0.8572868454674042,budget_cv,0.051
1f7f2e0f41,main,electronics,music,svm,random,2,1000,transfer,0.8799962366819823,0.88,2000,1000,0,0,1.0,0.8859815965285852,budget_cv,0.179
1f7f2e0f41,main,electronics,music,svm,random,2,1000,target_only,0.879998771187417,0.88,0,1000,0,0,10.0,0.8939505610277331,budget_cv,0.066
1f7f2e0f41,main,electronics,music,svm,random,2,2000,transfer,0.8979963278678033,0.898,2000,2000,0,0,1.0,0.8934792020230887,budget_cv,0.219
1f7f2e0f41,main,electronics,music,svm,random,2,2000,target_only,0.8895819090999869,0.8896,0,2000,0,0,10.0,0.8924584219743862,budget_cv,0.111
1f7f2e0f41,main,electronics,music,svm,random,3,0,source_only,0.8272344280497532,0.8276,2000,0,0,0,0.1,0.9005329387287353,source_val_fallback,0.046
1f7f2e0f41,main,electronics,music,svm,random,3,50,transfer,0.8363679281139103,0.8364,2000,50,0,0,1.0,0.9390557055030739,budget_cv,0.147
1f7f2e0f41,main,electronics,music,svm,random,3,50,target_only,0.7263740182732255,0.7368,0,50,0,0,10.0,0.6808676830415962,budget_cv,0.038
1f7f2e0f41,main,electronics,music,svm,random,3,100,transfer,0.8376564811140373,0.838,2000,100,0,0,0.1,0.8578011747644673,budget_cv,0.147
1f7f2e0f41,main,electronics,music,svm,random,3,100,target_only,0.7916232042573281,0.794,0,100,0,0,0.01,0.7080174656261612,budget_cv,0.04
1f7f2e0f41,main,electronics,music,svm,random,3,250,transfer,0.8433925013285604,0.8436,2000,250,0,0,0.1,0.8633941269594873,budget_cv,0.154
1f7f2e0f41,main,electronics,music,svm,random,3,250,target_only,0.8174750440437151,0.8188,0,250,0,0,0.01,0.7826299558919549,budget_cv,0.044
1f7f2e0f41,main,electronics,music,svm,random,3,500,transfer,0.8739941734905822,0.874,2000,500,0,0,1.0,0.8738942369961501,budget_cv,0.166
1f7f2e0f41,main,electronics,music,svm,random,3,500,target_only,0.8613412294560601,0.8616,0,500,0,0,10.0,0.847173376936385,budget_cv,0.054
1f7f2e0f41,main,electronics,music,svm,random,3,1000,transfer,0.8759865867092185,0.876,2000,1000,0,0,1.0,0.8819969620561556,budget_cv,0.183
1f7f2e0f41,main,electronics,music,svm,random,3,1000,target_only,0.8739039450691959,0.874,0,1000,0,0,1.0,0.8688200897249384,budget_cv,0.065
1f7f2e0f41,main,electronics,music,svm,random,3,2000,transfer,0.8979963278678033,0.898,2000,2000,0,0,1.0,0.9019582242228953,budget_cv,0.22
1f7f2e0f41,main,electronics,music,svm,random,3,2000,target_only,0.8939792199271057,0.894,0,2000,0,0,1.0,0.8963844796795275,budget_cv,0.102
1f7f2e0f41,main,electronics,music,svm,random,4,0,source_only,0.8272344280497532,0.8276,2000,0,0,0,0.1,0.9005329387287353,source_val_fallback,0.046
1f7f2e0f41,main,electronics,music,svm,random,4,50,transfer,0.8356085115337069,0.836,2000,50,0,0,0.1,0.7965963987703119,budget_cv,0.151
1f7f2e0f41,main,electronics,music,svm,random,4,50,target_only,0.6331681231250815,0.6616,0,50,0,0,0.01,0.5995014245014245,budget_cv,0.04
1f7f2e0f41,main,electronics,music,svm,random,4,100,transfer,0.8335705053890272,0.834,2000,100,0,0,0.1,0.7850755151921641,budget_cv,0.15
1f7f2e0f41,main,electronics,music,svm,random,4,100,target_only,0.6923545666515736,0.7092,0,100,0,0,0.01,0.7084670897100908,budget_cv,0.042
1f7f2e0f41,main,electronics,music,svm,random,4,250,transfer,0.851877140975811,0.852,2000,250,0,0,10.0,0.8477938357364869,budget_cv,0.169
1f7f2e0f41,main,electronics,music,svm,random,4,250,target_only,0.8309185402388232,0.8312,0,250,0,0,10.0,0.830319084173074,budget_cv,0.046
1f7f2e0f41,main,electronics,music,svm,random,4,500,transfer,0.863523988320535,0.8636,2000,500,0,0,1.0,0.8740313742417828,budget_cv,0.175
1f7f2e0f41,main,electronics,music,svm,random,4,500,target_only,0.8551985172328165,0.8552,0,500,0,0,10.0,0.8699249313931071,budget_cv,0.056
1f7f2e0f41,main,electronics,music,svm,random,4,1000,transfer,0.88999955999824,0.89,2000,1000,0,0,10.0,0.9019337053365417,budget_cv,0.197
1f7f2e0f41,main,electronics,music,svm,random,4,1000,target_only,0.8811767106352846,0.8812,0,1000,0,0,10.0,0.8805831516417183,budget_cv,0.067
1f7f2e0f41,main,electronics,music,svm,random,4,2000,transfer,0.8979963278678033,0.898,2000,2000,0,0,1.0,0.9019760037550076,budget_cv,0.225
1f7f2e0f41,main,electronics,music,svm,random,4,2000,target_only,0.8895819090999869,0.8896,0,2000,0,0,10.0,0.890908669030675,budget_cv,0.112
1f7f2e0f41,main,electronics,music,svm,uncertainty,0,0,source_only,0.8272344280497532,0.8276,2000,0,0,0,0.1,0.9005329387287353,source_val_fallback,0.047
1f7f2e0f41,main,electronics,music,svm,uncertainty,0,50,transfer,0.8366155454862321,0.8368,2000,50,0,0,1.0,0.784878696183044,budget_cv,0.148
1f7f2e0f41,main,electronics,music,svm,uncertainty,0,50,target_only,0.5730548461157876,0.6268,0,50,0,0,0.01,0.42786596119929454,budget_cv,0.039
1f7f2e0f41,main,electronics,music,svm,uncertainty,0,100,transfer,0.8375120421630975,0.838,2000,100,0,0,0.1,0.6295055130242188,budget_cv,0.147
1f7f2e0f41,main,electronics,music,svm,uncertainty,0,100,target_only,0.6941043800756823,0.706,0,100,0,0,0.01,0.5796461126948932,budget_cv,0.041
1f7f2e0f41,main,electronics,music,svm,uncertainty,0,250,transfer,0.8643982426012241,0.8644,2000,250,0,0,1.0,0.6483736601800333,budget_cv,0.168
1f7f2e0f41,main,electronics,music,svm,uncertainty,0,250,target_only,0.7611542565196874,0.7616,0,250,0,0,1.0,0.6548049971564696,budget_cv,0.046
1f7f2e0f41,main,electronics,music,svm,uncertainty,0,500,transfer,0.8743902727827243,0.8744,2000,500,0,0,10.0,0.5967578488763304,budget_cv,0.185
1f7f2e0f41,main,electronics,music,svm,uncertainty,0,500,target_only,0.7971399858934267,0.7972,0,500,0,0,10.0,0.5888244745010721,budget_cv,0.055
1f7f2e0f41,main,electronics,music,svm,uncertainty,0,1000,transfer,0.8927916977890769,0.8928,2000,1000,0,0,1.0,0.7678000494953346,budget_cv,0.197
1f7f2e0f41,main,electronics,music,svm,uncertainty,0,1000,target_only,0.875164766503698,0.8752,0,1000,0,0,10.0,0.7096323047548182,budget_cv,0.077
1f7f2e0f41,main,electronics,music,svm,uncertainty,0,2000,transfer,0.8979963278678033,0.898,2000,2000,0,0,1.0,0.9009729569966888,budget_cv,0.231
1f7f2e0f41,main,electronics,music,svm,uncertainty,0,2000,target_only,0.8939792199271057,0.894,0,2000,0,0,1.0,0.8933695056998104,budget_cv,0.107
1f7f2e0f41,main,electronics,music,svm,uncertainty,1,0,source_only,0.8272344280497532,0.8276,2000,0,0,0,0.1,0.9005329387287353,source_val_fallback,0.045
1f7f2e0f41,main,electronics,music,svm,uncertainty,1,50,transfer,0.8291797548657305,0.8296,2000,50,0,0,10.0,0.7376392369813423,budget_cv,0.151
1f7f2e0f41,main,electronics,music,svm,uncertainty,1,50,target_only,0.5991145500222099,0.6172,0,50,0,0,0.01,0.5658228905597326,budget_cv,0.038
1f7f2e0f41,main,electronics,music,svm,uncertainty,1,100,transfer,0.8417810502886314,0.842,2000,100,0,0,10.0,0.6445811498443077,budget_cv,0.155
1f7f2e0f41,main,electronics,music,svm,uncertainty,1,100,target_only,0.6642208680512374,0.6652,0,100,0,0,0.01,0.5888393741334917,budget_cv,0.041
1f7f2e0f41,main,electronics,music,svm,uncertainty,1,250,transfer,0.8643885218444889,0.8644,2000,250,0,0,1.0,0.5918497730862264,budget_cv,0.156
1f7f2e0f41,main,electronics,music,svm,uncertainty,1,250,target_only,0.7195945713509013,0.7196,0,250,0,0,0.01,0.6689583194141546,budget_cv,0.046
1f7f2e0f41,main,electronics,music,svm,uncertainty,1,500,transfer,0.8779976380342723,0.878,2000,500,0,0,10.0,0.6277178697728074,budget_cv,0.181
1f7f2e0f41,main,electronics,music,svm,uncertainty,1,500,target_only,0.7943967103473656,0.7944,0,500,0,0,10.0,0.6144500667491739,budget_cv,0.055
1f7f2e0f41,main,electronics,music,svm,uncertainty,1,1000,transfer,0.8951957072161676,0.8952,2000,1000,0,0,10.0,0.7717834433643823,budget_cv,0.208
1f7f2e0f41,main,electronics,music,svm,uncertainty,1,1000,target_only,0.8771811153682991,0.8772,0,1000,0,0,10.0,0.7143795608914042,budget_cv,0.074
1f7f2e0f41,main,electronics,music,svm,uncertainty,1,2000,transfer,0.899995903832221,0.9,2000,2000,0,0,10.0,0.8959774731535228,budget_cv,0.234
1f7f2e0f41,main,electronics,music,svm,uncertainty,1,2000,target_only,0.8895819090999869,0.8896,0,2000,0,0,10.0,0.8913723659516215,budget_cv,0.111
1f7f2e0f41,main,electronics,music,svm,uncertainty,2,0,source_only,0.8272344280497532,0.8276,2000,0,0,0,0.1,0.9005329387287353,source_val_fallback,0.044
1f7f2e0f41,main,electronics,music,svm,uncertainty,2,50,transfer,0.8313958135860853,0.8316,2000,50,0,0,1.0,0.6773551525873508,budget_cv,0.153
1f7f2e0f41,main,electronics,music,svm,uncertainty,2,50,target_only,0.5959665343482491,0.6292,0,50,0,0,0.1,0.6104728604728604,budget_cv,0.039
1f7f2e0f41,main,electronics,music,svm,uncertainty,2,100,transfer,0.8396305086920264,0.84,2000,100,0,0,0.1,0.585185516079825,budget_cv,0.15
1f7f2e0f41,main,electronics,music,svm,uncertainty,2,100,target_only,0.7169313703559484,0.7212,0,100,0,0,0.01,0.5747150997150997,budget_cv,0.041
1f7f2e0f41,main,electronics,music,svm,uncertainty,2,250,transfer,0.8711881286979408,0.8712,2000,250,0,0,10.0,0.5511908087071485,budget_cv,0.167
1f7f2e0f41,main,electronics,music,svm,uncertainty,2,250,target_only,0.7518926588399205,0.752,0,250,0,0,0.1,0.5637301393720333,budget_cv,0.045
1f7f2e0f41,main,electronics,music,svm,uncertainty,2,500,transfer,0.8787836891332098,0.8788,2000,500,0,0,1.0,0.5976620403360485,budget_cv,0.177
1f7f2e0f41,main,electronics,music,svm,uncertainty,2,500,target_only,0.7583986083759842,0.7584,0,500,0,0,0.1,0.6254577997856566,budget_cv,0.053
1f7f2e0f41,main,electronics,music,svm,uncertainty,2,1000,transfer,0.8959946083604975,0.896,2000,1000,0,0,10.0,0.7619295300900314,budget_cv,0.204
1f7f2e0f41,main,electronics,music,svm,uncertainty,2,1000,target_only,0.8755942474780034,0.8756,0,1000,0,0,10.0,0.6967571028756637,budget_cv,0.073
1f7f2e0f41,main,electronics,music,svm,uncertainty,2,2000,transfer,0.899995903832221,0.9,2000,2000,0,0,10.0,0.8999865420884495,budget_cv,0.236
1f7f2e0f41,main,electronics,music,svm,uncertainty,2,2000,target_only,0.8895819090999869,0.8896,0,2000,0,0,10.0,0.9039386091243721,budget_cv,0.112
1f7f2e0f41,main,electronics,music,svm,uncertainty,3,0,source_only,0.8272344280497532,0.8276,2000,0,0,0,0.1,0.9005329387287353,source_val_fallback,0.044
1f7f2e0f41,main,electronics,music,svm,uncertainty,3,50,transfer,0.8270835705907598,0.828,2000,50,0,0,0.1,0.7273171273171273,budget_cv,0.14
1f7f2e0f41,main,electronics,music,svm,uncertainty,3,50,target_only,0.36816608015240754,0.5152,0,50,0,0,0.1,0.3977072310405643,budget_cv,0.039
1f7f2e0f41,main,electronics,music,svm,uncertainty,3,100,transfer,0.8451868966189298,0.8452,2000,100,0,0,10.0,0.656139404017163,budget_cv,0.157
1f7f2e0f41,main,electronics,music,svm,uncertainty,3,100,target_only,0.7023448486563959,0.7032,0,100,0,0,0.01,0.5999455337690632,budget_cv,0.04
1f7f2e0f41,main,electronics,music,svm,uncertainty,3,250,transfer,0.8623968296229545,0.8624,2000,250,0,0,1.0,0.6032139730187076,budget_cv,0.159
1f7f2e0f41,main,electronics,music,svm,uncertainty,3,250,target_only,0.765999962559994,0.766,0,250,0,0,10.0,0.6099207013363679,budget_cv,0.046
1f7f2e0f41,main,electronics,music,svm,uncertainty,3,500,transfer,0.8791749457167438,0.8792,2000,500,0,0,10.0,0.6085243020497794,budget_cv,0.179
1f7f2e0f41,main,electronics,music,svm,uncertainty,3,500,target_only,0.7791638181999738,0.7792,0,500,0,0,0.01,0.634135367077168,budget_cv,0.052
1f7f2e0f41,main,electronics,music,svm,uncertainty,3,1000,transfer,0.8943956744468253,0.8944,2000,1000,0,0,1.0,0.775779031420068,budget_cv,0.189
1f7f2e0f41,main,electronics,music,svm,uncertainty,3,1000,target_only,0.8779835814707226,0.878,0,1000,0,0,1.0,0.7144942493083146,budget_cv,0.072
1f7f2e0f41,main,electronics,music,svm,uncertainty,3,2000,transfer,0.8979963278678033,0.898,2000,2000,0,0,1.0,0.8979502549490012,budget_cv,0.217
1f7f2e0f41,main,electronics,music,svm,uncertainty,3,2000,target_only,0.8939792199271057,0.894,0,2000,0,0,1.0,0.8898770015017133,budget_cv,0.105
1f7f2e0f41,main,electronics,music,svm,uncertainty,4,0,source_only,0.8272344280497532,0.8276,2000,0,0,0,0.1,0.9005329387287353,source_val_fallback,0.043
1f7f2e0f41,main,electronics,music,svm,uncertainty,4,50,transfer,0.8318277916586585,0.832,2000,50,0,0,0.1,0.6454212454212455,budget_cv,0.14
1f7f2e0f41,main,electronics,music,svm,uncertainty,4,50,target_only,0.6240052957993183,0.6244,0,50,0,0,1.0,0.6081236960493926,budget_cv,0.04
1f7f2e0f41,main,electronics,music,svm,uncertainty,4,100,transfer,0.8409299881991688,0.8412,2000,100,0,0,10.0,0.6562789700720736,budget_cv,0.154
1f7f2e0f41,main,electronics,music,svm,uncertainty,4,100,target_only,0.671416487735051,0.6768,0,100,0,0,0.1,0.5831481348722728,budget_cv,0.042
1f7f2e0f41,main,electronics,music,svm,uncertainty,4,250,transfer,0.8723999795839967,0.8724,2000,250,0,0,10.0,0.5291138248897672,budget_cv,0.159
1f7f2e0f41,main,electronics,music,svm,uncertainty,4,250,target_only,0.7401221931791033,0.7412,0,250,0,0,10.0,0.594994468152363,budget_cv,0.046
1f7f2e0f41,main,electronics,music,svm,uncertainty,4,500,transfer,0.8799803359782467,0.88,2000,500,0,0,10.0,0.5915810276002652,budget_cv,0.182
1f7f2e0f41,main,electronics,music,svm,uncertainty,4,500,target_only,0.7863803128096285,0.7864,0,500,0,0,10.0,0.6225297470106946,budget_cv,0.056
1f7f2e0f41,main,electronics,music,svm,uncertainty,4,1000,transfer,0.895996738457718,0.896,2000,1000,0,0,10.0,0.7638898780606217,budget_cv,0.206
1f7f2e0f41,main,electronics,music,svm,uncertainty,4,1000,target_only,0.8715891313040736,0.8716,0,1000,0,0,10.0,0.71163616602918,budget_cv,0.078
1f7f2e0f41,main,electronics,music,svm,uncertainty,4,2000,transfer,0.8979963278678033,0.898,2000,2000,0,0,1.0,0.8974455441090292,budget_cv,0.235
1f7f2e0f41,main,electronics,music,svm,uncertainty,4,2000,target_only,0.8895819090999869,0.8896,0,2000,0,0,10.0,0.9023994625463967,budget_cv,0.116
1f7f2e0f41,main,electronics,music,svm,self_training,0,0,uda_self_training,0.8231159919099137,0.8244,2000,0,0,1000,0.1,0.9005329387287353,source_val_fallback,0.068
1f7f2e0f41,main,electronics,music,svm,self_training,0,50,transfer,0.7885431794827497,0.7932,2000,50,0,1000,0.01,0.8382539273019148,budget_cv,0.161
1f7f2e0f41,main,electronics,music,svm,self_training,0,50,target_only,0.5586482322563608,0.6192,0,50,0,1000,0.01,0.6317541119011707,budget_cv,0.047
1f7f2e0f41,main,electronics,music,svm,self_training,0,100,transfer,0.854362716855515,0.8544,2000,100,0,1000,1.0,0.8694598293863001,budget_cv,0.177
1f7f2e0f41,main,electronics,music,svm,self_training,0,100,target_only,0.7416348407765987,0.7536,0,100,0,1000,0.01,0.7584285931550866,budget_cv,0.048
1f7f2e0f41,main,electronics,music,svm,self_training,0,250,transfer,0.8611973127799755,0.8612,2000,250,0,1000,10.0,0.855234473653313,budget_cv,0.212
1f7f2e0f41,main,electronics,music,svm,self_training,0,250,target_only,0.5426578488467739,0.6108,0,250,0,1000,0.01,0.8146769374123933,budget_cv,0.053
1f7f2e0f41,main,electronics,music,svm,self_training,0,500,transfer,0.8659766477711077,0.866,2000,500,0,1000,1.0,0.883848702551869,budget_cv,0.193
1f7f2e0f41,main,electronics,music,svm,self_training,0,500,target_only,0.8602384356315902,0.8604,0,500,0,1000,10.0,0.8538312922701204,budget_cv,0.081
1f7f2e0f41,main,electronics,music,svm,self_training,0,1000,transfer,0.880399827775752,0.8804,2000,1000,0,1000,10.0,0.8959672662122521,budget_cv,0.246
1f7f2e0f41,main,electronics,music,svm,self_training,0,1000,target_only,0.8763562993704495,0.8764,0,1000,0,1000,10.0,0.889801516277987,budget_cv,0.102
1f7f2e0f41,main,electronics,music,svm,self_training,0,2000,transfer,0.8979952833018998,0.898,2000,2000,0,1000,1.0,0.9049360740969933,budget_cv,0.267
1f7f2e0f41,main,electronics,music,svm,self_training,0,2000,target_only,0.8895819090999869,0.8896,0,2000,0,1000,10.0,0.8968949169795019,budget_cv,0.144
1f7f2e0f41,main,electronics,music,svm,self_training,1,0,uda_self_training,0.8231159919099137,0.8244,2000,0,0,1000,0.1,0.9005329387287353,source_val_fallback,0.065
1f7f2e0f41,main,electronics,music,svm,self_training,1,50,transfer,0.8372022912270123,0.838,2000,50,0,1000,0.1,0.8988484282601931,budget_cv,0.156
1f7f2e0f41,main,electronics,music,svm,self_training,1,50,target_only,0.7528973687547522,0.754,0,50,0,1000,1.0,0.7584797526747992,budget_cv,0.051
1f7f2e0f41,main,electronics,music,svm,self_training,1,100,transfer,0.8381118068152438,0.8388,2000,100,0,1000,0.1,0.8589506194729317,budget_cv,0.162
1f7f2e0f41,main,electronics,music,svm,self_training,1,100,target_only,0.806968431593224,0.8076,0,100,0,1000,1.0,0.7548368298368299,budget_cv,0.053
1f7f2e0f41,main,electronics,music,svm,self_training,1,250,transfer,0.853588661905978,0.8536,2000,250,0,1000,10.0,0.8837084765346249,budget_cv,0.199
1f7f2e0f41,main,electronics,music,svm,self_training,1,250,target_only,0.8359495568552309,0.8364,0,250,0,1000,10.0,0.87535002489343,budget_cv,0.058
1f7f2e0f41,main,electronics,music,svm,self_training,1,500,transfer,0.863066703652003,0.8632,2000,500,0,1000,0.1,0.8698408434806209,budget_cv,0.178
1f7f2e0f41,main,electronics,music,svm,self_training,1,500,target_only,0.8635936925723446,0.8636,0,500,0,1000,10.0,0.8618434310614352,budget_cv,0.067
1f7f2e0f41,main,electronics,music,svm,self_training,1,1000,transfer,0.872676057781687,0.8728,2000,1000,0,1000,0.1,0.8729234762929713,budget_cv,0.197
1f7f2e0f41,main,electronics,music,svm,self_training,1,1000,target_only,0.8763002287124704,0.8764,0,1000,0,1000,1.0,0.8618262349123382,budget_cv,0.081
1f7f2e0f41,main,electronics,music,svm,self_training,1,2000,transfer,0.899595357289321,0.8996,2000,2000,0,1000,10.0,0.8994608699273711,budget_cv,0.295
1f7f2e0f41,main,electronics,music,svm,self_training,1,2000,target_only,0.8895819090999869,0.8896,0,2000,0,1000,10.0,0.8934232154797582,budget_cv,0.143
1f7f2e0f41,main,electronics,music,svm,self_training,2,0,uda_self_training,0.8231159919099137,0.8244,2000,0,0,1000,0.1,0.9005329387287353,source_val_fallback,0.063
1f7f2e0f41,main,electronics,music,svm,self_training,2,50,transfer,0.8301470853962631,0.8308,2000,50,0,1000,10.0,0.8300865800865801,budget_cv,0.192
1f7f2e0f41,main,electronics,music,svm,self_training,2,50,target_only,0.4184015914233217,0.5404,0,50,0,1000,0.01,0.6175771088814567,budget_cv,0.046
1f7f2e0f41,main,electronics,music,svm,self_training,2,100,transfer,0.8475262026820982,0.8476,2000,100,0,1000,1.0,0.8439693397951111,budget_cv,0.178
1f7f2e0f41,main,electronics,music,svm,self_training,2,100,target_only,0.5527678864397918,0.6164,0,100,0,1000,0.01,0.7773879142300194,budget_cv,0.05
1f7f2e0f41,main,electronics,music,svm,self_training,2,250,transfer,0.8619664081450862,0.862,2000,250,0,1000,1.0,0.8551446703672484,budget_cv,0.181
1f7f2e0f41,main,electronics,music,svm,self_training,2,250,target_only,0.8507277522320803,0.8508,0,250,0,1000,10.0,0.8351842422963499,budget_cv,0.06
1f7f2e0f41,main,electronics,music,svm,self_training,2,500,transfer,0.8719986892665781,0.872,2000,500,0,1000,1.0,0.8678178108102355,budget_cv,0.197
1f7f2e0f41,main,electronics,music,svm,self_training,2,500,target_only,0.8647458983593437,0.8648,0,500,0,1000,10.0,0.8572868454674042,budget_cv,0.071
1f7f2e0f41,main,electronics,music,svm,self_training,2,1000,transfer,0.8819984707001802,0.882,2000,1000,0,1000,1.0,0.8859815965285852,budget_cv,0.219
1f7f2e0f41,main,electronics,music,svm,self_training,2,1000,target_only,0.8819984707001802,0.882,0,1000,0,1000,10.0,0.8939505610277331,budget_cv,0.093
1f7f2e0f41,main,electronics,music,svm,self_training,2,2000,transfer,0.8979952833018998,0.898,2000,2000,0,1000,1.0,0.8934792020230887,budget_cv,0.27
1f7f2e0f41,main,electronics,music,svm,self_training,2,2000,target_only,0.8895819090999869,0.8896,0,2000,0,1000,10.0,0.8924584219743862,budget_cv,0.147
1f7f2e0f41,main,electronics,music,svm,self_training,3,0,uda_self_training,0.8231159919099137,0.8244,2000,0,0,1000,0.1,0.9005329387287353,source_val_fallback,0.064
1f7f2e0f41,main,electronics,music,svm,self_training,3,50,transfer,0.8422691717418096,0.8424,2000,50,0,1000,1.0,0.9390557055030739,budget_cv,0.17
1f7f2e0f41,main,electronics,music,svm,self_training,3,50,target_only,0.6693767883313559,0.6968,0,50,0,1000,10.0,0.6808676830415962,budget_cv,0.052
1f7f2e0f41,main,electronics,music,svm,self_training,3,100,transfer,0.8354191243138507,0.8364,2000,100,0,1000,0.1,0.8578011747644673,budget_cv,0.16
1f7f2e0f41,main,electronics,music,svm,self_training,3,100,target_only,0.5326993179301948,0.6048,0,100,0,1000,0.01,0.7080174656261612,budget_cv,0.049
1f7f2e0f41,main,electronics,music,svm,self_training,3,250,transfer,0.8500068018305909,0.8504,2000,250,0,1000,0.1,0.8633941269594873,budget_cv,0.171
1f7f2e0f41,main,electronics,music,svm,self_training,3,250,target_only,0.5326174700630675,0.6024,0,250,0,1000,0.01,0.7826299558919549,budget_cv,0.057
1f7f2e0f41,main,electronics,music,svm,self_training,3,500,transfer,0.8751884973719177,0.8752,2000,500,0,1000,1.0,0.8738942369961501,budget_cv,0.209
1f7f2e0f41,main,electronics,music,svm,self_training,3,500,target_only,0.8624337215295959,0.8628,0,500,0,1000,10.0,0.847173376936385,budget_cv,0.072
1f7f2e0f41,main,electronics,music,svm,self_training,3,1000,transfer,0.8787836891332098,0.8788,2000,1000,0,1000,1.0,0.8819969620561556,budget_cv,0.225
1f7f2e0f41,main,electronics,music,svm,self_training,3,1000,target_only,0.8730532495564873,0.8732,0,1000,0,1000,1.0,0.8688200897249384,budget_cv,0.084
1f7f2e0f41,main,electronics,music,svm,self_training,3,2000,transfer,0.8979952833018998,0.898,2000,2000,0,1000,1.0,0.9019582242228953,budget_cv,0.27
1f7f2e0f41,main,electronics,music,svm,self_training,3,2000,target_only,0.8935754116631106,0.8936,0,2000,0,1000,1.0,0.8963844796795275,budget_cv,0.128
1f7f2e0f41,main,electronics,music,svm,self_training,4,0,uda_self_training,0.8231159919099137,0.8244,2000,0,0,1000,0.1,0.9005329387287353,source_val_fallback,0.063
1f7f2e0f41,main,electronics,music,svm,self_training,4,50,transfer,0.831957155119262,0.8332,2000,50,0,1000,0.1,0.7965963987703119,budget_cv,0.159
1f7f2e0f41,main,electronics,music,svm,self_training,4,50,target_only,0.4883784387170392,0.5776,0,50,0,1000,0.01,0.5995014245014245,budget_cv,0.047
1f7f2e0f41,main,electronics,music,svm,self_training,4,100,transfer,0.8340733981961362,0.8352,2000,100,0,1000,0.1,0.7850755151921641,budget_cv,0.16
1f7f2e0f41,main,electronics,music,svm,self_training,4,100,target_only,0.4592228310386718,0.5624,0,100,0,1000,0.01,0.7084670897100908,budget_cv,0.049
1f7f2e0f41,main,electronics,music,svm,self_training,4,250,transfer,0.8563028607338561,0.8564,2000,250,0,1000,10.0,0.8477938357364869,budget_cv,0.203
1f7f2e0f41,main,electronics,music,svm,self_training,4,250,target_only,0.8461934114237093,0.8468,0,250,0,1000,10.0,0.830319084173074,budget_cv,0.063
1f7f2e0f41,main,electronics,music,svm,self_training,4,500,transfer,0.8715422659560113,0.8716,2000,500,0,1000,1.0,0.8740313742417828,budget_cv,0.189
1f7f2e0f41,main,electronics,music,svm,self_training,4,500,target_only,0.8611989117994685,0.8612,0,500,0,1000,10.0,0.8699249313931071,budget_cv,0.067
1f7f2e0f41,main,electronics,music,svm,self_training,4,1000,transfer,0.8895997173752764,0.8896,2000,1000,0,1000,10.0,0.9019337053365417,budget_cv,0.23
1f7f2e0f41,main,electronics,music,svm,self_training,4,1000,target_only,0.8859722502068104,0.886,0,1000,0,1000,10.0,0.8805831516417183,budget_cv,0.088
1f7f2e0f41,main,electronics,music,svm,self_training,4,2000,transfer,0.8979952833018998,0.898,2000,2000,0,1000,1.0,0.9019760037550076,budget_cv,0.265
1f7f2e0f41,main,electronics,music,svm,self_training,4,2000,target_only,0.8895819090999869,0.8896,0,2000,0,1000,10.0,0.890908669030675,budget_cv,0.143
1f7f2e0f41,main,electronics,clothing,logreg,random,0,0,source_only,0.8755808693144658,0.8756,2000,0,0,0,1.0,0.9032124995160625,source_val_fallback,0.087
1f7f2e0f41,main,electronics,clothing,logreg,random,0,50,transfer,0.8614914092648637,0.8616,2000,50,0,0,0.1,0.859332358674464,budget_cv,0.278
1f7f2e0f41,main,electronics,clothing,logreg,random,0,50,target_only,0.7617718946946319,0.7636,0,50,0,0,0.1,0.7755680049797696,budget_cv,0.092
1f7f2e0f41,main,electronics,clothing,logreg,random,0,100,transfer,0.8967809085968541,0.8968,2000,100,0,0,10.0,0.885715609292845,budget_cv,0.305
1f7f2e0f41,main,electronics,clothing,logreg,random,0,100,target_only,0.8087040153267303,0.8088,0,100,0,0,0.01,0.7826822815847206,budget_cv,0.108
1f7f2e0f41,main,electronics,clothing,logreg,random,0,250,transfer,0.903186058792466,0.9032,2000,250,0,0,10.0,0.9038306143028207,budget_cv,0.297
1f7f2e0f41,main,electronics,clothing,logreg,random,0,250,target_only,0.8644772607277875,0.8648,0,250,0,0,10.0,0.8709364817681967,budget_cv,0.114
1f7f2e0f41,main,electronics,clothing,logreg,random,0,500,transfer,0.9019992316739763,0.902,2000,500,0,0,1.0,0.9196217404521572,budget_cv,0.281
1f7f2e0f41,main,electronics,clothing,logreg,random,0,500,target_only,0.8855466006219862,0.8856,0,500,0,0,1.0,0.9177549268257058,budget_cv,0.129
1f7f2e0f41,main,electronics,clothing,logreg,random,0,1000,transfer,0.9111999431679636,0.9112,2000,1000,0,0,1.0,0.924901924133624,budget_cv,0.3
1f7f2e0f41,main,electronics,clothing,logreg,random,0,1000,target_only,0.9015959693709055,0.9016,0,1000,0,0,1.0,0.9149221295322895,budget_cv,0.15
1f7f2e0f41,main,electronics,clothing,logreg,random,0,2000,transfer,0.9207870217456429,0.9208,2000,2000,0,0,10.0,0.927432914101184,budget_cv,0.378
1f7f2e0f41,main,electronics,clothing,logreg,random,0,2000,target_only,0.9159879022579251,0.916,0,2000,0,0,10.0,0.9163739778568337,budget_cv,0.207
1f7f2e0f41,main,electronics,clothing,logreg,random,1,0,source_only,0.8755808693144658,0.8756,2000,0,0,0,1.0,0.9032124995160625,source_val_fallback,0.087
1f7f2e0f41,main,electronics,clothing,logreg,random,1,50,transfer,0.8759081919167077,0.876,2000,50,0,0,1.0,0.8405844155844155,budget_cv,0.274
1f7f2e0f41,main,electronics,clothing,logreg,random,1,50,target_only,0.7313270673563042,0.7376,0,50,0,0,0.01,0.7984628897672376,budget_cv,0.098
1f7f2e0f41,main,electronics,clothing,logreg,random,1,100,transfer,0.887586888134632,0.8876,2000,100,0,0,10.0,0.9082143540401254,budget_cv,0.289
1f7f2e0f41,main,electronics,clothing,logreg,random,1,100,target_only,0.8065219290132972,0.8072,0,100,0,0,0.01,0.7542794123439284,budget_cv,0.104
1f7f2e0f41,main,electronics,clothing,logreg,random,1,250,transfer,0.8983994147806291,0.8984,2000,250,0,0,10.0,0.8994649308359709,budget_cv,0.29
1f7f2e0f41,main,electronics,clothing,logreg,random,1,250,target_only,0.8518708391001732,0.8528,0,250,0,0,0.01,0.8878096048402345,budget_cv,0.109
1f7f2e0f41,main,electronics,clothing,logreg,random,1,500,transfer,0.8967983487735804,0.8968,2000,500,0,0,1.0,0.8919927152578685,budget_cv,0.279
1f7f2e0f41,main,electronics,clothing,logreg,random,1,500,target_only,0.8799980799692795,0.88,0,500,0,0,10.0,0.8979672716203884,budget_cv,0.131
1f7f2e0f41,main,electronics,clothing,logreg,random,1,1000,transfer,0.9103953548951977,0.9104,2000,1000,0,0,10.0,0.922950261771974,budget_cv,0.316
1f7f2e0f41,main,electronics,clothing,logreg,random,1,1000,target_only,0.8971998519677868,0.8972,0,1000,0,0,10.0,0.9049186998419483,budget_cv,0.158
1f7f2e0f41,main,electronics,clothing,logreg,random,1,2000,transfer,0.9207870217456429,0.9208,2000,2000,0,0,10.0,0.930924329832604,budget_cv,0.377
1f7f2e0f41,main,electronics,clothing,logreg,random,1,2000,target_only,0.9159879022579251,0.916,0,2000,0,0,10.0,0.9143937166423876,budget_cv,0.208
1f7f2e0f41,main,electronics,clothing,logreg,random,2,0,source_only,0.8755808693144658,0.8756,2000,0,0,0,1.0,0.9032124995160625,source_val_fallback,0.087
1f7f2e0f41,main,electronics,clothing,logreg,random,2,50,transfer,0.8535366340893724,0.8536,2000,50,0,0,0.01,0.9605091159270726,budget_cv,0.262
1f7f2e0f41,main,electronics,clothing,logreg,random,2,50,target_only,0.7667065132479272,0.7684,0,50,0,0,1.0,0.8330780917855222,budget_cv,0.097
1f7f2e0f41,main,electronics,clothing,logreg,random,2,100,transfer,0.8815829479445041,0.8816,2000,100,0,0,1.0,0.9487103100006326,budget_cv,0.274
1f7f2e0f41,main,electronics,clothing,logreg,random,2,100,target_only,0.839176841465171,0.8392,0,100,0,0,0.1,0.8792020110846585,budget_cv,0.1
1f7f2e0f41,main,electronics,clothing,logreg,random,2,250,transfer,0.8983983743739901,0.8984,2000,250,0,0,10.0,0.9059244998974911,budget_cv,0.287
1f7f2e0f41,main,electronics,clothing,logreg,random,2,250,target_only,0.8579039430655122,0.858,0,250,0,0,10.0,0.884462525919702,budget_cv,0.116
1f7f2e0f41,main,electronics,clothing,logreg,random,2,500,transfer,0.9075946626677157,0.9076,2000,500,0,0,10.0,0.9276978069320679,budget_cv,0.296
1f7f2e0f41,main,electronics,clothing,logreg,random,2,500,target_only,0.8907545364078715,0.8908,0,500,0,0,0.1,0.8973777799503376,budget_cv,0.124
1f7f2e0f41,main,electronics,clothing,logreg,random,2,1000,transfer,0.9163916391639164,0.9164,2000,1000,0,0,10.0,0.9159543105190543,budget_cv,0.314
1f7f2e0f41,main,electronics,clothing,logreg,random,2,1000,target_only,0.9051965870771348,0.9052,0,1000,0,0,1.0,0.9109412024605453,budget_cv,0.151
1f7f2e0f41,main,electronics,clothing,logreg,random,2,2000,transfer,0.9207870217456429,0.9208,2000,2000,0,0,10.0,0.927401152543767,budget_cv,0.377
1f7f2e0f41,main,electronics,clothing,logreg,random,2,2000,target_only,0.9159879022579251,0.916,0,2000,0,0,10.0,0.921363175091901,budget_cv,0.21
1f7f2e0f41,main,electronics,clothing,logreg,random,3,0,source_only,0.8755808693144658,0.8756,2000,0,0,0,1.0,0.9032124995160625,source_val_fallback,0.086
1f7f2e0f41,main,electronics,clothing,logreg,random,3,50,transfer,0.8899960398574349,0.89,2000,50,0,0,10.0,0.8396164021164022,budget_cv,0.289
1f7f2e0f41,main,electronics,clothing,logreg,random,3,50,target_only,0.729826689372739,0.7372,0,50,0,0,1.0,0.6472582972582973,budget_cv,0.088
1f7f2e0f41,main,electronics,clothing,logreg,random,3,100,transfer,0.8919900458026212,0.892,2000,100,0,0,10.0,0.8898853733412557,budget_cv,0.283
1f7f2e0f41,main,electronics,clothing,logreg,random,3,100,target_only,0.7940769934435081,0.7956,0,100,0,0,0.01,0.7081181489076226,budget_cv,0.099
1f7f2e0f41,main,electronics,clothing,logreg,random,3,250,transfer,0.9015876551554627,0.9016,2000,250,0,0,10.0,0.9077352742687307,budget_cv,0.281
1f7f2e0f41,main,electronics,clothing,logreg,random,3,250,target_only,0.861183808479421,0.8612,0,250,0,0,1.0,0.8667852095890597,budget_cv,0.114
1f7f2e0f41,main,electronics,clothing,logreg,random,3,500,transfer,0.904396558276098,0.9044,2000,500,0,0,10.0,0.9319784494128114,budget_cv,0.291
1f7f2e0f41,main,electronics,clothing,logreg,random,3,500,target_only,0.8787984292276427,0.8788,0,500,0,0,1.0,0.9079118990232585,budget_cv,0.13
1f7f2e0f41,main,electronics,clothing,logreg,random,3,1000,transfer,0.9099975663341937,0.91,2000,1000,0,0,10.0,0.906859736308634,budget_cv,0.314
1f7f2e0f41,main,electronics,clothing,logreg,random,3,1000,target_only,0.899596385469877,0.8996,0,1000,0,0,10.0,0.8888670278605226,budget_cv,0.154
1f7f2e0f41,main,electronics,clothing,logreg,random,3,2000,transfer,0.9207870217456429,0.9208,2000,2000,0,0,10.0,0.9274193465035224,budget_cv,0.379
1f7f2e0f41,main,electronics,clothing,logreg,random,3,2000,target_only,0.9159879022579251,0.916,0,2000,0,0,10.0,0.9198620274892052,budget_cv,0.207
1f7f2e0f41,main,electronics,clothing,logreg,random,4,0,source_only,0.8755808693144658,0.8756,2000,0,0,0,1.0,0.9032124995160625,source_val_fallback,0.088
1f7f2e0f41,main,electronics,clothing,logreg,random,4,50,transfer,0.881184012120671,0.8812,2000,50,0,0,1.0,0.8382539273019148,budget_cv,0.276
1f7f2e0f41,main,electronics,clothing,logreg,random,4,50,target_only,0.7343313605199572,0.7348,0,50,0,0,0.01,0.85749791144528,budget_cv,0.093
1f7f2e0f41,main,electronics,clothing,logreg,random,4,100,transfer,0.8919997235192922,0.892,2000,100,0,0,10.0,0.9099920401097621,budget_cv,0.292
1f7f2e0f41,main,electronics,clothing,logreg,random,4,100,target_only,0.8023284741493857,0.8032,0,100,0,0,0.1,0.8057059354907276,budget_cv,0.102
1f7f2e0f41,main,electronics,clothing,logreg,random,4,250,transfer,0.8947838219604647,0.8948,2000,250,0,0,10.0,0.8992001014527261,budget_cv,0.291
1f7f2e0f41,main,electronics,clothing,logreg,random,4,250,target_only,0.8431503517293035,0.844,0,250,0,0,10.0,0.8410465061564657,budget_cv,0.114
1f7f2e0f41,main,electronics,clothing,logreg,random,4,500,transfer,0.8979986780628677,0.898,2000,500,0,0,1.0,0.8977951826833156,budget_cv,0.277
1f7f2e0f41,main,electronics,clothing,logreg,random,4,500,target_only,0.8879974194605444,0.888,0,500,0,0,1.0,0.8698105145676253,budget_cv,0.132
1f7f2e0f41,main,electronics,clothing,logreg,random,4,1000,transfer,0.9147885339451276,0.9148,2000,1000,0,0,10.0,0.9018735161354892,budget_cv,0.315
1f7f2e0f41,main,electronics,clothing,logreg,random,4,1000,target_only,0.9064,0.9064,0,1000,0,0,10.0,0.8887977883478017,budget_cv,0.159
1f7f2e0f41,main,electronics,clothing,logreg,random,4,2000,transfer,0.9207870217456429,0.9208,2000,2000,0,0,10.0,0.9224154277594717,budget_cv,0.378
1f7f2e0f41,main,electronics,clothing,logreg,random,4,2000,target_only,0.9159879022579251,0.916,0,2000,0,0,10.0,0.9163858936367268,budget_cv,0.212
1f7f2e0f41,main,electronics,clothing,logreg,uncertainty,0,0,source_only,0.8755808693144658,0.8756,2000,0,0,0,1.0,0.9032124995160625,source_val_fallback,0.085
1f7f2e0f41,main,electronics,clothing,logreg,uncertainty,0,50,transfer,0.8915960974595085,0.8916,2000,50,0,0,10.0,0.7781905744754042,budget_cv,0.291
1f7f2e0f41,main,electronics,clothing,logreg,uncertainty,0,50,target_only,0.6469454126440617,0.6688,0,50,0,0,0.1,0.7057811469576176,budget_cv,0.094
1f7f2e0f41,main,electronics,clothing,logreg,uncertainty,0,100,transfer,0.8991947742570975,0.8992,2000,100,0,0,10.0,0.6936438605934927,budget_cv,0.288
1f7f2e0f41,main,electronics,clothing,logreg,uncertainty,0,100,target_only,0.680167139112688,0.6952,0,100,0,0,0.1,0.5902921046599208,budget_cv,0.101
1f7f2e0f41,main,electronics,clothing,logreg,uncertainty,0,250,transfer,0.9019868113453346,0.902,2000,250,0,0,10.0,0.63387741700148,budget_cv,0.293
1f7f2e0f41,main,electronics,clothing,logreg,uncertainty,0,250,target_only,0.6947956385042477,0.708,0,250,0,0,1.0,0.613778272524788,budget_cv,0.113
1f7f2e0f41,main,electronics,clothing,logreg,uncertainty,0,500,transfer,0.9135906539651328,0.9136,2000,500,0,0,10.0,0.7175289961846154,budget_cv,0.299
1f7f2e0f41,main,electronics,clothing,logreg,uncertainty,0,500,target_only,0.8152621125403934,0.816,0,500,0,0,10.0,0.6172208888355705,budget_cv,0.124
1f7f2e0f41,main,electronics,clothing,logreg,uncertainty,0,1000,transfer,0.9227945523836162,0.9228,2000,1000,0,0,10.0,0.8507837747905261,budget_cv,0.339
1f7f2e0f41,main,electronics,clothing,logreg,uncertainty,0,1000,target_only,0.9023894424420946,0.9024,0,1000,0,0,10.0,0.7957871604588617,budget_cv,0.155
1f7f2e0f41,main,electronics,clothing,logreg,uncertainty,0,2000,transfer,0.9207870217456429,0.9208,2000,2000,0,0,10.0,0.9239148890149118,budget_cv,0.38
1f7f2e0f41,main,electronics,clothing,logreg,uncertainty,0,2000,target_only,0.9159879022579251,0.916,0,2000,0,0,10.0,0.9113751221498093,budget_cv,0.214
1f7f2e0f41,main,electronics,clothing,logreg,uncertainty,1,0,source_only,0.8755808693144658,0.8756,2000,0,0,0,1.0,0.9032124995160625,source_val_fallback,0.086
1f7f2e0f41,main,electronics,clothing,logreg,uncertainty,1,50,transfer,0.887999713279266,0.888,2000,50,0,0,10.0,0.7537037037037037,budget_cv,0.288
1f7f2e0f41,main,electronics,clothing,logreg,uncertainty,1,50,target_only,0.6767450904141552,0.6808,0,50,0,0,0.1,0.6227994227994228,budget_cv,0.095
1f7f2e0f41,main,electronics,clothing,logreg,uncertainty,1,100,transfer,0.8959807606014809,0.896,2000,100,0,0,10.0,0.7358159313392223,budget_cv,0.286
1f7f2e0f41,main,electronics,clothing,logreg,uncertainty,1,100,target_only,0.6823382020573263,0.692,0,100,0,0,0.01,0.5326603237172343,budget_cv,0.099
1f7f2e0f41,main,electronics,clothing,logreg,uncertainty,1,250,transfer,0.9035955422578741,0.9036,2000,250,0,0,10.0,0.6810828421466719,budget_cv,0.296
1f7f2e0f41,main,electronics,clothing,logreg,uncertainty,1,250,target_only,0.7133567959702825,0.7168,0,250,0,0,0.1,0.6553711834798542,budget_cv,0.11
1f7f2e0f41,main,electronics,clothing,logreg,uncertainty,1,500,transfer,0.9135875566081516,0.9136,2000,500,0,0,10.0,0.6836922126339604,budget_cv,0.305
1f7f2e0f41,main,electronics,clothing,logreg,uncertainty,1,500,target_only,0.80855188324068,0.8088,0,500,0,0,10.0,0.6189433325350171,budget_cv,0.122
1f7f2e0f41,main,electronics,clothing,logreg,uncertainty,1,1000,transfer,0.9219895029075112,0.922,2000,1000,0,0,10.0,0.8446041428298209,budget_cv,0.332
1f7f2e0f41,main,electronics,clothing,logreg,uncertainty,1,1000,target_only,0.8999855979261013,0.9,0,1000,0,0,10.0,0.7676081414634086,budget_cv,0.156
1f7f2e0f41,main,electronics,clothing,logreg,uncertainty,1,2000,transfer,0.9207870217456429,0.9208,2000,2000,0,0,10.0,0.9244098912960003,budget_cv,0.382
1f7f2e0f41,main,electronics,clothing,logreg,uncertainty,1,2000,target_only,0.9159879022579251,0.916,0,2000,0,0,10.0,0.9143365296723469,budget_cv,0.211
1f7f2e0f41,main,electronics,clothing,logreg,uncertainty,2,0,source_only,0.8755808693144658,0.8756,2000,0,0,0,1.0,0.9032124995160625,source_val_fallback,0.085
1f7f2e0f41,main,electronics,clothing,logreg,uncertainty,2,50,transfer,0.8923812485087401,0.8924,2000,50,0,0,10.0,0.8181644880174291,budget_cv,0.289
1f7f2e0f41,main,electronics,clothing,logreg,uncertainty,2,50,target_only,0.6791726684233444,0.6968,0,50,0,0,0.01,0.7051822573561703,budget_cv,0.087
1f7f2e0f41,main,electronics,clothing,logreg,uncertainty,2,100,transfer,0.893572754625184,0.8936,2000,100,0,0,10.0,0.7760161184170317,budget_cv,0.286
1f7f2e0f41,main,electronics,clothing,logreg,uncertainty,2,100,target_only,0.6907115695822478,0.7024,0,100,0,0,10.0,0.6724925462134764,budget_cv,0.104
1f7f2e0f41,main,electronics,clothing,logreg,uncertainty,2,250,transfer,0.9087952719468977,0.9088,2000,250,0,0,10.0,0.6360025945822444,budget_cv,0.294
1f7f2e0f41,main,electronics,clothing,logreg,uncertainty,2,250,target_only,0.7418831168831169,0.7456,0,250,0,0,0.01,0.6042578005577166,budget_cv,0.108
1f7f2e0f41,main,electronics,clothing,logreg,uncertainty,2,500,transfer,0.9119873261749691,0.912,2000,500,0,0,10.0,0.7215944033862289,budget_cv,0.295
1f7f2e0f41,main,electronics,clothing,logreg,uncertainty,2,500,target_only,0.8167564332926855,0.8172,0,500,0,0,10.0,0.6265831838998578,budget_cv,0.123
1f7f2e0f41,main,electronics,clothing,logreg,uncertainty,2,1000,transfer,0.9223916058760916,0.9224,2000,1000,0,0,10.0,0.8391680366946409,budget_cv,0.335
1f7f2e0f41,main,electronics,clothing,logreg,uncertainty,2,1000,target_only,0.8999922554002582,0.9,0,1000,0,0,10.0,0.7927218348998429,budget_cv,0.153
1f7f2e0f41,main,electronics,clothing,logreg,uncertainty,2,2000,transfer,0.9207870217456429,0.9208,2000,2000,0,0,10.0,0.9239289203728288,budget_cv,0.376
1f7f2e0f41,main,electronics,clothing,logreg,uncertainty,2,2000,target_only,0.9159879022579251,0.916,0,2000,0,0,10.0,0.9179118075616693,budget_cv,0.215
1f7f2e0f41,main,electronics,clothing,logreg,uncertainty,3,0,source_only,0.8755808693144658,0.8756,2000,0,0,0,1.0,0.9032124995160625,source_val_fallback,0.084
1f7f2e0f41,main,electronics,clothing,logreg,uncertainty,3,50,transfer,0.8879999283199541,0.888,2000,50,0,0,10.0,0.7346303793672214,budget_cv,0.285
1f7f2e0f41,main,electronics,clothing,logreg,uncertainty,3,50,target_only,0.725826090405294,0.7268,0,50,0,0,1.0,0.5518518518518518,budget_cv,0.092
1f7f2e0f41,main,electronics,clothing,logreg,uncertainty,3,100,transfer,0.8975997378553289,0.8976,2000,100,0,0,10.0,0.8107149930679342,budget_cv,0.288
1f7f2e0f41,main,electronics,clothing,logreg,uncertainty,3,100,target_only,0.7347948656285985,0.7348,0,100,0,0,0.1,0.657660279731587,budget_cv,0.1
1f7f2e0f41,main,electronics,clothing,logreg,uncertainty,3,250,transfer,0.904397414906099,0.9044,2000,250,0,0,10.0,0.6529605119824322,budget_cv,0.302
1f7f2e0f41,main,electronics,clothing,logreg,uncertainty,3,250,target_only,0.7283446050049465,0.732,0,250,0,0,0.1,0.6061348403281668,budget_cv,0.109
1f7f2e0f41,main,electronics,clothing,logreg,uncertainty,3,500,transfer,0.9107910791079108,0.9108,2000,500,0,0,10.0,0.7136635250326074,budget_cv,0.3
1f7f2e0f41,main,electronics,clothing,logreg,uncertainty,3,500,target_only,0.8227057319477533,0.8232,0,500,0,0,10.0,0.6303732893922768,budget_cv,0.123
1f7f2e0f41,main,electronics,clothing,logreg,uncertainty,3,1000,transfer,0.9223902646347958,0.9224,2000,1000,0,0,10.0,0.8417834686080924,budget_cv,0.33
1f7f2e0f41,main,electronics,clothing,logreg,uncertainty,3,1000,target_only,0.8995825032553673,0.8996,0,1000,0,0,10.0,0.7807749594070321,budget_cv,0.158
1f7f2e0f41,main,electronics,clothing,logreg,uncertainty,3,2000,transfer,0.9207870217456429,0.9208,2000,2000,0,0,10.0,0.9264044933634491,budget_cv,0.385
1f7f2e0f41,main,electronics,clothing,logreg,uncertainty,3,2000,target_only,0.9159879022579251,0.916,0,2000,0,0,10.0,0.9218969723511221,budget_cv,0.211
1f7f2e0f41,main,electronics,clothing,logreg,uncertainty,4,0,source_only,0.8755808693144658,0.8756,2000,0,0,0,1.0,0.9032124995160625,source_val_fallback,0.086
1f7f2e0f41,main,electronics,clothing,logreg,uncertainty,4,50,transfer,0.8599081894310255,0.86,2000,50,0,0,0.1,0.6598972922502334,budget_cv,0.266
1f7f2e0f41,main,electronics,clothing,logreg,uncertainty,4,50,target_only,0.6969941323222913,0.706,0,50,0,0,0.01,0.5117521367521367,budget_cv,0.098
1f7f2e0f41,main,electronics,clothing,logreg,uncertainty,4,100,transfer,0.893983698933548,0.894,2000,100,0,0,10.0,0.6585884427084617,budget_cv,0.285
1f7f2e0f41,main,electronics,clothing,logreg,uncertainty,4,100,target_only,0.6498246346069765,0.6772,0,100,0,0,0.1,0.6311575687185443,budget_cv,0.109
1f7f2e0f41,main,electronics,clothing,logreg,uncertainty,4,250,transfer,0.903186058792466,0.9032,2000,250,0,0,10.0,0.6648104302599235,budget_cv,0.294
1f7f2e0f41,main,electronics,clothing,logreg,uncertainty,4,250,target_only,0.7105837956927041,0.716,0,250,0,0,0.01,0.61504580044517,budget_cv,0.111
1f7f2e0f41,main,electronics,clothing,logreg,uncertainty,4,500,transfer,0.9147868976333802,0.9148,2000,500,0,0,10.0,0.7018531010498701,budget_cv,0.301
1f7f2e0f41,main,electronics,clothing,logreg,uncertainty,4,500,target_only,0.8178449663261945,0.8184,0,500,0,0,10.0,0.6179599059550115,budget_cv,0.126
1f7f2e0f41,main,electronics,clothing,logreg,uncertainty,4,1000,transfer,0.9227922792279228,0.9228,2000,1000,0,0,10.0,0.8396835246113447,budget_cv,0.334
1f7f2e0f41,main,electronics,clothing,logreg,uncertainty,4,1000,target_only,0.901182782087951,0.9012,0,1000,0,0,10.0,0.7875962000716262,budget_cv,0.151
1f7f2e0f41,main,electronics,clothing,logreg,uncertainty,4,2000,transfer,0.9207870217456429,0.9208,2000,2000,0,0,10.0,0.9234093492360774,budget_cv,0.379
1f7f2e0f41,main,electronics,clothing,logreg,uncertainty,4,2000,target_only,0.9159879022579251,0.916,0,2000,0,0,10.0,0.9198610212732025,budget_cv,0.212
1f7f2e0f41,main,electronics,clothing,logreg,self_training,0,0,uda_self_training,0.8867695455369676,0.8868,2000,0,0,1000,1.0,0.9032124995160625,source_val_fallback,0.142
1f7f2e0f41,main,electronics,clothing,logreg,self_training,0,50,transfer,0.8633496784750176,0.8636,2000,50,0,1000,0.1,0.859332358674464,budget_cv,0.315
1f7f2e0f41,main,electronics,clothing,logreg,self_training,0,50,target_only,0.7946914375249303,0.7984,0,50,0,1000,0.1,0.7755680049797696,budget_cv,0.112
1f7f2e0f41,main,electronics,clothing,logreg,self_training,0,100,transfer,0.9011783541066836,0.9012,2000,100,0,1000,10.0,0.885715609292845,budget_cv,0.361
1f7f2e0f41,main,electronics,clothing,logreg,self_training,0,100,target_only,0.7962605212277172,0.798,0,100,0,1000,0.01,0.7826822815847206,budget_cv,0.121
1f7f2e0f41,main,electronics,clothing,logreg,self_training,0,250,transfer,0.9051792304586397,0.9052,2000,250,0,1000,10.0,0.9038306143028207,budget_cv,0.367
1f7f2e0f41,main,electronics,clothing,logreg,self_training,0,250,target_only,0.8786096404938368,0.8788,0,250,0,1000,10.0,0.8709364817681967,budget_cv,0.158
1f7f2e0f41,main,electronics,clothing,logreg,self_training,0,500,transfer,0.9039990169499336,0.904,2000,500,0,1000,1.0,0.9196217404521572,budget_cv,0.338
1f7f2e0f41,main,electronics,clothing,logreg,self_training,0,500,target_only,0.8839702963958773,0.884,0,500,0,1000,1.0,0.9177549268257058,budget_cv,0.163
1f7f2e0f41,main,electronics,clothing,logreg,self_training,0,1000,transfer,0.9067999850879976,0.9068,2000,1000,0,1000,1.0,0.924901924133624,budget_cv,0.366
1f7f2e0f41,main,electronics,clothing,logreg,self_training,0,1000,target_only,0.8935931899641577,0.8936,0,1000,0,1000,1.0,0.9149221295322895,budget_cv,0.191
1f7f2e0f41,main,electronics,clothing,logreg,self_training,0,2000,transfer,0.9219880048756297,0.922,2000,2000,0,1000,10.0,0.927432914101184,budget_cv,0.497
1f7f2e0f41,main,electronics,clothing,logreg,self_training,0,2000,target_only,0.9147960601698222,0.9148,0,2000,0,1000,10.0,0.9163739778568337,budget_cv,0.274
1f7f2e0f41,main,electronics,clothing,logreg,self_training,1,0,uda_self_training,0.8867695455369676,0.8868,2000,0,0,1000,1.0,0.9032124995160625,source_val_fallback,0.144
1f7f2e0f41,main,electronics,clothing,logreg,self_training,1,50,transfer,0.887912123104514,0.888,2000,50,0,1000,1.0,0.8405844155844155,budget_cv,0.33
1f7f2e0f41,main,electronics,clothing,logreg,self_training,1,50,target_only,0.6533166159734651,0.6812,0,50,0,1000,0.01,0.7984628897672376,budget_cv,0.116
1f7f2e0f41,main,electronics,clothing,logreg,self_training,1,100,transfer,0.8979843140681311,0.898,2000,100,0,1000,10.0,0.9082143540401254,budget_cv,0.368
1f7f2e0f41,main,electronics,clothing,logreg,self_training,1,100,target_only,0.802484322805258,0.8064,0,100,0,1000,0.01,0.7542794123439284,budget_cv,0.118
1f7f2e0f41,main,electronics,clothing,logreg,self_training,1,250,transfer,0.9019999843199975,0.902,2000,250,0,1000,10.0,0.8994649308359709,budget_cv,0.369
1f7f2e0f41,main,electronics,clothing,logreg,self_training,1,250,target_only,0.7695980402455243,0.7768,0,250,0,1000,0.01,0.8878096048402345,budget_cv,0.128
1f7f2e0f41,main,electronics,clothing,logreg,self_training,1,500,transfer,0.8955962414646927,0.8956,2000,500,0,1000,1.0,0.8919927152578685,budget_cv,0.338
1f7f2e0f41,main,electronics,clothing,logreg,self_training,1,500,target_only,0.8843822226105487,0.8844,0,500,0,1000,10.0,0.8979672716203884,budget_cv,0.178
1f7f2e0f41,main,electronics,clothing,logreg,self_training,1,1000,transfer,0.9103942652329748,0.9104,2000,1000,0,1000,10.0,0.922950261771974,budget_cv,0.409
1f7f2e0f41,main,electronics,clothing,logreg,self_training,1,1000,target_only,0.8971952463081894,0.8972,0,1000,0,1000,10.0,0.9049186998419483,budget_cv,0.208
1f7f2e0f41,main,electronics,clothing,logreg,self_training,1,2000,transfer,0.9219880048756297,0.922,2000,2000,0,1000,10.0,0.930924329832604,budget_cv,0.488
1f7f2e0f41,main,electronics,clothing,logreg,self_training,1,2000,target_only,0.9147960601698222,0.9148,0,2000,0,1000,10.0,0.9143937166423876,budget_cv,0.277
1f7f2e0f41,main,electronics,clothing,logreg,self_training,2,0,uda_self_training,0.8867695455369676,0.8868,2000,0,0,1000,1.0,0.9032124995160625,source_val_fallback,0.143
1f7f2e0f41,main,electronics,clothing,logreg,self_training,2,50,transfer,0.8493870694633245,0.8496,2000,50,0,1000,0.01,0.9605091159270726,budget_cv,0.287
1f7f2e0f41,main,electronics,clothing,logreg,self_training,2,50,target_only,0.7835357538016077,0.7868,0,50,0,1000,1.0,0.8330780917855222,budget_cv,0.127
1f7f2e0f41,main,electronics,clothing,logreg,self_training,2,100,transfer,0.8915891589158915,0.8916,2000,100,0,1000,1.0,0.9487103100006326,budget_cv,0.332
1f7f2e0f41,main,electronics,clothing,logreg,self_training,2,100,target_only,0.8393165544019651,0.8396,0,100,0,1000,0.1,0.8792020110846585,budget_cv,0.121
1f7f2e0f41,main,electronics,clothing,logreg,self_training,2,250,transfer,0.9027981181715679,0.9028,2000,250,0,1000,10.0,0.9059244998974911,budget_cv,0.367
1f7f2e0f41,main,electronics,clothing,logreg,self_training,2,250,target_only,0.8689416367850926,0.8692,0,250,0,1000,10.0,0.884462525919702,budget_cv,0.159
1f7f2e0f41,main,electronics,clothing,logreg,self_training,2,500,transfer,0.909194755089054,0.9092,2000,500,0,1000,10.0,0.9276978069320679,budget_cv,0.381
1f7f2e0f41,main,electronics,clothing,logreg,self_training,2,500,target_only,0.8656,0.8656,0,500,0,1000,0.1,0.8973777799503376,budget_cv,0.15
1f7f2e0f41,main,electronics,clothing,logreg,self_training,2,1000,transfer,0.9159922578464832,0.916,2000,1000,0,1000,10.0,0.9159543105190543,budget_cv,0.412
1f7f2e0f41,main,electronics,clothing,logreg,self_training,2,1000,target_only,0.897587153332514,0.8976,0,1000,0,1000,1.0,0.9109412024605453,budget_cv,0.188
1f7f2e0f41,main,electronics,clothing,logreg,self_training,2,2000,transfer,0.9219880048756297,0.922,2000,2000,0,1000,10.0,0.927401152543767,budget_cv,0.489
1f7f2e0f41,main,electronics,clothing,logreg,self_training,2,2000,target_only,0.9147960601698222,0.9148,0,2000,0,1000,10.0,0.921363175091901,budget_cv,0.278
1f7f2e0f41,main,electronics,clothing,logreg,self_training,3,0,uda_self_training,0.8867695455369676,0.8868,2000,0,0,1000,1.0,0.9032124995160625,source_val_fallback,0.144
1f7f2e0f41,main,electronics,clothing,logreg,self_training,3,50,transfer,0.896397994265169,0.8964,2000,50,0,1000,10.0,0.8396164021164022,budget_cv,0.363
1f7f2e0f41,main,electronics,clothing,logreg,self_training,3,50,target_only,0.6800437050747934,0.7052,0,50,0,1000,1.0,0.6472582972582973,budget_cv,0.122
1f7f2e0f41,main,electronics,clothing,logreg,self_training,3,100,transfer,0.8983921314866623,0.8984,2000,100,0,1000,10.0,0.8898853733412557,budget_cv,0.366
1f7f2e0f41,main,electronics,clothing,logreg,self_training,3,100,target_only,0.7535774943561828,0.7608,0,100,0,1000,0.01,0.7081181489076226,budget_cv,0.114
1f7f2e0f41,main,electronics,clothing,logreg,self_training,3,250,transfer,0.9003915691424123,0.9004,2000,250,0,1000,10.0,0.9077352742687307,budget_cv,0.358
1f7f2e0f41,main,electronics,clothing,logreg,self_training,3,250,target_only,0.8611973127799755,0.8612,0,250,0,1000,1.0,0.8667852095890597,budget_cv,0.148
1f7f2e0f41,main,electronics,clothing,logreg,self_training,3,500,transfer,0.904397414906099,0.9044,2000,500,0,1000,10.0,0.9319784494128114,budget_cv,0.382
1f7f2e0f41,main,electronics,clothing,logreg,self_training,3,500,target_only,0.8795676085039832,0.8796,0,500,0,1000,1.0,0.9079118990232585,budget_cv,0.167
1f7f2e0f41,main,electronics,clothing,logreg,self_training,3,1000,transfer,0.9115976095993636,0.9116,2000,1000,0,1000,10.0,0.906859736308634,budget_cv,0.41
1f7f2e0f41,main,electronics,clothing,logreg,self_training,3,1000,target_only,0.8987914337069489,0.8988,0,1000,0,1000,10.0,0.8888670278605226,budget_cv,0.208
1f7f2e0f41,main,electronics,clothing,logreg,self_training,3,2000,transfer,0.9219880048756297,0.922,2000,2000,0,1000,10.0,0.9274193465035224,budget_cv,0.492
1f7f2e0f41,main,electronics,clothing,logreg,self_training,3,2000,target_only,0.9147960601698222,0.9148,0,2000,0,1000,10.0,0.9198620274892052,budget_cv,0.278
1f7f2e0f41,main,electronics,clothing,logreg,self_training,4,0,uda_self_training,0.8867695455369676,0.8868,2000,0,0,1000,1.0,0.9032124995160625,source_val_fallback,0.144
1f7f2e0f41,main,electronics,clothing,logreg,self_training,4,50,transfer,0.8863737477906896,0.8864,2000,50,0,1000,1.0,0.8382539273019148,budget_cv,0.332
1f7f2e0f41,main,electronics,clothing,logreg,self_training,4,50,target_only,0.7321001596928454,0.738,0,50,0,1000,0.01,0.85749791144528,budget_cv,0.108
1f7f2e0f41,main,electronics,clothing,logreg,self_training,4,100,transfer,0.897599934463958,0.8976,2000,100,0,1000,10.0,0.9099920401097621,budget_cv,0.363
1f7f2e0f41,main,electronics,clothing,logreg,self_training,4,100,target_only,0.6358558271906101,0.6704,0,100,0,1000,0.1,0.8057059354907276,budget_cv,0.121
1f7f2e0f41,main,electronics,clothing,logreg,self_training,4,250,transfer,0.8967830889412922,0.8968,2000,250,0,1000,10.0,0.8992001014527261,budget_cv,0.371
1f7f2e0f41,main,electronics,clothing,logreg,self_training,4,250,target_only,0.8553467691540164,0.856,0,250,0,1000,10.0,0.8410465061564657,budget_cv,0.158
1f7f2e0f41,main,electronics,clothing,logreg,self_training,4,500,transfer,0.8999997439993446,0.9,2000,500,0,1000,1.0,0.8977951826833156,budget_cv,0.34
1f7f2e0f41,main,electronics,clothing,logreg,self_training,4,500,target_only,0.876765218215189,0.8768,0,500,0,1000,1.0,0.8698105145676253,budget_cv,0.163
1f7f2e0f41,main,electronics,clothing,logreg,self_training,4,1000,transfer,0.9163871436872133,0.9164,2000,1000,0,1000,10.0,0.9018735161354892,budget_cv,0.413
1f7f2e0f41,main,electronics,clothing,logreg,self_training,4,1000,target_only,0.905599456252868,0.9056,0,1000,0,1000,10.0,0.8887977883478017,budget_cv,0.211
1f7f2e0f41,main,electronics,clothing,logreg,self_training,4,2000,transfer,0.9219880048756297,0.922,2000,2000,0,1000,10.0,0.9224154277594717,budget_cv,0.499
1f7f2e0f41,main,electronics,clothing,logreg,self_training,4,2000,target_only,0.9147960601698222,0.9148,0,2000,0,1000,10.0,0.9163858936367268,budget_cv,0.28
1f7f2e0f41,main,electronics,clothing,svm,random,0,0,source_only,0.8747695239113391,0.8748,2000,0,0,0,0.1,0.9052104861233492,source_val_fallback,0.045
1f7f2e0f41,main,electronics,clothing,svm,random,0,50,transfer,0.8590765284912029,0.8592,2000,50,0,0,0.01,0.859332358674464,budget_cv,0.14
1f7f2e0f41,main,electronics,clothing,svm,random,0,50,target_only,0.7614520734650247,0.7632,0,50,0,0,0.01,0.7755680049797696,budget_cv,0.038
1f7f2e0f41,main,electronics,clothing,svm,random,0,100,transfer,0.8999874544262833,0.9,2000,100,0,0,1.0,0.885715609292845,budget_cv,0.146
1f7f2e0f41,main,electronics,clothing,svm,random,0,100,target_only,0.7718451509352875,0.7772,0,100,0,0,0.01,0.7306751502297631,budget_cv,0.039
1f7f2e0f41,main,electronics,clothing,svm,random,0,250,transfer,0.9011588662737885,0.9012,2000,250,0,0,10.0,0.9076385191972028,budget_cv,0.151
1f7f2e0f41,main,electronics,clothing,svm,random,0,250,target_only,0.8640920652377331,0.8644,0,250,0,0,1.0,0.8709364817681967,budget_cv,0.044
1f7f2e0f41,main,electronics,clothing,svm,random,0,500,transfer,0.9087952719468977,0.9088,2000,500,0,0,1.0,0.9257551080286089,budget_cv,0.155
1f7f2e0f41,main,electronics,clothing,svm,random,0,500,target_only,0.886338823008096,0.8864,0,500,0,0,0.1,0.9177549268257058,budget_cv,0.048
1f7f2e0f41,main,electronics,clothing,svm,random,0,1000,transfer,0.9111990906786887,0.9112,2000,1000,0,0,0.1,0.9278847321170854,budget_cv,0.175
1f7f2e0f41,main,electronics,clothing,svm,random,0,1000,target_only,0.901597732811764,0.9016,0,1000,0,0,0.1,0.9149221295322895,budget_cv,0.063
1f7f2e0f41,main,electronics,clothing,svm,random,0,2000,transfer,0.9215887087740635,0.9216,2000,2000,0,0,1.0,0.9284568599612294,budget_cv,0.253
1f7f2e0f41,main,electronics,clothing,svm,random,0,2000,target_only,0.9131938749598172,0.9132,0,2000,0,0,1.0,0.9188505673212379,budget_cv,0.114
1f7f2e0f41,main,electronics,clothing,svm,random,1,0,source_only,0.8747695239113391,0.8748,2000,0,0,0,0.1,0.9052104861233492,source_val_fallback,0.046
1f7f2e0f41,main,electronics,clothing,svm,random,1,50,transfer,0.8766919624298024,0.8768,2000,50,0,0,0.1,0.8405844155844155,budget_cv,0.138
1f7f2e0f41,main,electronics,clothing,svm,random,1,50,target_only,0.5742616063284554,0.6204,0,50,0,0,0.01,0.5887328720662054,budget_cv,0.039
1f7f2e0f41,main,electronics,clothing,svm,random,1,100,transfer,0.8899871681032876,0.89,2000,100,0,0,1.0,0.9081333796851038,budget_cv,0.144
1f7f2e0f41,main,electronics,clothing,svm,random,1,100,target_only,0.813929457804104,0.8148,0,100,0,0,0.01,0.7686016144349477,budget_cv,0.04
1f7f2e0f41,main,electronics,clothing,svm,random,1,250,transfer,0.9023977512441886,0.9024,2000,250,0,0,1.0,0.9035867715557412,budget_cv,0.154
1f7f2e0f41,main,electronics,clothing,svm,random,1,250,target_only,0.8563253121502682,0.8564,0,250,0,0,0.01,0.8876083870116918,budget_cv,0.043
1f7f2e0f41,main,electronics,clothing,svm,random,1,500,transfer,0.9079915204985292,0.908,2000,500,0,0,1.0,0.9018742622487578,budget_cv,0.163
1f7f2e0f41,main,electronics,clothing,svm,random,1,500,target_only,0.8799889397806901,0.88,0,500,0,0,0.1,0.8940002237609289,budget_cv,0.051
1f7f2e0f41,main,electronics,clothing,svm,random,1,1000,transfer,0.911197215144667,0.9112,2000,1000,0,0,1.0,0.9239530228277202,budget_cv,0.206
1f7f2e0f41,main,electronics,clothing,svm,random,1,1000,target_only,0.9003964142709138,0.9004,0,1000,0,0,10.0,0.9099385162148206,budget_cv,0.081
1f7f2e0f41,main,electronics,clothing,svm,random,1,2000,transfer,0.9215887087740635,0.9216,2000,2000,0,0,1.0,0.9309374915413425,budget_cv,0.236
1f7f2e0f41,main,electronics,clothing,svm,random,1,2000,target_only,0.9131938749598172,0.9132,0,2000,0,0,1.0,0.9173951851882833,budget_cv,0.118
1f7f2e0f41,main,electronics,clothing,svm,random,2,0,source_only,0.8747695239113391,0.8748,2000,0,0,0,0.1,0.9052104861233492,source_val_fallback,0.042
1f7f2e0f41,main,electronics,clothing,svm,random,2,50,transfer,0.8586923574902419,0.8588,2000,50,0,0,0.01,0.9605091159270726,budget_cv,0.135
1f7f2e0f41,main,electronics,clothing,svm,random,2,50,target_only,0.7683812256508246,0.77,0,50,0,0,0.1,0.8330780917855222,budget_cv,0.039
1f7f2e0f41,main,electronics,clothing,svm,random,2,100,transfer,0.8843773379582398,0.8844,2000,100,0,0,0.1,0.9487103100006326,budget_cv,0.135
1f7f2e0f41,main,electronics,clothing,svm,random,2,100,target_only,0.8387956410341335,0.8388,0,100,0,0,0.01,0.8792020110846585,budget_cv,0.039
1f7f2e0f41,main,electronics,clothing,svm,random,2,250,transfer,0.9015984255748092,0.9016,2000,250,0,0,1.0,0.909904226208574,budget_cv,0.142
1f7f2e0f41,main,electronics,clothing,svm,random,2,250,target_only,0.8550797973871448,0.8552,0,250,0,0,10.0,0.8923318729969901,budget_cv,0.042
1f7f2e0f41,main,electronics,clothing,svm,random,2,500,transfer,0.9075946626677157,0.9076,2000,500,0,0,1.0,0.9197075438860899,budget_cv,0.154
1f7f2e0f41,main,electronics,clothing,svm,random,2,500,target_only,0.8939792199271057,0.894,0,500,0,0,0.1,0.8973395679567182,budget_cv,0.049
1f7f2e0f41,main,electronics,clothing,svm,random,2,1000,transfer,0.9187931266502396,0.9188,2000,1000,0,0,1.0,0.921973240699486,budget_cv,0.178
1f7f2e0f41,main,electronics,clothing,svm,random,2,1000,target_only,0.9043981491481675,0.9044,0,1000,0,0,0.1,0.9109328906894248,budget_cv,0.066
1f7f2e0f41,main,electronics,clothing,svm,random,2,2000,transfer,0.9215887087740635,0.9216,2000,2000,0,0,1.0,0.9274339919385698,budget_cv,0.236
1f7f2e0f41,main,electronics,clothing,svm,random,2,2000,target_only,0.9131938749598172,0.9132,0,2000,0,0,1.0,0.9163589553739175,budget_cv,0.115
1f7f2e0f41,main,electronics,clothing,svm,random,3,0,source_only,0.8747695239113391,0.8748,2000,0,0,0,0.1,0.9052104861233492,source_val_fallback,0.044
1f7f2e0f41,main,electronics,clothing,svm,random,3,50,transfer,0.885573562915976,0.8856,2000,50,0,0,10.0,0.92046783625731,budget_cv,0.147
1f7f2e0f41,main,electronics,clothing,svm,random,3,50,target_only,0.7303474243246354,0.7376,0,50,0,0,0.1,0.6472582972582973,budget_cv,0.037
1f7f2e0f41,main,electronics,clothing,svm,random,3,100,transfer,0.8883849810830545,0.8884,2000,100,0,0,1.0,0.8999863834422658,budget_cv,0.148
1f7f2e0f41,main,electronics,clothing,svm,random,3,100,target_only,0.8035166194464975,0.804,0,100,0,0,10.0,0.7078902540905109,budget_cv,0.04
1f7f2e0f41,main,electronics,clothing,svm,random,3,250,transfer,0.8983789278544798,0.8984,2000,250,0,0,10.0,0.9119147570206619,budget_cv,0.157
1f7f2e0f41,main,electronics,clothing,svm,random,3,250,target_only,0.8611861186118612,0.8612,0,250,0,0,0.1,0.8667852095890597,budget_cv,0.042
1f7f2e0f41,main,electronics,clothing,svm,random,3,500,transfer,0.8987986884310021,0.8988,2000,500,0,0,0.1,0.9279546436484952,budget_cv,0.175
1f7f2e0f41,main,electronics,clothing,svm,random,3,500,target_only,0.8791987629953331,0.8792,0,500,0,0,0.1,0.9079118990232585,budget_cv,0.049
1f7f2e0f41,main,electronics,clothing,svm,random,3,1000,transfer,0.911197215144667,0.9112,2000,1000,0,0,1.0,0.909899133208103,budget_cv,0.186
1f7f2e0f41,main,electronics,clothing,svm,random,3,1000,target_only,0.9023984383750141,0.9024,0,1000,0,0,1.0,0.8958973710651286,budget_cv,0.071
1f7f2e0f41,main,electronics,clothing,svm,random,3,2000,transfer,0.9215887087740635,0.9216,2000,2000,0,0,1.0,0.9309289660011985,budget_cv,0.241
1f7f2e0f41,main,electronics,clothing,svm,random,3,2000,target_only,0.9131938749598172,0.9132,0,2000,0,0,1.0,0.9203660941496846,budget_cv,0.113
1f7f2e0f41,main,electronics,clothing,svm,random,4,0,source_only,0.8747695239113391,0.8748,2000,0,0,0,0.1,0.9052104861233492,source_val_fallback,0.044
1f7f2e0f41,main,electronics,clothing,svm,random,4,50,transfer,0.8823756094063666,0.8824,2000,50,0,0,0.1,0.8382539273019148,budget_cv,0.14
1f7f2e0f41,main,electronics,clothing,svm,random,4,50,target_only,0.7321723596712237,0.7344,0,50,0,0,0.01,0.8337912087912088,budget_cv,0.038
1f7f2e0f41,main,electronics,clothing,svm,random,4,100,transfer,0.8919988940686753,0.892,2000,100,0,0,1.0,0.9202369199641497,budget_cv,0.139
1f7f2e0f41,main,electronics,clothing,svm,random,4,100,target_only,0.800611800179578,0.8016,0,100,0,0,0.01,0.8057059354907276,budget_cv,0.04
1f7f2e0f41,main,electronics,clothing,svm,random,4,250,transfer,0.8879999283199541,0.888,2000,250,0,0,0.1,0.895717476980984,budget_cv,0.146
1f7f2e0f41,main,electronics,clothing,svm,random,4,250,target_only,0.8386181528418901,0.8396,0,250,0,0,10.0,0.8447893847842248,budget_cv,0.044
1f7f2e0f41,main,electronics,clothing,svm,random,4,500,transfer,0.8995929152761019,0.8996,2000,500,0,0,0.1,0.8977951826833156,budget_cv,0.156
1f7f2e0f41,main,electronics,clothing,svm,random,4,500,target_only,0.8875978238938707,0.8876,0,500,0,0,0.1,0.8637856632398355,budget_cv,0.05
1f7f2e0f41,main,electronics,clothing,svm,random,4,1000,transfer,0.9159879022579251,0.916,2000,1000,0,0,1.0,0.9008926373943112,budget_cv,0.176
1f7f2e0f41,main,electronics,clothing,svm,random,4,1000,target_only,0.9035999845759974,0.9036,0,1000,0,0,1.0,0.8857814626402204,budget_cv,0.067
1f7f2e0f41,main,electronics,clothing,svm,random,4,2000,transfer,0.9215887087740635,0.9216,2000,2000,0,0,1.0,0.9254238183613955,budget_cv,0.263
1f7f2e0f41,main,electronics,clothing,svm,random,4,2000,target_only,0.9143921103768924,0.9144,0,2000,0,0,10.0,0.919406109390937,budget_cv,0.124
1f7f2e0f41,main,electronics,clothing,svm,uncertainty,0,0,source_only,0.8747695239113391,0.8748,2000,0,0,0,0.1,0.9052104861233492,source_val_fallback,0.045
1f7f2e0f41,main,electronics,clothing,svm,uncertainty,0,50,transfer,0.8771601999047691,0.8772,2000,50,0,0,0.1,0.736360509115927,budget_cv,0.14
1f7f2e0f41,main,electronics,clothing,svm,uncertainty,0,50,target_only,0.6333414406077227,0.6476,0,50,0,0,0.01,0.6554009597487859,budget_cv,0.04
1f7f2e0f41,main,electronics,clothing,svm,uncertainty,0,100,transfer,0.9011987195354052,0.9012,2000,100,0,0,1.0,0.6395190725361504,budget_cv,0.147
1f7f2e0f41,main,electronics,clothing,svm,uncertainty,0,100,target_only,0.6986951695419412,0.6996,0,100,0,0,0.01,0.6246130918317851,budget_cv,0.04
1f7f2e0f41,main,electronics,clothing,svm,uncertainty,0,250,transfer,0.9027738500547107,0.9028,2000,250,0,0,10.0,0.5991000348547216,budget_cv,0.156
1f7f2e0f41,main,electronics,clothing,svm,uncertainty,0,250,target_only,0.736432478998424,0.7384,0,250,0,0,10.0,0.5874619834309883,budget_cv,0.045
1f7f2e0f41,main,electronics,clothing,svm,uncertainty,0,500,transfer,0.9103669576752774,0.9104,2000,500,0,0,10.0,0.6838258205234733,budget_cv,0.167
1f7f2e0f41,main,electronics,clothing,svm,uncertainty,0,500,target_only,0.8423555064181314,0.8424,0,500,0,0,10.0,0.5416433115065423,budget_cv,0.053
1f7f2e0f41,main,electronics,clothing,svm,uncertainty,0,1000,transfer,0.9227922792279228,0.9228,2000,1000,0,0,1.0,0.8341419322159979,budget_cv,0.218
1f7f2e0f41,main,electronics,clothing,svm,uncertainty,0,1000,target_only,0.9019973500083442,0.902,0,1000,0,0,10.0,0.7599820387203376,budget_cv,0.093
1f7f2e0f41,main,electronics,clothing,svm,uncertainty,0,2000,transfer,0.9215887087740635,0.9216,2000,2000,0,0,1.0,0.9264461040903748,budget_cv,0.247
1f7f2e0f41,main,electronics,clothing,svm,uncertainty,0,2000,target_only,0.9131938749598172,0.9132,0,2000,0,0,1.0,0.9243659990964281,budget_cv,0.115
1f7f2e0f41,main,electronics,clothing,svm,uncertainty,1,0,source_only,0.8747695239113391,0.8748,2000,0,0,0,0.1,0.9052104861233492,source_val_fallback,0.043
1f7f2e0f41,main,electronics,clothing,svm,uncertainty,1,50,transfer,0.8544702645465991,0.8548,2000,50,0,0,0.01,0.6393191148625931,budget_cv,0.138
1f7f2e0f41,main,electronics,clothing,svm,uncertainty,1,50,target_only,0.5523900053106271,0.5988,0,50,0,0,0.01,0.4617902548337331,budget_cv,0.038
1f7f2e0f41,main,electronics,clothing,svm,uncertainty,1,100,transfer,0.8971972202128345,0.8972,2000,100,0,0,1.0,0.6684715326424855,budget_cv,0.142
1f7f2e0f41,main,electronics,clothing,svm,uncertainty,1,100,target_only,0.7421489975201461,0.7424,0,100,0,0,1.0,0.607735321528425,budget_cv,0.039
1f7f2e0f41,main,electronics,clothing,svm,uncertainty,1,250,transfer,0.9055804211561309,0.9056,2000,250,0,0,10.0,0.6100197021945342,budget_cv,0.156
1f7f2e0f41,main,electronics,clothing,svm,uncertainty,1,250,target_only,0.76594613404839,0.7668,0,250,0,0,1.0,0.5958305232768163,budget_cv,0.043
1f7f2e0f41,main,electronics,clothing,svm,uncertainty,1,500,transfer,0.9147868976333802,0.9148,2000,500,0,0,1.0,0.7175326212474656,budget_cv,0.161
1f7f2e0f41,main,electronics,clothing,svm,uncertainty,1,500,target_only,0.8447991060428508,0.8448,0,500,0,0,10.0,0.5818125346987245,budget_cv,0.05
1f7f2e0f41,main,electronics,clothing,svm,uncertainty,1,1000,transfer,0.9207900639056164,0.9208,2000,1000,0,0,10.0,0.8402599216537086,budget_cv,0.238
1f7f2e0f41,main,electronics,clothing,svm,uncertainty,1,1000,target_only,0.9063961659869588,0.9064,0,1000,0,0,10.0,0.762156749253454,budget_cv,0.088
1f7f2e0f41,main,electronics,clothing,svm,uncertainty,1,2000,transfer,0.9215887087740635,0.9216,2000,2000,0,0,1.0,0.9208924333028804,budget_cv,0.255
1f7f2e0f41,main,electronics,clothing,svm,uncertainty,1,2000,target_only,0.9131938749598172,0.9132,0,2000,0,0,1.0,0.9148638854505625,budget_cv,0.114
1f7f2e0f41,main,electronics,clothing,svm,uncertainty,2,0,source_only,0.8747695239113391,0.8748,2000,0,0,0,0.1,0.9052104861233492,source_val_fallback,0.042
1f7f2e0f41,main,electronics,clothing,svm,uncertainty,2,50,transfer,0.8931813879250321,0.8932,2000,50,0,0,1.0,0.8356319878378701,budget_cv,0.14
1f7f2e0f41,main,electronics,clothing,svm,uncertainty,2,50,target_only,0.7235745310760252,0.7256,0,50,0,0,0.1,0.7753550543024227,budget_cv,0.037
1f7f2e0f41,main,electronics,clothing,svm,uncertainty,2,100,transfer,0.8971216313739154,0.8972,2000,100,0,0,1.0,0.6505215474212832,budget_cv,0.143
1f7f2e0f41,main,electronics,clothing,svm,uncertainty,2,100,target_only,0.7186039250661673,0.7276,0,100,0,0,0.01,0.5812612228281363,budget_cv,0.039
1f7f2e0f41,main,electronics,clothing,svm,uncertainty,2,250,transfer,0.8995882879779098,0.8996,2000,250,0,0,10.0,0.6232203659032928,budget_cv,0.149
1f7f2e0f41,main,electronics,clothing,svm,uncertainty,2,250,target_only,0.7645082162602752,0.7648,0,250,0,0,0.1,0.5930220834481172,budget_cv,0.043
1f7f2e0f41,main,electronics,clothing,svm,uncertainty,2,500,transfer,0.9147792606808793,0.9148,2000,500,0,0,1.0,0.6910784442315631,budget_cv,0.157
1f7f2e0f41,main,electronics,clothing,svm,uncertainty,2,500,target_only,0.85197868493063,0.852,0,500,0,0,10.0,0.5696067399614316,budget_cv,0.049
1f7f2e0f41,main,electronics,clothing,svm,uncertainty,2,1000,transfer,0.9227934652388978,0.9228,2000,1000,0,0,1.0,0.8412298141841278,budget_cv,0.208
1f7f2e0f41,main,electronics,clothing,svm,uncertainty,2,1000,target_only,0.9031969642567991,0.9032,0,1000,0,0,1.0,0.7705603479203922,budget_cv,0.078
1f7f2e0f41,main,electronics,clothing,svm,uncertainty,2,2000,transfer,0.9215887087740635,0.9216,2000,2000,0,0,1.0,0.9264224715837313,budget_cv,0.258
1f7f2e0f41,main,electronics,clothing,svm,uncertainty,2,2000,target_only,0.9143921103768924,0.9144,0,2000,0,0,10.0,0.9193733871231579,budget_cv,0.124
1f7f2e0f41,main,electronics,clothing,svm,uncertainty,3,0,source_only,0.8747695239113391,0.8748,2000,0,0,0,0.1,0.9052104861233492,source_val_fallback,0.041
1f7f2e0f41,main,electronics,clothing,svm,uncertainty,3,50,transfer,0.8963999834239973,0.8964,2000,50,0,0,1.0,0.7845767758811237,budget_cv,0.139
1f7f2e0f41,main,electronics,clothing,svm,uncertainty,3,50,target_only,0.7287984378790022,0.7288,0,50,0,0,0.01,0.679027454027454,budget_cv,0.037
1f7f2e0f41,main,electronics,clothing,svm,uncertainty,3,100,transfer,0.8851902825055112,0.8852,2000,100,0,0,0.1,0.6458385704709234,budget_cv,0.136
1f7f2e0f41,main,electronics,clothing,svm,uncertainty,3,100,target_only,0.7204668744228994,0.7272,0,100,0,0,10.0,0.5699064071908899,budget_cv,0.043
1f7f2e0f41,main,electronics,clothing,svm,uncertainty,3,250,transfer,0.9039518068586094,0.904,2000,250,0,0,1.0,0.5705076403259791,budget_cv,0.151
1f7f2e0f41,main,electronics,clothing,svm,uncertainty,3,250,target_only,0.7361902540349006,0.7416,0,250,0,0,0.01,0.49022706477565475,budget_cv,0.042
1f7f2e0f41,main,electronics,clothing,svm,uncertainty,3,500,transfer,0.919578369798341,0.9196,2000,500,0,0,1.0,0.6916318612067961,budget_cv,0.156
1f7f2e0f41,main,electronics,clothing,svm,uncertainty,3,500,target_only,0.8482776268026739,0.8484,0,500,0,0,10.0,0.5674513999378062,budget_cv,0.05
1f7f2e0f41,main,electronics,clothing,svm,uncertainty,3,1000,transfer,0.9231929214596417,0.9232,2000,1000,0,0,1.0,0.8310668214553786,budget_cv,0.223
1f7f2e0f41,main,electronics,clothing,svm,uncertainty,3,1000,target_only,0.9063990415261852,0.9064,0,1000,0,0,10.0,0.7726629532659702,budget_cv,0.089
1f7f2e0f41,main,electronics,clothing,svm,uncertainty,3,2000,transfer,0.9215887087740635,0.9216,2000,2000,0,0,1.0,0.9289482285236659,budget_cv,0.25
1f7f2e0f41,main,electronics,clothing,svm,uncertainty,3,2000,target_only,0.9075975014364388,0.9076,0,2000,0,0,0.1,0.9163103875881194,budget_cv,0.117
1f7f2e0f41,main,electronics,clothing,svm,uncertainty,4,0,source_only,0.8747695239113391,0.8748,2000,0,0,0,0.1,0.9052104861233492,source_val_fallback,0.044
1f7f2e0f41,main,electronics,clothing,svm,uncertainty,4,50,transfer,0.8827917297844536,0.8828,2000,50,0,0,0.1,0.6762566137566136,budget_cv,0.139
1f7f2e0f41,main,electronics,clothing,svm,uncertainty,4,50,target_only,0.6692498519399274,0.6852,0,50,0,0,0.01,0.4678595478595478,budget_cv,0.038
1f7f2e0f41,main,electronics,clothing,svm,uncertainty,4,100,transfer,0.8955986469584646,0.8956,2000,100,0,0,1.0,0.6952224753582988,budget_cv,0.143
1f7f2e0f41,main,electronics,clothing,svm,uncertainty,4,100,target_only,0.7092632085435024,0.7148,0,100,0,0,0.01,0.6370879948115721,budget_cv,0.039
1f7f2e0f41,main,electronics,clothing,svm,uncertainty,4,250,transfer,0.9087885584367703,0.9088,2000,250,0,0,1.0,0.6031578123115398,budget_cv,0.152
1f7f2e0f41,main,electronics,clothing,svm,uncertainty,4,250,target_only,0.7329545454545454,0.7368,0,250,0,0,0.01,0.5416767005897442,budget_cv,0.044
1f7f2e0f41,main,electronics,clothing,svm,uncertainty,4,500,transfer,0.9135955207917978,0.9136,2000,500,0,0,1.0,0.6996374530896676,budget_cv,0.162
1f7f2e0f41,main,electronics,clothing,svm,uncertainty,4,500,target_only,0.851935941565759,0.852,0,500,0,0,1.0,0.5498818013672658,budget_cv,0.05
1f7f2e0f41,main,electronics,clothing,svm,uncertainty,4,1000,transfer,0.9223916058760916,0.9224,2000,1000,0,0,10.0,0.8423750175648065,budget_cv,0.235
1f7f2e0f41,main,electronics,clothing,svm,uncertainty,4,1000,target_only,0.9035931975360181,0.9036,0,1000,0,0,1.0,0.7848184563316773,budget_cv,0.078
1f7f2e0f41,main,electronics,clothing,svm,uncertainty,4,2000,transfer,0.9215887087740635,0.9216,2000,2000,0,0,1.0,0.9279239617857518,budget_cv,0.261
1f7f2e0f41,main,electronics,clothing,svm,uncertainty,4,2000,target_only,0.9131938749598172,0.9132,0,2000,0,0,1.0,0.9178492250212077,budget_cv,0.126
1f7f2e0f41,main,electronics,clothing,svm,self_training,0,0,uda_self_training,0.8875532041414356,0.8876,2000,0,0,1000,0.1,0.9052104861233492,source_val_fallback,0.064
1f7f2e0f41,main,electronics,clothing,svm,self_training,0,50,transfer,0.8596766951055231,0.86,2000,50,0,1000,0.01,0.859332358674464,budget_cv,0.152
1f7f2e0f41,main,electronics,clothing,svm,self_training,0,50,target_only,0.8004723968393528,0.8036,0,50,0,1000,0.01,0.7755680049797696,budget_cv,0.045
1f7f2e0f41,main,electronics,clothing,svm,self_training,0,100,transfer,0.9039879562492319,0.904,2000,100,0,1000,1.0,0.885715609292845,budget_cv,0.166
1f7f2e0f41,main,electronics,clothing,svm,self_training,0,100,target_only,0.5620900417412045,0.624,0,100,0,1000,0.01,0.7306751502297631,budget_cv,0.047
1f7f2e0f41,main,electronics,clothing,svm,self_training,0,250,transfer,0.9011620304056006,0.9012,2000,250,0,1000,10.0,0.9076385191972028,budget_cv,0.186
1f7f2e0f41,main,electronics,clothing,svm,self_training,0,250,target_only,0.8800707029332862,0.8804,0,250,0,1000,1.0,0.8709364817681967,budget_cv,0.056
1f7f2e0f41,main,electronics,clothing,svm,self_training,0,500,transfer,0.9103942652329748,0.9104,2000,500,0,1000,1.0,0.9257551080286089,budget_cv,0.181
1f7f2e0f41,main,electronics,clothing,svm,self_training,0,500,target_only,0.8843718607360287,0.8844,0,500,0,1000,0.1,0.9177549268257058,budget_cv,0.059
1f7f2e0f41,main,electronics,clothing,svm,self_training,0,1000,transfer,0.9091988232167489,0.9092,2000,1000,0,1000,0.1,0.9278847321170854,budget_cv,0.192
1f7f2e0f41,main,electronics,clothing,svm,self_training,0,1000,target_only,0.8979881013321394,0.898,0,1000,0,1000,0.1,0.9149221295322895,budget_cv,0.075
1f7f2e0f41,main,electronics,clothing,svm,self_training,0,2000,transfer,0.9207900639056164,0.9208,2000,2000,0,1000,1.0,0.9284568599612294,budget_cv,0.283
1f7f2e0f41,main,electronics,clothing,svm,self_training,0,2000,target_only,0.9139988854255552,0.914,0,2000,0,1000,1.0,0.9188505673212379,budget_cv,0.135
1f7f2e0f41,main,electronics,clothing,svm,self_training,1,0,uda_self_training,0.8875532041414356,0.8876,2000,0,0,1000,0.1,0.9052104861233492,source_val_fallback,0.062
1f7f2e0f41,main,electronics,clothing,svm,self_training,1,50,transfer,0.8898844050530484,0.89,2000,50,0,1000,0.1,0.8405844155844155,budget_cv,0.155
1f7f2e0f41,main,electronics,clothing,svm,self_training,1,50,target_only,0.46257951347279663,0.5572,0,50,0,1000,0.01,0.5887328720662054,budget_cv,0.047
1f7f2e0f41,main,electronics,clothing,svm,self_training,1,100,transfer,0.8963860577079252,0.8964,2000,100,0,1000,1.0,0.9081333796851038,budget_cv,0.17
1f7f2e0f41,main,electronics,clothing,svm,self_training,1,100,target_only,0.7199435298182535,0.7344,0,100,0,1000,0.01,0.7686016144349477,budget_cv,0.046
1f7f2e0f41,main,electronics,clothing,svm,self_training,1,250,transfer,0.905599456252868,0.9056,2000,250,0,1000,1.0,0.9035867715557412,budget_cv,0.177
1f7f2e0f41,main,electronics,clothing,svm,self_training,1,250,target_only,0.8517232800541683,0.852,0,250,0,1000,0.01,0.8876083870116918,budget_cv,0.052
1f7f2e0f41,main,electronics,clothing,svm,self_training,1,500,transfer,0.9087915942333246,0.9088,2000,500,0,1000,1.0,0.9018742622487578,budget_cv,0.187
1f7f2e0f41,main,electronics,clothing,svm,self_training,1,500,target_only,0.8779320130139683,0.878,0,500,0,1000,0.1,0.8940002237609289,budget_cv,0.058
1f7f2e0f41,main,electronics,clothing,svm,self_training,1,1000,transfer,0.911197215144667,0.9112,2000,1000,0,1000,1.0,0.9239530228277202,budget_cv,0.237
1f7f2e0f41,main,electronics,clothing,svm,self_training,1,1000,target_only,0.8995972851105893,0.8996,0,1000,0,1000,10.0,0.9099385162148206,budget_cv,0.127
1f7f2e0f41,main,electronics,clothing,svm,self_training,1,2000,transfer,0.9207900639056164,0.9208,2000,2000,0,1000,1.0,0.9309374915413425,budget_cv,0.273
1f7f2e0f41,main,electronics,clothing,svm,self_training,1,2000,target_only,0.9139988854255552,0.914,0,2000,0,1000,1.0,0.9173951851882833,budget_cv,0.142
1f7f2e0f41,main,electronics,clothing,svm,self_training,2,0,uda_self_training,0.8875532041414356,0.8876,2000,0,0,1000,0.1,0.9052104861233492,source_val_fallback,0.061
1f7f2e0f41,main,electronics,clothing,svm,self_training,2,50,transfer,0.8670276678575434,0.8672,2000,50,0,1000,0.01,0.9605091159270726,budget_cv,0.152
1f7f2e0f41,main,electronics,clothing,svm,self_training,2,50,target_only,0.7859724995374244,0.7892,0,50,0,1000,0.1,0.8330780917855222,budget_cv,0.046
1f7f2e0f41,main,electronics,clothing,svm,self_training,2,100,transfer,0.8903719352154151,0.8904,2000,100,0,1000,0.1,0.9487103100006326,budget_cv,0.162
1f7f2e0f41,main,electronics,clothing,svm,self_training,2,100,target_only,0.8203804262026135,0.8216,0,100,0,1000,0.01,0.8792020110846585,budget_cv,0.045
1f7f2e0f41,main,electronics,clothing,svm,self_training,2,250,transfer,0.9019987299035395,0.902,2000,250,0,1000,1.0,0.909904226208574,budget_cv,0.183
1f7f2e0f41,main,electronics,clothing,svm,self_training,2,250,target_only,0.8686372362812419,0.8688,0,250,0,1000,10.0,0.8923318729969901,budget_cv,0.064
1f7f2e0f41,main,electronics,clothing,svm,self_training,2,500,transfer,0.9071961987563011,0.9072,2000,500,0,1000,1.0,0.9197075438860899,budget_cv,0.183
1f7f2e0f41,main,electronics,clothing,svm,self_training,2,500,target_only,0.8843591278901615,0.8844,0,500,0,1000,0.1,0.8973395679567182,budget_cv,0.059
1f7f2e0f41,main,electronics,clothing,svm,self_training,2,1000,transfer,0.9179952634064144,0.918,2000,1000,0,1000,1.0,0.921973240699486,budget_cv,0.223
1f7f2e0f41,main,electronics,clothing,svm,self_training,2,1000,target_only,0.8983833511282489,0.8984,0,1000,0,1000,0.1,0.9109328906894248,budget_cv,0.075
1f7f2e0f41,main,electronics,clothing,svm,self_training,2,2000,transfer,0.9207900639056164,0.9208,2000,2000,0,1000,1.0,0.9274339919385698,budget_cv,0.283
1f7f2e0f41,main,electronics,clothing,svm,self_training,2,2000,target_only,0.9139988854255552,0.914,0,2000,0,1000,1.0,0.9163589553739175,budget_cv,0.137
1f7f2e0f41,main,electronics,clothing,svm,self_training,3,0,uda_self_training,0.8875532041414356,0.8876,2000,0,0,1000,0.1,0.9052104861233492,source_val_fallback,0.065
1f7f2e0f41,main,electronics,clothing,svm,self_training,3,50,transfer,0.8879767708632063,0.888,2000,50,0,1000,10.0,0.92046783625731,budget_cv,0.245
1f7f2e0f41,main,electronics,clothing,svm,self_training,3,50,target_only,0.684128483187576,0.7084,0,50,0,1000,0.1,0.6472582972582973,budget_cv,0.048
1f7f2e0f41,main,electronics,clothing,svm,self_training,3,100,transfer,0.896387914686369,0.8964,2000,100,0,1000,1.0,0.8999863834422658,budget_cv,0.169
1f7f2e0f41,main,electronics,clothing,svm,self_training,3,100,target_only,0.8483900466862396,0.8488,0,100,0,1000,10.0,0.7078902540905109,budget_cv,0.055
1f7f2e0f41,main,electronics,clothing,svm,self_training,3,250,transfer,0.8987778282955099,0.8988,2000,250,0,1000,10.0,0.9119147570206619,budget_cv,0.188
1f7f2e0f41,main,electronics,clothing,svm,self_training,3,250,target_only,0.8615992028114081,0.8616,0,250,0,1000,0.1,0.8667852095890597,budget_cv,0.051
1f7f2e0f41,main,electronics,clothing,svm,self_training,3,500,transfer,0.8987953202956105,0.8988,2000,500,0,1000,0.1,0.9279546436484952,budget_cv,0.183
1f7f2e0f41,main,electronics,clothing,svm,self_training,3,500,target_only,0.8823566319488017,0.8824,0,500,0,1000,0.1,0.9079118990232585,budget_cv,0.06
1f7f2e0f41,main,electronics,clothing,svm,self_training,3,1000,transfer,0.9127991070628563,0.9128,2000,1000,0,1000,1.0,0.909899133208103,budget_cv,0.219
1f7f2e0f41,main,electronics,clothing,svm,self_training,3,1000,target_only,0.9019868113453346,0.902,0,1000,0,1000,1.0,0.8958973710651286,budget_cv,0.089
1f7f2e0f41,main,electronics,clothing,svm,self_training,3,2000,transfer,0.9207900639056164,0.9208,2000,2000,0,1000,1.0,0.9309289660011985,budget_cv,0.289
1f7f2e0f41,main,electronics,clothing,svm,self_training,3,2000,target_only,0.9139988854255552,0.914,0,2000,0,1000,1.0,0.9203660941496846,budget_cv,0.137
1f7f2e0f41,main,electronics,clothing,svm,self_training,4,0,uda_self_training,0.8875532041414356,0.8876,2000,0,0,1000,0.1,0.9052104861233492,source_val_fallback,0.062
1f7f2e0f41,main,electronics,clothing,svm,self_training,4,50,transfer,0.8903595821563661,0.8904,2000,50,0,1000,0.1,0.8382539273019148,budget_cv,0.157
1f7f2e0f41,main,electronics,clothing,svm,self_training,4,50,target_only,0.603164544787937,0.6468,0,50,0,1000,0.01,0.8337912087912088,budget_cv,0.045
1f7f2e0f41,main,electronics,clothing,svm,self_training,4,100,transfer,0.8959997337593184,0.896,2000,100,0,1000,1.0,0.9202369199641497,budget_cv,0.168
1f7f2e0f41,main,electronics,clothing,svm,self_training,4,100,target_only,0.6087541814678247,0.6524,0,100,0,1000,0.01,0.8057059354907276,budget_cv,0.046
1f7f2e0f41,main,electronics,clothing,svm,self_training,4,250,transfer,0.8919999308799558,0.892,2000,250,0,1000,0.1,0.895717476980984,budget_cv,0.162
1f7f2e0f41,main,electronics,clothing,svm,self_training,4,250,target_only,0.8448484848484848,0.8464,0,250,0,1000,10.0,0.8447893847842248,budget_cv,0.066
1f7f2e0f41,main,electronics,clothing,svm,self_training,4,500,transfer,0.9015959693709055,0.9016,2000,500,0,1000,0.1,0.8977951826833156,budget_cv,0.174
1f7f2e0f41,main,electronics,clothing,svm,self_training,4,500,target_only,0.8803816074759655,0.8804,0,500,0,1000,0.1,0.8637856632398355,budget_cv,0.06
1f7f2e0f41,main,electronics,clothing,svm,self_training,4,1000,transfer,0.917196171150954,0.9172,2000,1000,0,1000,1.0,0.9008926373943112,budget_cv,0.207
1f7f2e0f41,main,electronics,clothing,svm,self_training,4,1000,target_only,0.9047978065414628,0.9048,0,1000,0,1000,1.0,0.8857814626402204,budget_cv,0.087
1f7f2e0f41,main,electronics,clothing,svm,self_training,4,2000,transfer,0.9207900639056164,0.9208,2000,2000,0,1000,1.0,0.9254238183613955,budget_cv,0.31
1f7f2e0f41,main,electronics,clothing,svm,self_training,4,2000,target_only,0.9147939878637836,0.9148,0,2000,0,1000,10.0,0.919406109390937,budget_cv,0.175
1f7f2e0f41,main,clothing,books,logreg,random,0,0,source_only,0.8070030328094844,0.8096,2000,0,0,0,10.0,0.9133072869893355,source_val_fallback,0.075
1f7f2e0f41,main,clothing,books,logreg,random,0,50,transfer,0.8109214687327542,0.814,2000,50,0,0,10.0,0.8113409981831033,budget_cv,0.256
1f7f2e0f41,main,clothing,books,logreg,random,0,50,target_only,0.6453021635788465,0.6724,0,50,0,0,0.01,0.605130249867092,budget_cv,0.094
1f7f2e0f41,main,clothing,books,logreg,random,0,100,transfer,0.8199776188390989,0.8224,2000,100,0,0,10.0,0.841396566221675,budget_cv,0.258
1f7f2e0f41,main,clothing,books,logreg,random,0,100,target_only,0.751611253196931,0.7572,0,100,0,0,0.01,0.7705931495405179,budget_cv,0.107
1f7f2e0f41,main,clothing,books,logreg,random,0,250,transfer,0.8451520526402581,0.846,2000,250,0,0,10.0,0.8710339458008652,budget_cv,0.269
1f7f2e0f41,main,clothing,books,logreg,random,0,250,target_only,0.8378620652455893,0.8384,0,250,0,0,0.01,0.8097123546377191,budget_cv,0.113
1f7f2e0f41,main,clothing,books,logreg,random,0,500,transfer,0.8759027077228547,0.876,2000,500,0,0,10.0,0.8757674763598066,budget_cv,0.292
1f7f2e0f41,main,clothing,books,logreg,random,0,500,target_only,0.8767087842269224,0.8768,0,500,0,0,10.0,0.8516262749630948,budget_cv,0.144
1f7f2e0f41,main,clothing,books,logreg,random,0,1000,transfer,0.8951731643300685,0.8952,2000,1000,0,0,10.0,0.8745951808181495,budget_cv,0.343
1f7f2e0f41,main,clothing,books,logreg,random,0,1000,target_only,0.8827684694075318,0.8828,0,1000,0,0,1.0,0.8605722707424537,budget_cv,0.174
1f7f2e0f41,main,clothing,books,logreg,random,0,2000,transfer,0.9075726562946382,0.9076,2000,2000,0,0,10.0,0.8925508165894955,budget_cv,0.427
1f7f2e0f41,main,clothing,books,logreg,random,0,2000,target_only,0.9059836185857024,0.906,0,2000,0,0,10.0,0.8845157962112115,budget_cv,0.255
1f7f2e0f41,main,clothing,books,logreg,random,1,0,source_only,0.8070030328094844,0.8096,2000,0,0,0,10.0,0.9133072869893355,source_val_fallback,0.076
1f7f2e0f41,main,clothing,books,logreg,random,1,50,transfer,0.8187712903371112,0.8204,2000,50,0,0,10.0,0.7598068598068598,budget_cv,0.254
1f7f2e0f41,main,clothing,books,logreg,random,1,50,target_only,0.7222010357134403,0.7296,0,50,0,0,0.01,0.6583159530527952,budget_cv,0.092
1f7f2e0f41,main,clothing,books,logreg,random,1,100,transfer,0.7623667342675147,0.7712,2000,100,0,0,0.1,0.7602907167252901,budget_cv,0.236
1f7f2e0f41,main,clothing,books,logreg,random,1,100,target_only,0.7351898291709589,0.744,0,100,0,0,0.01,0.6833333333333332,budget_cv,0.095
1f7f2e0f41,main,clothing,books,logreg,random,1,250,transfer,0.8469452188891717,0.8472,2000,250,0,0,10.0,0.8255662492777738,budget_cv,0.27
1f7f2e0f41,main,clothing,books,logreg,random,1,250,target_only,0.8254758971381417,0.826,0,250,0,0,0.1,0.8128473948997895,budget_cv,0.116
1f7f2e0f41,main,clothing,books,logreg,random,1,500,transfer,0.874798377386971,0.8748,2000,500,0,0,10.0,0.8531890099594227,budget_cv,0.289
1f7f2e0f41,main,clothing,books,logreg,random,1,500,target_only,0.8651704669390783,0.8652,0,500,0,0,10.0,0.8757708177526204,budget_cv,0.144
1f7f2e0f41,main,clothing,books,logreg,random,1,1000,transfer,0.8899999823999971,0.89,2000,1000,0,0,10.0,0.8778688887038854,budget_cv,0.341
1f7f2e0f41,main,clothing,books,logreg,random,1,1000,target_only,0.883598491436449,0.8836,0,1000,0,0,1.0,0.8669527534202949,budget_cv,0.174
1f7f2e0f41,main,clothing,books,logreg,random,1,2000,transfer,0.9075726562946382,0.9076,2000,2000,0,0,10.0,0.89154766460678,budget_cv,0.425
1f7f2e0f41,main,clothing,books,logreg,random,1,2000,target_only,0.9059836185857024,0.906,0,2000,0,0,10.0,0.8869590630913304,budget_cv,0.252
1f7f2e0f41,main,clothing,books,logreg,random,2,0,source_only,0.8070030328094844,0.8096,2000,0,0,0,10.0,0.9133072869893355,source_val_fallback,0.077
1f7f2e0f41,main,clothing,books,logreg,random,2,50,transfer,0.8072984117315096,0.8108,2000,50,0,0,10.0,0.9194358445132439,budget_cv,0.256
1f7f2e0f41,main,clothing,books,logreg,random,2,50,target_only,0.6101824096839421,0.65,0,50,0,0,0.01,0.7097296494355317,budget_cv,0.094
1f7f2e0f41,main,clothing,books,logreg,random,2,100,transfer,0.8196265782674401,0.8224,2000,100,0,0,10.0,0.8991641724941882,budget_cv,0.256
1f7f2e0f41,main,clothing,books,logreg,random,2,100,target_only,0.7228557015395847,0.7348,0,100,0,0,10.0,0.7853609263365362,budget_cv,0.11
1f7f2e0f41,main,clothing,books,logreg,random,2,250,transfer,0.8556095682726091,0.856,2000,250,0,0,10.0,0.8713727536261695,budget_cv,0.272
1f7f2e0f41,main,clothing,books,logreg,random,2,250,target_only,0.831781989458338,0.832,0,250,0,0,10.0,0.8120407577000419,budget_cv,0.124
1f7f2e0f41,main,clothing,books,logreg,random,2,500,transfer,0.8665822408702588,0.8668,2000,500,0,0,10.0,0.8373928576750149,budget_cv,0.289
1f7f2e0f41,main,clothing,books,logreg,random,2,500,target_only,0.8535071982147946,0.854,0,500,0,0,0.1,0.8514043290198053,budget_cv,0.133
1f7f2e0f41,main,clothing,books,logreg,random,2,1000,transfer,0.8859180617886991,0.886,2000,1000,0,0,10.0,0.8784749168686347,budget_cv,0.354
1f7f2e0f41,main,clothing,books,logreg,random,2,1000,target_only,0.8862949183117069,0.8864,0,1000,0,0,10.0,0.8594268331242191,budget_cv,0.174
1f7f2e0f41,main,clothing,books,logreg,random,2,2000,transfer,0.9075726562946382,0.9076,2000,2000,0,0,10.0,0.8975948462903571,budget_cv,0.437
1f7f2e0f41,main,clothing,books,logreg,random,2,2000,target_only,0.9059836185857024,0.906,0,2000,0,0,10.0,0.889078741782131,budget_cv,0.25
1f7f2e0f41,main,clothing,books,logreg,random,3,0,source_only,0.8070030328094844,0.8096,2000,0,0,0,10.0,0.9133072869893355,source_val_fallback,0.076
1f7f2e0f41,main,clothing,books,logreg,random,3,50,transfer,0.7690155566989538,0.7764,2000,50,0,0,0.01,0.8255355755355755,budget_cv,0.232
1f7f2e0f41,main,clothing,books,logreg,random,3,50,target_only,0.7020084629596519,0.7152,0,50,0,0,0.01,0.7091630591630592,budget_cv,0.092
1f7f2e0f41,main,clothing,books,logreg,random,3,100,transfer,0.7782079994953,0.784,2000,100,0,0,0.01,0.7974210625827188,budget_cv,0.236
1f7f2e0f41,main,clothing,books,logreg,random,3,100,target_only,0.7821264744982048,0.7828,0,100,0,0,1.0,0.7044035409626807,budget_cv,0.107
1f7f2e0f41,main,clothing,books,logreg,random,3,250,transfer,0.8513173602491392,0.8516,2000,250,0,0,10.0,0.8336207295685574,budget_cv,0.267
1f7f2e0f41,main,clothing,books,logreg,random,3,250,target_only,0.8292813981164208,0.8296,0,250,0,0,10.0,0.8178252312442286,budget_cv,0.12
1f7f2e0f41,main,clothing,books,logreg,random,3,500,transfer,0.854619314651353,0.8552,2000,500,0,0,10.0,0.8494514530587587,budget_cv,0.289
1f7f2e0f41,main,clothing,books,logreg,random,3,500,target_only,0.851099097363531,0.8516,0,500,0,0,10.0,0.8327515973361868,budget_cv,0.142
1f7f2e0f41,main,clothing,books,logreg,random,3,1000,transfer,0.8899009108197378,0.89,2000,1000,0,0,10.0,0.8668499161825297,budget_cv,0.341
1f7f2e0f41,main,clothing,books,logreg,random,3,1000,target_only,0.8859228838694957,0.886,0,1000,0,0,10.0,0.8684988177177811,budget_cv,0.175
1f7f2e0f41,main,clothing,books,logreg,random,3,2000,transfer,0.9075726562946382,0.9076,2000,2000,0,0,10.0,0.89205272053314,budget_cv,0.431
1f7f2e0f41,main,clothing,books,logreg,random,3,2000,target_only,0.9059836185857024,0.906,0,2000,0,0,10.0,0.883548128431495,budget_cv,0.254
1f7f2e0f41,main,clothing,books,logreg,random,4,0,source_only,0.8070030328094844,0.8096,2000,0,0,0,10.0,0.9133072869893355,source_val_fallback,0.076
1f7f2e0f41,main,clothing,books,logreg,random,4,50,transfer,0.8057749368727912,0.8088,2000,50,0,0,10.0,0.854525883473252,budget_cv,0.251
1f7f2e0f41,main,clothing,books,logreg,random,4,50,target_only,0.6452814780789058,0.6664,0,50,0,0,0.01,0.801948051948052,budget_cv,0.102
1f7f2e0f41,main,clothing,books,logreg,random,4,100,transfer,0.8264783281496921,0.8276,2000,100,0,0,10.0,0.8553966614238261,budget_cv,0.255
1f7f2e0f41,main,clothing,books,logreg,random,4,100,target_only,0.751973173418437,0.752,0,100,0,0,0.01,0.7764423076923078,budget_cv,0.109
1f7f2e0f41,main,clothing,books,logreg,random,4,250,transfer,0.8432836530427386,0.8444,2000,250,0,0,10.0,0.8639994753878956,budget_cv,0.27
1f7f2e0f41,main,clothing,books,logreg,random,4,250,target_only,0.8075129961352525,0.8112,0,250,0,0,10.0,0.7972256675623103,budget_cv,0.115
1f7f2e0f41,main,clothing,books,logreg,random,4,500,transfer,0.8685980825575812,0.8688,2000,500,0,0,10.0,0.8852715648392445,budget_cv,0.289
1f7f2e0f41,main,clothing,books,logreg,random,4,500,target_only,0.8557307589716232,0.856,0,500,0,0,1.0,0.8651330419253488,budget_cv,0.137
1f7f2e0f41,main,clothing,books,logreg,random,4,1000,transfer,0.8826578940159691,0.8828,2000,1000,0,0,10.0,0.885215261172108,budget_cv,0.341
1f7f2e0f41,main,clothing,books,logreg,random,4,1000,target_only,0.8810751574572924,0.8812,0,1000,0,0,10.0,0.8842026532529528,budget_cv,0.173
1f7f2e0f41,main,clothing,books,logreg,random,4,2000,transfer,0.9075726562946382,0.9076,2000,2000,0,0,10.0,0.8875925605481992,budget_cv,0.434
1f7f2e0f41,main,clothing,books,logreg,random,4,2000,target_only,0.9059836185857024,0.906,0,2000,0,0,10.0,0.8861073583811608,budget_cv,0.254
1f7f2e0f41,main,clothing,books,logreg,uncertainty,0,0,source_only,0.8070030328094844,0.8096,2000,0,0,0,10.0,0.9133072869893355,source_val_fallback,0.082
1f7f2e0f41,main,clothing,books,logreg,uncertainty,0,50,transfer,0.8186462011457046,0.82,2000,50,0,0,1.0,0.8058483384570341,budget_cv,0.251
1f7f2e0f41,main,clothing,books,logreg,uncertainty,0,50,target_only,0.6531195677215322,0.6608,0,50,0,0,0.01,0.6352536352536352,budget_cv,0.107
1f7f2e0f41,main,clothing,books,logreg,uncertainty,0,100,transfer,0.8367622855584554,0.8368,2000,100,0,0,10.0,0.7896546922862712,budget_cv,0.267
1f7f2e0f41,main,clothing,books,logreg,uncertainty,0,100,target_only,0.6887354561841943,0.6888,0,100,0,0,0.01,0.6692280226580323,budget_cv,0.11
1f7f2e0f41,main,clothing,books,logreg,uncertainty,0,250,transfer,0.8715891313040736,0.8716,2000,250,0,0,10.0,0.6877089960062102,budget_cv,0.28
1f7f2e0f41,main,clothing,books,logreg,uncertainty,0,250,target_only,0.7136950365137763,0.7164,0,250,0,0,0.1,0.7350079758497176,budget_cv,0.118
1f7f2e0f41,main,clothing,books,logreg,uncertainty,0,500,transfer,0.8811931377156345,0.8812,2000,500,0,0,10.0,0.6708966139476203,budget_cv,0.303
1f7f2e0f41,main,clothing,books,logreg,uncertainty,0,500,target_only,0.7549099702624098,0.7552,0,500,0,0,0.1,0.6642524920139473,budget_cv,0.138
1f7f2e0f41,main,clothing,books,logreg,uncertainty,0,1000,transfer,0.902385943575875,0.9024,2000,1000,0,0,10.0,0.7579705186661988,budget_cv,0.36
1f7f2e0f41,main,clothing,books,logreg,uncertainty,0,1000,target_only,0.8751992811478594,0.8752,0,1000,0,0,10.0,0.7008670973616377,budget_cv,0.178
1f7f2e0f41,main,clothing,books,logreg,uncertainty,0,2000,transfer,0.9075726562946382,0.9076,2000,2000,0,0,10.0,0.885032471327455,budget_cv,0.447
1f7f2e0f41,main,clothing,books,logreg,uncertainty,0,2000,target_only,0.9059836185857024,0.906,0,2000,0,0,10.0,0.8795663995266535,budget_cv,0.254
1f7f2e0f41,main,clothing,books,logreg,uncertainty,1,0,source_only,0.8070030328094844,0.8096,2000,0,0,0,10.0,0.9133072869893355,source_val_fallback,0.074
1f7f2e0f41,main,clothing,books,logreg,uncertainty,1,50,transfer,0.8318898273172306,0.832,2000,50,0,0,10.0,0.6699134199134198,budget_cv,0.26
1f7f2e0f41,main,clothing,books,logreg,uncertainty,1,50,target_only,0.687413898738753,0.6876,0,50,0,0,0.01,0.5777739804055594,budget_cv,0.1
1f7f2e0f41,main,clothing,books,logreg,uncertainty,1,100,transfer,0.8341754337393872,0.8344,2000,100,0,0,10.0,0.6912091503267973,budget_cv,0.265
1f7f2e0f41,main,clothing,books,logreg,uncertainty,1,100,target_only,0.6987741389266489,0.6992,0,100,0,0,0.01,0.5563603988603988,budget_cv,0.109
1f7f2e0f41,main,clothing,books,logreg,uncertainty,1,250,transfer,0.8632,0.8632,2000,250,0,0,10.0,0.6882938905895233,budget_cv,0.284
1f7f2e0f41,main,clothing,books,logreg,uncertainty,1,250,target_only,0.7298188494297105,0.734,0,250,0,0,0.01,0.6864073095185782,budget_cv,0.118
1f7f2e0f41,main,clothing,books,logreg,uncertainty,1,500,transfer,0.8847875386201771,0.8848,2000,500,0,0,10.0,0.6667820273202665,budget_cv,0.304
1f7f2e0f41,main,clothing,books,logreg,uncertainty,1,500,target_only,0.7695024980467946,0.7704,0,500,0,0,10.0,0.6511078243605739,budget_cv,0.144
1f7f2e0f41,main,clothing,books,logreg,uncertainty,1,1000,transfer,0.9027931410840349,0.9028,2000,1000,0,0,10.0,0.7739454387095224,budget_cv,0.368
1f7f2e0f41,main,clothing,books,logreg,uncertainty,1,1000,target_only,0.8567991751632489,0.8568,0,1000,0,0,1.0,0.7098670356940602,budget_cv,0.184
1f7f2e0f41,main,clothing,books,logreg,uncertainty,1,2000,transfer,0.9075726562946382,0.9076,2000,2000,0,0,10.0,0.8915546544325105,budget_cv,0.432
1f7f2e0f41,main,clothing,books,logreg,uncertainty,1,2000,target_only,0.9059836185857024,0.906,0,2000,0,0,10.0,0.8921035593337928,budget_cv,0.257
1f7f2e0f41,main,clothing,books,logreg,uncertainty,2,0,source_only,0.8070030328094844,0.8096,2000,0,0,0,10.0,0.9133072869893355,source_val_fallback,0.073
1f7f2e0f41,main,clothing,books,logreg,uncertainty,2,50,transfer,0.8268648102726879,0.8272,2000,50,0,0,10.0,0.8367408906882593,budget_cv,0.256
1f7f2e0f41,main,clothing,books,logreg,uncertainty,2,50,target_only,0.6745232165956604,0.6752,0,50,0,0,0.01,0.5152777777777778,budget_cv,0.1
1f7f2e0f41,main,clothing,books,logreg,uncertainty,2,100,transfer,0.825772782015255,0.8264,2000,100,0,0,1.0,0.7618085830084483,budget_cv,0.251
1f7f2e0f41,main,clothing,books,logreg,uncertainty,2,100,target_only,0.7246808859384924,0.7248,0,100,0,0,0.01,0.6325466989978484,budget_cv,0.111
1f7f2e0f41,main,clothing,books,logreg,uncertainty,2,250,transfer,0.8543506889692574,0.8544,2000,250,0,0,10.0,0.6311305234882213,budget_cv,0.279
1f7f2e0f41,main,clothing,books,logreg,uncertainty,2,250,target_only,0.681720761719155,0.6856,0,250,0,0,0.1,0.6644437723251321,budget_cv,0.119
1f7f2e0f41,main,clothing,books,logreg,uncertainty,2,500,transfer,0.877199037240452,0.8772,2000,500,0,0,10.0,0.6792957728303755,budget_cv,0.303
1f7f2e0f41,main,clothing,books,logreg,uncertainty,2,500,target_only,0.7727009038377581,0.774,0,500,0,0,10.0,0.6264747547749695,budget_cv,0.144
1f7f2e0f41,main,clothing,books,logreg,uncertainty,2,1000,transfer,0.9031949816278476,0.9032,2000,1000,0,0,10.0,0.7789043898370359,budget_cv,0.349
1f7f2e0f41,main,clothing,books,logreg,uncertainty,2,1000,target_only,0.8763995055980224,0.8764,0,1000,0,0,10.0,0.7316945925464111,budget_cv,0.184
1f7f2e0f41,main,clothing,books,logreg,uncertainty,2,2000,transfer,0.9075726562946382,0.9076,2000,2000,0,0,10.0,0.8915634627610797,budget_cv,0.423
1f7f2e0f41,main,clothing,books,logreg,uncertainty,2,2000,target_only,0.9059836185857024,0.906,0,2000,0,0,10.0,0.8865150852417574,budget_cv,0.25
1f7f2e0f41,main,clothing,books,logreg,uncertainty,3,0,source_only,0.8070030328094844,0.8096,2000,0,0,0,10.0,0.9133072869893355,source_val_fallback,0.073
1f7f2e0f41,main,clothing,books,logreg,uncertainty,3,50,transfer,0.8315501658010506,0.8316,2000,50,0,0,10.0,0.8027385657820441,budget_cv,0.258
1f7f2e0f41,main,clothing,books,logreg,uncertainty,3,50,target_only,0.5089818127608825,0.5784,0,50,0,0,0.1,0.6920500996587954,budget_cv,0.105
1f7f2e0f41,main,clothing,books,logreg,uncertainty,3,100,transfer,0.8383990691786385,0.8384,2000,100,0,0,10.0,0.7346293259352411,budget_cv,0.263
1f7f2e0f41,main,clothing,books,logreg,uncertainty,3,100,target_only,0.7155205716744515,0.7164,0,100,0,0,0.01,0.6443201323636106,budget_cv,0.109
1f7f2e0f41,main,clothing,books,logreg,uncertainty,3,250,transfer,0.8528666310980768,0.8532,2000,250,0,0,1.0,0.6330694781722049,budget_cv,0.264
1f7f2e0f41,main,clothing,books,logreg,uncertainty,3,250,target_only,0.7251256356419515,0.726,0,250,0,0,0.1,0.652354916362088,budget_cv,0.119
1f7f2e0f41,main,clothing,books,logreg,uncertainty,3,500,transfer,0.8847893821894626,0.8848,2000,500,0,0,10.0,0.6603402728355189,budget_cv,0.304
1f7f2e0f41,main,clothing,books,logreg,uncertainty,3,500,target_only,0.786936005187868,0.7872,0,500,0,0,10.0,0.6353870400319912,budget_cv,0.144
1f7f2e0f41,main,clothing,books,logreg,uncertainty,3,1000,transfer,0.9015909306201659,0.9016,2000,1000,0,0,10.0,0.7619825766675256,budget_cv,0.35
1f7f2e0f41,main,clothing,books,logreg,uncertainty,3,1000,target_only,0.8743979903678458,0.8744,0,1000,0,0,10.0,0.70565551015926,budget_cv,0.179
1f7f2e0f41,main,clothing,books,logreg,uncertainty,3,2000,transfer,0.9075726562946382,0.9076,2000,2000,0,0,10.0,0.9011285592577393,budget_cv,0.421
1f7f2e0f41,main,clothing,books,logreg,uncertainty,3,2000,target_only,0.9059836185857024,0.906,0,2000,0,0,10.0,0.8931169652778999,budget_cv,0.259
1f7f2e0f41,main,clothing,books,logreg,uncertainty,4,0,source_only,0.8070030328094844,0.8096,2000,0,0,0,10.0,0.9133072869893355,source_val_fallback,0.074
1f7f2e0f41,main,clothing,books,logreg,uncertainty,4,50,transfer,0.8119525235809921,0.8136,2000,50,0,0,1.0,0.8742664742664742,budget_cv,0.241
1f7f2e0f41,main,clothing,books,logreg,uncertainty,4,50,target_only,0.6644814015921897,0.6732,0,50,0,0,0.01,0.6336334358073489,budget_cv,0.098
1f7f2e0f41,main,clothing,books,logreg,uncertainty,4,100,transfer,0.8291702346216805,0.8292,2000,100,0,0,10.0,0.7266555198333212,budget_cv,0.261
1f7f2e0f41,main,clothing,books,logreg,uncertainty,4,100,target_only,0.6596576155612546,0.6736,0,100,0,0,0.01,0.5553763171935441,budget_cv,0.109
1f7f2e0f41,main,clothing,books,logreg,uncertainty,4,250,transfer,0.8567793762301772,0.8568,2000,250,0,0,10.0,0.6600879257161204,budget_cv,0.282
1f7f2e0f41,main,clothing,books,logreg,uncertainty,4,250,target_only,0.7392917186677253,0.7404,0,250,0,0,0.1,0.6122570898514037,budget_cv,0.121
1f7f2e0f41,main,clothing,books,logreg,uncertainty,4,500,transfer,0.881184012120671,0.8812,2000,500,0,0,10.0,0.6713182412041195,budget_cv,0.301
1f7f2e0f41,main,clothing,books,logreg,uncertainty,4,500,target_only,0.763733264306071,0.764,0,500,0,0,1.0,0.6238570031334364,budget_cv,0.142
1f7f2e0f41,main,clothing,books,logreg,uncertainty,4,1000,transfer,0.9027850522296308,0.9028,2000,1000,0,0,10.0,0.7607607967662734,budget_cv,0.347
1f7f2e0f41,main,clothing,books,logreg,uncertainty,4,1000,target_only,0.8723989996081569,0.8724,0,1000,0,0,10.0,0.7064279787642782,budget_cv,0.182
1f7f2e0f41,main,clothing,books,logreg,uncertainty,4,2000,transfer,0.9075726562946382,0.9076,2000,2000,0,0,10.0,0.8941188424529832,budget_cv,0.428
1f7f2e0f41,main,clothing,books,logreg,uncertainty,4,2000,target_only,0.9059836185857024,0.906,0,2000,0,0,10.0,0.8915893943850829,budget_cv,0.252
1f7f2e0f41,main,clothing,books,logreg,self_training,0,0,uda_self_training,0.7771224570418036,0.7848,2000,0,0,1000,10.0,0.9133072869893355,source_val_fallback,0.145
1f7f2e0f41,main,clothing,books,logreg,self_training,0,50,transfer,0.7811977236606814,0.7888,2000,50,0,1000,10.0,0.8113409981831033,budget_cv,0.331
1f7f2e0f41,main,clothing,books,logreg,self_training,0,50,target_only,0.4157427503072458,0.5424,0,50,0,1000,0.01,0.605130249867092,budget_cv,0.132
1f7f2e0f41,main,clothing,books,logreg,self_training,0,100,transfer,0.8024413980525475,0.8072,2000,100,0,1000,10.0,0.841396566221675,budget_cv,0.334
1f7f2e0f41,main,clothing,books,logreg,self_training,0,100,target_only,0.5011604886718608,0.586,0,100,0,1000,0.01,0.7705931495405179,budget_cv,0.133
1f7f2e0f41,main,clothing,books,logreg,self_training,0,250,transfer,0.8455036894364378,0.8468,2000,250,0,1000,10.0,0.8710339458008652,budget_cv,0.354
1f7f2e0f41,main,clothing,books,logreg,self_training,0,250,target_only,0.6034679211466597,0.6516,0,250,0,1000,0.01,0.8097123546377191,budget_cv,0.134
1f7f2e0f41,main,clothing,books,logreg,self_training,0,500,transfer,0.8782422018936542,0.8784,2000,500,0,1000,10.0,0.8757674763598066,budget_cv,0.379
1f7f2e0f41,main,clothing,books,logreg,self_training,0,500,target_only,0.8638902089441879,0.8644,0,500,0,1000,10.0,0.8516262749630948,budget_cv,0.203
1f7f2e0f41,main,clothing,books,logreg,self_training,0,1000,transfer,0.8935699611858451,0.8936,2000,1000,0,1000,10.0,0.8745951808181495,budget_cv,0.484
1f7f2e0f41,main,clothing,books,logreg,self_training,0,1000,target_only,0.8551522233772595,0.8556,0,1000,0,1000,1.0,0.8605722707424537,budget_cv,0.233
1f7f2e0f41,main,clothing,books,logreg,self_training,0,2000,transfer,0.9059638750822516,0.906,2000,2000,0,1000,10.0,0.8925508165894955,budget_cv,0.567
1f7f2e0f41,main,clothing,books,logreg,self_training,0,2000,target_only,0.9023669453530188,0.9024,0,2000,0,1000,10.0,0.8845157962112115,budget_cv,0.363
1f7f2e0f41,main,clothing,books,logreg,self_training,1,0,uda_self_training,0.7771224570418036,0.7848,2000,0,0,1000,10.0,0.9133072869893355,source_val_fallback,0.147
1f7f2e0f41,main,clothing,books,logreg,self_training,1,50,transfer,0.8130515794774065,0.8168,2000,50,0,1000,10.0,0.7598068598068598,budget_cv,0.326
1f7f2e0f41,main,clothing,books,logreg,self_training,1,50,target_only,0.41873178769216685,0.5428,0,50,0,1000,0.01,0.6583159530527952,budget_cv,0.116
1f7f2e0f41,main,clothing,books,logreg,self_training,1,100,transfer,0.6311270603034559,0.6712,2000,100,0,1000,0.1,0.7602907167252901,budget_cv,0.269
1f7f2e0f41,main,clothing,books,logreg,self_training,1,100,target_only,0.4188052096981259,0.542,0,100,0,1000,0.01,0.6833333333333332,budget_cv,0.124
1f7f2e0f41,main,clothing,books,logreg,self_training,1,250,transfer,0.8562826174227218,0.8568,2000,250,0,1000,10.0,0.8255662492777738,budget_cv,0.354
1f7f2e0f41,main,clothing,books,logreg,self_training,1,250,target_only,0.6115208206107517,0.6516,0,250,0,1000,0.1,0.8128473948997895,budget_cv,0.15
1f7f2e0f41,main,clothing,books,logreg,self_training,1,500,transfer,0.8755854882913543,0.8756,2000,500,0,1000,10.0,0.8531890099594227,budget_cv,0.379
1f7f2e0f41,main,clothing,books,logreg,self_training,1,500,target_only,0.8595658239389138,0.8596,0,500,0,1000,10.0,0.8757708177526204,budget_cv,0.202
1f7f2e0f41,main,clothing,books,logreg,self_training,1,1000,transfer,0.893598910452843,0.8936,2000,1000,0,1000,10.0,0.8778688887038854,budget_cv,0.449
1f7f2e0f41,main,clothing,books,logreg,self_training,1,1000,target_only,0.8629536235061945,0.8632,0,1000,0,1000,1.0,0.8669527534202949,budget_cv,0.224
1f7f2e0f41,main,clothing,books,logreg,self_training,1,2000,transfer,0.9059638750822516,0.906,2000,2000,0,1000,10.0,0.89154766460678,budget_cv,0.572
1f7f2e0f41,main,clothing,books,logreg,self_training,1,2000,target_only,0.9023669453530188,0.9024,0,2000,0,1000,10.0,0.8869590630913304,budget_cv,0.353
1f7f2e0f41,main,clothing,books,logreg,self_training,2,0,uda_self_training,0.7771224570418036,0.7848,2000,0,0,1000,10.0,0.9133072869893355,source_val_fallback,0.148
1f7f2e0f41,main,clothing,books,logreg,self_training,2,50,transfer,0.7702283929773805,0.7792,2000,50,0,1000,10.0,0.9194358445132439,budget_cv,0.337
1f7f2e0f41,main,clothing,books,logreg,self_training,2,50,target_only,0.39652663880217975,0.5328,0,50,0,1000,0.01,0.7097296494355317,budget_cv,0.127
1f7f2e0f41,main,clothing,books,logreg,self_training,2,100,transfer,0.7894788983554587,0.796,2000,100,0,1000,10.0,0.8991641724941882,budget_cv,0.336
1f7f2e0f41,main,clothing,books,logreg,self_training,2,100,target_only,0.6494884624157464,0.6784,0,100,0,1000,10.0,0.7853609263365362,budget_cv,0.179
1f7f2e0f41,main,clothing,books,logreg,self_training,2,250,transfer,0.859286662176705,0.86,2000,250,0,1000,10.0,0.8713727536261695,budget_cv,0.363
1f7f2e0f41,main,clothing,books,logreg,self_training,2,250,target_only,0.8229775181448045,0.824,0,250,0,1000,10.0,0.8120407577000419,budget_cv,0.193
1f7f2e0f41,main,clothing,books,logreg,self_training,2,500,transfer,0.8721294258651306,0.8724,2000,500,0,1000,10.0,0.8373928576750149,budget_cv,0.395
1f7f2e0f41,main,clothing,books,logreg,self_training,2,500,target_only,0.6673498004530256,0.6916,0,500,0,1000,0.1,0.8514043290198053,budget_cv,0.172
1f7f2e0f41,main,clothing,books,logreg,self_training,2,1000,transfer,0.8891054468682177,0.8892,2000,1000,0,1000,10.0,0.8784749168686347,budget_cv,0.474
1f7f2e0f41,main,clothing,books,logreg,self_training,2,1000,target_only,0.8822335064420674,0.8824,0,1000,0,1000,10.0,0.8594268331242191,budget_cv,0.252
1f7f2e0f41,main,clothing,books,logreg,self_training,2,2000,transfer,0.9059638750822516,0.906,2000,2000,0,1000,10.0,0.8975948462903571,budget_cv,0.587
1f7f2e0f41,main,clothing,books,logreg,self_training,2,2000,target_only,0.9023669453530188,0.9024,0,2000,0,1000,10.0,0.889078741782131,budget_cv,0.364
1f7f2e0f41,main,clothing,books,logreg,self_training,3,0,uda_self_training,0.7771224570418036,0.7848,2000,0,0,1000,10.0,0.9133072869893355,source_val_fallback,0.148
1f7f2e0f41,main,clothing,books,logreg,self_training,3,50,transfer,0.6189729098768001,0.6624,2000,50,0,1000,0.01,0.8255355755355755,budget_cv,0.258
1f7f2e0f41,main,clothing,books,logreg,self_training,3,50,target_only,0.3967469618688252,0.5332,0,50,0,1000,0.01,0.7091630591630592,budget_cv,0.118
1f7f2e0f41,main,clothing,books,logreg,self_training,3,100,transfer,0.6367629168983253,0.6748,2000,100,0,1000,0.01,0.7974210625827188,budget_cv,0.26
1f7f2e0f41,main,clothing,books,logreg,self_training,3,100,target_only,0.7925319693094629,0.7972,0,100,0,1000,1.0,0.7044035409626807,budget_cv,0.142
1f7f2e0f41,main,clothing,books,logreg,self_training,3,250,transfer,0.8639795117032991,0.8644,2000,250,0,1000,10.0,0.8336207295685574,budget_cv,0.352
1f7f2e0f41,main,clothing,books,logreg,self_training,3,250,target_only,0.8401286939912169,0.8408,0,250,0,1000,10.0,0.8178252312442286,budget_cv,0.169
1f7f2e0f41,main,clothing,books,logreg,self_training,3,500,transfer,0.8601685435155493,0.8608,2000,500,0,1000,10.0,0.8494514530587587,budget_cv,0.377
1f7f2e0f41,main,clothing,books,logreg,self_training,3,500,target_only,0.8382854980227386,0.8392,0,500,0,1000,10.0,0.8327515973361868,budget_cv,0.201
1f7f2e0f41,main,clothing,books,logreg,self_training,3,1000,transfer,0.8899009108197378,0.89,2000,1000,0,1000,10.0,0.8668499161825297,budget_cv,0.448
1f7f2e0f41,main,clothing,books,logreg,self_training,3,1000,target_only,0.8842328322097108,0.8844,0,1000,0,1000,10.0,0.8684988177177811,budget_cv,0.245
1f7f2e0f41,main,clothing,books,logreg,self_training,3,2000,transfer,0.9059638750822516,0.906,2000,2000,0,1000,10.0,0.89205272053314,budget_cv,0.578
1f7f2e0f41,main,clothing,books,logreg,self_training,3,2000,target_only,0.9023669453530188,0.9024,0,2000,0,1000,10.0,0.883548128431495,budget_cv,0.36
1f7f2e0f41,main,clothing,books,logreg,self_training,4,0,uda_self_training,0.7771224570418036,0.7848,2000,0,0,1000,10.0,0.9133072869893355,source_val_fallback,0.147
1f7f2e0f41,main,clothing,books,logreg,self_training,4,50,transfer,0.7813322695921316,0.7888,2000,50,0,1000,10.0,0.854525883473252,budget_cv,0.324
1f7f2e0f41,main,clothing,books,logreg,self_training,4,50,target_only,0.4089447050869681,0.5384,0,50,0,1000,0.01,0.801948051948052,budget_cv,0.127
1f7f2e0f41,main,clothing,books,logreg,self_training,4,100,transfer,0.8247767038680867,0.8272,2000,100,0,1000,10.0,0.8553966614238261,budget_cv,0.33
1f7f2e0f41,main,clothing,books,logreg,self_training,4,100,target_only,0.5053014710193451,0.5896,0,100,0,1000,0.01,0.7764423076923078,budget_cv,0.126
1f7f2e0f41,main,clothing,books,logreg,self_training,4,250,transfer,0.8349027285723165,0.8368,2000,250,0,1000,10.0,0.8639994753878956,budget_cv,0.355
1f7f2e0f41,main,clothing,books,logreg,self_training,4,250,target_only,0.7705249188242331,0.78,0,250,0,1000,10.0,0.7972256675623103,budget_cv,0.18
1f7f2e0f41,main,clothing,books,logreg,self_training,4,500,transfer,0.8701203743611846,0.8704,2000,500,0,1000,10.0,0.8852715648392445,budget_cv,0.378
1f7f2e0f41,main,clothing,books,logreg,self_training,4,500,target_only,0.7770366941144724,0.782,0,500,0,1000,1.0,0.8651330419253488,budget_cv,0.187
1f7f2e0f41,main,clothing,books,logreg,self_training,4,1000,transfer,0.8830275170555495,0.8832,2000,1000,0,1000,10.0,0.885215261172108,budget_cv,0.441
1f7f2e0f41,main,clothing,books,logreg,self_training,4,1000,target_only,0.8781284897746595,0.8784,0,1000,0,1000,10.0,0.8842026532529528,budget_cv,0.243
1f7f2e0f41,main,clothing,books,logreg,self_training,4,2000,transfer,0.9059638750822516,0.906,2000,2000,0,1000,10.0,0.8875925605481992,budget_cv,0.566
1f7f2e0f41,main,clothing,books,logreg,self_training,4,2000,target_only,0.9023669453530188,0.9024,0,2000,0,1000,10.0,0.8861073583811608,budget_cv,0.36
1f7f2e0f41,main,clothing,books,svm,random,0,0,source_only,0.8066767227126217,0.8088,2000,0,0,0,1.0,0.9139831406955763,source_val_fallback,0.044
1f7f2e0f41,main,clothing,books,svm,random,0,50,transfer,0.8116514981174892,0.8144,2000,50,0,0,1.0,0.791999228841334,budget_cv,0.147
1f7f2e0f41,main,clothing,books,svm,random,0,50,target_only,0.5909827681852853,0.6376,0,50,0,0,0.01,0.562687747035573,budget_cv,0.038
1f7f2e0f41,main,clothing,books,svm,random,0,100,transfer,0.8237226034198462,0.8256,2000,100,0,0,1.0,0.8514043091562472,budget_cv,0.149
1f7f2e0f41,main,clothing,books,svm,random,0,100,target_only,0.7031167712871238,0.7212,0,100,0,0,0.01,0.6752394657112509,budget_cv,0.041
1f7f2e0f41,main,clothing,books,svm,random,0,250,transfer,0.8505568925089473,0.8512,2000,250,0,0,1.0,0.8634256157984913,budget_cv,0.159
1f7f2e0f41,main,clothing,books,svm,random,0,250,target_only,0.8262905882140023,0.828,0,250,0,0,0.01,0.8064770241263846,budget_cv,0.045
1f7f2e0f41,main,clothing,books,svm,random,0,500,transfer,0.8807218298584161,0.8808,2000,500,0,0,1.0,0.8818268242540476,budget_cv,0.177
1f7f2e0f41,main,clothing,books,svm,random,0,500,target_only,0.877503963107076,0.8776,0,500,0,0,10.0,0.855653227367637,budget_cv,0.06
1f7f2e0f41,main,clothing,books,svm,random,0,1000,transfer,0.891982302380422,0.892,2000,1000,0,0,1.0,0.8746102348635052,budget_cv,0.216
1f7f2e0f41,main,clothing,books,svm,random,0,1000,target_only,0.8827653172914676,0.8828,0,1000,0,0,0.1,0.8625434307924338,budget_cv,0.082
1f7f2e0f41,main,clothing,books,svm,random,0,2000,transfer,0.9063846620630325,0.9064,2000,2000,0,0,1.0,0.8915222073905151,budget_cv,0.315
1f7f2e0f41,main,clothing,books,svm,random,0,2000,target_only,0.900774598297164,0.9008,0,2000,0,0,10.0,0.8849873812419468,budget_cv,0.145
1f7f2e0f41,main,clothing,books,svm,random,1,0,source_only,0.8066767227126217,0.8088,2000,0,0,0,1.0,0.9139831406955763,source_val_fallback,0.043
1f7f2e0f41,main,clothing,books,svm,random,1,50,transfer,0.818867325577267,0.8196,2000,50,0,0,10.0,0.7816017316017315,budget_cv,0.155
1f7f2e0f41,main,clothing,books,svm,random,1,50,target_only,0.6693980440697547,0.6912,0,50,0,0,0.01,0.6493741765480895,budget_cv,0.04
1f7f2e0f41,main,clothing,books,svm,random,1,100,transfer,0.7603953476763341,0.7696,2000,100,0,0,0.01,0.7602907167252901,budget_cv,0.136
1f7f2e0f41,main,clothing,books,svm,random,1,100,target_only,0.7447687456875782,0.7516,0,100,0,0,0.01,0.6631674709062562,budget_cv,0.041
1f7f2e0f41,main,clothing,books,svm,random,1,250,transfer,0.8495074410565474,0.8496,2000,250,0,0,10.0,0.8184153301421476,budget_cv,0.172
1f7f2e0f41,main,clothing,books,svm,random,1,250,target_only,0.8330653571944988,0.8332,0,250,0,0,10.0,0.8217153829957479,budget_cv,0.048
1f7f2e0f41,main,clothing,books,svm,random,1,500,transfer,0.8783999221759502,0.8784,2000,500,0,0,1.0,0.8574680339390599,budget_cv,0.183
1f7f2e0f41,main,clothing,books,svm,random,1,500,target_only,0.8639616045232607,0.864,0,500,0,0,1.0,0.8777798750390478,budget_cv,0.057
1f7f2e0f41,main,clothing,books,svm,random,1,1000,transfer,0.8915949873522152,0.8916,2000,1000,0,0,1.0,0.873851843869634,budget_cv,0.236
1f7f2e0f41,main,clothing,books,svm,random,1,1000,target_only,0.884395838250177,0.8844,0,1000,0,0,0.1,0.8669527534202949,budget_cv,0.085
1f7f2e0f41,main,clothing,books,svm,random,1,2000,transfer,0.9063846620630325,0.9064,2000,2000,0,0,1.0,0.8900123824852043,budget_cv,0.289
1f7f2e0f41,main,clothing,books,svm,random,1,2000,target_only,0.900774598297164,0.9008,0,2000,0,0,10.0,0.8904595539544117,budget_cv,0.146
1f7f2e0f41,main,clothing,books,svm,random,2,0,source_only,0.8066767227126217,0.8088,2000,0,0,0,1.0,0.9139831406955763,source_val_fallback,0.043
1f7f2e0f41,main,clothing,books,svm,random,2,50,transfer,0.7866037936078032,0.7928,2000,50,0,0,0.1,0.9194358445132439,budget_cv,0.139
1f7f2e0f41,main,clothing,books,svm,random,2,50,target_only,0.624358216232622,0.6588,0,50,0,0,0.01,0.6891414141414142,budget_cv,0.039
1f7f2e0f41,main,clothing,books,svm,random,2,100,transfer,0.8173701298701299,0.82,2000,100,0,0,1.0,0.9092165635949665,budget_cv,0.144
1f7f2e0f41,main,clothing,books,svm,random,2,100,target_only,0.7127447620710707,0.7268,0,100,0,0,0.1,0.7859815520082112,budget_cv,0.041
1f7f2e0f41,main,clothing,books,svm,random,2,250,transfer,0.8502758127701441,0.8504,2000,250,0,0,10.0,0.8757733646076781,budget_cv,0.181
1f7f2e0f41,main,clothing,books,svm,random,2,250,target_only,0.8322060301708776,0.8324,0,250,0,0,10.0,0.8239462413694896,budget_cv,0.047
1f7f2e0f41,main,clothing,books,svm,random,2,500,transfer,0.8661943889458297,0.8664,2000,500,0,0,1.0,0.8519895458838715,budget_cv,0.184
1f7f2e0f41,main,clothing,books,svm,random,2,500,target_only,0.8530989852752202,0.8536,0,500,0,0,0.01,0.8514043290198053,budget_cv,0.055
1f7f2e0f41,main,clothing,books,svm,random,2,1000,transfer,0.88634697404421,0.8864,2000,1000,0,0,1.0,0.8815346963314785,budget_cv,0.21
1f7f2e0f41,main,clothing,books,svm,random,2,1000,target_only,0.8810929836853167,0.8812,0,1000,0,0,10.0,0.8643336034069563,budget_cv,0.084
1f7f2e0f41,main,clothing,books,svm,random,2,2000,transfer,0.9063846620630325,0.9064,2000,2000,0,0,1.0,0.90213969383207,budget_cv,0.282
1f7f2e0f41,main,clothing,books,svm,random,2,2000,target_only,0.900774598297164,0.9008,0,2000,0,0,10.0,0.893105691458791,budget_cv,0.144
1f7f2e0f41,main,clothing,books,svm,random,3,0,source_only,0.8066767227126217,0.8088,2000,0,0,0,1.0,0.9139831406955763,source_val_fallback,0.044
1f7f2e0f41,main,clothing,books,svm,random,3,50,transfer,0.8176901291171512,0.8184,2000,50,0,0,10.0,0.8337254420845751,budget_cv,0.15
1f7f2e0f41,main,clothing,books,svm,random,3,50,target_only,0.6874531711298921,0.706,0,50,0,0,0.01,0.6647416190894452,budget_cv,0.039
1f7f2e0f41,main,clothing,books,svm,random,3,100,transfer,0.8357476031969766,0.836,2000,100,0,0,1.0,0.8037649322737043,budget_cv,0.14
1f7f2e0f41,main,clothing,books,svm,random,3,100,target_only,0.7753977709494415,0.7764,0,100,0,0,10.0,0.7140724264380177,budget_cv,0.04
1f7f2e0f41,main,clothing,books,svm,random,3,250,transfer,0.8391407008279532,0.8392,2000,250,0,0,10.0,0.8507421505763911,budget_cv,0.158
1f7f2e0f41,main,clothing,books,svm,random,3,250,target_only,0.8280610464244793,0.8284,0,250,0,0,10.0,0.8179600695841381,budget_cv,0.046
1f7f2e0f41,main,clothing,books,svm,random,3,500,transfer,0.8555206521990399,0.856,2000,500,0,0,1.0,0.8556718204812922,budget_cv,0.178
1f7f2e0f41,main,clothing,books,svm,random,3,500,target_only,0.8422244094014018,0.8428,0,500,0,0,0.1,0.8287322276077651,budget_cv,0.054
1f7f2e0f41,main,clothing,books,svm,random,3,1000,transfer,0.8891203618086654,0.8892,2000,1000,0,0,1.0,0.8669019859121869,budget_cv,0.215
1f7f2e0f41,main,clothing,books,svm,random,3,1000,target_only,0.8871164842597148,0.8872,0,1000,0,0,1.0,0.87265908816316,budget_cv,0.08
1f7f2e0f41,main,clothing,books,svm,random,3,2000,transfer,0.9063846620630325,0.9064,2000,2000,0,0,1.0,0.8890313115089903,budget_cv,0.294
1f7f2e0f41,main,clothing,books,svm,random,3,2000,target_only,0.900774598297164,0.9008,0,2000,0,0,10.0,0.8860346335149204,budget_cv,0.144
1f7f2e0f41,main,clothing,books,svm,random,4,0,source_only,0.8066767227126217,0.8088,2000,0,0,0,1.0,0.9139831406955763,source_val_fallback,0.045
1f7f2e0f41,main,clothing,books,svm,random,4,50,transfer,0.7789378591022502,0.7856,2000,50,0,0,0.1,0.8481240981240982,budget_cv,0.134
1f7f2e0f41,main,clothing,books,svm,random,4,50,target_only,0.5332944192905474,0.6024,0,50,0,0,0.01,0.7311447811447812,budget_cv,0.039
1f7f2e0f41,main,clothing,books,svm,random,4,100,transfer,0.8063880867823913,0.8096,2000,100,0,0,0.1,0.8614763404237089,budget_cv,0.138
1f7f2e0f41,main,clothing,books,svm,random,4,100,target_only,0.7427171027991728,0.7472,0,100,0,0,0.01,0.7595886386208967,budget_cv,0.041
1f7f2e0f41,main,clothing,books,svm,random,4,250,transfer,0.846568325420125,0.8476,2000,250,0,0,1.0,0.8645491528699732,budget_cv,0.157
1f7f2e0f41,main,clothing,books,svm,random,4,250,target_only,0.8006666230965296,0.8048,0,250,0,0,10.0,0.8099886651201699,budget_cv,0.049
1f7f2e0f41,main,clothing,books,svm,random,4,500,transfer,0.8702983138780804,0.8704,2000,500,0,0,1.0,0.879194882979915,budget_cv,0.179
1f7f2e0f41,main,clothing,books,svm,random,4,500,target_only,0.8552938016843641,0.8556,0,500,0,0,0.1,0.861039164358646,budget_cv,0.057
1f7f2e0f41,main,clothing,books,svm,random,4,1000,transfer,0.883495145631068,0.8836,2000,1000,0,0,1.0,0.8893246271651126,budget_cv,0.211
1f7f2e0f41,main,clothing,books,svm,random,4,1000,target_only,0.8794856752910081,0.8796,0,1000,0,0,1.0,0.8811484814265911,budget_cv,0.078
1f7f2e0f41,main,clothing,books,svm,random,4,2000,transfer,0.9063846620630325,0.9064,2000,2000,0,0,1.0,0.8926241591289656,budget_cv,0.319
1f7f2e0f41,main,clothing,books,svm,random,4,2000,target_only,0.9035788799178572,0.9036,0,2000,0,0,1.0,0.8891061962794614,budget_cv,0.14
1f7f2e0f41,main,clothing,books,svm,uncertainty,0,0,source_only,0.8066767227126217,0.8088,2000,0,0,0,1.0,0.9139831406955763,source_val_fallback,0.041
1f7f2e0f41,main,clothing,books,svm,uncertainty,0,50,transfer,0.8361430460791395,0.8364,2000,50,0,0,1.0,0.7194481084641268,budget_cv,0.144
1f7f2e0f41,main,clothing,books,svm,uncertainty,0,50,target_only,0.5776961236092636,0.614,0,50,0,0,0.01,0.6169672919672919,budget_cv,0.04
1f7f2e0f41,main,clothing,books,svm,uncertainty,0,100,transfer,0.837151822995315,0.8372,2000,100,0,0,1.0,0.6516493853344331,budget_cv,0.15
1f7f2e0f41,main,clothing,books,svm,uncertainty,0,100,target_only,0.5785431721946332,0.6048,0,100,0,0,0.01,0.6568052683940229,budget_cv,0.041
1f7f2e0f41,main,clothing,books,svm,uncertainty,0,250,transfer,0.8683645953415631,0.8684,2000,250,0,0,1.0,0.6422571850557796,budget_cv,0.168
1f7f2e0f41,main,clothing,books,svm,uncertainty,0,250,target_only,0.7623195309003816,0.7624,0,250,0,0,1.0,0.680043198130921,budget_cv,0.049
1f7f2e0f41,main,clothing,books,svm,uncertainty,0,500,transfer,0.8648834814483015,0.8652,2000,500,0,0,0.1,0.5872111047222653,budget_cv,0.186
1f7f2e0f41,main,clothing,books,svm,uncertainty,0,500,target_only,0.8091142082897738,0.8092,0,500,0,0,10.0,0.5928087589602378,budget_cv,0.059
1f7f2e0f41,main,clothing,books,svm,uncertainty,0,1000,transfer,0.905188941238106,0.9052,2000,1000,0,0,1.0,0.7538394730646213,budget_cv,0.236
1f7f2e0f41,main,clothing,books,svm,uncertainty,0,1000,target_only,0.8839952484453764,0.884,0,1000,0,0,10.0,0.6893841594990956,budget_cv,0.09
1f7f2e0f41,main,clothing,books,svm,uncertainty,0,2000,transfer,0.9063846620630325,0.9064,2000,2000,0,0,1.0,0.8881258092129597,budget_cv,0.29
1f7f2e0f41,main,clothing,books,svm,uncertainty,0,2000,target_only,0.9035788799178572,0.9036,0,2000,0,0,1.0,0.8831344407005511,budget_cv,0.134
1f7f2e0f41,main,clothing,books,svm,uncertainty,1,0,source_only,0.8066767227126217,0.8088,2000,0,0,0,1.0,0.9139831406955763,source_val_fallback,0.045
1f7f2e0f41,main,clothing,books,svm,uncertainty,1,50,transfer,0.8242375246851761,0.8252,2000,50,0,0,1.0,0.6543001620804825,budget_cv,0.146
1f7f2e0f41,main,clothing,books,svm,uncertainty,1,50,target_only,0.6928863437332268,0.6956,0,50,0,0,0.01,0.5380078985342144,budget_cv,0.039
1f7f2e0f41,main,clothing,books,svm,uncertainty,1,100,transfer,0.8389810431297909,0.8396,2000,100,0,0,1.0,0.5784960608120014,budget_cv,0.15
1f7f2e0f41,main,clothing,books,svm,uncertainty,1,100,target_only,0.6827940996114594,0.6888,0,100,0,0,0.01,0.48731592325517026,budget_cv,0.042
1f7f2e0f41,main,clothing,books,svm,uncertainty,1,250,transfer,0.8611662134096953,0.8612,2000,250,0,0,1.0,0.5657863284355987,budget_cv,0.172
1f7f2e0f41,main,clothing,books,svm,uncertainty,1,250,target_only,0.7263956223299572,0.7264,0,250,0,0,0.01,0.6110560277765922,budget_cv,0.048
1f7f2e0f41,main,clothing,books,svm,uncertainty,1,500,transfer,0.8863877116948969,0.8864,2000,500,0,0,1.0,0.6047918427910336,budget_cv,0.181
1f7f2e0f41,main,clothing,books,svm,uncertainty,1,500,target_only,0.795089709085018,0.7952,0,500,0,0,10.0,0.6208465310672912,budget_cv,0.059
1f7f2e0f41,main,clothing,books,svm,uncertainty,1,1000,transfer,0.902385943575875,0.9024,2000,1000,0,0,1.0,0.7458227781486751,budget_cv,0.246
1f7f2e0f41,main,clothing,books,svm,uncertainty,1,1000,target_only,0.8831853467698989,0.8832,0,1000,0,0,10.0,0.6843991159078145,budget_cv,0.088
1f7f2e0f41,main,clothing,books,svm,uncertainty,1,2000,transfer,0.9063846620630325,0.9064,2000,2000,0,0,1.0,0.885612750069741,budget_cv,0.306
1f7f2e0f41,main,clothing,books,svm,uncertainty,1,2000,target_only,0.8991741885922797,0.8992,0,2000,0,0,0.1,0.8880640733586457,budget_cv,0.129
1f7f2e0f41,main,clothing,books,svm,uncertainty,2,0,source_only,0.8066767227126217,0.8088,2000,0,0,0,1.0,0.9139831406955763,source_val_fallback,0.044
1f7f2e0f41,main,clothing,books,svm,uncertainty,2,50,transfer,0.8240627132283421,0.8252,2000,50,0,0,1.0,0.725667814683833,budget_cv,0.141
1f7f2e0f41,main,clothing,books,svm,uncertainty,2,50,target_only,0.6483837412641961,0.6484,0,50,0,0,0.01,0.634232325408796,budget_cv,0.039
1f7f2e0f41,main,clothing,books,svm,uncertainty,2,100,transfer,0.8240850485848046,0.8256,2000,100,0,0,0.1,0.7096695129664768,budget_cv,0.14
1f7f2e0f41,main,clothing,books,svm,uncertainty,2,100,target_only,0.6819999339725054,0.6856,0,100,0,0,0.01,0.7076643792642189,budget_cv,0.042
1f7f2e0f41,main,clothing,books,svm,uncertainty,2,250,transfer,0.8477262483402161,0.848,2000,250,0,0,0.1,0.6027860805842163,budget_cv,0.157
1f7f2e0f41,main,clothing,books,svm,uncertainty,2,250,target_only,0.7306344675954068,0.732,0,250,0,0,0.1,0.6176858055002307,budget_cv,0.046
1f7f2e0f41,main,clothing,books,svm,uncertainty,2,500,transfer,0.8891423717705411,0.8892,2000,500,0,0,1.0,0.6502150116810652,budget_cv,0.185
1f7f2e0f41,main,clothing,books,svm,uncertainty,2,500,target_only,0.8103649250965459,0.8104,0,500,0,0,10.0,0.6166942724256307,budget_cv,0.059
1f7f2e0f41,main,clothing,books,svm,uncertainty,2,1000,transfer,0.9035851752565474,0.9036,2000,1000,0,0,1.0,0.7556766256991613,budget_cv,0.241
1f7f2e0f41,main,clothing,books,svm,uncertainty,2,1000,target_only,0.8859934149796492,0.886,0,1000,0,0,10.0,0.6934661079558703,budget_cv,0.09
1f7f2e0f41,main,clothing,books,svm,uncertainty,2,2000,transfer,0.9063846620630325,0.9064,2000,2000,0,0,1.0,0.8856091865594218,budget_cv,0.304
1f7f2e0f41,main,clothing,books,svm,uncertainty,2,2000,target_only,0.9035788799178572,0.9036,0,2000,0,0,1.0,0.8776590297826173,budget_cv,0.137
1f7f2e0f41,main,clothing,books,svm,uncertainty,3,0,source_only,0.8066767227126217,0.8088,2000,0,0,0,1.0,0.9139831406955763,source_val_fallback,0.045
1f7f2e0f41,main,clothing,books,svm,uncertainty,3,50,transfer,0.8311990277063996,0.8312,2000,50,0,0,1.0,0.7655377302436127,budget_cv,0.143
1f7f2e0f41,main,clothing,books,svm,uncertainty,3,50,target_only,0.5933871235006947,0.6172,0,50,0,0,0.01,0.7141414141414142,budget_cv,0.039
1f7f2e0f41,main,clothing,books,svm,uncertainty,3,100,transfer,0.8411231035821338,0.8412,2000,100,0,0,1.0,0.697134735643209,budget_cv,0.143
1f7f2e0f41,main,clothing,books,svm,uncertainty,3,100,target_only,0.7163080838191573,0.7164,0,100,0,0,0.01,0.6259522748493337,budget_cv,0.041
1f7f2e0f41,main,clothing,books,svm,uncertainty,3,250,transfer,0.8555777936415503,0.8556,2000,250,0,0,10.0,0.5758314152771039,budget_cv,0.18
1f7f2e0f41,main,clothing,books,svm,uncertainty,3,250,target_only,0.7418145608902138,0.742,0,250,0,0,0.01,0.5937601395159535,budget_cv,0.047
1f7f2e0f41,main,clothing,books,svm,uncertainty,3,500,transfer,0.8919955761387987,0.892,2000,500,0,0,1.0,0.5799470742384665,budget_cv,0.189
1f7f2e0f41,main,clothing,books,svm,uncertainty,3,500,target_only,0.7914758530638801,0.7916,0,500,0,0,0.1,0.5997123977478502,budget_cv,0.059
1f7f2e0f41,main,clothing,books,svm,uncertainty,3,1000,transfer,0.9039800893113197,0.904,2000,1000,0,0,1.0,0.7601218917896464,budget_cv,0.264
1f7f2e0f41,main,clothing,books,svm,uncertainty,3,1000,target_only,0.8859867014888616,0.886,0,1000,0,0,10.0,0.6913030040444191,budget_cv,0.089
1f7f2e0f41,main,clothing,books,svm,uncertainty,3,2000,transfer,0.9063846620630325,0.9064,2000,2000,0,0,1.0,0.8895856393078155,budget_cv,0.315
1f7f2e0f41,main,clothing,books,svm,uncertainty,3,2000,target_only,0.9035788799178572,0.9036,0,2000,0,0,1.0,0.8824831061241415,budget_cv,0.149
1f7f2e0f41,main,clothing,books,svm,uncertainty,4,0,source_only,0.8066767227126217,0.8088,2000,0,0,0,1.0,0.9139831406955763,source_val_fallback,0.044
1f7f2e0f41,main,clothing,books,svm,uncertainty,4,50,transfer,0.8210389350415375,0.8212,2000,50,0,0,10.0,0.7934510421352527,budget_cv,0.15
1f7f2e0f41,main,clothing,books,svm,uncertainty,4,50,target_only,0.6647732020669403,0.6688,0,50,0,0,1.0,0.5878306878306878,budget_cv,0.038
1f7f2e0f41,main,clothing,books,svm,uncertainty,4,100,transfer,0.8303686249808765,0.8304,2000,100,0,0,10.0,0.7215367028283285,budget_cv,0.158
1f7f2e0f41,main,clothing,books,svm,uncertainty,4,100,target_only,0.6897773707742387,0.6904,0,100,0,0,0.01,0.6684632421841724,budget_cv,0.042
1f7f2e0f41,main,clothing,books,svm,uncertainty,4,250,transfer,0.8563650449973506,0.8564,2000,250,0,0,1.0,0.588783732076415,budget_cv,0.168
1f7f2e0f41,main,clothing,books,svm,uncertainty,4,250,target_only,0.7435819071393677,0.7436,0,250,0,0,0.01,0.620562448059134,budget_cv,0.047
1f7f2e0f41,main,clothing,books,svm,uncertainty,4,500,transfer,0.8843773379582398,0.8844,2000,500,0,0,10.0,0.5790187787296921,budget_cv,0.219
1f7f2e0f41,main,clothing,books,svm,uncertainty,4,500,target_only,0.8079939786911718,0.808,0,500,0,0,1.0,0.6034629770500687,budget_cv,0.059
1f7f2e0f41,main,clothing,books,svm,uncertainty,4,1000,transfer,0.9035851752565474,0.9036,2000,1000,0,0,1.0,0.7547010435492324,budget_cv,0.237
1f7f2e0f41,main,clothing,books,svm,uncertainty,4,1000,target_only,0.8839702963958773,0.884,0,1000,0,0,10.0,0.6946352227327833,budget_cv,0.089
1f7f2e0f41,main,clothing,books,svm,uncertainty,4,2000,transfer,0.9063846620630325,0.9064,2000,2000,0,0,1.0,0.8886068550677763,budget_cv,0.3
1f7f2e0f41,main,clothing,books,svm,uncertainty,4,2000,target_only,0.9035788799178572,0.9036,0,2000,0,0,1.0,0.8841153728368787,budget_cv,0.134
1f7f2e0f41,main,clothing,books,svm,self_training,0,0,uda_self_training,0.8046588935618186,0.8088,2000,0,0,1000,1.0,0.9139831406955763,source_val_fallback,0.068
1f7f2e0f41,main,clothing,books,svm,self_training,0,50,transfer,0.8041305988325855,0.8088,2000,50,0,1000,1.0,0.791999228841334,budget_cv,0.172
1f7f2e0f41,main,clothing,books,svm,self_training,0,50,target_only,0.44173854597507084,0.5564,0,50,0,1000,0.01,0.562687747035573,budget_cv,0.059
1f7f2e0f41,main,clothing,books,svm,self_training,0,100,transfer,0.8186284078339514,0.8216,2000,100,0,1000,1.0,0.8514043091562472,budget_cv,0.173
1f7f2e0f41,main,clothing,books,svm,self_training,0,100,target_only,0.5010954608106856,0.5876,0,100,0,1000,0.01,0.6752394657112509,budget_cv,0.057
1f7f2e0f41,main,clothing,books,svm,self_training,0,250,transfer,0.8589400425253575,0.8596,2000,250,0,1000,1.0,0.8634256157984913,budget_cv,0.194
1f7f2e0f41,main,clothing,books,svm,self_training,0,250,target_only,0.619435827140899,0.6624,0,250,0,1000,0.01,0.8064770241263846,budget_cv,0.058
1f7f2e0f41,main,clothing,books,svm,self_training,0,500,transfer,0.8811196368745271,0.8812,2000,500,0,1000,1.0,0.8818268242540476,budget_cv,0.213
1f7f2e0f41,main,clothing,books,svm,self_training,0,500,target_only,0.8786597306486298,0.8788,0,500,0,1000,10.0,0.855653227367637,budget_cv,0.096
1f7f2e0f41,main,clothing,books,svm,self_training,0,1000,transfer,0.893981527341324,0.894,2000,1000,0,1000,1.0,0.8746102348635052,budget_cv,0.261
1f7f2e0f41,main,clothing,books,svm,self_training,0,1000,target_only,0.8607315007685855,0.8612,0,1000,0,1000,0.1,0.8625434307924338,budget_cv,0.102
1f7f2e0f41,main,clothing,books,svm,self_training,0,2000,transfer,0.9055804211561309,0.9056,2000,2000,0,1000,1.0,0.8915222073905151,budget_cv,0.359
1f7f2e0f41,main,clothing,books,svm,self_training,0,2000,target_only,0.900774598297164,0.9008,0,2000,0,1000,10.0,0.8849873812419468,budget_cv,0.216
1f7f2e0f41,main,clothing,books,svm,self_training,1,0,uda_self_training,0.8046588935618186,0.8088,2000,0,0,1000,1.0,0.9139831406955763,source_val_fallback,0.071
1f7f2e0f41,main,clothing,books,svm,self_training,1,50,transfer,0.828937799529913,0.83,2000,50,0,1000,10.0,0.7816017316017315,budget_cv,0.206
1f7f2e0f41,main,clothing,books,svm,self_training,1,50,target_only,0.40666135232675127,0.5384,0,50,0,1000,0.01,0.6493741765480895,budget_cv,0.057
1f7f2e0f41,main,clothing,books,svm,self_training,1,100,transfer,0.6269872938103649,0.6684,2000,100,0,1000,0.01,0.7602907167252901,budget_cv,0.157
1f7f2e0f41,main,clothing,books,svm,self_training,1,100,target_only,0.4382236077249736,0.5532,0,100,0,1000,0.01,0.6631674709062562,budget_cv,0.056
1f7f2e0f41,main,clothing,books,svm,self_training,1,250,transfer,0.8547017784022,0.8548,2000,250,0,1000,10.0,0.8184153301421476,budget_cv,0.241
1f7f2e0f41,main,clothing,books,svm,self_training,1,250,target_only,0.8593794845324644,0.8596,0,250,0,1000,10.0,0.8217153829957479,budget_cv,0.072
1f7f2e0f41,main,clothing,books,svm,self_training,1,500,transfer,0.8819977154757717,0.882,2000,500,0,1000,1.0,0.8574680339390599,budget_cv,0.21
1f7f2e0f41,main,clothing,books,svm,self_training,1,500,target_only,0.8679915514592934,0.868,0,500,0,1000,1.0,0.8777798750390478,budget_cv,0.077
1f7f2e0f41,main,clothing,books,svm,self_training,1,1000,transfer,0.8931998462077786,0.8932,2000,1000,0,1000,1.0,0.873851843869634,budget_cv,0.246
1f7f2e0f41,main,clothing,books,svm,self_training,1,1000,target_only,0.8665175511382084,0.8668,0,1000,0,1000,0.1,0.8669527534202949,budget_cv,0.098
1f7f2e0f41,main,clothing,books,svm,self_training,1,2000,transfer,0.9055804211561309,0.9056,2000,2000,0,1000,1.0,0.8900123824852043,budget_cv,0.351
1f7f2e0f41,main,clothing,books,svm,self_training,1,2000,target_only,0.900774598297164,0.9008,0,2000,0,1000,10.0,0.8904595539544117,budget_cv,0.209
1f7f2e0f41,main,clothing,books,svm,self_training,2,0,uda_self_training,0.8046588935618186,0.8088,2000,0,0,1000,1.0,0.9139831406955763,source_val_fallback,0.072
1f7f2e0f41,main,clothing,books,svm,self_training,2,50,transfer,0.6937400465515129,0.7168,2000,50,0,1000,0.1,0.9194358445132439,budget_cv,0.155
1f7f2e0f41,main,clothing,books,svm,self_training,2,50,target_only,0.39555614118068244,0.5332,0,50,0,1000,0.01,0.6891414141414142,budget_cv,0.058
1f7f2e0f41,main,clothing,books,svm,self_training,2,100,transfer,0.8118052408770448,0.8156,2000,100,0,1000,1.0,0.9092165635949665,budget_cv,0.177
1f7f2e0f41,main,clothing,books,svm,self_training,2,100,target_only,0.6111861391068981,0.6512,0,100,0,1000,0.1,0.7859815520082112,budget_cv,0.062
1f7f2e0f41,main,clothing,books,svm,self_training,2,250,transfer,0.8554482553605474,0.8556,2000,250,0,1000,10.0,0.8757733646076781,budget_cv,0.254
1f7f2e0f41,main,clothing,books,svm,self_training,2,250,target_only,0.853355890349311,0.8536,0,250,0,1000,10.0,0.8239462413694896,budget_cv,0.079
1f7f2e0f41,main,clothing,books,svm,self_training,2,500,transfer,0.8705803178547393,0.8708,2000,500,0,1000,1.0,0.8519895458838715,budget_cv,0.216
1f7f2e0f41,main,clothing,books,svm,self_training,2,500,target_only,0.6567964993764919,0.6844,0,500,0,1000,0.01,0.8514043290198053,budget_cv,0.07
1f7f2e0f41,main,clothing,books,svm,self_training,2,1000,transfer,0.8891501796567449,0.8892,2000,1000,0,1000,1.0,0.8815346963314785,budget_cv,0.258
1f7f2e0f41,main,clothing,books,svm,self_training,2,1000,target_only,0.8858860503744619,0.886,0,1000,0,1000,10.0,0.8643336034069563,budget_cv,0.136
1f7f2e0f41,main,clothing,books,svm,self_training,2,2000,transfer,0.9055804211561309,0.9056,2000,2000,0,1000,1.0,0.90213969383207,budget_cv,0.335
1f7f2e0f41,main,clothing,books,svm,self_training,2,2000,target_only,0.900774598297164,0.9008,0,2000,0,1000,10.0,0.893105691458791,budget_cv,0.207
1f7f2e0f41,main,clothing,books,svm,self_training,3,0,uda_self_training,0.8046588935618186,0.8088,2000,0,0,1000,1.0,0.9139831406955763,source_val_fallback,0.07
1f7f2e0f41,main,clothing,books,svm,self_training,3,50,transfer,0.8288491818990895,0.83,2000,50,0,1000,10.0,0.8337254420845751,budget_cv,0.196
1f7f2e0f41,main,clothing,books,svm,self_training,3,50,target_only,0.3924976260676465,0.532,0,50,0,1000,0.01,0.6647416190894452,budget_cv,0.053
1f7f2e0f41,main,clothing,books,svm,self_training,3,100,transfer,0.8501305707348443,0.8504,2000,100,0,1000,1.0,0.8037649322737043,budget_cv,0.178
1f7f2e0f41,main,clothing,books,svm,self_training,3,100,target_only,0.8194522180295015,0.8208,0,100,0,1000,10.0,0.7140724264380177,budget_cv,0.058
1f7f2e0f41,main,clothing,books,svm,self_training,3,250,transfer,0.8495575391198411,0.8496,2000,250,0,1000,10.0,0.8507421505763911,budget_cv,0.233
1f7f2e0f41,main,clothing,books,svm,self_training,3,250,target_only,0.8467054349424287,0.8472,0,250,0,1000,10.0,0.8179600695841381,budget_cv,0.067
1f7f2e0f41,main,clothing,books,svm,self_training,3,500,transfer,0.8614947105432154,0.862,2000,500,0,1000,1.0,0.8556718204812922,budget_cv,0.216
1f7f2e0f41,main,clothing,books,svm,self_training,3,500,target_only,0.7737638382482628,0.7788,0,500,0,1000,0.1,0.8287322276077651,budget_cv,0.073
1f7f2e0f41,main,clothing,books,svm,self_training,3,1000,transfer,0.8931037934140726,0.8932,2000,1000,0,1000,1.0,0.8669019859121869,budget_cv,0.253
1f7f2e0f41,main,clothing,books,svm,self_training,3,1000,target_only,0.8907261308644644,0.8908,0,1000,0,1000,1.0,0.87265908816316,budget_cv,0.11
1f7f2e0f41,main,clothing,books,svm,self_training,3,2000,transfer,0.9055804211561309,0.9056,2000,2000,0,1000,1.0,0.8890313115089903,budget_cv,0.336
1f7f2e0f41,main,clothing,books,svm,self_training,3,2000,target_only,0.900774598297164,0.9008,0,2000,0,1000,10.0,0.8860346335149204,budget_cv,0.199
1f7f2e0f41,main,clothing,books,svm,self_training,4,0,uda_self_training,0.8046588935618186,0.8088,2000,0,0,1000,1.0,0.9139831406955763,source_val_fallback,0.069
1f7f2e0f41,main,clothing,books,svm,self_training,4,50,transfer,0.6915039050500076,0.7148,2000,50,0,1000,0.1,0.8481240981240982,budget_cv,0.169
1f7f2e0f41,main,clothing,books,svm,self_training,4,50,target_only,0.4271664483669775,0.5488,0,50,0,1000,0.01,0.7311447811447812,budget_cv,0.059
1f7f2e0f41,main,clothing,books,svm,self_training,4,100,transfer,0.7576841831185248,0.7692,2000,100,0,1000,0.1,0.8614763404237089,budget_cv,0.165
1f7f2e0f41,main,clothing,books,svm,self_training,4,100,target_only,0.42351207039426886,0.5472,0,100,0,1000,0.01,0.7595886386208967,budget_cv,0.052
1f7f2e0f41,main,clothing,books,svm,self_training,4,250,transfer,0.8492537496315988,0.8504,2000,250,0,1000,1.0,0.8645491528699732,budget_cv,0.189
1f7f2e0f41,main,clothing,books,svm,self_training,4,250,target_only,0.7808140872574544,0.7892,0,250,0,1000,10.0,0.8099886651201699,budget_cv,0.07
1f7f2e0f41,main,clothing,books,svm,self_training,4,500,transfer,0.8710402136663411,0.8712,2000,500,0,1000,1.0,0.879194882979915,budget_cv,0.225
1f7f2e0f41,main,clothing,books,svm,self_training,4,500,target_only,0.782767512381432,0.788,0,500,0,1000,0.1,0.861039164358646,budget_cv,0.072
1f7f2e0f41,main,clothing,books,svm,self_training,4,1000,transfer,0.8839089846439608,0.884,2000,1000,0,1000,1.0,0.8893246271651126,budget_cv,0.256
1f7f2e0f41,main,clothing,books,svm,self_training,4,1000,target_only,0.884650507057146,0.8848,0,1000,0,1000,1.0,0.8811484814265911,budget_cv,0.107
1f7f2e0f41,main,clothing,books,svm,self_training,4,2000,transfer,0.9055804211561309,0.9056,2000,2000,0,1000,1.0,0.8926241591289656,budget_cv,0.381
1f7f2e0f41,main,clothing,books,svm,self_training,4,2000,target_only,0.9055781847838125,0.9056,0,2000,0,1000,1.0,0.8891061962794614,budget_cv,0.185
1f7f2e0f41,main,clothing,music,logreg,random,0,0,source_only,0.8277842300570919,0.8288,2000,0,0,0,10.0,0.9126424006668519,source_val_fallback,0.076
1f7f2e0f41,main,clothing,music,logreg,random,0,50,transfer,0.8142001392571971,0.8156,2000,50,0,0,0.01,0.810985797827903,budget_cv,0.234
1f7f2e0f41,main,clothing,music,logreg,random,0,50,target_only,0.7000681392161074,0.7104,0,50,0,0,0.1,0.6317541119011707,budget_cv,0.089
1f7f2e0f41,main,clothing,music,logreg,random,0,100,transfer,0.8447378951580633,0.8448,2000,100,0,0,10.0,0.8481513483529612,budget_cv,0.256
1f7f2e0f41,main,clothing,music,logreg,random,0,100,target_only,0.7937724433583127,0.7952,0,100,0,0,0.01,0.768652526766117,budget_cv,0.097
1f7f2e0f41,main,clothing,music,logreg,random,0,250,transfer,0.8611813205584944,0.8612,2000,250,0,0,10.0,0.847675965718293,budget_cv,0.26
1f7f2e0f41,main,clothing,music,logreg,random,0,250,target_only,0.8464637186952351,0.8468,0,250,0,0,0.1,0.8107052654820651,budget_cv,0.114
1f7f2e0f41,main,clothing,music,logreg,random,0,500,transfer,0.8723468758758645,0.8724,2000,500,0,0,10.0,0.8739134889004649,budget_cv,0.268
1f7f2e0f41,main,clothing,music,logreg,random,0,500,target_only,0.8529877142593906,0.8532,0,500,0,0,10.0,0.8494131424616181,budget_cv,0.136
1f7f2e0f41,main,clothing,music,logreg,random,0,1000,transfer,0.8879999283199541,0.888,2000,1000,0,0,10.0,0.8857412629456823,budget_cv,0.298
1f7f2e0f41,main,clothing,music,logreg,random,0,1000,target_only,0.875164766503698,0.8752,0,1000,0,0,10.0,0.884744914835486,budget_cv,0.172
1f7f2e0f41,main,clothing,music,logreg,random,0,2000,transfer,0.8963971985802497,0.8964,2000,2000,0,0,10.0,0.8958861762340594,budget_cv,0.361
1f7f2e0f41,main,clothing,music,logreg,random,0,2000,target_only,0.887577965281195,0.8876,0,2000,0,0,10.0,0.8863190330535279,budget_cv,0.231
1f7f2e0f41,main,clothing,music,logreg,random,1,0,source_only,0.8277842300570919,0.8288,2000,0,0,0,10.0,0.9126424006668519,source_val_fallback,0.076
1f7f2e0f41,main,clothing,music,logreg,random,1,50,transfer,0.8429068264357675,0.8432,2000,50,0,0,10.0,0.8577069716775599,budget_cv,0.253
1f7f2e0f41,main,clothing,music,logreg,random,1,50,target_only,0.7244249896086095,0.726,0,50,0,0,10.0,0.7584797526747992,budget_cv,0.097
1f7f2e0f41,main,clothing,music,logreg,random,1,100,transfer,0.851296192172456,0.8516,2000,100,0,0,10.0,0.8595452069716775,budget_cv,0.256
1f7f2e0f41,main,clothing,music,logreg,random,1,100,target_only,0.7923983724032396,0.7924,0,100,0,0,10.0,0.7548368298368299,budget_cv,0.107
1f7f2e0f41,main,clothing,music,logreg,random,1,250,transfer,0.858628793814461,0.8588,2000,250,0,0,10.0,0.8837338546711502,budget_cv,0.261
1f7f2e0f41,main,clothing,music,logreg,random,1,250,target_only,0.826154223795433,0.8264,0,250,0,0,10.0,0.8714112843315074,budget_cv,0.119
1f7f2e0f41,main,clothing,music,logreg,random,1,500,transfer,0.8755975915693728,0.8756,2000,500,0,0,10.0,0.8698305707483721,budget_cv,0.268
1f7f2e0f41,main,clothing,music,logreg,random,1,500,target_only,0.858399184379302,0.8584,0,500,0,0,10.0,0.8518125758507704,budget_cv,0.136
1f7f2e0f41,main,clothing,music,logreg,random,1,1000,transfer,0.8895841001104159,0.8896,2000,1000,0,0,10.0,0.8808914476627416,budget_cv,0.295
1f7f2e0f41,main,clothing,music,logreg,random,1,1000,target_only,0.8775146325983357,0.8776,0,1000,0,0,10.0,0.8568002989303781,budget_cv,0.168
1f7f2e0f41,main,clothing,music,logreg,random,1,2000,transfer,0.8963971985802497,0.8964,2000,2000,0,0,10.0,0.8974177635918185,budget_cv,0.357
1f7f2e0f41,main,clothing,music,logreg,random,1,2000,target_only,0.887577965281195,0.8876,0,2000,0,0,10.0,0.885866877492456,budget_cv,0.227
1f7f2e0f41,main,clothing,music,logreg,random,2,0,source_only,0.8277842300570919,0.8288,2000,0,0,0,10.0,0.9126424006668519,source_val_fallback,0.077
1f7f2e0f41,main,clothing,music,logreg,random,2,50,transfer,0.8495445360977871,0.8496,2000,50,0,0,10.0,0.8195045695045694,budget_cv,0.251
1f7f2e0f41,main,clothing,music,logreg,random,2,50,target_only,0.7558774714384698,0.7576,0,50,0,0,0.01,0.6116959064327485,budget_cv,0.099
1f7f2e0f41,main,clothing,music,logreg,random,2,100,transfer,0.8446481654273043,0.8452,2000,100,0,0,1.0,0.8285461034493542,budget_cv,0.24
1f7f2e0f41,main,clothing,music,logreg,random,2,100,target_only,0.7851688252390077,0.7856,0,100,0,0,0.1,0.7329573934837091,budget_cv,0.108
1f7f2e0f41,main,clothing,music,logreg,random,2,250,transfer,0.8598263192025448,0.86,2000,250,0,0,1.0,0.8280225621173075,budget_cv,0.244
1f7f2e0f41,main,clothing,music,logreg,random,2,250,target_only,0.833188229761492,0.8332,0,250,0,0,10.0,0.8235991091990943,budget_cv,0.122
1f7f2e0f41,main,clothing,music,logreg,random,2,500,transfer,0.87595427178275,0.876,2000,500,0,0,10.0,0.88379640602137,budget_cv,0.268
1f7f2e0f41,main,clothing,music,logreg,random,2,500,target_only,0.8529305923763386,0.8532,0,500,0,0,1.0,0.8512646554034552,budget_cv,0.133
1f7f2e0f41,main,clothing,music,logreg,random,2,1000,transfer,0.8855988285320042,0.8856,2000,1000,0,0,10.0,0.8839547393187525,budget_cv,0.297
1f7f2e0f41,main,clothing,music,logreg,random,2,1000,target_only,0.8767886448415085,0.8768,0,1000,0,0,10.0,0.879900631450344,budget_cv,0.168
1f7f2e0f41,main,clothing,music,logreg,random,2,2000,transfer,0.8963971985802497,0.8964,2000,2000,0,0,10.0,0.8959304786085003,budget_cv,0.349
1f7f2e0f41,main,clothing,music,logreg,random,2,2000,target_only,0.887577965281195,0.8876,0,2000,0,0,10.0,0.8798821758547378,budget_cv,0.23
1f7f2e0f41,main,clothing,music,logreg,random,3,0,source_only,0.8277842300570919,0.8288,2000,0,0,0,10.0,0.9126424006668519,source_val_fallback,0.076
1f7f2e0f41,main,clothing,music,logreg,random,3,50,transfer,0.8186851435139466,0.8208,2000,50,0,0,1.0,0.915079365079365,budget_cv,0.241
1f7f2e0f41,main,clothing,music,logreg,random,3,50,target_only,0.724902034326566,0.7356,0,50,0,0,1.0,0.6808676830415962,budget_cv,0.092
1f7f2e0f41,main,clothing,music,logreg,random,3,100,transfer,0.8305406431321511,0.832,2000,100,0,0,1.0,0.8328561832626873,budget_cv,0.243
1f7f2e0f41,main,clothing,music,logreg,random,3,100,target_only,0.7949415470384715,0.7968,0,100,0,0,0.01,0.7574184816045282,budget_cv,0.101
1f7f2e0f41,main,clothing,music,logreg,random,3,250,transfer,0.8603055665629966,0.8604,2000,250,0,0,10.0,0.8308353772227934,budget_cv,0.26
1f7f2e0f41,main,clothing,music,logreg,random,3,250,target_only,0.797994410309844,0.8016,0,250,0,0,0.01,0.7769378249998581,budget_cv,0.112
1f7f2e0f41,main,clothing,music,logreg,random,3,500,transfer,0.8715235102370547,0.8716,2000,500,0,0,10.0,0.8496580820504359,budget_cv,0.27
1f7f2e0f41,main,clothing,music,logreg,random,3,500,target_only,0.8572488092305166,0.8576,0,500,0,0,10.0,0.8429773602710672,budget_cv,0.137
1f7f2e0f41,main,clothing,music,logreg,random,3,1000,transfer,0.8839874520828173,0.884,2000,1000,0,0,10.0,0.8657299751700308,budget_cv,0.303
1f7f2e0f41,main,clothing,music,logreg,random,3,1000,target_only,0.8731142252162462,0.8732,0,1000,0,0,10.0,0.8647996330327684,budget_cv,0.178
1f7f2e0f41,main,clothing,music,logreg,random,3,2000,transfer,0.8963971985802497,0.8964,2000,2000,0,0,10.0,0.8944376964958917,budget_cv,0.35
1f7f2e0f41,main,clothing,music,logreg,random,3,2000,target_only,0.887577965281195,0.8876,0,2000,0,0,10.0,0.8933692881745072,budget_cv,0.233
1f7f2e0f41,main,clothing,music,logreg,random,4,0,source_only,0.8277842300570919,0.8288,2000,0,0,0,10.0,0.9126424006668519,source_val_fallback,0.076
1f7f2e0f41,main,clothing,music,logreg,random,4,50,transfer,0.8089383188126456,0.8112,2000,50,0,0,0.01,0.8005078255078256,budget_cv,0.236
1f7f2e0f41,main,clothing,music,logreg,random,4,50,target_only,0.7321621602549175,0.7328,0,50,0,0,0.01,0.7071733821733822,budget_cv,0.099
1f7f2e0f41,main,clothing,music,logreg,random,4,100,transfer,0.8447199735373946,0.8452,2000,100,0,0,10.0,0.7795975305075405,budget_cv,0.253
1f7f2e0f41,main,clothing,music,logreg,random,4,100,target_only,0.7642952895740969,0.7656,0,100,0,0,0.01,0.7180572513905847,budget_cv,0.106
1f7f2e0f41,main,clothing,music,logreg,random,4,250,transfer,0.8587582150303346,0.8588,2000,250,0,0,10.0,0.8503781613292287,budget_cv,0.265
1f7f2e0f41,main,clothing,music,logreg,random,4,250,target_only,0.8320064650648022,0.8324,0,250,0,0,1.0,0.8300106613477368,budget_cv,0.112
1f7f2e0f41,main,clothing,music,logreg,random,4,500,transfer,0.869995319831514,0.87,2000,500,0,0,10.0,0.8819038345676796,budget_cv,0.266
1f7f2e0f41,main,clothing,music,logreg,random,4,500,target_only,0.8563981389198804,0.8564,0,500,0,0,10.0,0.8558226995795248,budget_cv,0.136
1f7f2e0f41,main,clothing,music,logreg,random,4,1000,transfer,0.8883948393773728,0.8884,2000,1000,0,0,10.0,0.893721062440019,budget_cv,0.297
1f7f2e0f41,main,clothing,music,logreg,random,4,1000,target_only,0.8859722502068104,0.886,0,1000,0,0,10.0,0.8774421687734488,budget_cv,0.169
1f7f2e0f41,main,clothing,music,logreg,random,4,2000,transfer,0.8963971985802497,0.8964,2000,2000,0,0,10.0,0.8934022784294854,budget_cv,0.358
1f7f2e0f41,main,clothing,music,logreg,random,4,2000,target_only,0.887577965281195,0.8876,0,2000,0,0,10.0,0.8843804019948495,budget_cv,0.234
1f7f2e0f41,main,clothing,music,logreg,uncertainty,0,0,source_only,0.8277842300570919,0.8288,2000,0,0,0,10.0,0.9126424006668519,source_val_fallback,0.074
1f7f2e0f41,main,clothing,music,logreg,uncertainty,0,50,transfer,0.8369840103343326,0.8372,2000,50,0,0,10.0,0.6682539682539682,budget_cv,0.252
1f7f2e0f41,main,clothing,music,logreg,uncertainty,0,50,target_only,0.6231552759298558,0.6512,0,50,0,0,1.0,0.5328116328116328,budget_cv,0.093
1f7f2e0f41,main,clothing,music,logreg,uncertainty,0,100,transfer,0.8443402017318973,0.8444,2000,100,0,0,10.0,0.6095356076585773,budget_cv,0.252
1f7f2e0f41,main,clothing,music,logreg,uncertainty,0,100,target_only,0.5689344203159945,0.6176,0,100,0,0,1.0,0.5112470145290821,budget_cv,0.108
1f7f2e0f41,main,clothing,music,logreg,uncertainty,0,250,transfer,0.8711947241359006,0.8712,2000,250,0,0,10.0,0.6524372955160197,budget_cv,0.264
1f7f2e0f41,main,clothing,music,logreg,uncertainty,0,250,target_only,0.7006097941237438,0.7012,0,250,0,0,0.1,0.6825154200438662,budget_cv,0.116
1f7f2e0f41,main,clothing,music,logreg,uncertainty,0,500,transfer,0.8867995471981889,0.8868,2000,500,0,0,10.0,0.662032470631251,budget_cv,0.279
1f7f2e0f41,main,clothing,music,logreg,uncertainty,0,500,target_only,0.7619228630076145,0.762,0,500,0,0,10.0,0.6356551981174703,budget_cv,0.135
1f7f2e0f41,main,clothing,music,logreg,uncertainty,0,1000,transfer,0.894398310372966,0.8944,2000,1000,0,0,10.0,0.7746724164097852,budget_cv,0.325
1f7f2e0f41,main,clothing,music,logreg,uncertainty,0,1000,target_only,0.8543588942543143,0.8544,0,1000,0,0,10.0,0.7178332675588083,budget_cv,0.165
1f7f2e0f41,main,clothing,music,logreg,uncertainty,0,2000,transfer,0.8963971985802497,0.8964,2000,2000,0,0,10.0,0.891430962598216,budget_cv,0.356
1f7f2e0f41,main,clothing,music,logreg,uncertainty,0,2000,target_only,0.887577965281195,0.8876,0,2000,0,0,10.0,0.8889060332478246,budget_cv,0.234
1f7f2e0f41,main,clothing,music,logreg,uncertainty,1,0,source_only,0.8277842300570919,0.8288,2000,0,0,0,10.0,0.9126424006668519,source_val_fallback,0.074
1f7f2e0f41,main,clothing,music,logreg,uncertainty,1,50,transfer,0.8213016196834817,0.8224,2000,50,0,0,0.01,0.6344193817878029,budget_cv,0.237
1f7f2e0f41,main,clothing,music,logreg,uncertainty,1,50,target_only,0.6622232417626213,0.6664,0,50,0,0,0.01,0.45787037037037037,budget_cv,0.1
1f7f2e0f41,main,clothing,music,logreg,uncertainty,1,100,transfer,0.858721313422724,0.8588,2000,100,0,0,10.0,0.5687957345616598,budget_cv,0.255
1f7f2e0f41,main,clothing,music,logreg,uncertainty,1,100,target_only,0.644022510737062,0.6572,0,100,0,0,0.1,0.5516246099579434,budget_cv,0.109
1f7f2e0f41,main,clothing,music,logreg,uncertainty,1,250,transfer,0.8707801311529662,0.8708,2000,250,0,0,10.0,0.5910310701599267,budget_cv,0.266
1f7f2e0f41,main,clothing,music,logreg,uncertainty,1,250,target_only,0.6676829348147799,0.6752,0,250,0,0,0.01,0.6342065522553327,budget_cv,0.119
1f7f2e0f41,main,clothing,music,logreg,uncertainty,1,500,transfer,0.8839910162642994,0.884,2000,500,0,0,10.0,0.6237993075326411,budget_cv,0.281
1f7f2e0f41,main,clothing,music,logreg,uncertainty,1,500,target_only,0.7446718865658033,0.7448,0,500,0,0,10.0,0.6084418251919906,budget_cv,0.136
1f7f2e0f41,main,clothing,music,logreg,uncertainty,1,1000,transfer,0.8911965879249973,0.8912,2000,1000,0,0,10.0,0.7779120885862084,budget_cv,0.324
1f7f2e0f41,main,clothing,music,logreg,uncertainty,1,1000,target_only,0.8531744171104373,0.8532,0,1000,0,0,10.0,0.7257451404565219,budget_cv,0.167
1f7f2e0f41,main,clothing,music,logreg,uncertainty,1,2000,transfer,0.8963971985802497,0.8964,2000,2000,0,0,10.0,0.8943784166888645,budget_cv,0.358
1f7f2e0f41,main,clothing,music,logreg,uncertainty,1,2000,target_only,0.887577965281195,0.8876,0,2000,0,0,10.0,0.8888333205894018,budget_cv,0.224
1f7f2e0f41,main,clothing,music,logreg,uncertainty,2,0,source_only,0.8277842300570919,0.8288,2000,0,0,0,10.0,0.9126424006668519,source_val_fallback,0.074
1f7f2e0f41,main,clothing,music,logreg,uncertainty,2,50,transfer,0.8360946563001357,0.8368,2000,50,0,0,1.0,0.7504329004329003,budget_cv,0.244
1f7f2e0f41,main,clothing,music,logreg,uncertainty,2,50,target_only,0.707193253732566,0.7072,0,50,0,0,0.01,0.562790151025445,budget_cv,0.103
1f7f2e0f41,main,clothing,music,logreg,uncertainty,2,100,transfer,0.847844192453072,0.848,2000,100,0,0,10.0,0.6912273901808786,budget_cv,0.253
1f7f2e0f41,main,clothing,music,logreg,uncertainty,2,100,target_only,0.634293622530109,0.6484,0,100,0,0,0.1,0.6381095264073987,budget_cv,0.106
1f7f2e0f41,main,clothing,music,logreg,uncertainty,2,250,transfer,0.8735676333141285,0.8736,2000,250,0,0,10.0,0.6096368931437247,budget_cv,0.267
1f7f2e0f41,main,clothing,music,logreg,uncertainty,2,250,target_only,0.6627523291925466,0.6664,0,250,0,0,0.1,0.6663368148351463,budget_cv,0.116
1f7f2e0f41,main,clothing,music,logreg,uncertainty,2,500,transfer,0.8903929851510497,0.8904,2000,500,0,0,10.0,0.6287286800168345,budget_cv,0.279
1f7f2e0f41,main,clothing,music,logreg,uncertainty,2,500,target_only,0.7131977514703716,0.7132,0,500,0,0,0.1,0.6249712704121225,budget_cv,0.129
1f7f2e0f41,main,clothing,music,logreg,uncertainty,2,1000,transfer,0.8951975853523666,0.8952,2000,1000,0,0,10.0,0.7786767626756449,budget_cv,0.324
1f7f2e0f41,main,clothing,music,logreg,uncertainty,2,1000,target_only,0.8595784087761333,0.8596,0,1000,0,0,10.0,0.7194131235590246,budget_cv,0.165
1f7f2e0f41,main,clothing,music,logreg,uncertainty,2,2000,transfer,0.8963971985802497,0.8964,2000,2000,0,0,10.0,0.9004086557520212,budget_cv,0.359
1f7f2e0f41,main,clothing,music,logreg,uncertainty,2,2000,target_only,0.887577965281195,0.8876,0,2000,0,0,10.0,0.8873361553044389,budget_cv,0.231
1f7f2e0f41,main,clothing,music,logreg,uncertainty,3,0,source_only,0.8277842300570919,0.8288,2000,0,0,0,10.0,0.9126424006668519,source_val_fallback,0.074
1f7f2e0f41,main,clothing,music,logreg,uncertainty,3,50,transfer,0.8318079629996833,0.8328,2000,50,0,0,1.0,0.8277056277056277,budget_cv,0.241
1f7f2e0f41,main,clothing,music,logreg,uncertainty,3,50,target_only,0.7487664674349972,0.7496,0,50,0,0,0.1,0.7726926123984947,budget_cv,0.1
1f7f2e0f41,main,clothing,music,logreg,uncertainty,3,100,transfer,0.8503689725101398,0.8504,2000,100,0,0,10.0,0.7273520194588533,budget_cv,0.249
1f7f2e0f41,main,clothing,music,logreg,uncertainty,3,100,target_only,0.7229171284714526,0.7256,0,100,0,0,0.1,0.7867299109159575,budget_cv,0.105
1f7f2e0f41,main,clothing,music,logreg,uncertainty,3,250,transfer,0.8687858078729795,0.8688,2000,250,0,0,10.0,0.6252071655882908,budget_cv,0.265
1f7f2e0f41,main,clothing,music,logreg,uncertainty,3,250,target_only,0.705234774094494,0.7056,0,250,0,0,0.1,0.6507915391637058,budget_cv,0.12
1f7f2e0f41,main,clothing,music,logreg,uncertainty,3,500,transfer,0.8867978084055708,0.8868,2000,500,0,0,10.0,0.6663782123715526,budget_cv,0.281
1f7f2e0f41,main,clothing,music,logreg,uncertainty,3,500,target_only,0.710629098087131,0.718,0,500,0,0,0.01,0.6483172037854,budget_cv,0.125
1f7f2e0f41,main,clothing,music,logreg,uncertainty,3,1000,transfer,0.8947951353270576,0.8948,2000,1000,0,0,10.0,0.7706898863438755,budget_cv,0.325
1f7f2e0f41,main,clothing,music,logreg,uncertainty,3,1000,target_only,0.8579579782882968,0.858,0,1000,0,0,10.0,0.7127331501352204,budget_cv,0.165
1f7f2e0f41,main,clothing,music,logreg,uncertainty,3,2000,transfer,0.8963971985802497,0.8964,2000,2000,0,0,10.0,0.8959499637434876,budget_cv,0.355
1f7f2e0f41,main,clothing,music,logreg,uncertainty,3,2000,target_only,0.887577965281195,0.8876,0,2000,0,0,10.0,0.8934279564423795,budget_cv,0.23
1f7f2e0f41,main,clothing,music,logreg,uncertainty,4,0,source_only,0.8277842300570919,0.8288,2000,0,0,0,10.0,0.9126424006668519,source_val_fallback,0.074
1f7f2e0f41,main,clothing,music,logreg,uncertainty,4,50,transfer,0.8365717819297379,0.8372,2000,50,0,0,1.0,0.6343867146498726,budget_cv,0.239
1f7f2e0f41,main,clothing,music,logreg,uncertainty,4,50,target_only,0.6894328403319803,0.6896,0,50,0,0,0.01,0.7542989417989417,budget_cv,0.1
1f7f2e0f41,main,clothing,music,logreg,uncertainty,4,100,transfer,0.8515741382778536,0.8516,2000,100,0,0,10.0,0.646572992765602,budget_cv,0.252
1f7f2e0f41,main,clothing,music,logreg,uncertainty,4,100,target_only,0.6656533767544656,0.6712,0,100,0,0,0.01,0.653886853886854,budget_cv,0.108
1f7f2e0f41,main,clothing,music,logreg,uncertainty,4,250,transfer,0.8728,0.8728,2000,250,0,0,10.0,0.6685651765439508,budget_cv,0.264
1f7f2e0f41,main,clothing,music,logreg,uncertainty,4,250,target_only,0.6830620167897796,0.6836,0,250,0,0,0.1,0.6613575855711132,budget_cv,0.118
1f7f2e0f41,main,clothing,music,logreg,uncertainty,4,500,transfer,0.8847988203399202,0.8848,2000,500,0,0,10.0,0.6547640743050274,budget_cv,0.281
1f7f2e0f41,main,clothing,music,logreg,uncertainty,4,500,target_only,0.7458385973428566,0.746,0,500,0,0,10.0,0.6509848370936301,budget_cv,0.134
1f7f2e0f41,main,clothing,music,logreg,uncertainty,4,1000,transfer,0.8911965879249973,0.8912,2000,1000,0,0,10.0,0.7788443267676447,budget_cv,0.32
1f7f2e0f41,main,clothing,music,logreg,uncertainty,4,1000,target_only,0.8539713783901646,0.854,0,1000,0,0,10.0,0.7316833500341899,budget_cv,0.162
1f7f2e0f41,main,clothing,music,logreg,uncertainty,4,2000,transfer,0.8963971985802497,0.8964,2000,2000,0,0,10.0,0.9039715593406173,budget_cv,0.353
1f7f2e0f41,main,clothing,music,logreg,uncertainty,4,2000,target_only,0.887577965281195,0.8876,0,2000,0,0,10.0,0.8934214344952149,budget_cv,0.233
1f7f2e0f41,main,clothing,music,logreg,self_training,0,0,uda_self_training,0.8161500319866404,0.8192,2000,0,0,1000,10.0,0.9126424006668519,source_val_fallback,0.147
1f7f2e0f41,main,clothing,music,logreg,self_training,0,50,transfer,0.7534135917759504,0.764,2000,50,0,1000,0.01,0.810985797827903,budget_cv,0.261
1f7f2e0f41,main,clothing,music,logreg,self_training,0,50,target_only,0.5714072337629562,0.6272,0,50,0,1000,0.1,0.6317541119011707,budget_cv,0.117
1f7f2e0f41,main,clothing,music,logreg,self_training,0,100,transfer,0.8550203644323462,0.8552,2000,100,0,1000,10.0,0.8481513483529612,budget_cv,0.333
1f7f2e0f41,main,clothing,music,logreg,self_training,0,100,target_only,0.6951662669957723,0.7168,0,100,0,1000,0.01,0.768652526766117,budget_cv,0.112
1f7f2e0f41,main,clothing,music,logreg,self_training,0,250,transfer,0.8679590990105095,0.868,2000,250,0,1000,10.0,0.847675965718293,budget_cv,0.338
1f7f2e0f41,main,clothing,music,logreg,self_training,0,250,target_only,0.5693912189813829,0.6272,0,250,0,1000,0.1,0.8107052654820651,budget_cv,0.139
1f7f2e0f41,main,clothing,music,logreg,self_training,0,500,transfer,0.868672160227652,0.8688,2000,500,0,1000,10.0,0.8739134889004649,budget_cv,0.357
1f7f2e0f41,main,clothing,music,logreg,self_training,0,500,target_only,0.8475470194758481,0.8484,0,500,0,1000,10.0,0.8494131424616181,budget_cv,0.191
1f7f2e0f41,main,clothing,music,logreg,self_training,0,1000,transfer,0.8851985121727177,0.8852,2000,1000,0,1000,10.0,0.8857412629456823,budget_cv,0.398
1f7f2e0f41,main,clothing,music,logreg,self_training,0,1000,target_only,0.873060081744502,0.8732,0,1000,0,1000,10.0,0.884744914835486,budget_cv,0.223
1f7f2e0f41,main,clothing,music,logreg,self_training,0,2000,transfer,0.896391230553754,0.8964,2000,2000,0,1000,10.0,0.8958861762340594,budget_cv,0.496
1f7f2e0f41,main,clothing,music,logreg,self_training,0,2000,target_only,0.8887480943108816,0.8888,0,2000,0,1000,10.0,0.8863190330535279,budget_cv,0.315
1f7f2e0f41,main,clothing,music,logreg,self_training,1,0,uda_self_training,0.8161500319866404,0.8192,2000,0,0,1000,10.0,0.9126424006668519,source_val_fallback,0.147
1f7f2e0f41,main,clothing,music,logreg,self_training,1,50,transfer,0.8427574567148679,0.8436,2000,50,0,1000,10.0,0.8577069716775599,budget_cv,0.323
1f7f2e0f41,main,clothing,music,logreg,self_training,1,50,target_only,0.7635681857350725,0.7636,0,50,0,1000,10.0,0.7584797526747992,budget_cv,0.137
1f7f2e0f41,main,clothing,music,logreg,self_training,1,100,transfer,0.8477367412448626,0.8484,2000,100,0,1000,10.0,0.8595452069716775,budget_cv,0.332
1f7f2e0f41,main,clothing,music,logreg,self_training,1,100,target_only,0.7901123590416441,0.7924,0,100,0,1000,10.0,0.7548368298368299,budget_cv,0.151
1f7f2e0f41,main,clothing,music,logreg,self_training,1,250,transfer,0.8559286215009718,0.8564,2000,250,0,1000,10.0,0.8837338546711502,budget_cv,0.346
1f7f2e0f41,main,clothing,music,logreg,self_training,1,250,target_only,0.8114330184183811,0.8136,0,250,0,1000,10.0,0.8714112843315074,budget_cv,0.168
1f7f2e0f41,main,clothing,music,logreg,self_training,1,500,transfer,0.8723720443725993,0.8724,2000,500,0,1000,10.0,0.8698305707483721,budget_cv,0.354
1f7f2e0f41,main,clothing,music,logreg,self_training,1,500,target_only,0.862989464130161,0.8632,0,500,0,1000,10.0,0.8518125758507704,budget_cv,0.186
1f7f2e0f41,main,clothing,music,logreg,self_training,1,1000,transfer,0.8859722502068104,0.886,2000,1000,0,1000,10.0,0.8808914476627416,budget_cv,0.388
1f7f2e0f41,main,clothing,music,logreg,self_training,1,1000,target_only,0.8709680314882884,0.8712,0,1000,0,1000,10.0,0.8568002989303781,budget_cv,0.234
1f7f2e0f41,main,clothing,music,logreg,self_training,1,2000,transfer,0.896391230553754,0.8964,2000,2000,0,1000,10.0,0.8974177635918185,budget_cv,0.516
1f7f2e0f41,main,clothing,music,logreg,self_training,1,2000,target_only,0.8887480943108816,0.8888,0,2000,0,1000,10.0,0.885866877492456,budget_cv,0.323
1f7f2e0f41,main,clothing,music,logreg,self_training,2,0,uda_self_training,0.8161500319866404,0.8192,2000,0,0,1000,10.0,0.9126424006668519,source_val_fallback,0.146
1f7f2e0f41,main,clothing,music,logreg,self_training,2,50,transfer,0.8496593642010322,0.85,2000,50,0,1000,10.0,0.8195045695045694,budget_cv,0.322
1f7f2e0f41,main,clothing,music,logreg,self_training,2,50,target_only,0.4471658099967891,0.554,0,50,0,1000,0.01,0.6116959064327485,budget_cv,0.119
1f7f2e0f41,main,clothing,music,logreg,self_training,2,100,transfer,0.8299399692130753,0.8316,2000,100,0,1000,1.0,0.8285461034493542,budget_cv,0.293
1f7f2e0f41,main,clothing,music,logreg,self_training,2,100,target_only,0.6004977995815598,0.6456,0,100,0,1000,0.1,0.7329573934837091,budget_cv,0.132
1f7f2e0f41,main,clothing,music,logreg,self_training,2,250,transfer,0.8490710483589206,0.8496,2000,250,0,1000,1.0,0.8280225621173075,budget_cv,0.298
1f7f2e0f41,main,clothing,music,logreg,self_training,2,250,target_only,0.8456958108937636,0.846,0,250,0,1000,10.0,0.8235991091990943,budget_cv,0.172
1f7f2e0f41,main,clothing,music,logreg,self_training,2,500,transfer,0.8783299180327868,0.8784,2000,500,0,1000,10.0,0.88379640602137,budget_cv,0.363
1f7f2e0f41,main,clothing,music,logreg,self_training,2,500,target_only,0.810842461303249,0.814,0,500,0,1000,1.0,0.8512646554034552,budget_cv,0.17
1f7f2e0f41,main,clothing,music,logreg,self_training,2,1000,transfer,0.8832,0.8832,2000,1000,0,1000,10.0,0.8839547393187525,budget_cv,0.392
1f7f2e0f41,main,clothing,music,logreg,self_training,2,1000,target_only,0.8767192066993025,0.8768,0,1000,0,1000,10.0,0.879900631450344,budget_cv,0.233
1f7f2e0f41,main,clothing,music,logreg,self_training,2,2000,transfer,0.896391230553754,0.8964,2000,2000,0,1000,10.0,0.8959304786085003,budget_cv,0.48
1f7f2e0f41,main,clothing,music,logreg,self_training,2,2000,target_only,0.8887480943108816,0.8888,0,2000,0,1000,10.0,0.8798821758547378,budget_cv,0.316
1f7f2e0f41,main,clothing,music,logreg,self_training,3,0,uda_self_training,0.8161500319866404,0.8192,2000,0,0,1000,10.0,0.9126424006668519,source_val_fallback,0.146
1f7f2e0f41,main,clothing,music,logreg,self_training,3,50,transfer,0.7838107971394174,0.79,2000,50,0,1000,1.0,0.915079365079365,budget_cv,0.29
1f7f2e0f41,main,clothing,music,logreg,self_training,3,50,target_only,0.5199267123074772,0.5972,0,50,0,1000,1.0,0.6808676830415962,budget_cv,0.134
1f7f2e0f41,main,clothing,music,logreg,self_training,3,100,transfer,0.8094872571860019,0.8132,2000,100,0,1000,1.0,0.8328561832626873,budget_cv,0.296
1f7f2e0f41,main,clothing,music,logreg,self_training,3,100,target_only,0.539132808164644,0.6088,0,100,0,1000,0.01,0.7574184816045282,budget_cv,0.121
1f7f2e0f41,main,clothing,music,logreg,self_training,3,250,transfer,0.8609356442222407,0.8612,2000,250,0,1000,10.0,0.8308353772227934,budget_cv,0.348
1f7f2e0f41,main,clothing,music,logreg,self_training,3,250,target_only,0.4738437352715005,0.5656,0,250,0,1000,0.01,0.7769378249998581,budget_cv,0.134
1f7f2e0f41,main,clothing,music,logreg,self_training,3,500,transfer,0.8746551012970994,0.8748,2000,500,0,1000,10.0,0.8496580820504359,budget_cv,0.359
1f7f2e0f41,main,clothing,music,logreg,self_training,3,500,target_only,0.846568325420125,0.8476,0,500,0,1000,10.0,0.8429773602710672,budget_cv,0.192
1f7f2e0f41,main,clothing,music,logreg,self_training,3,1000,transfer,0.8851845504331062,0.8852,2000,1000,0,1000,10.0,0.8657299751700308,budget_cv,0.401
1f7f2e0f41,main,clothing,music,logreg,self_training,3,1000,target_only,0.8685980825575812,0.8688,0,1000,0,1000,10.0,0.8647996330327684,budget_cv,0.24
1f7f2e0f41,main,clothing,music,logreg,self_training,3,2000,transfer,0.896391230553754,0.8964,2000,2000,0,1000,10.0,0.8944376964958917,budget_cv,0.478
1f7f2e0f41,main,clothing,music,logreg,self_training,3,2000,target_only,0.8887480943108816,0.8888,0,2000,0,1000,10.0,0.8933692881745072,budget_cv,0.322
1f7f2e0f41,main,clothing,music,logreg,self_training,4,0,uda_self_training,0.8161500319866404,0.8192,2000,0,0,1000,10.0,0.9126424006668519,source_val_fallback,0.147
1f7f2e0f41,main,clothing,music,logreg,self_training,4,50,transfer,0.7209887885129043,0.7376,2000,50,0,1000,0.01,0.8005078255078256,budget_cv,0.26
1f7f2e0f41,main,clothing,music,logreg,self_training,4,50,target_only,0.6177586882234558,0.6604,0,50,0,1000,0.01,0.7071733821733822,budget_cv,0.115
1f7f2e0f41,main,clothing,music,logreg,self_training,4,100,transfer,0.8400388355085098,0.8412,2000,100,0,1000,10.0,0.7795975305075405,budget_cv,0.334
1f7f2e0f41,main,clothing,music,logreg,self_training,4,100,target_only,0.5042673398244981,0.5876,0,100,0,1000,0.01,0.7180572513905847,budget_cv,0.133
1f7f2e0f41,main,clothing,music,logreg,self_training,4,250,transfer,0.861933175657018,0.862,2000,250,0,1000,10.0,0.8503781613292287,budget_cv,0.365
1f7f2e0f41,main,clothing,music,logreg,self_training,4,250,target_only,0.7296683253175578,0.7428,0,250,0,1000,1.0,0.8300106613477368,budget_cv,0.148
1f7f2e0f41,main,clothing,music,logreg,self_training,4,500,transfer,0.8703986728824102,0.8704,2000,500,0,1000,10.0,0.8819038345676796,budget_cv,0.355
1f7f2e0f41,main,clothing,music,logreg,self_training,4,500,target_only,0.8618087654419693,0.862,0,500,0,1000,10.0,0.8558226995795248,budget_cv,0.193
1f7f2e0f41,main,clothing,music,logreg,self_training,4,1000,transfer,0.8863927291346646,0.8864,2000,1000,0,1000,10.0,0.893721062440019,budget_cv,0.4
1f7f2e0f41,main,clothing,music,logreg,self_training,4,1000,target_only,0.8818820521419869,0.882,0,1000,0,1000,10.0,0.8774421687734488,budget_cv,0.234
1f7f2e0f41,main,clothing,music,logreg,self_training,4,2000,transfer,0.896391230553754,0.8964,2000,2000,0,1000,10.0,0.8934022784294854,budget_cv,0.493
1f7f2e0f41,main,clothing,music,logreg,self_training,4,2000,target_only,0.8887480943108816,0.8888,0,2000,0,1000,10.0,0.8843804019948495,budget_cv,0.321
1f7f2e0f41,main,clothing,music,svm,random,0,0,source_only,0.8304524717297577,0.8312,2000,0,0,0,1.0,0.9126554477441768,source_val_fallback,0.053
1f7f2e0f41,main,clothing,music,svm,random,0,50,transfer,0.839199073786665,0.8392,2000,50,0,0,10.0,0.7930368121157595,budget_cv,0.161
1f7f2e0f41,main,clothing,music,svm,random,0,50,target_only,0.6970161821581877,0.708,0,50,0,0,0.01,0.6517704517704518,budget_cv,0.039
1f7f2e0f41,main,clothing,music,svm,random,0,100,transfer,0.8471937410556336,0.8472,2000,100,0,0,1.0,0.8486401126107008,budget_cv,0.167
1f7f2e0f41,main,clothing,music,svm,random,0,100,target_only,0.7950486656742028,0.7964,0,100,0,0,0.01,0.7584285931550866,budget_cv,0.04
1f7f2e0f41,main,clothing,music,svm,random,0,250,transfer,0.8647968849202285,0.8648,2000,250,0,0,1.0,0.8517449436865983,budget_cv,0.168
1f7f2e0f41,main,clothing,music,svm,random,0,250,target_only,0.8484149497186774,0.8488,0,250,0,0,0.01,0.8146769374123933,budget_cv,0.044
1f7f2e0f41,main,clothing,music,svm,random,0,500,transfer,0.8655779762956363,0.8656,2000,500,0,0,10.0,0.8859740736218504,budget_cv,0.207
1f7f2e0f41,main,clothing,music,svm,random,0,500,target_only,0.8538821471846332,0.854,0,500,0,0,10.0,0.8497844163240406,budget_cv,0.052
1f7f2e0f41,main,clothing,music,svm,random,0,1000,transfer,0.8899998415997719,0.89,2000,1000,0,0,1.0,0.8957775114586868,budget_cv,0.207
1f7f2e0f41,main,clothing,music,svm,random,0,1000,target_only,0.8771785995991941,0.8772,0,1000,0,0,10.0,0.8907896499909728,budget_cv,0.067
1f7f2e0f41,main,clothing,music,svm,random,0,2000,transfer,0.8939995759983039,0.894,2000,2000,0,0,10.0,0.8969326728112491,budget_cv,0.287
1f7f2e0f41,main,clothing,music,svm,random,0,2000,target_only,0.8871766049408005,0.8872,0,2000,0,0,10.0,0.8958900903590754,budget_cv,0.11
1f7f2e0f41,main,clothing,music,svm,random,1,0,source_only,0.8304524717297577,0.8312,2000,0,0,0,1.0,0.9126554477441768,source_val_fallback,0.056
1f7f2e0f41,main,clothing,music,svm,random,1,50,transfer,0.8383797263528737,0.8384,2000,50,0,0,10.0,0.8773148148148149,budget_cv,0.229
1f7f2e0f41,main,clothing,music,svm,random,1,50,target_only,0.7247766667267543,0.7264,0,50,0,0,1.0,0.7584797526747992,budget_cv,0.044
1f7f2e0f41,main,clothing,music,svm,random,1,100,transfer,0.8510474726119546,0.8512,2000,100,0,0,1.0,0.8595452069716775,budget_cv,0.178
1f7f2e0f41,main,clothing,music,svm,random,1,100,target_only,0.7888274916953506,0.7892,0,100,0,0,0.01,0.7553354843677424,budget_cv,0.045
1f7f2e0f41,main,clothing,music,svm,random,1,250,transfer,0.8587158850893468,0.8588,2000,250,0,0,1.0,0.8798049340218016,budget_cv,0.182
1f7f2e0f41,main,clothing,music,svm,random,1,250,target_only,0.8234236779478517,0.8236,0,250,0,0,10.0,0.87535002489343,budget_cv,0.053
1f7f2e0f41,main,clothing,music,svm,random,1,500,transfer,0.8771998231677454,0.8772,2000,500,0,0,1.0,0.8778373118955135,budget_cv,0.201
1f7f2e0f41,main,clothing,music,svm,random,1,500,target_only,0.8579972508267759,0.858,0,500,0,0,10.0,0.8638311329939556,budget_cv,0.052
1f7f2e0f41,main,clothing,music,svm,random,1,1000,transfer,0.8891921814003196,0.8892,2000,1000,0,0,10.0,0.8759308675164915,budget_cv,0.223
1f7f2e0f41,main,clothing,music,svm,random,1,1000,target_only,0.8787813614221323,0.8788,0,1000,0,0,10.0,0.8619112144601471,budget_cv,0.069
1f7f2e0f41,main,clothing,music,svm,random,1,2000,transfer,0.895996738457718,0.896,2000,2000,0,0,1.0,0.89841959051624,budget_cv,0.243
1f7f2e0f41,main,clothing,music,svm,random,1,2000,target_only,0.8871766049408005,0.8872,0,2000,0,0,10.0,0.8944165278436337,budget_cv,0.113
1f7f2e0f41,main,clothing,music,svm,random,2,0,source_only,0.8304524717297577,0.8312,2000,0,0,0,1.0,0.9126554477441768,source_val_fallback,0.051
1f7f2e0f41,main,clothing,music,svm,random,2,50,transfer,0.8427993711974848,0.8428,2000,50,0,0,1.0,0.8363756613756613,budget_cv,0.152
1f7f2e0f41,main,clothing,music,svm,random,2,50,target_only,0.6827085514975397,0.6988,0,50,0,0,0.01,0.6175771088814567,budget_cv,0.038
1f7f2e0f41,main,clothing,music,svm,random,2,100,transfer,0.8447856954496926,0.8448,2000,100,0,0,10.0,0.8478646523111134,budget_cv,0.17
1f7f2e0f41,main,clothing,music,svm,random,2,100,target_only,0.7865868942090815,0.7868,0,100,0,0,0.01,0.7773879142300194,budget_cv,0.039
1f7f2e0f41,main,clothing,music,svm,random,2,250,transfer,0.8555916589742223,0.8556,2000,250,0,0,10.0,0.8436860644533178,budget_cv,0.171
1f7f2e0f41,main,clothing,music,svm,random,2,250,target_only,0.8291494555749372,0.8292,0,250,0,0,10.0,0.8311145160818363,budget_cv,0.044
1f7f2e0f41,main,clothing,music,svm,random,2,500,transfer,0.8759844434885913,0.876,2000,500,0,0,1.0,0.8898613875612341,budget_cv,0.176
1f7f2e0f41,main,clothing,music,svm,random,2,500,target_only,0.8611727898668139,0.8612,0,500,0,0,10.0,0.8613361522480473,budget_cv,0.051
1f7f2e0f41,main,clothing,music,svm,random,2,1000,transfer,0.8851990999609437,0.8852,2000,1000,0,0,1.0,0.8829596481712484,budget_cv,0.215
1f7f2e0f41,main,clothing,music,svm,random,2,1000,target_only,0.8807993134040453,0.8808,0,1000,0,0,10.0,0.8889612012056219,budget_cv,0.068
1f7f2e0f41,main,clothing,music,svm,random,2,2000,transfer,0.895996738457718,0.896,2000,2000,0,0,1.0,0.8949162997595627,budget_cv,0.261
1f7f2e0f41,main,clothing,music,svm,random,2,2000,target_only,0.8871766049408005,0.8872,0,2000,0,0,10.0,0.8909486701897696,budget_cv,0.117
1f7f2e0f41,main,clothing,music,svm,random,3,0,source_only,0.8304524717297577,0.8312,2000,0,0,0,1.0,0.9126554477441768,source_val_fallback,0.049
1f7f2e0f41,main,clothing,music,svm,random,3,50,transfer,0.8009527889322912,0.8044,2000,50,0,0,0.01,0.8748634406529142,budget_cv,0.15
1f7f2e0f41,main,clothing,music,svm,random,3,50,target_only,0.724902034326566,0.7356,0,50,0,0,0.1,0.6808676830415962,budget_cv,0.038
1f7f2e0f41,main,clothing,music,svm,random,3,100,transfer,0.8288224274917642,0.8304,2000,100,0,0,0.1,0.8328561832626873,budget_cv,0.153
1f7f2e0f41,main,clothing,music,svm,random,3,100,target_only,0.7795183511383431,0.7828,0,100,0,0,10.0,0.6918141986089408,budget_cv,0.04
1f7f2e0f41,main,clothing,music,svm,random,3,250,transfer,0.8591769275478094,0.8592,2000,250,0,0,10.0,0.835050819301268,budget_cv,0.179
1f7f2e0f41,main,clothing,music,svm,random,3,250,target_only,0.8272215737797554,0.8276,0,250,0,0,10.0,0.7792119886873433,budget_cv,0.043
1f7f2e0f41,main,clothing,music,svm,random,3,500,transfer,0.8739433450970204,0.874,2000,500,0,0,1.0,0.8597080572182533,budget_cv,0.183
1f7f2e0f41,main,clothing,music,svm,random,3,500,target_only,0.8629536235061945,0.8632,0,500,0,0,10.0,0.8432201765813806,budget_cv,0.051
1f7f2e0f41,main,clothing,music,svm,random,3,1000,transfer,0.8843985018045835,0.8844,2000,1000,0,0,1.0,0.8717531096795125,budget_cv,0.208
1f7f2e0f41,main,clothing,music,svm,random,3,1000,target_only,0.8731551679625646,0.8732,0,1000,0,0,10.0,0.869923055801198,budget_cv,0.065
1f7f2e0f41,main,clothing,music,svm,random,3,2000,transfer,0.895996738457718,0.896,2000,2000,0,0,1.0,0.8984317776814628,budget_cv,0.26
1f7f2e0f41,main,clothing,music,svm,random,3,2000,target_only,0.8903772686304232,0.8904,0,2000,0,0,1.0,0.8948766639732005,budget_cv,0.103
1f7f2e0f41,main,clothing,music,svm,random,4,0,source_only,0.8304524717297577,0.8312,2000,0,0,0,1.0,0.9126554477441768,source_val_fallback,0.048
1f7f2e0f41,main,clothing,music,svm,random,4,50,transfer,0.7998320709300559,0.8036,2000,50,0,0,0.01,0.7639701361440491,budget_cv,0.155
1f7f2e0f41,main,clothing,music,svm,random,4,50,target_only,0.6284307071128978,0.6584,0,50,0,0,0.01,0.5530864197530865,budget_cv,0.038
1f7f2e0f41,main,clothing,music,svm,random,4,100,transfer,0.8484737700880488,0.8488,2000,100,0,0,1.0,0.7781121979617627,budget_cv,0.158
1f7f2e0f41,main,clothing,music,svm,random,4,100,target_only,0.6941650062586344,0.7104,0,100,0,0,0.01,0.7084670897100908,budget_cv,0.042
1f7f2e0f41,main,clothing,music,svm,random,4,250,transfer,0.8575955341959524,0.8576,2000,250,0,0,10.0,0.8590202831737725,budget_cv,0.192
1f7f2e0f41,main,clothing,music,svm,random,4,250,target_only,0.8307970533346933,0.8312,0,250,0,0,0.1,0.8300106613477368,budget_cv,0.047
1f7f2e0f41,main,clothing,music,svm,random,4,500,transfer,0.8715953774335876,0.8716,2000,500,0,0,1.0,0.8879667324917815,budget_cv,0.184
1f7f2e0f41,main,clothing,music,svm,random,4,500,target_only,0.8563961169510024,0.8564,0,500,0,0,10.0,0.8679158035218627,budget_cv,0.055
1f7f2e0f41,main,clothing,music,svm,random,4,1000,transfer,0.8891998404477702,0.8892,2000,1000,0,0,10.0,0.8956895608857062,budget_cv,0.24
1f7f2e0f41,main,clothing,music,svm,random,4,1000,target_only,0.8835716660006379,0.8836,0,1000,0,0,10.0,0.8835578969698394,budget_cv,0.068
1f7f2e0f41,main,clothing,music,svm,random,4,2000,transfer,0.895996738457718,0.896,2000,2000,0,0,1.0,0.8959098898648253,budget_cv,0.264
1f7f2e0f41,main,clothing,music,svm,random,4,2000,target_only,0.8871766049408005,0.8872,0,2000,0,0,10.0,0.8934140319995038,budget_cv,0.111
1f7f2e0f41,main,clothing,music,svm,uncertainty,0,0,source_only,0.8304524717297577,0.8312,2000,0,0,0,1.0,0.9126554477441768,source_val_fallback,0.049
1f7f2e0f41,main,clothing,music,svm,uncertainty,0,50,transfer,0.8351998945279324,0.8352,2000,50,0,0,10.0,0.752046783625731,budget_cv,0.177
1f7f2e0f41,main,clothing,music,svm,uncertainty,0,50,target_only,0.645531083375023,0.6684,0,50,0,0,0.01,0.7362193362193362,budget_cv,0.039
1f7f2e0f41,main,clothing,music,svm,uncertainty,0,100,transfer,0.854354884969168,0.8544,2000,100,0,0,1.0,0.6084223646723647,budget_cv,0.159
1f7f2e0f41,main,clothing,music,svm,uncertainty,0,100,target_only,0.693463400508329,0.6992,0,100,0,0,0.1,0.5672799422799423,budget_cv,0.04
1f7f2e0f41,main,clothing,music,svm,uncertainty,0,250,transfer,0.8723749854971574,0.8724,2000,250,0,0,1.0,0.6514151307912618,budget_cv,0.169
1f7f2e0f41,main,clothing,music,svm,uncertainty,0,250,target_only,0.7203344575514183,0.7208,0,250,0,0,0.1,0.6404128701812526,budget_cv,0.046
1f7f2e0f41,main,clothing,music,svm,uncertainty,0,500,transfer,0.881984119783158,0.882,2000,500,0,0,10.0,0.5996381959774043,budget_cv,0.21
1f7f2e0f41,main,clothing,music,svm,uncertainty,0,500,target_only,0.792799469566642,0.7928,0,500,0,0,10.0,0.5952456004687815,budget_cv,0.054
1f7f2e0f41,main,clothing,music,svm,uncertainty,0,1000,transfer,0.8891948763710834,0.8892,2000,1000,0,0,1.0,0.7587405128487942,budget_cv,0.233
1f7f2e0f41,main,clothing,music,svm,uncertainty,0,1000,target_only,0.8683408271013324,0.8684,0,1000,0,0,1.0,0.6832527916717822,budget_cv,0.071
1f7f2e0f41,main,clothing,music,svm,uncertainty,0,2000,transfer,0.895996738457718,0.896,2000,2000,0,0,1.0,0.8963742760346597,budget_cv,0.26
1f7f2e0f41,main,clothing,music,svm,uncertainty,0,2000,target_only,0.8871766049408005,0.8872,0,2000,0,0,10.0,0.8978850928941569,budget_cv,0.114
1f7f2e0f41,main,clothing,music,svm,uncertainty,1,0,source_only,0.8304524717297577,0.8312,2000,0,0,0,1.0,0.9126554477441768,source_val_fallback,0.046
1f7f2e0f41,main,clothing,music,svm,uncertainty,1,50,transfer,0.832673789185707,0.8336,2000,50,0,0,0.1,0.6978731551099973,budget_cv,0.154
1f7f2e0f41,main,clothing,music,svm,uncertainty,1,50,target_only,0.5377468685804987,0.5852,0,50,0,0,0.01,0.39636752136752135,budget_cv,0.039
1f7f2e0f41,main,clothing,music,svm,uncertainty,1,100,transfer,0.8587999774079964,0.8588,2000,100,0,0,1.0,0.6285174626959616,budget_cv,0.157
1f7f2e0f41,main,clothing,music,svm,uncertainty,1,100,target_only,0.6705343493565902,0.676,0,100,0,0,0.01,0.48688469700114667,budget_cv,0.041
1f7f2e0f41,main,clothing,music,svm,uncertainty,1,250,transfer,0.8727999185919479,0.8728,2000,250,0,0,10.0,0.5852730800443086,budget_cv,0.183
1f7f2e0f41,main,clothing,music,svm,uncertainty,1,250,target_only,0.7273675426615749,0.7276,0,250,0,0,0.01,0.6253442101894223,budget_cv,0.045
1f7f2e0f41,main,clothing,music,svm,uncertainty,1,500,transfer,0.8863895296590534,0.8864,2000,500,0,0,1.0,0.6044872057200807,budget_cv,0.19
1f7f2e0f41,main,clothing,music,svm,uncertainty,1,500,target_only,0.7306499828144284,0.7308,0,500,0,0,0.01,0.6387630953230791,budget_cv,0.052
1f7f2e0f41,main,clothing,music,svm,uncertainty,1,1000,transfer,0.8899960398574349,0.89,2000,1000,0,0,10.0,0.7587353657399815,budget_cv,0.236
1f7f2e0f41,main,clothing,music,svm,uncertainty,1,1000,target_only,0.8755727454541643,0.8756,0,1000,0,0,10.0,0.6835953953189166,budget_cv,0.075
1f7f2e0f41,main,clothing,music,svm,uncertainty,1,2000,transfer,0.895996738457718,0.896,2000,2000,0,0,1.0,0.9043566278298053,budget_cv,0.239
1f7f2e0f41,main,clothing,music,svm,uncertainty,1,2000,target_only,0.8871766049408005,0.8872,0,2000,0,0,10.0,0.9013334522474973,budget_cv,0.11
1f7f2e0f41,main,clothing,music,svm,uncertainty,2,0,source_only,0.8304524717297577,0.8312,2000,0,0,0,1.0,0.9126554477441768,source_val_fallback,0.049
1f7f2e0f41,main,clothing,music,svm,uncertainty,2,50,transfer,0.8422542176577906,0.8424,2000,50,0,0,10.0,0.6386022245155372,budget_cv,0.165
1f7f2e0f41,main,clothing,music,svm,uncertainty,2,50,target_only,0.6948704956412712,0.6964,0,50,0,0,1.0,0.5373925008599931,budget_cv,0.037
1f7f2e0f41,main,clothing,music,svm,uncertainty,2,100,transfer,0.8558131338214325,0.856,2000,100,0,0,1.0,0.61619644723093,budget_cv,0.149
1f7f2e0f41,main,clothing,music,svm,uncertainty,2,100,target_only,0.7131935331313506,0.7156,0,100,0,0,0.1,0.6682230644523889,budget_cv,0.039
1f7f2e0f41,main,clothing,music,svm,uncertainty,2,250,transfer,0.8659886572799522,0.866,2000,250,0,0,10.0,0.5869667190989386,budget_cv,0.187
1f7f2e0f41,main,clothing,music,svm,uncertainty,2,250,target_only,0.7167412634683927,0.7168,0,250,0,0,0.01,0.6469793657772859,budget_cv,0.043
1f7f2e0f41,main,clothing,music,svm,uncertainty,2,500,transfer,0.8871837544606423,0.8872,2000,500,0,0,1.0,0.5998743147340689,budget_cv,0.184
1f7f2e0f41,main,clothing,music,svm,uncertainty,2,500,target_only,0.7404784424092827,0.7408,0,500,0,0,0.1,0.6094704188132448,budget_cv,0.056
1f7f2e0f41,main,clothing,music,svm,uncertainty,2,1000,transfer,0.8923937846650023,0.8924,2000,1000,0,0,1.0,0.7668014950142824,budget_cv,0.214
1f7f2e0f41,main,clothing,music,svm,uncertainty,2,1000,target_only,0.8719815653454097,0.872,0,1000,0,0,10.0,0.694933269266346,budget_cv,0.075
1f7f2e0f41,main,clothing,music,svm,uncertainty,2,2000,transfer,0.895996738457718,0.896,2000,2000,0,0,1.0,0.899429911759503,budget_cv,0.26
1f7f2e0f41,main,clothing,music,svm,uncertainty,2,2000,target_only,0.8871766049408005,0.8872,0,2000,0,0,10.0,0.900893894605124,budget_cv,0.106
1f7f2e0f41,main,clothing,music,svm,uncertainty,3,0,source_only,0.8304524717297577,0.8312,2000,0,0,0,1.0,0.9126554477441768,source_val_fallback,0.045
1f7f2e0f41,main,clothing,music,svm,uncertainty,3,50,transfer,0.8425530980662637,0.8428,2000,50,0,0,1.0,0.816750019845995,budget_cv,0.145
1f7f2e0f41,main,clothing,music,svm,uncertainty,3,50,target_only,0.7254164760853615,0.73,0,50,0,0,0.01,0.7590973481133664,budget_cv,0.038
1f7f2e0f41,main,clothing,music,svm,uncertainty,3,100,transfer,0.844812030075188,0.8452,2000,100,0,0,10.0,0.71065945734324,budget_cv,0.172
1f7f2e0f41,main,clothing,music,svm,uncertainty,3,100,target_only,0.713893761017546,0.7204,0,100,0,0,0.01,0.6736458424066832,budget_cv,0.041
1f7f2e0f41,main,clothing,music,svm,uncertainty,3,250,transfer,0.8675964198071916,0.8676,2000,250,0,0,1.0,0.5936432372587399,budget_cv,0.167
1f7f2e0f41,main,clothing,music,svm,uncertainty,3,250,target_only,0.7487805455654486,0.7488,0,250,0,0,0.01,0.6310171872630563,budget_cv,0.045
1f7f2e0f41,main,clothing,music,svm,uncertainty,3,500,transfer,0.8819916733324704,0.882,2000,500,0,0,10.0,0.6036843942561355,budget_cv,0.204
1f7f2e0f41,main,clothing,music,svm,uncertainty,3,500,target_only,0.7747270115517428,0.7748,0,500,0,0,0.1,0.5975607940758642,budget_cv,0.052
1f7f2e0f41,main,clothing,music,svm,uncertainty,3,1000,transfer,0.8911955433694564,0.8912,2000,1000,0,0,1.0,0.7532034242308692,budget_cv,0.228
1f7f2e0f41,main,clothing,music,svm,uncertainty,3,1000,target_only,0.8715776236851509,0.8716,0,1000,0,0,10.0,0.6870294493420838,budget_cv,0.073
1f7f2e0f41,main,clothing,music,svm,uncertainty,3,2000,transfer,0.895996738457718,0.896,2000,2000,0,0,1.0,0.894925730342646,budget_cv,0.25
1f7f2e0f41,main,clothing,music,svm,uncertainty,3,2000,target_only,0.8903772686304232,0.8904,0,2000,0,0,1.0,0.8944067729571176,budget_cv,0.104
1f7f2e0f41,main,clothing,music,svm,uncertainty,4,0,source_only,0.8304524717297577,0.8312,2000,0,0,0,1.0,0.9126554477441768,source_val_fallback,0.049
1f7f2e0f41,main,clothing,music,svm,uncertainty,4,50,transfer,0.8427866934657349,0.8428,2000,50,0,0,1.0,0.7462672931780482,budget_cv,0.164
1f7f2e0f41,main,clothing,music,svm,uncertainty,4,50,target_only,0.5471893923200057,0.6004,0,50,0,0,0.01,0.5035714285714286,budget_cv,0.039
1f7f2e0f41,main,clothing,music,svm,uncertainty,4,100,transfer,0.8487612828884195,0.8488,2000,100,0,0,1.0,0.6076008958361899,budget_cv,0.165
1f7f2e0f41,main,clothing,music,svm,uncertainty,4,100,target_only,0.7067448680351907,0.7076,0,100,0,0,0.01,0.5128097608500743,budget_cv,0.043
1f7f2e0f41,main,clothing,music,svm,uncertainty,4,250,transfer,0.8659351125944957,0.866,2000,250,0,0,10.0,0.6107925084591243,budget_cv,0.195
1f7f2e0f41,main,clothing,music,svm,uncertainty,4,250,target_only,0.7342687074829932,0.7352,0,250,0,0,0.01,0.6093997399916347,budget_cv,0.045
1f7f2e0f41,main,clothing,music,svm,uncertainty,4,500,transfer,0.8855425698398429,0.8856,2000,500,0,0,1.0,0.5961601668586806,budget_cv,0.188
1f7f2e0f41,main,clothing,music,svm,uncertainty,4,500,target_only,0.7835875000140008,0.7836,0,500,0,0,10.0,0.5857268259304164,budget_cv,0.057
1f7f2e0f41,main,clothing,music,svm,uncertainty,4,1000,transfer,0.8915908242473642,0.8916,2000,1000,0,0,1.0,0.7612277917981173,budget_cv,0.225
1f7f2e0f41,main,clothing,music,svm,uncertainty,4,1000,target_only,0.8731722196429905,0.8732,0,1000,0,0,10.0,0.703789787611556,budget_cv,0.076
1f7f2e0f41,main,clothing,music,svm,uncertainty,4,2000,transfer,0.895996738457718,0.896,2000,2000,0,0,1.0,0.895429186172881,budget_cv,0.259
1f7f2e0f41,main,clothing,music,svm,uncertainty,4,2000,target_only,0.8871766049408005,0.8872,0,2000,0,0,10.0,0.8969420313519522,budget_cv,0.11
1f7f2e0f41,main,clothing,music,svm,self_training,0,0,uda_self_training,0.8306657736812096,0.8324,2000,0,0,1000,1.0,0.9126554477441768,source_val_fallback,0.075
1f7f2e0f41,main,clothing,music,svm,self_training,0,50,transfer,0.8419957275644734,0.842,2000,50,0,1000,10.0,0.7930368121157595,budget_cv,0.231
1f7f2e0f41,main,clothing,music,svm,self_training,0,50,target_only,0.5623288178251535,0.6216,0,50,0,1000,0.01,0.6517704517704518,budget_cv,0.046
1f7f2e0f41,main,clothing,music,svm,self_training,0,100,transfer,0.8527543891995986,0.8528,2000,100,0,1000,1.0,0.8486401126107008,budget_cv,0.178
1f7f2e0f41,main,clothing,music,svm,self_training,0,100,target_only,0.7197497926148466,0.736,0,100,0,1000,0.01,0.7584285931550866,budget_cv,0.046
1f7f2e0f41,main,clothing,music,svm,self_training,0,250,transfer,0.8671945602891895,0.8672,2000,250,0,1000,1.0,0.8517449436865983,budget_cv,0.196
1f7f2e0f41,main,clothing,music,svm,self_training,0,250,target_only,0.5451967425385513,0.6124,0,250,0,1000,0.01,0.8146769374123933,budget_cv,0.052
1f7f2e0f41,main,clothing,music,svm,self_training,0,500,transfer,0.8659766477711077,0.866,2000,500,0,1000,10.0,0.8859740736218504,budget_cv,0.26
1f7f2e0f41,main,clothing,music,svm,self_training,0,500,target_only,0.8622444795276075,0.8624,0,500,0,1000,10.0,0.8497844163240406,budget_cv,0.079
1f7f2e0f41,main,clothing,music,svm,self_training,0,1000,transfer,0.8891978548704702,0.8892,2000,1000,0,1000,1.0,0.8957775114586868,budget_cv,0.241
1f7f2e0f41,main,clothing,music,svm,self_training,0,1000,target_only,0.8791625693974965,0.8792,0,1000,0,1000,10.0,0.8907896499909728,budget_cv,0.092
1f7f2e0f41,main,clothing,music,svm,self_training,0,2000,transfer,0.8943993917404964,0.8944,2000,2000,0,1000,10.0,0.8969326728112491,budget_cv,0.375
1f7f2e0f41,main,clothing,music,svm,self_training,0,2000,target_only,0.8871766049408005,0.8872,0,2000,0,1000,10.0,0.8958900903590754,budget_cv,0.144
1f7f2e0f41,main,clothing,music,svm,self_training,1,0,uda_self_training,0.8306657736812096,0.8324,2000,0,0,1000,1.0,0.9126554477441768,source_val_fallback,0.074
1f7f2e0f41,main,clothing,music,svm,self_training,1,50,transfer,0.8399138352226703,0.84,2000,50,0,1000,10.0,0.8773148148148149,budget_cv,0.236
1f7f2e0f41,main,clothing,music,svm,self_training,1,50,target_only,0.7566766951202355,0.7576,0,50,0,1000,1.0,0.7584797526747992,budget_cv,0.05
1f7f2e0f41,main,clothing,music,svm,self_training,1,100,transfer,0.8512629976495545,0.8516,2000,100,0,1000,1.0,0.8595452069716775,budget_cv,0.192
1f7f2e0f41,main,clothing,music,svm,self_training,1,100,target_only,0.5131213788402551,0.5904,0,100,0,1000,0.01,0.7553354843677424,budget_cv,0.051
1f7f2e0f41,main,clothing,music,svm,self_training,1,250,transfer,0.8622214389849244,0.8624,2000,250,0,1000,1.0,0.8798049340218016,budget_cv,0.197
1f7f2e0f41,main,clothing,music,svm,self_training,1,250,target_only,0.8355553416438048,0.836,0,250,0,1000,10.0,0.87535002489343,budget_cv,0.058
1f7f2e0f41,main,clothing,music,svm,self_training,1,500,transfer,0.8779956078418822,0.878,2000,500,0,1000,1.0,0.8778373118955135,budget_cv,0.207
1f7f2e0f41,main,clothing,music,svm,self_training,1,500,target_only,0.8631992120274613,0.8632,0,500,0,1000,10.0,0.8638311329939556,budget_cv,0.068
1f7f2e0f41,main,clothing,music,svm,self_training,1,1000,transfer,0.8891921814003196,0.8892,2000,1000,0,1000,10.0,0.8759308675164915,budget_cv,0.275
1f7f2e0f41,main,clothing,music,svm,self_training,1,1000,target_only,0.8811739723469029,0.8812,0,1000,0,1000,10.0,0.8619112144601471,budget_cv,0.09
1f7f2e0f41,main,clothing,music,svm,self_training,1,2000,transfer,0.8959946083604975,0.896,2000,2000,0,1000,1.0,0.89841959051624,budget_cv,0.303
1f7f2e0f41,main,clothing,music,svm,self_training,1,2000,target_only,0.8871766049408005,0.8872,0,2000,0,1000,10.0,0.8944165278436337,budget_cv,0.145
1f7f2e0f41,main,clothing,music,svm,self_training,2,0,uda_self_training,0.8306657736812096,0.8324,2000,0,0,1000,1.0,0.9126554477441768,source_val_fallback,0.075
1f7f2e0f41,main,clothing,music,svm,self_training,2,50,transfer,0.8499046834701909,0.85,2000,50,0,1000,1.0,0.8363756613756613,budget_cv,0.173
1f7f2e0f41,main,clothing,music,svm,self_training,2,50,target_only,0.41138006670619265,0.5368,0,50,0,1000,0.01,0.6175771088814567,budget_cv,0.045
1f7f2e0f41,main,clothing,music,svm,self_training,2,100,transfer,0.8499959438903228,0.85,2000,100,0,1000,10.0,0.8478646523111134,budget_cv,0.22
1f7f2e0f41,main,clothing,music,svm,self_training,2,100,target_only,0.5502778200752996,0.6144,0,100,0,1000,0.01,0.7773879142300194,budget_cv,0.049
1f7f2e0f41,main,clothing,music,svm,self_training,2,250,transfer,0.8587972663150758,0.8588,2000,250,0,1000,10.0,0.8436860644533178,budget_cv,0.25
1f7f2e0f41,main,clothing,music,svm,self_training,2,250,target_only,0.8475207351789754,0.8476,0,250,0,1000,10.0,0.8311145160818363,budget_cv,0.059
1f7f2e0f41,main,clothing,music,svm,self_training,2,500,transfer,0.8751577334022207,0.8752,2000,500,0,1000,1.0,0.8898613875612341,budget_cv,0.213
1f7f2e0f41,main,clothing,music,svm,self_training,2,500,target_only,0.861560926956024,0.8616,0,500,0,1000,10.0,0.8613361522480473,budget_cv,0.07
1f7f2e0f41,main,clothing,music,svm,self_training,2,1000,transfer,0.8851999816319971,0.8852,2000,1000,0,1000,1.0,0.8829596481712484,budget_cv,0.239
1f7f2e0f41,main,clothing,music,svm,self_training,2,1000,target_only,0.8795990560565995,0.8796,0,1000,0,1000,10.0,0.8889612012056219,budget_cv,0.092
1f7f2e0f41,main,clothing,music,svm,self_training,2,2000,transfer,0.8959946083604975,0.896,2000,2000,0,1000,1.0,0.8949162997595627,budget_cv,0.283
1f7f2e0f41,main,clothing,music,svm,self_training,2,2000,target_only,0.8871766049408005,0.8872,0,2000,0,1000,10.0,0.8909486701897696,budget_cv,0.147
1f7f2e0f41,main,clothing,music,svm,self_training,3,0,uda_self_training,0.8306657736812096,0.8324,2000,0,0,1000,1.0,0.9126554477441768,source_val_fallback,0.071
1f7f2e0f41,main,clothing,music,svm,self_training,3,50,transfer,0.7078109919277003,0.7272,2000,50,0,1000,0.01,0.8748634406529142,budget_cv,0.162
1f7f2e0f41,main,clothing,music,svm,self_training,3,50,target_only,0.5225627423005983,0.5988,0,50,0,1000,0.1,0.6808676830415962,budget_cv,0.052
1f7f2e0f41,main,clothing,music,svm,self_training,3,100,transfer,0.8075424089087189,0.8116,2000,100,0,1000,0.1,0.8328561832626873,budget_cv,0.17
1f7f2e0f41,main,clothing,music,svm,self_training,3,100,target_only,0.7487058350505101,0.76,0,100,0,1000,10.0,0.6918141986089408,budget_cv,0.052
1f7f2e0f41,main,clothing,music,svm,self_training,3,250,transfer,0.8587620126309172,0.8588,2000,250,0,1000,10.0,0.835050819301268,budget_cv,0.235
1f7f2e0f41,main,clothing,music,svm,self_training,3,250,target_only,0.841830590124448,0.8424,0,250,0,1000,10.0,0.7792119886873433,budget_cv,0.058
1f7f2e0f41,main,clothing,music,svm,self_training,3,500,transfer,0.8735118428139677,0.8736,2000,500,0,1000,1.0,0.8597080572182533,budget_cv,0.214
1f7f2e0f41,main,clothing,music,svm,self_training,3,500,target_only,0.8632244471580286,0.8636,0,500,0,1000,10.0,0.8432201765813806,budget_cv,0.069
1f7f2e0f41,main,clothing,music,svm,self_training,3,1000,transfer,0.8851902825055112,0.8852,2000,1000,0,1000,1.0,0.8717531096795125,budget_cv,0.247
1f7f2e0f41,main,clothing,music,svm,self_training,3,1000,target_only,0.8711484593837535,0.8712,0,1000,0,1000,10.0,0.869923055801198,budget_cv,0.091
1f7f2e0f41,main,clothing,music,svm,self_training,3,2000,transfer,0.8959946083604975,0.896,2000,2000,0,1000,1.0,0.8984317776814628,budget_cv,0.321
1f7f2e0f41,main,clothing,music,svm,self_training,3,2000,target_only,0.8911692836186085,0.8912,0,2000,0,1000,1.0,0.8948766639732005,budget_cv,0.129
1f7f2e0f41,main,clothing,music,svm,self_training,4,0,uda_self_training,0.8306657736812096,0.8324,2000,0,0,1000,1.0,0.9126554477441768,source_val_fallback,0.071
1f7f2e0f41,main,clothing,music,svm,self_training,4,50,transfer,0.7007429829389102,0.7216,2000,50,0,1000,0.01,0.7639701361440491,budget_cv,0.159
1f7f2e0f41,main,clothing,music,svm,self_training,4,50,target_only,0.4814250944331714,0.5736,0,50,0,1000,0.01,0.5530864197530865,budget_cv,0.048
1f7f2e0f41,main,clothing,music,svm,self_training,4,100,transfer,0.8457197847019595,0.8464,2000,100,0,1000,1.0,0.7781121979617627,budget_cv,0.181
1f7f2e0f41,main,clothing,music,svm,self_training,4,100,target_only,0.4614025571086075,0.5636,0,100,0,1000,0.01,0.7084670897100908,budget_cv,0.049
1f7f2e0f41,main,clothing,music,svm,self_training,4,250,transfer,0.8619950318211456,0.862,2000,250,0,1000,10.0,0.8590202831737725,budget_cv,0.248
1f7f2e0f41,main,clothing,music,svm,self_training,4,250,target_only,0.7283789656671013,0.7424,0,250,0,1000,0.1,0.8300106613477368,budget_cv,0.052
1f7f2e0f41,main,clothing,music,svm,self_training,4,500,transfer,0.8675982840737616,0.8676,2000,500,0,1000,1.0,0.8879667324917815,budget_cv,0.217
1f7f2e0f41,main,clothing,music,svm,self_training,4,500,target_only,0.859195584373526,0.8592,0,500,0,1000,10.0,0.8679158035218627,budget_cv,0.07
1f7f2e0f41,main,clothing,music,svm,self_training,4,1000,transfer,0.8895999293439547,0.8896,2000,1000,0,1000,10.0,0.8956895608857062,budget_cv,0.326
1f7f2e0f41,main,clothing,music,svm,self_training,4,1000,target_only,0.8839759412511778,0.884,0,1000,0,1000,10.0,0.8835578969698394,budget_cv,0.088
1f7f2e0f41,main,clothing,music,svm,self_training,4,2000,transfer,0.8959946083604975,0.896,2000,2000,0,1000,1.0,0.8959098898648253,budget_cv,0.295
1f7f2e0f41,main,clothing,music,svm,self_training,4,2000,target_only,0.8871766049408005,0.8872,0,2000,0,1000,10.0,0.8934140319995038,budget_cv,0.15
1f7f2e0f41,main,clothing,electronics,logreg,random,0,0,source_only,0.8563965328571974,0.8572,2000,0,0,0,10.0,0.9126383614957914,source_val_fallback,0.076
1f7f2e0f41,main,clothing,electronics,logreg,random,0,50,transfer,0.8691033046356382,0.8696,2000,50,0,0,10.0,0.8358117516012253,budget_cv,0.255
1f7f2e0f41,main,clothing,electronics,logreg,random,0,50,target_only,0.7251883665003654,0.7264,0,50,0,0,0.1,0.733406432748538,budget_cv,0.091
1f7f2e0f41,main,clothing,electronics,logreg,random,0,100,transfer,0.8765059062253213,0.8768,2000,100,0,0,10.0,0.8595452069716775,budget_cv,0.262
1f7f2e0f41,main,clothing,electronics,logreg,random,0,100,target_only,0.7863912505856241,0.7864,0,100,0,0,0.1,0.7376877310349141,budget_cv,0.096
1f7f2e0f41,main,clothing,electronics,logreg,random,0,250,transfer,0.8615080544506977,0.862,2000,250,0,0,1.0,0.8468599033816425,budget_cv,0.256
1f7f2e0f41,main,clothing,electronics,logreg,random,0,250,target_only,0.8356461527410053,0.836,0,250,0,0,1.0,0.8072826517087078,budget_cv,0.113
1f7f2e0f41,main,clothing,electronics,logreg,random,0,500,transfer,0.8854941782998176,0.8856,2000,500,0,0,10.0,0.8856164079402934,budget_cv,0.281
1f7f2e0f41,main,clothing,electronics,logreg,random,0,500,target_only,0.8711398790219564,0.8712,0,500,0,0,10.0,0.8516917356992488,budget_cv,0.134
1f7f2e0f41,main,clothing,electronics,logreg,random,0,1000,transfer,0.9031820925598398,0.9032,2000,1000,0,0,10.0,0.8899630551099524,budget_cv,0.307
1f7f2e0f41,main,clothing,electronics,logreg,random,0,1000,target_only,0.8875935074009875,0.8876,0,1000,0,0,10.0,0.8839852863959613,budget_cv,0.159
1f7f2e0f41,main,clothing,electronics,logreg,random,0,2000,transfer,0.9079941116231438,0.908,2000,2000,0,0,10.0,0.8984674132228522,budget_cv,0.36
1f7f2e0f41,main,clothing,electronics,logreg,random,0,2000,target_only,0.9047997562873761,0.9048,0,2000,0,0,10.0,0.8963929083801746,budget_cv,0.23
1f7f2e0f41,main,clothing,electronics,logreg,random,1,0,source_only,0.8563965328571974,0.8572,2000,0,0,0,10.0,0.9126383614957914,source_val_fallback,0.076
1f7f2e0f41,main,clothing,electronics,logreg,random,1,50,transfer,0.8479028947700485,0.8488,2000,50,0,0,1.0,0.8800839926613921,budget_cv,0.241
1f7f2e0f41,main,clothing,electronics,logreg,random,1,50,target_only,0.7483248617757443,0.7548,0,50,0,0,0.01,0.7439081386449807,budget_cv,0.095
1f7f2e0f41,main,clothing,electronics,logreg,random,1,100,transfer,0.8558314221961139,0.8564,2000,100,0,0,1.0,0.8478589876439339,budget_cv,0.246
1f7f2e0f41,main,clothing,electronics,logreg,random,1,100,target_only,0.7876205131996283,0.7904,0,100,0,0,0.01,0.8125832518252626,budget_cv,0.104
1f7f2e0f41,main,clothing,electronics,logreg,random,1,250,transfer,0.8809210504158622,0.8812,2000,250,0,0,10.0,0.849943796232142,budget_cv,0.27
1f7f2e0f41,main,clothing,electronics,logreg,random,1,250,target_only,0.8358167949864792,0.8364,0,250,0,0,1.0,0.8209773215984396,budget_cv,0.116
1f7f2e0f41,main,clothing,electronics,logreg,random,1,500,transfer,0.8918660176705345,0.892,2000,500,0,0,10.0,0.8850602636285744,budget_cv,0.282
1f7f2e0f41,main,clothing,electronics,logreg,random,1,500,target_only,0.8671625079462427,0.8672,0,500,0,0,1.0,0.8615079290328165,budget_cv,0.126
1f7f2e0f41,main,clothing,electronics,logreg,random,1,1000,transfer,0.8983789278544798,0.8984,2000,1000,0,0,10.0,0.8879455356397895,budget_cv,0.305
1f7f2e0f41,main,clothing,electronics,logreg,random,1,1000,target_only,0.885197777428971,0.8852,0,1000,0,0,10.0,0.8809733296279454,budget_cv,0.158
1f7f2e0f41,main,clothing,electronics,logreg,random,1,2000,transfer,0.9079941116231438,0.908,2000,2000,0,0,10.0,0.8979668651431281,budget_cv,0.365
1f7f2e0f41,main,clothing,electronics,logreg,random,1,2000,target_only,0.9047997562873761,0.9048,0,2000,0,0,10.0,0.8989366547346368,budget_cv,0.225
1f7f2e0f41,main,clothing,electronics,logreg,random,2,0,source_only,0.8563965328571974,0.8572,2000,0,0,0,10.0,0.9126383614957914,source_val_fallback,0.075
1f7f2e0f41,main,clothing,electronics,logreg,random,2,50,transfer,0.8354595923356515,0.8364,2000,50,0,0,0.01,0.7993163054695561,budget_cv,0.239
1f7f2e0f41,main,clothing,electronics,logreg,random,2,50,target_only,0.7272511303746052,0.7296,0,50,0,0,0.01,0.6953111946532999,budget_cv,0.099
1f7f2e0f41,main,clothing,electronics,logreg,random,2,100,transfer,0.8596086112708453,0.86,2000,100,0,0,1.0,0.8202563267079396,budget_cv,0.249
1f7f2e0f41,main,clothing,electronics,logreg,random,2,100,target_only,0.7827935410294539,0.7844,0,100,0,0,0.01,0.762230725342603,budget_cv,0.105
1f7f2e0f41,main,clothing,electronics,logreg,random,2,250,transfer,0.8762826367605365,0.8764,2000,250,0,0,10.0,0.8514429653454044,budget_cv,0.273
1f7f2e0f41,main,clothing,electronics,logreg,random,2,250,target_only,0.8381512968087281,0.8384,0,250,0,0,10.0,0.8124066594299183,budget_cv,0.119
1f7f2e0f41,main,clothing,electronics,logreg,random,2,500,transfer,0.8855152996392851,0.8856,2000,500,0,0,10.0,0.8675312774240146,budget_cv,0.28
1f7f2e0f41,main,clothing,electronics,logreg,random,2,500,target_only,0.8699800081260495,0.87,0,500,0,0,0.01,0.8559011044245873,budget_cv,0.129
1f7f2e0f41,main,clothing,electronics,logreg,random,2,1000,transfer,0.8967830889412922,0.8968,2000,1000,0,0,10.0,0.8779074118551685,budget_cv,0.309
1f7f2e0f41,main,clothing,electronics,logreg,random,2,1000,target_only,0.8955986469584646,0.8956,0,1000,0,0,10.0,0.8649215141908183,budget_cv,0.16
1f7f2e0f41,main,clothing,electronics,logreg,random,2,2000,transfer,0.9079941116231438,0.908,2000,2000,0,0,10.0,0.8984630768112488,budget_cv,0.36
1f7f2e0f41,main,clothing,electronics,logreg,random,2,2000,target_only,0.9047997562873761,0.9048,0,2000,0,0,10.0,0.9009487341920487,budget_cv,0.22
1f7f2e0f41,main,clothing,electronics,logreg,random,3,0,source_only,0.8563965328571974,0.8572,2000,0,0,0,10.0,0.9126383614957914,source_val_fallback,0.077
1f7f2e0f41,main,clothing,electronics,logreg,random,3,50,transfer,0.8675102330278199,0.868,2000,50,0,0,10.0,0.8121101364522417,budget_cv,0.255
1f7f2e0f41,main,clothing,electronics,logreg,random,3,50,target_only,0.702880346792293,0.7032,0,50,0,0,0.1,0.7945894147132537,budget_cv,0.091
1f7f2e0f41,main,clothing,electronics,logreg,random,3,100,transfer,0.8601379714797209,0.8608,2000,100,0,0,1.0,0.805318607726103,budget_cv,0.25
1f7f2e0f41,main,clothing,electronics,logreg,random,3,100,target_only,0.777199679167538,0.7772,0,100,0,0,1.0,0.7350412387177094,budget_cv,0.104
1f7f2e0f41,main,clothing,electronics,logreg,random,3,250,transfer,0.8786247341160636,0.8788,2000,250,0,0,10.0,0.8600205188973516,budget_cv,0.27
1f7f2e0f41,main,clothing,electronics,logreg,random,3,250,target_only,0.8499106428002976,0.85,0,250,0,0,0.01,0.8113861877487017,budget_cv,0.111
1f7f2e0f41,main,clothing,electronics,logreg,random,3,500,transfer,0.8857142857142857,0.886,2000,500,0,0,10.0,0.887493761280059,budget_cv,0.279
1f7f2e0f41,main,clothing,electronics,logreg,random,3,500,target_only,0.8672242126556264,0.8676,0,500,0,0,10.0,0.8573265623777382,budget_cv,0.136
1f7f2e0f41,main,clothing,electronics,logreg,random,3,1000,transfer,0.8959317978630476,0.896,2000,1000,0,0,10.0,0.8959749008521446,budget_cv,0.306
1f7f2e0f41,main,clothing,electronics,logreg,random,3,1000,target_only,0.8907676847118451,0.8908,0,1000,0,0,10.0,0.8869598577004671,budget_cv,0.156
1f7f2e0f41,main,clothing,electronics,logreg,random,3,2000,transfer,0.9079941116231438,0.908,2000,2000,0,0,10.0,0.8974757129108991,budget_cv,0.377
1f7f2e0f41,main,clothing,electronics,logreg,random,3,2000,target_only,0.9047997562873761,0.9048,0,2000,0,0,10.0,0.895947905794885,budget_cv,0.232
1f7f2e0f41,main,clothing,electronics,logreg,random,4,0,source_only,0.8563965328571974,0.8572,2000,0,0,0,10.0,0.9126383614957914,source_val_fallback,0.082
1f7f2e0f41,main,clothing,electronics,logreg,random,4,50,transfer,0.8319337485254907,0.8332,2000,50,0,0,0.01,0.7914735591206178,budget_cv,0.244
1f7f2e0f41,main,clothing,electronics,logreg,random,4,50,target_only,0.7499566053721581,0.752,0,50,0,0,0.01,0.6098440545808966,budget_cv,0.095
1f7f2e0f41,main,clothing,electronics,logreg,random,4,100,transfer,0.8352925068158297,0.8364,2000,100,0,0,0.01,0.8160862534518448,budget_cv,0.237
1f7f2e0f41,main,clothing,electronics,logreg,random,4,100,target_only,0.8110652693679761,0.8116,0,100,0,0,0.1,0.7457882285468492,budget_cv,0.095
1f7f2e0f41,main,clothing,electronics,logreg,random,4,250,transfer,0.8814724833564942,0.8816,2000,250,0,0,10.0,0.8798433675837899,budget_cv,0.268
1f7f2e0f41,main,clothing,electronics,logreg,random,4,250,target_only,0.8488336713669746,0.8496,0,250,0,0,0.1,0.871058485724364,budget_cv,0.116
1f7f2e0f41,main,clothing,electronics,logreg,random,4,500,transfer,0.8931835759066313,0.8932,2000,500,0,0,10.0,0.8779243513502261,budget_cv,0.281
1f7f2e0f41,main,clothing,electronics,logreg,random,4,500,target_only,0.8705716884584407,0.8708,0,500,0,0,10.0,0.8594980119683805,budget_cv,0.129
1f7f2e0f41,main,clothing,electronics,logreg,random,4,1000,transfer,0.8979751712376725,0.898,2000,1000,0,0,10.0,0.8799540849512533,budget_cv,0.305
1f7f2e0f41,main,clothing,electronics,logreg,random,4,1000,target_only,0.8899960398574349,0.89,0,1000,0,0,10.0,0.8829139724475418,budget_cv,0.163
1f7f2e0f41,main,clothing,electronics,logreg,random,4,2000,transfer,0.9079941116231438,0.908,2000,2000,0,0,10.0,0.8979770582392068,budget_cv,0.367
1f7f2e0f41,main,clothing,electronics,logreg,random,4,2000,target_only,0.9047997562873761,0.9048,0,2000,0,0,10.0,0.8949563512845972,budget_cv,0.225
1f7f2e0f41,main,clothing,electronics,logreg,uncertainty,0,0,source_only,0.8563965328571974,0.8572,2000,0,0,0,10.0,0.9126383614957914,source_val_fallback,0.074
1f7f2e0f41,main,clothing,electronics,logreg,uncertainty,0,50,transfer,0.8716529495756525,0.872,2000,50,0,0,10.0,0.801948051948052,budget_cv,0.255
1f7f2e0f41,main,clothing,electronics,logreg,uncertainty,0,50,target_only,0.6807275541795665,0.6832,0,50,0,0,0.01,0.6622953070321492,budget_cv,0.104
1f7f2e0f41,main,clothing,electronics,logreg,uncertainty,0,100,transfer,0.873955450814536,0.874,2000,100,0,0,10.0,0.6257816708974191,budget_cv,0.26
1f7f2e0f41,main,clothing,electronics,logreg,uncertainty,0,100,target_only,0.5394388825830636,0.5956,0,100,0,0,0.1,0.5725435221661638,budget_cv,0.106
1f7f2e0f41,main,clothing,electronics,logreg,uncertainty,0,250,transfer,0.8859969173566453,0.886,2000,250,0,0,10.0,0.6824783978634988,budget_cv,0.27
1f7f2e0f41,main,clothing,electronics,logreg,uncertainty,0,250,target_only,0.694686124480645,0.696,0,250,0,0,0.01,0.6507670762854617,budget_cv,0.116
1f7f2e0f41,main,clothing,electronics,logreg,uncertainty,0,500,transfer,0.8979776530251187,0.898,2000,500,0,0,10.0,0.6837851091638996,budget_cv,0.287
1f7f2e0f41,main,clothing,electronics,logreg,uncertainty,0,500,target_only,0.7549099702624098,0.7552,0,500,0,0,0.01,0.6410385753820582,budget_cv,0.124
1f7f2e0f41,main,clothing,electronics,logreg,uncertainty,0,1000,transfer,0.910786282498797,0.9108,2000,1000,0,0,10.0,0.7837824221020835,budget_cv,0.323
1f7f2e0f41,main,clothing,electronics,logreg,uncertainty,0,1000,target_only,0.882393903299947,0.8824,0,1000,0,0,10.0,0.7226846751177884,budget_cv,0.16
1f7f2e0f41,main,clothing,electronics,logreg,uncertainty,0,2000,transfer,0.9079941116231438,0.908,2000,2000,0,0,10.0,0.8999841935337698,budget_cv,0.36
1f7f2e0f41,main,clothing,electronics,logreg,uncertainty,0,2000,target_only,0.9047997562873761,0.9048,0,2000,0,0,10.0,0.8958976286152899,budget_cv,0.226
1f7f2e0f41,main,clothing,electronics,logreg,uncertainty,1,0,source_only,0.8563965328571974,0.8572,2000,0,0,0,10.0,0.9126383614957914,source_val_fallback,0.074
1f7f2e0f41,main,clothing,electronics,logreg,uncertainty,1,50,transfer,0.869596877001688,0.87,2000,50,0,0,10.0,0.8206129619173098,budget_cv,0.256
1f7f2e0f41,main,clothing,electronics,logreg,uncertainty,1,50,target_only,0.7002734372931104,0.7012,0,50,0,0,0.01,0.6583694083694084,budget_cv,0.102
1f7f2e0f41,main,clothing,electronics,logreg,uncertainty,1,100,transfer,0.8707617661609011,0.8708,2000,100,0,0,10.0,0.7226753319144623,budget_cv,0.265
1f7f2e0f41,main,clothing,electronics,logreg,uncertainty,1,100,target_only,0.6963309576755747,0.7032,0,100,0,0,0.01,0.6209532047260242,budget_cv,0.106
1f7f2e0f41,main,clothing,electronics,logreg,uncertainty,1,250,transfer,0.89079788584707,0.8908,2000,250,0,0,10.0,0.7013890794206619,budget_cv,0.273
1f7f2e0f41,main,clothing,electronics,logreg,uncertainty,1,250,target_only,0.7179898476345148,0.718,0,250,0,0,0.01,0.5916216585548292,budget_cv,0.117
1f7f2e0f41,main,clothing,electronics,logreg,uncertainty,1,500,transfer,0.8967809085968541,0.8968,2000,500,0,0,10.0,0.6871452329689772,budget_cv,0.288
1f7f2e0f41,main,clothing,electronics,logreg,uncertainty,1,500,target_only,0.7720568452571239,0.7724,0,500,0,0,0.1,0.6275253493561154,budget_cv,0.133
1f7f2e0f41,main,clothing,electronics,logreg,uncertainty,1,1000,transfer,0.9079787394079528,0.908,2000,1000,0,0,10.0,0.7829213798191397,budget_cv,0.322
1f7f2e0f41,main,clothing,electronics,logreg,uncertainty,1,1000,target_only,0.8827990811447961,0.8828,0,1000,0,0,10.0,0.7150180910146879,budget_cv,0.166
1f7f2e0f41,main,clothing,electronics,logreg,uncertainty,1,2000,transfer,0.9079941116231438,0.908,2000,2000,0,0,10.0,0.8964529672497249,budget_cv,0.361
1f7f2e0f41,main,clothing,electronics,logreg,uncertainty,1,2000,target_only,0.9047997562873761,0.9048,0,2000,0,0,10.0,0.8989634735135578,budget_cv,0.222
1f7f2e0f41,main,clothing,electronics,logreg,uncertainty,2,0,source_only,0.8563965328571974,0.8572,2000,0,0,0,10.0,0.9126383614957914,source_val_fallback,0.075
1f7f2e0f41,main,clothing,electronics,logreg,uncertainty,2,50,transfer,0.8534219195030128,0.854,2000,50,0,0,1.0,0.6976190476190477,budget_cv,0.245
1f7f2e0f41,main,clothing,electronics,logreg,uncertainty,2,50,target_only,0.6604410653994595,0.6676,0,50,0,0,0.01,0.6870352729485857,budget_cv,0.103
1f7f2e0f41,main,clothing,electronics,logreg,uncertainty,2,100,transfer,0.8811680389557575,0.8812,2000,100,0,0,10.0,0.6837710437710438,budget_cv,0.263
1f7f2e0f41,main,clothing,electronics,logreg,uncertainty,2,100,target_only,0.7077708923796256,0.708,0,100,0,0,0.01,0.6743943191311613,budget_cv,0.108
1f7f2e0f41,main,clothing,electronics,logreg,uncertainty,2,250,transfer,0.8847973457308457,0.8848,2000,250,0,0,10.0,0.6824520629674504,budget_cv,0.277
1f7f2e0f41,main,clothing,electronics,logreg,uncertainty,2,250,target_only,0.7247857328923931,0.7248,0,250,0,0,0.01,0.5800213986932575,budget_cv,0.116
1f7f2e0f41,main,clothing,electronics,logreg,uncertainty,2,500,transfer,0.8979913659892174,0.898,2000,500,0,0,10.0,0.6968351327998246,budget_cv,0.291
1f7f2e0f41,main,clothing,electronics,logreg,uncertainty,2,500,target_only,0.777478730575096,0.778,0,500,0,0,1.0,0.6190614809222754,budget_cv,0.13
1f7f2e0f41,main,clothing,electronics,logreg,uncertainty,2,1000,transfer,0.9107895944983022,0.9108,2000,1000,0,0,10.0,0.7879303705066084,budget_cv,0.325
1f7f2e0f41,main,clothing,electronics,logreg,uncertainty,2,1000,target_only,0.8815962868595559,0.8816,0,1000,0,0,10.0,0.7347697724783222,budget_cv,0.163
1f7f2e0f41,main,clothing,electronics,logreg,uncertainty,2,2000,transfer,0.9079941116231438,0.908,2000,2000,0,0,10.0,0.8984740246389787,budget_cv,0.36
1f7f2e0f41,main,clothing,electronics,logreg,uncertainty,2,2000,target_only,0.9047997562873761,0.9048,0,2000,0,0,10.0,0.8969222396511617,budget_cv,0.228
1f7f2e0f41,main,clothing,electronics,logreg,uncertainty,3,0,source_only,0.8563965328571974,0.8572,2000,0,0,0,10.0,0.9126383614957914,source_val_fallback,0.074
1f7f2e0f41,main,clothing,electronics,logreg,uncertainty,3,50,transfer,0.8701923076923077,0.8704,2000,50,0,0,10.0,0.7718559218559218,budget_cv,0.256
1f7f2e0f41,main,clothing,electronics,logreg,uncertainty,3,50,target_only,0.6421860838207643,0.644,0,50,0,0,0.01,0.49938271604938267,budget_cv,0.099
1f7f2e0f41,main,clothing,electronics,logreg,uncertainty,3,100,transfer,0.8775971798390234,0.8776,2000,100,0,0,10.0,0.7155057413036136,budget_cv,0.263
1f7f2e0f41,main,clothing,electronics,logreg,uncertainty,3,100,target_only,0.641771331738437,0.6504,0,100,0,0,0.01,0.6427044502011331,budget_cv,0.11
1f7f2e0f41,main,clothing,electronics,logreg,uncertainty,3,250,transfer,0.8931961550615822,0.8932,2000,250,0,0,10.0,0.6732392393690034,budget_cv,0.28
1f7f2e0f41,main,clothing,electronics,logreg,uncertainty,3,250,target_only,0.695976456416785,0.696,0,250,0,0,0.01,0.620124020484942,budget_cv,0.118
1f7f2e0f41,main,clothing,electronics,logreg,uncertainty,3,500,transfer,0.8975958055241943,0.8976,2000,500,0,0,10.0,0.659809575310647,budget_cv,0.294
1f7f2e0f41,main,clothing,electronics,logreg,uncertainty,3,500,target_only,0.7371156570703847,0.738,0,500,0,0,0.1,0.5989057068048664,budget_cv,0.133
1f7f2e0f41,main,clothing,electronics,logreg,uncertainty,3,1000,transfer,0.9107895944983022,0.9108,2000,1000,0,0,10.0,0.7888274896660236,budget_cv,0.323
1f7f2e0f41,main,clothing,electronics,logreg,uncertainty,3,1000,target_only,0.8811957230460297,0.8812,0,1000,0,0,10.0,0.7288679205795678,budget_cv,0.158
1f7f2e0f41,main,clothing,electronics,logreg,uncertainty,3,2000,transfer,0.9079941116231438,0.908,2000,2000,0,0,10.0,0.896485845586413,budget_cv,0.364
1f7f2e0f41,main,clothing,electronics,logreg,uncertainty,3,2000,target_only,0.9047997562873761,0.9048,0,2000,0,0,10.0,0.8959286467795335,budget_cv,0.227
1f7f2e0f41,main,clothing,electronics,logreg,uncertainty,4,0,source_only,0.8563965328571974,0.8572,2000,0,0,0,10.0,0.9126383614957914,source_val_fallback,0.074
1f7f2e0f41,main,clothing,electronics,logreg,uncertainty,4,50,transfer,0.8677799011346248,0.868,2000,50,0,0,10.0,0.7498412698412699,budget_cv,0.256
1f7f2e0f41,main,clothing,electronics,logreg,uncertainty,4,50,target_only,0.47975969288830544,0.564,0,50,0,0,0.01,0.4350834350834351,budget_cv,0.108
1f7f2e0f41,main,clothing,electronics,logreg,uncertainty,4,100,transfer,0.876733653121456,0.8768,2000,100,0,0,10.0,0.719023569023569,budget_cv,0.265
1f7f2e0f41,main,clothing,electronics,logreg,uncertainty,4,100,target_only,0.5671348764796117,0.6128,0,100,0,0,0.01,0.6013888888888889,budget_cv,0.108
1f7f2e0f41,main,clothing,electronics,logreg,uncertainty,4,250,transfer,0.889589824598235,0.8896,2000,250,0,0,10.0,0.6843113895101661,budget_cv,0.268
1f7f2e0f41,main,clothing,electronics,logreg,uncertainty,4,250,target_only,0.6938113984996516,0.6972,0,250,0,0,0.01,0.6486250807396109,budget_cv,0.116
1f7f2e0f41,main,clothing,electronics,logreg,uncertainty,4,500,transfer,0.8979843140681311,0.898,2000,500,0,0,10.0,0.7023390572432965,budget_cv,0.287
1f7f2e0f41,main,clothing,electronics,logreg,uncertainty,4,500,target_only,0.7651022449502585,0.7652,0,500,0,0,0.01,0.6191450295583031,budget_cv,0.127
1f7f2e0f41,main,clothing,electronics,logreg,uncertainty,4,1000,transfer,0.9103814166905649,0.9104,2000,1000,0,0,10.0,0.7749434298471947,budget_cv,0.319
1f7f2e0f41,main,clothing,electronics,logreg,uncertainty,4,1000,target_only,0.8831939447740971,0.8832,0,1000,0,0,10.0,0.7357448947224219,budget_cv,0.166
1f7f2e0f41,main,clothing,electronics,logreg,uncertainty,4,2000,transfer,0.9079941116231438,0.908,2000,2000,0,0,10.0,0.8984814617607402,budget_cv,0.362
1f7f2e0f41,main,clothing,electronics,logreg,uncertainty,4,2000,target_only,0.9047997562873761,0.9048,0,2000,0,0,10.0,0.8899549667142197,budget_cv,0.223
1f7f2e0f41,main,clothing,electronics,logreg,self_training,0,0,uda_self_training,0.8607085346215781,0.8616,2000,0,0,1000,10.0,0.9126383614957914,source_val_fallback,0.148
1f7f2e0f41,main,clothing,electronics,logreg,self_training,0,50,transfer,0.8685995313945858,0.8692,2000,50,0,1000,10.0,0.8358117516012253,budget_cv,0.331
1f7f2e0f41,main,clothing,electronics,logreg,self_training,0,50,target_only,0.673131627299493,0.6976,0,50,0,1000,0.1,0.733406432748538,budget_cv,0.118
1f7f2e0f41,main,clothing,electronics,logreg,self_training,0,100,transfer,0.8720486763736397,0.8724,2000,100,0,1000,10.0,0.8595452069716775,budget_cv,0.332
1f7f2e0f41,main,clothing,electronics,logreg,self_training,0,100,target_only,0.7642292355421036,0.7692,0,100,0,1000,0.1,0.7376877310349141,budget_cv,0.122
1f7f2e0f41,main,clothing,electronics,logreg,self_training,0,250,transfer,0.8651013281737803,0.8656,2000,250,0,1000,1.0,0.8468599033816425,budget_cv,0.311
1f7f2e0f41,main,clothing,electronics,logreg,self_training,0,250,target_only,0.8155349268196649,0.818,0,250,0,1000,1.0,0.8072826517087078,budget_cv,0.141
1f7f2e0f41,main,clothing,electronics,logreg,self_training,0,500,transfer,0.8895031871124204,0.8896,2000,500,0,1000,10.0,0.8856164079402934,budget_cv,0.361
1f7f2e0f41,main,clothing,electronics,logreg,self_training,0,500,target_only,0.8746748553235318,0.8748,0,500,0,1000,10.0,0.8516917356992488,budget_cv,0.186
1f7f2e0f41,main,clothing,electronics,logreg,self_training,0,1000,transfer,0.9019682377090177,0.902,2000,1000,0,1000,10.0,0.8899630551099524,budget_cv,0.392
1f7f2e0f41,main,clothing,electronics,logreg,self_training,0,1000,target_only,0.8919864507803859,0.892,0,1000,0,1000,10.0,0.8839852863959613,budget_cv,0.236
1f7f2e0f41,main,clothing,electronics,logreg,self_training,0,2000,transfer,0.9063882573430011,0.9064,2000,2000,0,1000,10.0,0.8984674132228522,budget_cv,0.507
1f7f2e0f41,main,clothing,electronics,logreg,self_training,0,2000,target_only,0.9011980871949681,0.9012,0,2000,0,1000,10.0,0.8963929083801746,budget_cv,0.311
1f7f2e0f41,main,clothing,electronics,logreg,self_training,1,0,uda_self_training,0.8607085346215781,0.8616,2000,0,0,1000,10.0,0.9126383614957914,source_val_fallback,0.157
1f7f2e0f41,main,clothing,electronics,logreg,self_training,1,50,transfer,0.8537976601503652,0.8548,2000,50,0,1000,1.0,0.8800839926613921,budget_cv,0.294
1f7f2e0f41,main,clothing,electronics,logreg,self_training,1,50,target_only,0.5829619230547409,0.6344,0,50,0,1000,0.01,0.7439081386449807,budget_cv,0.114
1f7f2e0f41,main,clothing,electronics,logreg,self_training,1,100,transfer,0.8598186173408147,0.8604,2000,100,0,1000,1.0,0.8478589876439339,budget_cv,0.296
1f7f2e0f41,main,clothing,electronics,logreg,self_training,1,100,target_only,0.6780610610278845,0.7016,0,100,0,1000,0.01,0.8125832518252626,budget_cv,0.123
1f7f2e0f41,main,clothing,electronics,logreg,self_training,1,250,transfer,0.8808525660826971,0.8812,2000,250,0,1000,10.0,0.849943796232142,budget_cv,0.348
1f7f2e0f41,main,clothing,electronics,logreg,self_training,1,250,target_only,0.8200385352091168,0.822,0,250,0,1000,1.0,0.8209773215984396,budget_cv,0.146
1f7f2e0f41,main,clothing,electronics,logreg,self_training,1,500,transfer,0.8910524588819162,0.8912,2000,500,0,1000,10.0,0.8850602636285744,budget_cv,0.362
1f7f2e0f41,main,clothing,electronics,logreg,self_training,1,500,target_only,0.8570991840845099,0.8576,0,500,0,1000,1.0,0.8615079290328165,budget_cv,0.165
1f7f2e0f41,main,clothing,electronics,logreg,self_training,1,1000,transfer,0.8963601857289496,0.8964,2000,1000,0,1000,10.0,0.8879455356397895,budget_cv,0.401
1f7f2e0f41,main,clothing,electronics,logreg,self_training,1,1000,target_only,0.8823872790080975,0.8824,0,1000,0,1000,10.0,0.8809733296279454,budget_cv,0.222
1f7f2e0f41,main,clothing,electronics,logreg,self_training,1,2000,transfer,0.9063882573430011,0.9064,2000,2000,0,1000,10.0,0.8979668651431281,budget_cv,0.483
1f7f2e0f41,main,clothing,electronics,logreg,self_training,1,2000,target_only,0.9011980871949681,0.9012,0,2000,0,1000,10.0,0.8989366547346368,budget_cv,0.306
1f7f2e0f41,main,clothing,electronics,logreg,self_training,2,0,uda_self_training,0.8607085346215781,0.8616,2000,0,0,1000,10.0,0.9126383614957914,source_val_fallback,0.148
1f7f2e0f41,main,clothing,electronics,logreg,self_training,2,50,transfer,0.8263596283950335,0.8284,2000,50,0,1000,0.01,0.7993163054695561,budget_cv,0.265
1f7f2e0f41,main,clothing,electronics,logreg,self_training,2,50,target_only,0.5265828666523841,0.598,0,50,0,1000,0.01,0.6953111946532999,budget_cv,0.121
1f7f2e0f41,main,clothing,electronics,logreg,self_training,2,100,transfer,0.8627818909329483,0.8632,2000,100,0,1000,1.0,0.8202563267079396,budget_cv,0.299
1f7f2e0f41,main,clothing,electronics,logreg,self_training,2,100,target_only,0.8188985312510617,0.8192,0,100,0,1000,0.01,0.762230725342603,budget_cv,0.122
1f7f2e0f41,main,clothing,electronics,logreg,self_training,2,250,transfer,0.8814846324005641,0.8816,2000,250,0,1000,10.0,0.8514429653454044,budget_cv,0.346
1f7f2e0f41,main,clothing,electronics,logreg,self_training,2,250,target_only,0.8542431889924457,0.8544,0,250,0,1000,10.0,0.8124066594299183,budget_cv,0.167
1f7f2e0f41,main,clothing,electronics,logreg,self_training,2,500,transfer,0.8867186367936907,0.8868,2000,500,0,1000,10.0,0.8675312774240146,budget_cv,0.361
1f7f2e0f41,main,clothing,electronics,logreg,self_training,2,500,target_only,0.7884621541642083,0.7928,0,500,0,1000,0.01,0.8559011044245873,budget_cv,0.14
1f7f2e0f41,main,clothing,electronics,logreg,self_training,2,1000,transfer,0.8951704128973361,0.8952,2000,1000,0,1000,10.0,0.8779074118551685,budget_cv,0.406
1f7f2e0f41,main,clothing,electronics,logreg,self_training,2,1000,target_only,0.889589824598235,0.8896,0,1000,0,1000,10.0,0.8649215141908183,budget_cv,0.217
1f7f2e0f41,main,clothing,electronics,logreg,self_training,2,2000,transfer,0.9063882573430011,0.9064,2000,2000,0,1000,10.0,0.8984630768112488,budget_cv,0.481
1f7f2e0f41,main,clothing,electronics,logreg,self_training,2,2000,target_only,0.9011980871949681,0.9012,0,2000,0,1000,10.0,0.9009487341920487,budget_cv,0.306
1f7f2e0f41,main,clothing,electronics,logreg,self_training,3,0,uda_self_training,0.8607085346215781,0.8616,2000,0,0,1000,10.0,0.9126383614957914,source_val_fallback,0.147
1f7f2e0f41,main,clothing,electronics,logreg,self_training,3,50,transfer,0.8710785177612033,0.8716,2000,50,0,1000,10.0,0.8121101364522417,budget_cv,0.33
1f7f2e0f41,main,clothing,electronics,logreg,self_training,3,50,target_only,0.8229115150016486,0.824,0,50,0,1000,0.1,0.7945894147132537,budget_cv,0.118
1f7f2e0f41,main,clothing,electronics,logreg,self_training,3,100,transfer,0.8645811684402918,0.8652,2000,100,0,1000,1.0,0.805318607726103,budget_cv,0.296
1f7f2e0f41,main,clothing,electronics,logreg,self_training,3,100,target_only,0.7537715145688568,0.7572,0,100,0,1000,1.0,0.7350412387177094,budget_cv,0.138
1f7f2e0f41,main,clothing,electronics,logreg,self_training,3,250,transfer,0.8789905859484188,0.8792,2000,250,0,1000,10.0,0.8600205188973516,budget_cv,0.342
1f7f2e0f41,main,clothing,electronics,logreg,self_training,3,250,target_only,0.7743965147789151,0.78,0,250,0,1000,0.01,0.8113861877487017,budget_cv,0.13
1f7f2e0f41,main,clothing,electronics,logreg,self_training,3,500,transfer,0.8856956578307138,0.886,2000,500,0,1000,10.0,0.887493761280059,budget_cv,0.356
1f7f2e0f41,main,clothing,electronics,logreg,self_training,3,500,target_only,0.8666941630031653,0.8672,0,500,0,1000,10.0,0.8573265623777382,budget_cv,0.188
1f7f2e0f41,main,clothing,electronics,logreg,self_training,3,1000,transfer,0.8939191918836094,0.894,2000,1000,0,1000,10.0,0.8959749008521446,budget_cv,0.394
1f7f2e0f41,main,clothing,electronics,logreg,self_training,3,1000,target_only,0.8863508308234475,0.8864,0,1000,0,1000,10.0,0.8869598577004671,budget_cv,0.218
1f7f2e0f41,main,clothing,electronics,logreg,self_training,3,2000,transfer,0.9063882573430011,0.9064,2000,2000,0,1000,10.0,0.8974757129108991,budget_cv,0.477
1f7f2e0f41,main,clothing,electronics,logreg,self_training,3,2000,target_only,0.9011980871949681,0.9012,0,2000,0,1000,10.0,0.895947905794885,budget_cv,0.306
1f7f2e0f41,main,clothing,electronics,logreg,self_training,4,0,uda_self_training,0.8607085346215781,0.8616,2000,0,0,1000,10.0,0.9126383614957914,source_val_fallback,0.145
1f7f2e0f41,main,clothing,electronics,logreg,self_training,4,50,transfer,0.8194865304499857,0.822,2000,50,0,1000,0.01,0.7914735591206178,budget_cv,0.266
1f7f2e0f41,main,clothing,electronics,logreg,self_training,4,50,target_only,0.7386540684525306,0.7504,0,50,0,1000,0.01,0.6098440545808966,budget_cv,0.109
1f7f2e0f41,main,clothing,electronics,logreg,self_training,4,100,transfer,0.8216660797859474,0.824,2000,100,0,1000,0.01,0.8160862534518448,budget_cv,0.27
1f7f2e0f41,main,clothing,electronics,logreg,self_training,4,100,target_only,0.7316653652436882,0.744,0,100,0,1000,0.1,0.7457882285468492,budget_cv,0.117
1f7f2e0f41,main,clothing,electronics,logreg,self_training,4,250,transfer,0.881466180058639,0.8816,2000,250,0,1000,10.0,0.8798433675837899,budget_cv,0.341
1f7f2e0f41,main,clothing,electronics,logreg,self_training,4,250,target_only,0.8269858147771578,0.8288,0,250,0,1000,0.1,0.871058485724364,budget_cv,0.137
1f7f2e0f41,main,clothing,electronics,logreg,self_training,4,500,transfer,0.8951828267543354,0.8952,2000,500,0,1000,10.0,0.8779243513502261,budget_cv,0.361
1f7f2e0f41,main,clothing,electronics,logreg,self_training,4,500,target_only,0.8767381521352153,0.8768,0,500,0,1000,10.0,0.8594980119683805,budget_cv,0.178
1f7f2e0f41,main,clothing,electronics,logreg,self_training,4,1000,transfer,0.8967785960096686,0.8968,2000,1000,0,1000,10.0,0.8799540849512533,budget_cv,0.4
1f7f2e0f41,main,clothing,electronics,logreg,self_training,4,1000,target_only,0.8847973457308457,0.8848,0,1000,0,1000,10.0,0.8829139724475418,budget_cv,0.227
1f7f2e0f41,main,clothing,electronics,logreg,self_training,4,2000,transfer,0.9063882573430011,0.9064,2000,2000,0,1000,10.0,0.8979770582392068,budget_cv,0.487
1f7f2e0f41,main,clothing,electronics,logreg,self_training,4,2000,target_only,0.9011980871949681,0.9012,0,2000,0,1000,10.0,0.8949563512845972,budget_cv,0.307
1f7f2e0f41,main,clothing,electronics,svm,random,0,0,source_only,0.8580723996411042,0.8588,2000,0,0,0,1.0,0.9133179231863442,source_val_fallback,0.05
1f7f2e0f41,main,clothing,electronics,svm,random,0,50,transfer,0.8640601503759399,0.8644,2000,50,0,0,10.0,0.856109022556391,budget_cv,0.171
1f7f2e0f41,main,clothing,electronics,svm,random,0,50,target_only,0.7254236475928699,0.7268,0,50,0,0,0.01,0.733406432748538,budget_cv,0.039
1f7f2e0f41,main,clothing,electronics,svm,random,0,100,transfer,0.8706285880540281,0.8708,2000,100,0,0,10.0,0.8696759599985406,budget_cv,0.167
1f7f2e0f41,main,clothing,electronics,svm,random,0,100,target_only,0.7851996906875547,0.7852,0,100,0,0,0.01,0.7376877310349141,budget_cv,0.041
1f7f2e0f41,main,clothing,electronics,svm,random,0,250,transfer,0.8634683786339898,0.864,2000,250,0,0,0.1,0.8508069504865844,budget_cv,0.145
1f7f2e0f41,main,clothing,electronics,svm,random,0,250,target_only,0.8348320321946043,0.8352,0,250,0,0,0.1,0.8072826517087078,budget_cv,0.043
1f7f2e0f41,main,clothing,electronics,svm,random,0,500,transfer,0.8843218015378396,0.8844,2000,500,0,0,1.0,0.8775501254262222,budget_cv,0.186
1f7f2e0f41,main,clothing,electronics,svm,random,0,500,target_only,0.8675262174020443,0.8676,0,500,0,0,1.0,0.8516831248577157,budget_cv,0.053
1f7f2e0f41,main,clothing,electronics,svm,random,0,1000,transfer,0.8955719130217263,0.8956,2000,1000,0,0,10.0,0.8969875574728384,budget_cv,0.229
1f7f2e0f41,main,clothing,electronics,svm,random,0,1000,target_only,0.8915985951177927,0.8916,0,1000,0,0,1.0,0.8819832139592698,budget_cv,0.071
1f7f2e0f41,main,clothing,electronics,svm,random,0,2000,transfer,0.9075875649827441,0.9076,2000,2000,0,0,1.0,0.8999650699141047,budget_cv,0.256
1f7f2e0f41,main,clothing,electronics,svm,random,0,2000,target_only,0.905198771376077,0.9052,0,2000,0,0,1.0,0.9003832032649489,budget_cv,0.119
1f7f2e0f41,main,clothing,electronics,svm,random,1,0,source_only,0.8580723996411042,0.8588,2000,0,0,0,1.0,0.9133179231863442,source_val_fallback,0.04
1f7f2e0f41,main,clothing,electronics,svm,random,1,50,transfer,0.8491006641019413,0.85,2000,50,0,0,0.1,0.8800839926613921,budget_cv,0.146
1f7f2e0f41,main,clothing,electronics,svm,random,1,50,target_only,0.7015354437229437,0.7176,0,50,0,0,0.01,0.7319279754062363,budget_cv,0.038
1f7f2e0f41,main,clothing,electronics,svm,random,1,100,transfer,0.8710402136663411,0.8712,2000,100,0,0,10.0,0.8788155492377504,budget_cv,0.167
1f7f2e0f41,main,clothing,electronics,svm,random,1,100,target_only,0.7503726255898014,0.758,0,100,0,0,0.01,0.7751148705096074,budget_cv,0.041
1f7f2e0f41,main,clothing,electronics,svm,random,1,250,transfer,0.8801374722973245,0.8804,2000,250,0,0,10.0,0.874517551881104,budget_cv,0.184
1f7f2e0f41,main,clothing,electronics,svm,random,1,250,target_only,0.8350296248260587,0.8356,0,250,0,0,0.1,0.8209773215984396,budget_cv,0.045
1f7f2e0f41,main,clothing,electronics,svm,random,1,500,transfer,0.8830551005918372,0.8832,2000,500,0,0,10.0,0.8972454006057342,budget_cv,0.191
1f7f2e0f41,main,clothing,electronics,svm,random,1,500,target_only,0.8651637344380145,0.8652,0,500,0,0,0.1,0.8635611382845959,budget_cv,0.052
1f7f2e0f41,main,clothing,electronics,svm,random,1,1000,transfer,0.8903842153270071,0.8904,2000,1000,0,0,10.0,0.8929532312461914,budget_cv,0.208
1f7f2e0f41,main,clothing,electronics,svm,random,1,1000,target_only,0.8851968957240604,0.8852,0,1000,0,0,1.0,0.8819770258435969,budget_cv,0.068
1f7f2e0f41,main,clothing,electronics,svm,random,1,2000,transfer,0.9043888479152209,0.9044,2000,2000,0,0,10.0,0.8994642975401804,budget_cv,0.305
1f7f2e0f41,main,clothing,electronics,svm,random,1,2000,target_only,0.9059999849599976,0.906,0,2000,0,0,10.0,0.903391473156358,budget_cv,0.114
1f7f2e0f41,main,clothing,electronics,svm,random,2,0,source_only,0.8580723996411042,0.8588,2000,0,0,0,1.0,0.9133179231863442,source_val_fallback,0.048
1f7f2e0f41,main,clothing,electronics,svm,random,2,50,transfer,0.8637732314720377,0.864,2000,50,0,0,10.0,0.8200206398348814,budget_cv,0.16
1f7f2e0f41,main,clothing,electronics,svm,random,2,50,target_only,0.7149856177357873,0.7192,0,50,0,0,0.01,0.6281565656565656,budget_cv,0.041
1f7f2e0f41,main,clothing,electronics,svm,random,2,100,transfer,0.8683216039501278,0.8684,2000,100,0,0,10.0,0.8694765886576231,budget_cv,0.165
1f7f2e0f41,main,clothing,electronics,svm,random,2,100,target_only,0.7284736933356982,0.7384,0,100,0,0,0.01,0.6548643410852714,budget_cv,0.04
1f7f2e0f41,main,clothing,electronics,svm,random,2,250,transfer,0.873097645637065,0.8732,2000,250,0,0,10.0,0.8875828895555472,budget_cv,0.177
1f7f2e0f41,main,clothing,electronics,svm,random,2,250,target_only,0.8423918295924461,0.8424,0,250,0,0,0.01,0.8059333665424516,budget_cv,0.043
1f7f2e0f41,main,clothing,electronics,svm,random,2,500,transfer,0.8835112635401143,0.8836,2000,500,0,0,10.0,0.8835056009404032,budget_cv,0.198
1f7f2e0f41,main,clothing,electronics,svm,random,2,500,target_only,0.866306821202105,0.8664,0,500,0,0,0.01,0.8557671701998245,budget_cv,0.051
1f7f2e0f41,main,clothing,electronics,svm,random,2,1000,transfer,0.8939714825699521,0.894,2000,1000,0,0,10.0,0.8839444223579064,budget_cv,0.226
1f7f2e0f41,main,clothing,electronics,svm,random,2,1000,target_only,0.8931995727982911,0.8932,0,1000,0,0,1.0,0.865899412779437,budget_cv,0.07
1f7f2e0f41,main,clothing,electronics,svm,random,2,2000,transfer,0.9075875649827441,0.9076,2000,2000,0,0,1.0,0.9004570013685221,budget_cv,0.259
1f7f2e0f41,main,clothing,electronics,svm,random,2,2000,target_only,0.9059999849599976,0.906,0,2000,0,0,10.0,0.9049261793986351,budget_cv,0.115
1f7f2e0f41,main,clothing,electronics,svm,random,3,0,source_only,0.8580723996411042,0.8588,2000,0,0,0,1.0,0.9133179231863442,source_val_fallback,0.048
1f7f2e0f41,main,clothing,electronics,svm,random,3,50,transfer,0.8707831153179634,0.8712,2000,50,0,0,1.0,0.8553946297367349,budget_cv,0.155
1f7f2e0f41,main,clothing,electronics,svm,random,3,50,target_only,0.6753085710705484,0.6816,0,50,0,0,0.1,0.7939153439153439,budget_cv,0.039
1f7f2e0f41,main,clothing,electronics,svm,random,3,100,transfer,0.871723826529565,0.872,2000,100,0,0,10.0,0.8373075271529694,budget_cv,0.162
1f7f2e0f41,main,clothing,electronics,svm,random,3,100,target_only,0.7750133871037994,0.7752,0,100,0,0,1.0,0.7350412387177094,budget_cv,0.04
1f7f2e0f41,main,clothing,electronics,svm,random,3,250,transfer,0.8790568807504049,0.8792,2000,250,0,0,10.0,0.8719358270491862,budget_cv,0.163
1f7f2e0f41,main,clothing,electronics,svm,random,3,250,target_only,0.8511355953039523,0.8512,0,250,0,0,0.01,0.8108224477754625,budget_cv,0.045
1f7f2e0f41,main,clothing,electronics,svm,random,3,500,transfer,0.8853445660380022,0.8856,2000,500,0,0,1.0,0.8934892889676852,budget_cv,0.183
1f7f2e0f41,main,clothing,electronics,svm,random,3,500,target_only,0.8652355970544352,0.8656,0,500,0,0,10.0,0.8594378355133839,budget_cv,0.053
1f7f2e0f41,main,clothing,electronics,svm,random,3,1000,transfer,0.8931232368336234,0.8932,2000,1000,0,0,10.0,0.9020130448747983,budget_cv,0.226
1f7f2e0f41,main,clothing,electronics,svm,random,3,1000,target_only,0.8871681543398808,0.8872,0,1000,0,0,1.0,0.8839847025284614,budget_cv,0.07
1f7f2e0f41,main,clothing,electronics,svm,random,3,2000,transfer,0.9075875649827441,0.9076,2000,2000,0,0,1.0,0.8989571593665119,budget_cv,0.257
1f7f2e0f41,main,clothing,electronics,svm,random,3,2000,target_only,0.905198771376077,0.9052,0,2000,0,0,1.0,0.8949536447234404,budget_cv,0.112
1f7f2e0f41,main,clothing,electronics,svm,random,4,0,source_only,0.8580723996411042,0.8588,2000,0,0,0,1.0,0.9133179231863442,source_val_fallback,0.044
1f7f2e0f41,main,clothing,electronics,svm,random,4,50,transfer,0.8674433894902049,0.868,2000,50,0,0,1.0,0.8129898424016071,budget_cv,0.15
1f7f2e0f41,main,clothing,electronics,svm,random,4,50,target_only,0.758338134562448,0.7584,0,50,0,0,0.01,0.5450369891546362,budget_cv,0.039
1f7f2e0f41,main,clothing,electronics,svm,random,4,100,transfer,0.8740381165473158,0.8744,2000,100,0,0,1.0,0.836554016439074,budget_cv,0.16
1f7f2e0f41,main,clothing,electronics,svm,random,4,100,target_only,0.8135338345864662,0.814,0,100,0,0,0.01,0.7453008427146358,budget_cv,0.041
1f7f2e0f41,main,clothing,electronics,svm,random,4,250,transfer,0.8823023768834822,0.8824,2000,250,0,0,1.0,0.8837978710412804,budget_cv,0.16
1f7f2e0f41,main,clothing,electronics,svm,random,4,250,target_only,0.8480120946989191,0.8488,0,250,0,0,0.01,0.871058485724364,budget_cv,0.043
1f7f2e0f41,main,clothing,electronics,svm,random,4,500,transfer,0.8911899720678258,0.8912,2000,500,0,0,10.0,0.8818969931890535,budget_cv,0.194
1f7f2e0f41,main,clothing,electronics,svm,random,4,500,target_only,0.8685546915074789,0.8688,0,500,0,0,1.0,0.8574544086346627,budget_cv,0.051
1f7f2e0f41,main,clothing,electronics,svm,random,4,1000,transfer,0.8951675270931924,0.8952,2000,1000,0,0,10.0,0.8819464276338508,budget_cv,0.205
1f7f2e0f41,main,clothing,electronics,svm,random,4,1000,target_only,0.8911982591721468,0.8912,0,1000,0,0,1.0,0.8869083606555304,budget_cv,0.068
1f7f2e0f41,main,clothing,electronics,svm,random,4,2000,transfer,0.9043888479152209,0.9044,2000,2000,0,0,10.0,0.8984756511006994,budget_cv,0.275
1f7f2e0f41,main,clothing,electronics,svm,random,4,2000,target_only,0.905198771376077,0.9052,0,2000,0,0,1.0,0.8949427515494337,budget_cv,0.108
1f7f2e0f41,main,clothing,electronics,svm,uncertainty,0,0,source_only,0.8580723996411042,0.8588,2000,0,0,0,1.0,0.9133179231863442,source_val_fallback,0.047
1f7f2e0f41,main,clothing,electronics,svm,uncertainty,0,50,transfer,0.8674003792269034,0.8676,2000,50,0,0,10.0,0.7101827996564838,budget_cv,0.15
1f7f2e0f41,main,clothing,electronics,svm,uncertainty,0,50,target_only,0.668133451096671,0.6768,0,50,0,0,0.01,0.6656593406593406,budget_cv,0.038
1f7f2e0f41,main,clothing,electronics,svm,uncertainty,0,100,transfer,0.8743960610604748,0.8744,2000,100,0,0,10.0,0.6329930267682123,budget_cv,0.17
1f7f2e0f41,main,clothing,electronics,svm,uncertainty,0,100,target_only,0.5763379571475523,0.6236,0,100,0,0,0.01,0.5208966920101373,budget_cv,0.04
1f7f2e0f41,main,clothing,electronics,svm,uncertainty,0,250,transfer,0.8851902825055112,0.8852,2000,250,0,0,1.0,0.5696569380440347,budget_cv,0.174
1f7f2e0f41,main,clothing,electronics,svm,uncertainty,0,250,target_only,0.6740831593447342,0.6864,0,250,0,0,0.1,0.5137564022241308,budget_cv,0.045
1f7f2e0f41,main,clothing,electronics,svm,uncertainty,0,500,transfer,0.8947910951182908,0.8948,2000,500,0,0,10.0,0.640792841322796,budget_cv,0.197
1f7f2e0f41,main,clothing,electronics,svm,uncertainty,0,500,target_only,0.7771072409493935,0.7772,0,500,0,0,1.0,0.5511868978974243,budget_cv,0.055
1f7f2e0f41,main,clothing,electronics,svm,uncertainty,0,1000,transfer,0.909194755089054,0.9092,2000,1000,0,0,1.0,0.7888562700690045,budget_cv,0.219
1f7f2e0f41,main,clothing,electronics,svm,uncertainty,0,1000,target_only,0.8927999313919561,0.8928,0,1000,0,0,10.0,0.7211387945539105,budget_cv,0.077
1f7f2e0f41,main,clothing,electronics,svm,uncertainty,0,2000,transfer,0.9043888479152209,0.9044,2000,2000,0,0,10.0,0.8949243165279595,budget_cv,0.278
1f7f2e0f41,main,clothing,electronics,svm,uncertainty,0,2000,target_only,0.905198771376077,0.9052,0,2000,0,0,1.0,0.8984205365037301,budget_cv,0.107
1f7f2e0f41,main,clothing,electronics,svm,uncertainty,1,0,source_only,0.8580723996411042,0.8588,2000,0,0,0,1.0,0.9133179231863442,source_val_fallback,0.04
1f7f2e0f41,main,clothing,electronics,svm,uncertainty,1,50,transfer,0.8653100178560433,0.8656,2000,50,0,0,10.0,0.7568873163300408,budget_cv,0.161
1f7f2e0f41,main,clothing,electronics,svm,uncertainty,1,50,target_only,0.689759032651267,0.7004,0,50,0,0,0.1,0.5487037037037036,budget_cv,0.038
1f7f2e0f41,main,clothing,electronics,svm,uncertainty,1,100,transfer,0.8755756128201128,0.8756,2000,100,0,0,10.0,0.6096681096681097,budget_cv,0.172
1f7f2e0f41,main,clothing,electronics,svm,uncertainty,1,100,target_only,0.6124939361252462,0.6484,0,100,0,0,0.01,0.573943466275399,budget_cv,0.042
1f7f2e0f41,main,clothing,electronics,svm,uncertainty,1,250,transfer,0.8883921249483363,0.8884,2000,250,0,0,1.0,0.6260069047854203,budget_cv,0.171
1f7f2e0f41,main,clothing,electronics,svm,uncertainty,1,250,target_only,0.6984871113993948,0.7028,0,250,0,0,0.01,0.5598952122753813,budget_cv,0.046
1f7f2e0f41,main,clothing,electronics,svm,uncertainty,1,500,transfer,0.9019849292027142,0.902,2000,500,0,0,1.0,0.6606782358946948,budget_cv,0.181
1f7f2e0f41,main,clothing,electronics,svm,uncertainty,1,500,target_only,0.7905100994960867,0.7908,0,500,0,0,1.0,0.5846534649033279,budget_cv,0.055
1f7f2e0f41,main,clothing,electronics,svm,uncertainty,1,1000,transfer,0.9043871343327958,0.9044,2000,1000,0,0,10.0,0.7878110559305697,budget_cv,0.241
1f7f2e0f41,main,clothing,electronics,svm,uncertainty,1,1000,target_only,0.894398310372966,0.8944,0,1000,0,0,1.0,0.7277086774833078,budget_cv,0.076
1f7f2e0f41,main,clothing,electronics,svm,uncertainty,1,2000,transfer,0.9075875649827441,0.9076,2000,2000,0,0,1.0,0.8979348985992067,budget_cv,0.263
1f7f2e0f41,main,clothing,electronics,svm,uncertainty,1,2000,target_only,0.905198771376077,0.9052,0,2000,0,0,1.0,0.899902908605328,budget_cv,0.111
1f7f2e0f41,main,clothing,electronics,svm,uncertainty,2,0,source_only,0.8580723996411042,0.8588,2000,0,0,0,1.0,0.9133179231863442,source_val_fallback,0.048
1f7f2e0f41,main,clothing,electronics,svm,uncertainty,2,50,transfer,0.8664444002022024,0.8668,2000,50,0,0,10.0,0.7328162034044388,budget_cv,0.167
1f7f2e0f41,main,clothing,electronics,svm,uncertainty,2,50,target_only,0.7094911848907695,0.7116,0,50,0,0,0.01,0.7037518037518038,budget_cv,0.039
1f7f2e0f41,main,clothing,electronics,svm,uncertainty,2,100,transfer,0.8678131194757901,0.868,2000,100,0,0,10.0,0.6702926127985137,budget_cv,0.167
1f7f2e0f41,main,clothing,electronics,svm,uncertainty,2,100,target_only,0.6875136586771772,0.69,0,100,0,0,0.01,0.597543566047105,budget_cv,0.04
1f7f2e0f41,main,clothing,electronics,svm,uncertainty,2,250,transfer,0.8843985018045835,0.8844,2000,250,0,0,10.0,0.6047148260716738,budget_cv,0.186
1f7f2e0f41,main,clothing,electronics,svm,uncertainty,2,250,target_only,0.7009219395711359,0.7052,0,250,0,0,0.01,0.5418357394954416,budget_cv,0.046
1f7f2e0f41,main,clothing,electronics,svm,uncertainty,2,500,transfer,0.8987863806953864,0.8988,2000,500,0,0,1.0,0.6529565713486757,budget_cv,0.184
1f7f2e0f41,main,clothing,electronics,svm,uncertainty,2,500,target_only,0.7750704405737705,0.7752,0,500,0,0,0.1,0.575832782163134,budget_cv,0.055
1f7f2e0f41,main,clothing,electronics,svm,uncertainty,2,1000,transfer,0.9031925032274499,0.9032,2000,1000,0,0,10.0,0.7776978657556809,budget_cv,0.241
1f7f2e0f41,main,clothing,electronics,svm,uncertainty,2,1000,target_only,0.8927997255672975,0.8928,0,1000,0,0,1.0,0.6955432435428293,budget_cv,0.078
1f7f2e0f41,main,clothing,electronics,svm,uncertainty,2,2000,transfer,0.9075875649827441,0.9076,2000,2000,0,0,1.0,0.8979742470828906,budget_cv,0.264
1f7f2e0f41,main,clothing,electronics,svm,uncertainty,2,2000,target_only,0.905198771376077,0.9052,0,2000,0,0,1.0,0.8969023147667624,budget_cv,0.114
1f7f2e0f41,main,clothing,electronics,svm,uncertainty,3,0,source_only,0.8580723996411042,0.8588,2000,0,0,0,1.0,0.9133179231863442,source_val_fallback,0.042
1f7f2e0f41,main,clothing,electronics,svm,uncertainty,3,50,transfer,0.8690108516698112,0.8692,2000,50,0,0,10.0,0.6534624961095549,budget_cv,0.158
1f7f2e0f41,main,clothing,electronics,svm,uncertainty,3,50,target_only,0.5837303672457785,0.6148,0,50,0,0,0.01,0.42260869565217396,budget_cv,0.039
1f7f2e0f41,main,clothing,electronics,svm,uncertainty,3,100,transfer,0.8770893804423983,0.8772,2000,100,0,0,1.0,0.6702050264550264,budget_cv,0.161
1f7f2e0f41,main,clothing,electronics,svm,uncertainty,3,100,target_only,0.622058228478399,0.6364,0,100,0,0,0.01,0.5449656653963223,budget_cv,0.04
1f7f2e0f41,main,clothing,electronics,svm,uncertainty,3,250,transfer,0.8867802725946969,0.8868,2000,250,0,0,1.0,0.6206872562487397,budget_cv,0.169
1f7f2e0f41,main,clothing,electronics,svm,uncertainty,3,250,target_only,0.6765689586792984,0.6828,0,250,0,0,0.1,0.5635233749268838,budget_cv,0.046
1f7f2e0f41,main,clothing,electronics,svm,uncertainty,3,500,transfer,0.8999815005783469,0.9,2000,500,0,0,10.0,0.6279213300407089,budget_cv,0.205
1f7f2e0f41,main,clothing,electronics,svm,uncertainty,3,500,target_only,0.7530804909576235,0.7532,0,500,0,0,0.01,0.5555881077736796,budget_cv,0.053
1f7f2e0f41,main,clothing,electronics,svm,uncertainty,3,1000,transfer,0.900787554790873,0.9008,2000,1000,0,0,10.0,0.7878489148139961,budget_cv,0.223
1f7f2e0f41,main,clothing,electronics,svm,uncertainty,3,1000,target_only,0.891199721471287,0.8912,0,1000,0,0,10.0,0.7298735610495054,budget_cv,0.079
1f7f2e0f41,main,clothing,electronics,svm,uncertainty,3,2000,transfer,0.9075875649827441,0.9076,2000,2000,0,0,1.0,0.9029698752359389,budget_cv,0.262
1f7f2e0f41,main,clothing,electronics,svm,uncertainty,3,2000,target_only,0.905198771376077,0.9052,0,2000,0,0,1.0,0.8974319933827424,budget_cv,0.106
1f7f2e0f41,main,clothing,electronics,svm,uncertainty,4,0,source_only,0.8580723996411042,0.8588,2000,0,0,0,1.0,0.9133179231863442,source_val_fallback,0.05
1f7f2e0f41,main,clothing,electronics,svm,uncertainty,4,50,transfer,0.8718264222140191,0.872,2000,50,0,0,10.0,0.7234487734487735,budget_cv,0.163
1f7f2e0f41,main,clothing,electronics,svm,uncertainty,4,50,target_only,0.38147750662332347,0.5228,0,50,0,0,0.1,0.5477954144620811,budget_cv,0.038
1f7f2e0f41,main,clothing,electronics,svm,uncertainty,4,100,transfer,0.8694976861859698,0.8696,2000,100,0,0,10.0,0.6957185840164564,budget_cv,0.176
1f7f2e0f41,main,clothing,electronics,svm,uncertainty,4,100,target_only,0.5272356500813928,0.5896,0,100,0,0,0.01,0.5094002729296848,budget_cv,0.041
1f7f2e0f41,main,clothing,electronics,svm,uncertainty,4,250,transfer,0.8863941106706972,0.8864,2000,250,0,0,1.0,0.6405376392210183,budget_cv,0.167
1f7f2e0f41,main,clothing,electronics,svm,uncertainty,4,250,target_only,0.663868648853257,0.6708,0,250,0,0,0.01,0.6051815867766047,budget_cv,0.044
1f7f2e0f41,main,clothing,electronics,svm,uncertainty,4,500,transfer,0.9003781788362923,0.9004,2000,500,0,0,1.0,0.663748890315626,budget_cv,0.194
1f7f2e0f41,main,clothing,electronics,svm,uncertainty,4,500,target_only,0.7766958151995396,0.7768,0,500,0,0,0.01,0.5604513781908378,budget_cv,0.054
1f7f2e0f41,main,clothing,electronics,svm,uncertainty,4,1000,transfer,0.9031910780897567,0.9032,2000,1000,0,0,10.0,0.7897945915710428,budget_cv,0.233
1f7f2e0f41,main,clothing,electronics,svm,uncertainty,4,1000,target_only,0.8923998450557769,0.8924,0,1000,0,0,10.0,0.7207474224776815,budget_cv,0.077
1f7f2e0f41,main,clothing,electronics,svm,uncertainty,4,2000,transfer,0.9043888479152209,0.9044,2000,2000,0,0,10.0,0.9009475571097648,budget_cv,0.264
1f7f2e0f41,main,clothing,electronics,svm,uncertainty,4,2000,target_only,0.905198771376077,0.9052,0,2000,0,0,1.0,0.8969219896080234,budget_cv,0.105
1f7f2e0f41,main,clothing,electronics,svm,self_training,0,0,uda_self_training,0.8627822038900319,0.8636,2000,0,0,1000,1.0,0.9133179231863442,source_val_fallback,0.082
1f7f2e0f41,main,clothing,electronics,svm,self_training,0,50,transfer,0.8656422644676811,0.866,2000,50,0,1000,10.0,0.856109022556391,budget_cv,0.206
1f7f2e0f41,main,clothing,electronics,svm,self_training,0,50,target_only,0.656991200122331,0.6856,0,50,0,1000,0.01,0.733406432748538,budget_cv,0.049
1f7f2e0f41,main,clothing,electronics,svm,self_training,0,100,transfer,0.8706285880540281,0.8708,2000,100,0,1000,10.0,0.8696759599985406,budget_cv,0.228
1f7f2e0f41,main,clothing,electronics,svm,self_training,0,100,target_only,0.7499742559983524,0.7572,0,100,0,1000,0.01,0.7376877310349141,budget_cv,0.049
1f7f2e0f41,main,clothing,electronics,svm,self_training,0,250,transfer,0.8625941832501827,0.8632,2000,250,0,1000,0.1,0.8508069504865844,budget_cv,0.182
1f7f2e0f41,main,clothing,electronics,svm,self_training,0,250,target_only,0.8114251640763637,0.8144,0,250,0,1000,0.1,0.8072826517087078,budget_cv,0.055
1f7f2e0f41,main,clothing,electronics,svm,self_training,0,500,transfer,0.886723425035324,0.8868,2000,500,0,1000,1.0,0.8775501254262222,budget_cv,0.213
1f7f2e0f41,main,clothing,electronics,svm,self_training,0,500,target_only,0.8766919624298024,0.8768,0,500,0,1000,1.0,0.8516831248577157,budget_cv,0.072
1f7f2e0f41,main,clothing,electronics,svm,self_training,0,1000,transfer,0.8951704128973361,0.8952,2000,1000,0,1000,10.0,0.8969875574728384,budget_cv,0.306
1f7f2e0f41,main,clothing,electronics,svm,self_training,0,1000,target_only,0.8931991626814354,0.8932,0,1000,0,1000,1.0,0.8819832139592698,budget_cv,0.093
1f7f2e0f41,main,clothing,electronics,svm,self_training,0,2000,transfer,0.9079829805320792,0.908,2000,2000,0,1000,1.0,0.8999650699141047,budget_cv,0.305
1f7f2e0f41,main,clothing,electronics,svm,self_training,0,2000,target_only,0.9059956532390058,0.906,0,2000,0,1000,1.0,0.9003832032649489,budget_cv,0.133
1f7f2e0f41,main,clothing,electronics,svm,self_training,1,0,uda_self_training,0.8627822038900319,0.8636,2000,0,0,1000,1.0,0.9133179231863442,source_val_fallback,0.075
1f7f2e0f41,main,clothing,electronics,svm,self_training,1,50,transfer,0.8512374864118144,0.8524,2000,50,0,1000,0.1,0.8800839926613921,budget_cv,0.162
1f7f2e0f41,main,clothing,electronics,svm,self_training,1,50,target_only,0.4635062162402673,0.564,0,50,0,1000,0.01,0.7319279754062363,budget_cv,0.046
1f7f2e0f41,main,clothing,electronics,svm,self_training,1,100,transfer,0.8742296767975062,0.8744,2000,100,0,1000,10.0,0.8788155492377504,budget_cv,0.214
1f7f2e0f41,main,clothing,electronics,svm,self_training,1,100,target_only,0.5443028489267934,0.6108,0,100,0,1000,0.01,0.7751148705096074,budget_cv,0.047
1f7f2e0f41,main,clothing,electronics,svm,self_training,1,250,transfer,0.8805338485291071,0.8808,2000,250,0,1000,10.0,0.874517551881104,budget_cv,0.225
1f7f2e0f41,main,clothing,electronics,svm,self_training,1,250,target_only,0.8176467384538777,0.82,0,250,0,1000,0.1,0.8209773215984396,budget_cv,0.054
1f7f2e0f41,main,clothing,electronics,svm,self_training,1,500,transfer,0.8830551005918372,0.8832,2000,500,0,1000,10.0,0.8972454006057342,budget_cv,0.255
1f7f2e0f41,main,clothing,electronics,svm,self_training,1,500,target_only,0.8594941790445605,0.86,0,500,0,1000,0.1,0.8635611382845959,budget_cv,0.062
1f7f2e0f41,main,clothing,electronics,svm,self_training,1,1000,transfer,0.8899830837989648,0.89,2000,1000,0,1000,10.0,0.8929532312461914,budget_cv,0.273
1f7f2e0f41,main,clothing,electronics,svm,self_training,1,1000,target_only,0.8863836392440512,0.8864,0,1000,0,1000,1.0,0.8819770258435969,budget_cv,0.088
1f7f2e0f41,main,clothing,electronics,svm,self_training,1,2000,transfer,0.9043888479152209,0.9044,2000,2000,0,1000,10.0,0.8994642975401804,budget_cv,0.365
1f7f2e0f41,main,clothing,electronics,svm,self_training,1,2000,target_only,0.9064,0.9064,0,2000,0,1000,10.0,0.903391473156358,budget_cv,0.147
1f7f2e0f41,main,clothing,electronics,svm,self_training,2,0,uda_self_training,0.8627822038900319,0.8636,2000,0,0,1000,1.0,0.9133179231863442,source_val_fallback,0.073
1f7f2e0f41,main,clothing,electronics,svm,self_training,2,50,transfer,0.8629628489879446,0.8632,2000,50,0,1000,10.0,0.8200206398348814,budget_cv,0.216
1f7f2e0f41,main,clothing,electronics,svm,self_training,2,50,target_only,0.7591653466997772,0.7604,0,50,0,1000,0.01,0.6281565656565656,budget_cv,0.047
1f7f2e0f41,main,clothing,electronics,svm,self_training,2,100,transfer,0.8695144850128981,0.8696,2000,100,0,1000,10.0,0.8694765886576231,budget_cv,0.227
1f7f2e0f41,main,clothing,electronics,svm,self_training,2,100,target_only,0.6436161482387033,0.6776,0,100,0,1000,0.01,0.6548643410852714,budget_cv,0.049
1f7f2e0f41,main,clothing,electronics,svm,self_training,2,250,transfer,0.8734950717523142,0.8736,2000,250,0,1000,10.0,0.8875828895555472,budget_cv,0.234
1f7f2e0f41,main,clothing,electronics,svm,self_training,2,250,target_only,0.7904381763435588,0.7932,0,250,0,1000,0.01,0.8059333665424516,budget_cv,0.052
1f7f2e0f41,main,clothing,electronics,svm,self_training,2,500,transfer,0.8835112635401143,0.8836,2000,500,0,1000,10.0,0.8835056009404032,budget_cv,0.232
1f7f2e0f41,main,clothing,electronics,svm,self_training,2,500,target_only,0.8056571539021691,0.8084,0,500,0,1000,0.01,0.8537728799507184,budget_cv,0.061
1f7f2e0f41,main,clothing,electronics,svm,self_training,2,1000,transfer,0.8939714825699521,0.894,2000,1000,0,1000,10.0,0.8839444223579064,budget_cv,0.302
1f7f2e0f41,main,clothing,electronics,svm,self_training,2,1000,target_only,0.8915970687847399,0.8916,0,1000,0,1000,1.0,0.865899412779437,budget_cv,0.09
1f7f2e0f41,main,clothing,electronics,svm,self_training,2,2000,transfer,0.9079829805320792,0.908,2000,2000,0,1000,1.0,0.9004570013685221,budget_cv,0.311
1f7f2e0f41,main,clothing,electronics,svm,self_training,2,2000,target_only,0.9064,0.9064,0,2000,0,1000,10.0,0.9049261793986351,budget_cv,0.146
1f7f2e0f41,main,clothing,electronics,svm,self_training,3,0,uda_self_training,0.8627822038900319,0.8636,2000,0,0,1000,1.0,0.9133179231863442,source_val_fallback,0.074
1f7f2e0f41,main,clothing,electronics,svm,self_training,3,50,transfer,0.871129861114122,0.8716,2000,50,0,1000,1.0,0.8553946297367349,budget_cv,0.186
1f7f2e0f41,main,clothing,electronics,svm,self_training,3,50,target_only,0.721019515764387,0.7364,0,50,0,1000,0.1,0.7939153439153439,budget_cv,0.051
1f7f2e0f41,main,clothing,electronics,svm,self_training,3,100,transfer,0.8717044069536212,0.872,2000,100,0,1000,10.0,0.8373075271529694,budget_cv,0.204
1f7f2e0f41,main,clothing,electronics,svm,self_training,3,100,target_only,0.8031787118094693,0.8032,0,100,0,1000,1.0,0.7350412387177094,budget_cv,0.052
1f7f2e0f41,main,clothing,electronics,svm,self_training,3,250,transfer,0.879864371681053,0.88,2000,250,0,1000,10.0,0.8719358270491862,budget_cv,0.216
1f7f2e0f41,main,clothing,electronics,svm,self_training,3,250,target_only,0.8020393910035364,0.8044,0,250,0,1000,0.01,0.8108224477754625,budget_cv,0.051
1f7f2e0f41,main,clothing,electronics,svm,self_training,3,500,transfer,0.8857411167927844,0.886,2000,500,0,1000,1.0,0.8934892889676852,budget_cv,0.2
1f7f2e0f41,main,clothing,electronics,svm,self_training,3,500,target_only,0.8715857046638146,0.872,0,500,0,1000,10.0,0.8594378355133839,budget_cv,0.078
1f7f2e0f41,main,clothing,electronics,svm,self_training,3,1000,transfer,0.8927206304312183,0.8928,2000,1000,0,1000,10.0,0.9020130448747983,budget_cv,0.273
1f7f2e0f41,main,clothing,electronics,svm,self_training,3,1000,target_only,0.8895405463036424,0.8896,0,1000,0,1000,1.0,0.8839847025284614,budget_cv,0.091
1f7f2e0f41,main,clothing,electronics,svm,self_training,3,2000,transfer,0.9079829805320792,0.908,2000,2000,0,1000,1.0,0.8989571593665119,budget_cv,0.278
1f7f2e0f41,main,clothing,electronics,svm,self_training,3,2000,target_only,0.9059956532390058,0.906,0,2000,0,1000,1.0,0.8949536447234404,budget_cv,0.138
1f7f2e0f41,main,clothing,electronics,svm,self_training,4,0,uda_self_training,0.8627822038900319,0.8636,2000,0,0,1000,1.0,0.9133179231863442,source_val_fallback,0.079
1f7f2e0f41,main,clothing,electronics,svm,self_training,4,50,transfer,0.8673867965472344,0.868,2000,50,0,1000,1.0,0.8129898424016071,budget_cv,0.179
1f7f2e0f41,main,clothing,electronics,svm,self_training,4,50,target_only,0.8299084207636219,0.8308,0,50,0,1000,0.01,0.5450369891546362,budget_cv,0.046
1f7f2e0f41,main,clothing,electronics,svm,self_training,4,100,transfer,0.8747729054805157,0.8752,2000,100,0,1000,1.0,0.836554016439074,budget_cv,0.182
1f7f2e0f41,main,clothing,electronics,svm,self_training,4,100,target_only,0.7286573461445149,0.7416,0,100,0,1000,0.01,0.734783428748946,budget_cv,0.048
1f7f2e0f41,main,clothing,electronics,svm,self_training,4,250,transfer,0.8850965869282355,0.8852,2000,250,0,1000,1.0,0.8837978710412804,budget_cv,0.191
1f7f2e0f41,main,clothing,electronics,svm,self_training,4,250,target_only,0.8276783795748559,0.8296,0,250,0,1000,0.01,0.871058485724364,budget_cv,0.053
1f7f2e0f41,main,clothing,electronics,svm,self_training,4,500,transfer,0.8911899720678258,0.8912,2000,500,0,1000,10.0,0.8818969931890535,budget_cv,0.241
1f7f2e0f41,main,clothing,electronics,svm,self_training,4,500,target_only,0.8762701133141526,0.8764,0,500,0,1000,1.0,0.8574544086346627,budget_cv,0.067
1f7f2e0f41,main,clothing,electronics,svm,self_training,4,1000,transfer,0.8955661634369536,0.8956,2000,1000,0,1000,10.0,0.8819464276338508,budget_cv,0.275
1f7f2e0f41,main,clothing,electronics,svm,self_training,4,1000,target_only,0.8903997194232818,0.8904,0,1000,0,1000,1.0,0.8869083606555304,budget_cv,0.089
1f7f2e0f41,main,clothing,electronics,svm,self_training,4,2000,transfer,0.9043888479152209,0.9044,2000,2000,0,1000,10.0,0.8984756511006994,budget_cv,0.35
1f7f2e0f41,main,clothing,electronics,svm,self_training,4,2000,target_only,0.9059956532390058,0.906,0,2000,0,1000,1.0,0.8949427515494337,budget_cv,0.132
