config_hash,experiment,source,target,classifier,strategy,seed,budget,run_type,macro_f1,accuracy,n_source_train,n_target_labeled,n_target_val,n_pseudo,chosen_C,val_score,tuning,fit_seconds
db6bbe2e7a,main,__none__,books,logreg,__none__,0,2000,ceiling,0.9039800893113197,0.904,0,2000,1500,0,10.0,0.8759964727885594,target_full,6.154
db6bbe2e7a,main,__none__,books,svm,__none__,0,2000,ceiling,0.9039778150343856,0.904,0,2000,1500,0,1.0,0.8799965865695736,target_full,5.844
db6bbe2e7a,main,__none__,music,logreg,__none__,0,2000,ceiling,0.8903772686304232,0.8904,0,2000,1500,0,10.0,0.8899643484488975,target_full,3.151
db6bbe2e7a,main,__none__,music,svm,__none__,0,2000,ceiling,0.8919750419136837,0.892,0,2000,1500,0,1.0,0.8926318793955907,target_full,3.04
db6bbe2e7a,main,__none__,electronics,logreg,__none__,0,2000,ceiling,0.9031999380479603,0.9032,0,2000,1500,0,10.0,0.9092867268694493,target_full,3.266
db6bbe2e7a,main,__none__,electronics,svm,__none__,0,2000,ceiling,0.8979881013321394,0.898,0,2000,1500,0,0.1,0.9092242410434584,target_full,3.275
db6bbe2e7a,main,__none__,clothing,logreg,__none__,0,2000,ceiling,0.9163836111877928,0.9164,0,2000,1500,0,10.0,0.9139632527492854,target_full,2.186
db6bbe2e7a,main,__none__,clothing,svm,__none__,0,2000,ceiling,0.9143907405024927,0.9144,0,2000,1500,0,1.0,0.9146543768969397,target_full,2.161
db6bbe2e7a,main,__none__,books,logreg,__none__,1,2000,ceiling,0.9059998646398051,0.906,0,2000,1500,0,10.0,0.9032971879711483,target_full,5.693
db6bbe2e7a,main,__none__,books,svm,__none__,1,2000,ceiling,0.9047997562873761,0.9048,0,2000,1500,0,1.0,0.9053003357614386,target_full,5.597
db6bbe2e7a,main,__none__,music,logreg,__none__,1,2000,ceiling,0.9007308133476708,0.9008,0,2000,1500,0,10.0,0.8997288668559785,target_full,3.108
db6bbe2e7a,main,__none__,music,svm,__none__,1,2000,ceiling,0.8999631224054435,0.9,0,2000,1500,0,10.0,0.9011644783354318,target_full,3.071
db6bbe2e7a,main,__none__,electronics,logreg,__none__,1,2000,ceiling,0.919995852584998,0.92,0,2000,1500,0,10.0,0.8966589046021679,target_full,3.292
db6bbe2e7a,main,__none__,electronics,svm,__none__,1,2000,ceiling,0.914393370622621,0.9144,0,2000,1500,0,10.0,0.9019926385581851,target_full,3.251
db6bbe2e7a,main,__none__,clothing,logreg,__none__,1,2000,ceiling,0.9195638487761939,0.9196,0,2000,1500,0,10.0,0.9139889523587696,target_full,2.214
db6bbe2e7a,main,__none__,clothing,svm,__none__,1,2000,ceiling,0.9223637780442844,0.9224,0,2000,1500,0,1.0,0.9113266729812151,target_full,2.186
db6bbe2e7a,main,__none__,books,logreg,__none__,2,2000,ceiling,0.90239993753596,0.9024,0,2000,1500,0,10.0,0.8999983999743996,target_full,5.605
db6bbe2e7a,main,__none__,books,svm,__none__,2,2000,ceiling,0.9011973283757593,0.9012,0,2000,1500,0,1.0,0.8999983999743996,target_full,5.87
db6bbe2e7a,main,__none__,music,logreg,__none__,2,2000,ceiling,0.8918455396698499,0.8924,0,2000,1500,0,10.0,0.8906509203992041,target_full,3.159
db6bbe2e7a,main,__none__,music,svm,__none__,2,2000,ceiling,0.887958124770796,0.8884,0,2000,1500,0,10.0,0.8893325463647741,target_full,3.203
db6bbe2e7a,main,__none__,electronics,logreg,__none__,2,2000,ceiling,0.9043999847039975,0.9044,0,2000,1500,0,10.0,0.9086370650757511,target_full,3.339
db6bbe2e7a,main,__none__,electronics,svm,__none__,2,2000,ceiling,0.9019998588797968,0.902,0,2000,1500,0,1.0,0.9072884609484324,target_full,3.273
db6bbe2e7a,main,__none__,clothing,logreg,__none__,2,2000,ceiling,0.920339317678635,0.9204,0,2000,1500,0,10.0,0.9206446235065295,target_full,2.23
db6bbe2e7a,main,__none__,clothing,svm,__none__,2,2000,ceiling,0.9195275748173356,0.9196,0,2000,1500,0,1.0,0.9199857752489331,target_full,2.186
db6bbe2e7a,main,__none__,books,logreg,__none__,3,2000,ceiling,0.8999599839935974,0.9,0,2000,1500,0,10.0,0.9053272742788872,target_full,5.797
db6bbe2e7a,main,__none__,books,svm,__none__,3,2000,ceiling,0.9023697580562555,0.9024,0,2000,1500,0,1.0,0.9086617546988083,target_full,5.561
db6bbe2e7a,main,__none__,music,logreg,__none__,3,2000,ceiling,0.8939625221138159,0.894,0,2000,1500,0,10.0,0.8799786628733997,target_full,3.111
db6bbe2e7a,main,__none__,music,svm,__none__,3,2000,ceiling,0.8931482837693443,0.8932,0,2000,1500,0,1.0,0.8846625145171894,target_full,3.135
db6bbe2e7a,main,__none__,electronics,logreg,__none__,3,2000,ceiling,0.9066415295980008,0.9068,0,2000,1500,0,10.0,0.9079867500920132,target_full,3.362
db6bbe2e7a,main,__none__,electronics,svm,__none__,3,2000,ceiling,0.9078343082059203,0.908,0,2000,1500,0,1.0,0.9139861995635745,target_full,3.246
db6bbe2e7a,main,__none__,clothing,logreg,__none__,3,2000,ceiling,0.9287561822023017,0.9288,0,2000,1500,0,10.0,0.9091239549254817,target_full,2.287
db6bbe2e7a,main,__none__,clothing,svm,__none__,3,2000,ceiling,0.9295620874979749,0.9296,0,2000,1500,0,1.0,0.9110740251907896,target_full,2.288
db6bbe2e7a,main,__none__,books,logreg,__none__,4,2000,ceiling,0.9059987817442114,0.906,0,2000,1500,0,10.0,0.8984579865465738,target_full,5.722
db6bbe2e7a,main,__none__,books,svm,__none__,4,2000,ceiling,0.9079985279764475,0.908,0,2000,1500,0,1.0,0.9038137834848265,target_full,5.641
db6bbe2e7a,main,__none__,music,logreg,__none__,4,2000,ceiling,0.902702842950857,0.9028,0,2000,1500,0,10.0,0.87852067551404,target_full,3.231
db6bbe2e7a,main,__none__,music,svm,__none__,4,2000,ceiling,0.902304899681546,0.9024,0,2000,1500,0,1.0,0.8825361512791992,target_full,3.426
db6bbe2e7a,main,__none__,electronics,logreg,__none__,4,2000,ceiling,0.9087868653086044,0.9088,0,2000,1500,0,10.0,0.8999288382850027,target_full,3.66
db6bbe2e7a,main,__none__,electronics,svm,__none__,4,2000,ceiling,0.9075857903911306,0.9076,0,2000,1500,0,1.0,0.9005923981427902,target_full,3.584
db6bbe2e7a,main,__none__,clothing,logreg,__none__,4,2000,ceiling,0.9187996751987008,0.9188,0,2000,1500,0,10.0,0.9158827592591274,target_full,2.247
db6bbe2e7a,main,__none__,clothing,svm,__none__,4,2000,ceiling,0.9151999457279653,0.9152,0,2000,1500,0,10.0,0.9198961854563514,target_full,2.216
db6bbe2e7a,main,books,music,logreg,random,0,0,source_only,0.8569179337378534,0.8572,2000,0,0,0,10.0,0.8733222982979851,source_val_fallback,0.092
db6bbe2e7a,main,books,music,logreg,random,0,50,transfer,0.8511305434663596,0.8512,2000,50,0,0,0.1,0.7931878306878307,budget_cv,0.3
db6bbe2e7a,main,books,music,logreg,random,0,50,target_only,0.6803006654457517,0.696,0,50,0,0,0.01,0.6154401154401155,budget_cv,0.089
db6bbe2e7a,main,books,music,logreg,random,0,100,transfer,0.8631576117018007,0.8632,2000,100,0,0,1.0,0.8264477469650329,budget_cv,0.306
db6bbe2e7a,main,books,music,logreg,random,0,100,target_only,0.7953560321629417,0.7968,0,100,0,0,0.01,0.768652526766117,budget_cv,0.096
db6bbe2e7a,main,books,music,logreg,random,0,250,transfer,0.8779812383952157,0.878,2000,250,0,0,10.0,0.8674404991733246,budget_cv,0.355
db6bbe2e7a,main,books,music,logreg,random,0,250,target_only,0.8526973359352534,0.8528,0,250,0,0,1.0,0.8104489807558407,budget_cv,0.117
db6bbe2e7a,main,books,music,logreg,random,0,500,transfer,0.8807596299803262,0.8808,2000,500,0,0,10.0,0.8858286062584234,budget_cv,0.379
db6bbe2e7a,main,books,music,logreg,random,0,500,target_only,0.8553732020405118,0.8556,0,500,0,0,10.0,0.8493528901098687,budget_cv,0.142
db6bbe2e7a,main,books,music,logreg,random,0,1000,transfer,0.8879982079713276,0.888,2000,1000,0,0,10.0,0.8988387364820171,budget_cv,0.427
db6bbe2e7a,main,books,music,logreg,random,0,1000,target_only,0.8759615778583574,0.876,0,1000,0,0,10.0,0.8867819792584517,budget_cv,0.169
db6bbe2e7a,main,books,music,logreg,random,0,2000,transfer,0.8971912982714857,0.8972,2000,2000,0,0,10.0,0.8974371267382105,budget_cv,0.506
db6bbe2e7a,main,books,music,logreg,random,0,2000,target_only,0.8899759003212064,0.89,0,2000,0,0,10.0,0.8873365098731553,budget_cv,0.244
db6bbe2e7a,main,books,music,logreg,uncertainty,0,0,source_only,0.8569179337378534,0.8572,2000,0,0,0,10.0,0.8733222982979851,source_val_fallback,0.093
db6bbe2e7a,main,books,music,logreg,uncertainty,0,50,transfer,0.8651031116589178,0.8652,2000,50,0,0,10.0,0.6732804232804233,budget_cv,0.319
db6bbe2e7a,main,books,music,logreg,uncertainty,0,50,target_only,0.6200814297865787,0.6464,0,50,0,0,10.0,0.5584235209235209,budget_cv,0.094
db6bbe2e7a,main,books,music,logreg,uncertainty,0,100,transfer,0.8694307822938528,0.8696,2000,100,0,0,10.0,0.6223925667828106,budget_cv,0.322
db6bbe2e7a,main,books,music,logreg,uncertainty,0,100,target_only,0.6797815097828166,0.6836,0,100,0,0,10.0,0.547699214365881,budget_cv,0.101
db6bbe2e7a,main,books,music,logreg,uncertainty,0,250,transfer,0.8803646070653541,0.8804,2000,250,0,0,10.0,0.6345389897849478,budget_cv,0.355
db6bbe2e7a,main,books,music,logreg,uncertainty,0,250,target_only,0.7142766004477643,0.7148,0,250,0,0,10.0,0.5730897455153748,budget_cv,0.113
db6bbe2e7a,main,books,music,logreg,uncertainty,0,500,transfer,0.8911882309190562,0.8912,2000,500,0,0,10.0,0.6575240855768728,budget_cv,0.374
db6bbe2e7a,main,books,music,logreg,uncertainty,0,500,target_only,0.7313179483294383,0.7316,0,500,0,0,1.0,0.6334247958622905,budget_cv,0.129
db6bbe2e7a,main,books,music,logreg,uncertainty,0,1000,transfer,0.8987844370950477,0.8988,2000,1000,0,0,10.0,0.771671312683223,budget_cv,0.428
db6bbe2e7a,main,books,music,logreg,uncertainty,0,1000,target_only,0.8723468758758645,0.8724,0,1000,0,0,10.0,0.6800844630862558,budget_cv,0.166
db6bbe2e7a,main,books,music,logreg,uncertainty,0,2000,transfer,0.8971912982714857,0.8972,2000,2000,0,0,10.0,0.8944578462059315,budget_cv,0.5
db6bbe2e7a,main,books,music,logreg,uncertainty,0,2000,target_only,0.8899759003212064,0.89,0,2000,0,0,10.0,0.8883616299475966,budget_cv,0.234
db6bbe2e7a,main,books,music,logreg,self_training,0,0,uda_self_training,0.8579416857843449,0.8584,2000,0,0,1000,10.0,0.8733222982979851,source_val_fallback,0.199
db6bbe2e7a,main,books,music,logreg,self_training,0,50,transfer,0.8216004413677568,0.8228,2000,50,0,1000,0.1,0.7931878306878307,budget_cv,0.34
db6bbe2e7a,main,books,music,logreg,self_training,0,50,target_only,0.5638468999124737,0.6224,0,50,0,1000,0.01,0.6154401154401155,budget_cv,0.106
db6bbe2e7a,main,books,music,logreg,self_training,0,100,transfer,0.8658856487395412,0.866,2000,100,0,1000,1.0,0.8264477469650329,budget_cv,0.37
db6bbe2e7a,main,books,music,logreg,self_training,0,100,target_only,0.6999666019966109,0.72,0,100,0,1000,0.01,0.768652526766117,budget_cv,0.11
db6bbe2e7a,main,books,music,logreg,self_training,0,250,transfer,0.8811614963248092,0.8812,2000,250,0,1000,10.0,0.8674404991733246,budget_cv,0.466
db6bbe2e7a,main,books,music,logreg,self_training,0,250,target_only,0.7903615646426281,0.796,0,250,0,1000,1.0,0.8104489807558407,budget_cv,0.153
db6bbe2e7a,main,books,music,logreg,self_training,0,500,transfer,0.8807484069908005,0.8808,2000,500,0,1000,10.0,0.8858286062584234,budget_cv,0.492
db6bbe2e7a,main,books,music,logreg,self_training,0,500,target_only,0.8470981481815302,0.848,0,500,0,1000,10.0,0.8493528901098687,budget_cv,0.197
db6bbe2e7a,main,books,music,logreg,self_training,0,1000,transfer,0.885587625157537,0.8856,2000,1000,0,1000,10.0,0.8988387364820171,budget_cv,0.575
db6bbe2e7a,main,books,music,logreg,self_training,0,1000,target_only,0.873450246083205,0.8736,0,1000,0,1000,10.0,0.8867819792584517,budget_cv,0.224
db6bbe2e7a,main,books,music,logreg,self_training,0,2000,transfer,0.8963860577079252,0.8964,2000,2000,0,1000,10.0,0.8974371267382105,budget_cv,0.667
db6bbe2e7a,main,books,music,logreg,self_training,0,2000,target_only,0.8875532041414356,0.8876,0,2000,0,1000,10.0,0.8873365098731553,budget_cv,0.324
db6bbe2e7a,main,books,music,svm,random,0,0,source_only,0.8581152315944193,0.8584,2000,0,0,0,1.0,0.8759964727885594,source_val_fallback,0.057
db6bbe2e7a,main,books,music,svm,random,0,50,transfer,0.8623206967213115,0.8624,2000,50,0,0,0.1,0.8160441954559602,budget_cv,0.185
db6bbe2e7a,main,books,music,svm,random,0,50,target_only,0.7020936312673243,0.7124,0,50,0,0,0.01,0.614110644257703,budget_cv,0.039
db6bbe2e7a,main,books,music,svm,random,0,100,transfer,0.8711761727449109,0.8712,2000,100,0,0,1.0,0.8576322341802217,budget_cv,0.197
db6bbe2e7a,main,books,music,svm,random,0,100,target_only,0.7954108890379543,0.7968,0,100,0,0,0.01,0.7584285931550866,budget_cv,0.041
db6bbe2e7a,main,books,music,svm,random,0,250,transfer,0.880780467071725,0.8808,2000,250,0,0,1.0,0.8755862045244559,budget_cv,0.207
db6bbe2e7a,main,books,music,svm,random,0,250,target_only,0.8526709161498939,0.8528,0,250,0,0,0.1,0.8064422453356467,budget_cv,0.044
db6bbe2e7a,main,books,music,svm,random,0,500,transfer,0.8763485412089095,0.8764,2000,500,0,0,1.0,0.8878743655138907,budget_cv,0.218
db6bbe2e7a,main,books,music,svm,random,0,500,target_only,0.8518702146072302,0.852,0,500,0,0,10.0,0.8517605545874968,budget_cv,0.052
db6bbe2e7a,main,books,music,svm,random,0,1000,transfer,0.8895988694924236,0.8896,2000,1000,0,0,1.0,0.9028074904510829,budget_cv,0.233
db6bbe2e7a,main,books,music,svm,random,0,1000,target_only,0.8747663171486604,0.8748,0,1000,0,0,1.0,0.8907451866515427,budget_cv,0.067
db6bbe2e7a,main,books,music,svm,random,0,2000,transfer,0.8971940619290171,0.8972,2000,2000,0,0,1.0,0.8994450044306977,budget_cv,0.293
db6bbe2e7a,main,books,music,svm,random,0,2000,target_only,0.8907785926041505,0.8908,0,2000,0,0,1.0,0.8958531858620175,budget_cv,0.108
db6bbe2e7a,main,books,music,svm,uncertainty,0,0,source_only,0.8581152315944193,0.8584,2000,0,0,0,1.0,0.8759964727885594,source_val_fallback,0.057
db6bbe2e7a,main,books,music,svm,uncertainty,0,50,transfer,0.86110023663396,0.8612,2000,50,0,0,0.1,0.7185846560846562,budget_cv,0.198
db6bbe2e7a,main,books,music,svm,uncertainty,0,50,target_only,0.6843684368436843,0.6844,0,50,0,0,1.0,0.6124455254890038,budget_cv,0.038
db6bbe2e7a,main,books,music,svm,uncertainty,0,100,transfer,0.8715184090504835,0.8716,2000,100,0,0,1.0,0.6381339916088493,budget_cv,0.195
db6bbe2e7a,main,books,music,svm,uncertainty,0,100,target_only,0.6917150954225857,0.692,0,100,0,0,0.01,0.5745899089819235,budget_cv,0.04
db6bbe2e7a,main,books,music,svm,uncertainty,0,250,transfer,0.8643435452097745,0.8644,2000,250,0,0,0.01,0.5715565408006856,budget_cv,0.193
db6bbe2e7a,main,books,music,svm,uncertainty,0,250,target_only,0.7269390176637175,0.7276,0,250,0,0,0.01,0.5092133729558013,budget_cv,0.044
db6bbe2e7a,main,books,music,svm,uncertainty,0,500,transfer,0.8819900116345848,0.882,2000,500,0,0,0.1,0.6335837143283594,budget_cv,0.212
db6bbe2e7a,main,books,music,svm,uncertainty,0,500,target_only,0.7953956903205265,0.7956,0,500,0,0,10.0,0.5680041628063948,budget_cv,0.053
db6bbe2e7a,main,books,music,svm,uncertainty,0,1000,transfer,0.8979913659892174,0.898,2000,1000,0,0,1.0,0.7665215527769798,budget_cv,0.238
db6bbe2e7a,main,books,music,svm,uncertainty,0,1000,target_only,0.873955450814536,0.874,0,1000,0,0,1.0,0.6899611686437718,budget_cv,0.072
db6bbe2e7a,main,books,music,svm,uncertainty,0,2000,transfer,0.8971940619290171,0.8972,2000,2000,0,0,1.0,0.8954657418636635,budget_cv,0.273
db6bbe2e7a,main,books,music,svm,uncertainty,0,2000,target_only,0.8899851964080288,0.89,0,2000,0,0,10.0,0.8973954113794309,budget_cv,0.11
db6bbe2e7a,main,books,music,svm,self_training,0,0,uda_self_training,0.8604455092648141,0.8608,2000,0,0,1000,1.0,0.8759964727885594,source_val_fallback,0.095
db6bbe2e7a,main,books,music,svm,self_training,0,50,transfer,0.8621330896615849,0.8624,2000,50,0,1000,0.1,0.8160441954559602,budget_cv,0.213
db6bbe2e7a,main,books,music,svm,self_training,0,50,target_only,0.5626263575227157,0.6216,0,50,0,1000,0.01,0.614110644257703,budget_cv,0.047
db6bbe2e7a,main,books,music,svm,self_training,0,100,transfer,0.8751711595447011,0.8752,2000,100,0,1000,1.0,0.8576322341802217,budget_cv,0.232
db6bbe2e7a,main,books,music,svm,self_training,0,100,target_only,0.7346148533921605,0.7476,0,100,0,1000,0.01,0.7584285931550866,budget_cv,0.047
db6bbe2e7a,main,books,music,svm,self_training,0,250,transfer,0.8823807292586817,0.8824,2000,250,0,1000,1.0,0.8755862045244559,budget_cv,0.245
db6bbe2e7a,main,books,music,svm,self_training,0,250,target_only,0.787427717184607,0.7936,0,250,0,1000,0.1,0.8064422453356467,budget_cv,0.054
db6bbe2e7a,main,books,music,svm,self_training,0,500,transfer,0.8771488742755185,0.8772,2000,500,0,1000,1.0,0.8878743655138907,budget_cv,0.256
db6bbe2e7a,main,books,music,svm,self_training,0,500,target_only,0.8610238672083452,0.8612,0,500,0,1000,10.0,0.8517605545874968,budget_cv,0.083
db6bbe2e7a,main,books,music,svm,self_training,0,1000,transfer,0.8871964624810634,0.8872,2000,1000,0,1000,1.0,0.9028074904510829,budget_cv,0.284
db6bbe2e7a,main,books,music,svm,self_training,0,1000,target_only,0.8786965718450179,0.8788,0,1000,0,1000,1.0,0.8907451866515427,budget_cv,0.088
db6bbe2e7a,main,books,music,svm,self_training,0,2000,transfer,0.8983906356809843,0.8984,2000,2000,0,1000,1.0,0.8994450044306977,budget_cv,0.324
db6bbe2e7a,main,books,music,svm,self_training,0,2000,target_only,0.8915648670169135,0.8916,0,2000,0,1000,1.0,0.8958531858620175,budget_cv,0.136
db6bbe2e7a,main,books,electronics,logreg,random,0,0,source_only,0.8088704828644289,0.8112,2000,0,0,0,10.0,0.8786632153092355,source_val_fallback,0.092
db6bbe2e7a,main,books,electronics,logreg,random,0,50,transfer,0.8178216772330094,0.8196,2000,50,0,0,10.0,0.895460874408243,budget_cv,0.311
db6bbe2e7a,main,books,electronics,logreg,random,0,50,target_only,0.7280722175923537,0.7292,0,50,0,0,0.1,0.7537037037037037,budget_cv,0.092
db6bbe2e7a,main,books,electronics,logreg,random,0,100,transfer,0.8183815324530408,0.82,2000,100,0,0,1.0,0.8982055853632933,budget_cv,0.302
db6bbe2e7a,main,books,electronics,logreg,random,0,100,target_only,0.7859848990944801,0.786,0,100,0,0,0.1,0.7376877310349141,budget_cv,0.095
db6bbe2e7a,main,books,electronics,logreg,random,0,250,transfer,0.8574520456635306,0.858,2000,250,0,0,10.0,0.8274780774780774,budget_cv,0.351
db6bbe2e7a,main,books,electronics,logreg,random,0,250,target_only,0.8385364656778207,0.8388,0,250,0,0,10.0,0.8072826517087078,budget_cv,0.116
db6bbe2e7a,main,books,electronics,logreg,random,0,500,transfer,0.8777844117022428,0.878,2000,500,0,0,10.0,0.8528969484540868,budget_cv,0.383
db6bbe2e7a,main,books,electronics,logreg,random,0,500,target_only,0.8687293448825897,0.8688,0,500,0,0,10.0,0.8537216875429098,budget_cv,0.135
db6bbe2e7a,main,books,electronics,logreg,random,0,1000,transfer,0.8947743922961091,0.8948,2000,1000,0,0,10.0,0.8839128179296324,budget_cv,0.409
db6bbe2e7a,main,books,electronics,logreg,random,0,1000,target_only,0.8875920684963532,0.8876,0,1000,0,0,10.0,0.8849831457369239,budget_cv,0.158
db6bbe2e7a,main,books,electronics,logreg,random,0,2000,transfer,0.906397843406312,0.9064,2000,2000,0,0,10.0,0.8899748597979832,budget_cv,0.507
db6bbe2e7a,main,books,electronics,logreg,random,0,2000,target_only,0.9027996111984448,0.9028,0,2000,0,0,10.0,0.8988921692147143,budget_cv,0.223
db6bbe2e7a,main,books,electronics,logreg,uncertainty,0,0,source_only,0.8088704828644289,0.8112,2000,0,0,0,10.0,0.8786632153092355,source_val_fallback,0.089
db6bbe2e7a,main,books,electronics,logreg,uncertainty,0,50,transfer,0.817034167378111,0.8184,2000,50,0,0,1.0,0.8239533011272142,budget_cv,0.302
db6bbe2e7a,main,books,electronics,logreg,uncertainty,0,50,target_only,0.7255392912172574,0.7264,0,50,0,0,0.01,0.6394736842105263,budget_cv,0.107
db6bbe2e7a,main,books,electronics,logreg,uncertainty,0,100,transfer,0.8477051571843088,0.848,2000,100,0,0,10.0,0.800187013813458,budget_cv,0.317
db6bbe2e7a,main,books,electronics,logreg,uncertainty,0,100,target_only,0.6770435509707484,0.692,0,100,0,0,0.01,0.6434361451752756,budget_cv,0.11
db6bbe2e7a,main,books,electronics,logreg,uncertainty,0,250,transfer,0.8738253945339718,0.874,2000,250,0,0,10.0,0.7180769251661038,budget_cv,0.337
db6bbe2e7a,main,books,electronics,logreg,uncertainty,0,250,target_only,0.7386510113354958,0.742,0,250,0,0,1.0,0.6598656095638243,budget_cv,0.118
db6bbe2e7a,main,books,electronics,logreg,uncertainty,0,500,transfer,0.8819650805494297,0.882,2000,500,0,0,10.0,0.6649264820780203,budget_cv,0.387
db6bbe2e7a,main,books,electronics,logreg,uncertainty,0,500,target_only,0.7608546741494718,0.7612,0,500,0,0,1.0,0.675593670862156,budget_cv,0.139
db6bbe2e7a,main,books,electronics,logreg,uncertainty,0,1000,transfer,0.903184137689119,0.9032,2000,1000,0,0,10.0,0.7753739346729679,budget_cv,0.414
db6bbe2e7a,main,books,electronics,logreg,uncertainty,0,1000,target_only,0.877588718576304,0.8776,0,1000,0,0,10.0,0.7366920265760543,budget_cv,0.164
db6bbe2e7a,main,books,electronics,logreg,uncertainty,0,2000,transfer,0.906397843406312,0.9064,2000,2000,0,0,10.0,0.8944936099908282,budget_cv,0.516
db6bbe2e7a,main,books,electronics,logreg,uncertainty,0,2000,target_only,0.9027996111984448,0.9028,0,2000,0,0,10.0,0.8964492150169766,budget_cv,0.228
db6bbe2e7a,main,books,electronics,logreg,self_training,0,0,uda_self_training,0.8016794357849462,0.806,2000,0,0,1000,10.0,0.8786632153092355,source_val_fallback,0.196
db6bbe2e7a,main,books,electronics,logreg,self_training,0,50,transfer,0.822876549830189,0.8256,2000,50,0,1000,10.0,0.895460874408243,budget_cv,0.414
db6bbe2e7a,main,books,electronics,logreg,self_training,0,50,target_only,0.680964501926252,0.7032,0,50,0,1000,0.1,0.7537037037037037,budget_cv,0.117
db6bbe2e7a,main,books,electronics,logreg,self_training,0,100,transfer,0.8194792023778004,0.8224,2000,100,0,1000,1.0,0.8982055853632933,budget_cv,0.366
db6bbe2e7a,main,books,electronics,logreg,self_training,0,100,target_only,0.7687969694869087,0.7732,0,100,0,1000,0.1,0.7376877310349141,budget_cv,0.121
db6bbe2e7a,main,books,electronics,logreg,self_training,0,250,transfer,0.8662313440929931,0.8668,2000,250,0,1000,10.0,0.8274780774780774,budget_cv,0.468
db6bbe2e7a,main,books,electronics,logreg,self_training,0,250,target_only,0.8481141076117173,0.8488,0,250,0,1000,10.0,0.8072826517087078,budget_cv,0.162
db6bbe2e7a,main,books,electronics,logreg,self_training,0,500,transfer,0.8785939204643529,0.8788,2000,500,0,1000,10.0,0.8528969484540868,budget_cv,0.496
db6bbe2e7a,main,books,electronics,logreg,self_training,0,500,target_only,0.8734950717523142,0.8736,0,500,0,1000,10.0,0.8537216875429098,budget_cv,0.186
db6bbe2e7a,main,books,electronics,logreg,self_training,0,1000,transfer,0.892766783438838,0.8928,2000,1000,0,1000,10.0,0.8839128179296324,budget_cv,0.532
db6bbe2e7a,main,books,electronics,logreg,self_training,0,1000,target_only,0.8899871681032876,0.89,0,1000,0,1000,10.0,0.8849831457369239,budget_cv,0.221
db6bbe2e7a,main,books,electronics,logreg,self_training,0,2000,transfer,0.905591299294143,0.9056,2000,2000,0,1000,10.0,0.8899748597979832,budget_cv,0.655
db6bbe2e7a,main,books,electronics,logreg,self_training,0,2000,target_only,0.9003987091672708,0.9004,0,2000,0,1000,10.0,0.8988921692147143,budget_cv,0.305
db6bbe2e7a,main,books,electronics,svm,random,0,0,source_only,0.8110772641398756,0.8132,2000,0,0,0,1.0,0.8746646613012474,source_val_fallback,0.062
db6bbe2e7a,main,books,electronics,svm,random,0,50,transfer,0.8233305625542109,0.8248,2000,50,0,0,1.0,0.895460874408243,budget_cv,0.184
db6bbe2e7a,main,books,electronics,svm,random,0,50,target_only,0.7261963290526683,0.7276,0,50,0,0,0.01,0.7537037037037037,budget_cv,0.038
db6bbe2e7a,main,books,electronics,svm,random,0,100,transfer,0.8179360520365406,0.8196,2000,100,0,0,0.1,0.8982055853632933,budget_cv,0.181
db6bbe2e7a,main,books,electronics,svm,random,0,100,target_only,0.785999143996576,0.786,0,100,0,0,0.01,0.7376877310349141,budget_cv,0.039
db6bbe2e7a,main,books,electronics,svm,random,0,250,transfer,0.8427388378762102,0.8436,2000,250,0,0,0.1,0.8272389890810944,budget_cv,0.19
db6bbe2e7a,main,books,electronics,svm,random,0,250,target_only,0.8373397435897436,0.8376,0,250,0,0,1.0,0.8114786116941417,budget_cv,0.046
db6bbe2e7a,main,books,electronics,svm,random,0,500,transfer,0.8773711451258797,0.8776,2000,500,0,0,1.0,0.8610435325011024,budget_cv,0.228
db6bbe2e7a,main,books,electronics,svm,random,0,500,target_only,0.869127109034648,0.8692,0,500,0,0,1.0,0.8516831248577157,budget_cv,0.057
db6bbe2e7a,main,books,electronics,svm,random,0,1000,transfer,0.8967830889412922,0.8968,2000,1000,0,0,1.0,0.8869394730132097,budget_cv,0.242
db6bbe2e7a,main,books,electronics,svm,random,0,1000,target_only,0.8875804120109887,0.8876,0,1000,0,0,0.1,0.8819891534071322,budget_cv,0.068
db6bbe2e7a,main,books,electronics,svm,random,0,2000,transfer,0.9071961987563011,0.9072,2000,2000,0,0,1.0,0.88948502734507,budget_cv,0.282
db6bbe2e7a,main,books,electronics,svm,random,0,2000,target_only,0.9063990415261852,0.9064,0,2000,0,0,1.0,0.9013947524715133,budget_cv,0.109
db6bbe2e7a,main,books,electronics,svm,uncertainty,0,0,source_only,0.8110772641398756,0.8132,2000,0,0,0,1.0,0.8746646613012474,source_val_fallback,0.06
db6bbe2e7a,main,books,electronics,svm,uncertainty,0,50,transfer,0.8276492400898312,0.8284,2000,50,0,0,1.0,0.754919641761747,budget_cv,0.195
db6bbe2e7a,main,books,electronics,svm,uncertainty,0,50,target_only,0.6161300273226109,0.6424,0,50,0,0,0.01,0.6405203089985699,budget_cv,0.039
db6bbe2e7a,main,books,electronics,svm,uncertainty,0,100,transfer,0.8412746633053865,0.842,2000,100,0,0,1.0,0.7975615887380595,budget_cv,0.192
db6bbe2e7a,main,books,electronics,svm,uncertainty,0,100,target_only,0.6979434202986319,0.7076,0,100,0,0,10.0,0.6930208046082668,budget_cv,0.041
db6bbe2e7a,main,books,electronics,svm,uncertainty,0,250,transfer,0.8727862405597789,0.8728,2000,250,0,0,1.0,0.5744142344599911,budget_cv,0.2
db6bbe2e7a,main,books,electronics,svm,uncertainty,0,250,target_only,0.7231462245887785,0.734,0,250,0,0,0.01,0.6044215293169405,budget_cv,0.044
db6bbe2e7a,main,books,electronics,svm,uncertainty,0,500,transfer,0.888765544014914,0.8888,2000,500,0,0,10.0,0.605998783346589,budget_cv,0.232
db6bbe2e7a,main,books,electronics,svm,uncertainty,0,500,target_only,0.8130575947533794,0.8132,0,500,0,0,10.0,0.5962710450247947,budget_cv,0.056
db6bbe2e7a,main,books,electronics,svm,uncertainty,0,1000,transfer,0.9039861740090573,0.904,2000,1000,0,0,1.0,0.7763419329852157,budget_cv,0.249
db6bbe2e7a,main,books,electronics,svm,uncertainty,0,1000,target_only,0.884395838250177,0.8844,0,1000,0,0,1.0,0.7507580598261928,budget_cv,0.077
db6bbe2e7a,main,books,electronics,svm,uncertainty,0,2000,transfer,0.9071961987563011,0.9072,2000,2000,0,0,1.0,0.8944793859807437,budget_cv,0.288
db6bbe2e7a,main,books,electronics,svm,uncertainty,0,2000,target_only,0.9063990415261852,0.9064,0,2000,0,0,1.0,0.9044610695463616,budget_cv,0.111
db6bbe2e7a,main,books,electronics,svm,self_training,0,0,uda_self_training,0.8131266351419425,0.816,2000,0,0,1000,1.0,0.8746646613012474,source_val_fallback,0.091
db6bbe2e7a,main,books,electronics,svm,self_training,0,50,transfer,0.8268097250709594,0.8288,2000,50,0,1000,1.0,0.895460874408243,budget_cv,0.217
db6bbe2e7a,main,books,electronics,svm,self_training,0,50,target_only,0.667181530041575,0.6932,0,50,0,1000,0.01,0.7537037037037037,budget_cv,0.047
db6bbe2e7a,main,books,electronics,svm,self_training,0,100,transfer,0.8202923591238463,0.8232,2000,100,0,1000,0.1,0.8982055853632933,budget_cv,0.205
db6bbe2e7a,main,books,electronics,svm,self_training,0,100,target_only,0.7627739469252799,0.7684,0,100,0,1000,0.01,0.7376877310349141,budget_cv,0.048
db6bbe2e7a,main,books,electronics,svm,self_training,0,250,transfer,0.8470945297926828,0.8484,2000,250,0,1000,0.1,0.8272389890810944,budget_cv,0.21
db6bbe2e7a,main,books,electronics,svm,self_training,0,250,target_only,0.8567823774125349,0.8572,0,250,0,1000,1.0,0.8114786116941417,budget_cv,0.06
db6bbe2e7a,main,books,electronics,svm,self_training,0,500,transfer,0.8813445395398477,0.8816,2000,500,0,1000,1.0,0.8610435325011024,budget_cv,0.246
db6bbe2e7a,main,books,electronics,svm,self_training,0,500,target_only,0.8754879391452307,0.8756,0,500,0,1000,1.0,0.8516831248577157,budget_cv,0.068
db6bbe2e7a,main,books,electronics,svm,self_training,0,1000,transfer,0.8951675270931924,0.8952,2000,1000,0,1000,1.0,0.8869394730132097,budget_cv,0.271
db6bbe2e7a,main,books,electronics,svm,self_training,0,1000,target_only,0.8811041033255782,0.8812,0,1000,0,1000,0.1,0.8819891534071322,budget_cv,0.08
db6bbe2e7a,main,books,electronics,svm,self_training,0,2000,transfer,0.9067921108842653,0.9068,2000,2000,0,1000,1.0,0.88948502734507,budget_cv,0.318
db6bbe2e7a,main,books,electronics,svm,self_training,0,2000,target_only,0.9051981646364673,0.9052,0,2000,0,1000,1.0,0.9013947524715133,budget_cv,0.135
db6bbe2e7a,main,books,clothing,logreg,random,0,0,source_only,0.838380680557244,0.8392,2000,0,0,0,10.0,0.8713126861687586,source_val_fallback,0.093
db6bbe2e7a,main,books,clothing,logreg,random,0,50,transfer,0.8512038212462976,0.8516,2000,50,0,0,10.0,0.879240585122938,budget_cv,0.319
db6bbe2e7a,main,books,clothing,logreg,random,0,50,target_only,0.7638040034334675,0.7656,0,50,0,0,0.1,0.7755680049797696,budget_cv,0.095
db6bbe2e7a,main,books,clothing,logreg,random,0,100,transfer,0.8663657896421484,0.8664,2000,100,0,0,10.0,0.8678889901300768,budget_cv,0.328
db6bbe2e7a,main,books,clothing,logreg,random,0,100,target_only,0.8106720142816544,0.8108,0,100,0,0,0.01,0.7826822815847206,budget_cv,0.109
db6bbe2e7a,main,books,clothing,logreg,random,0,250,transfer,0.8831909543075016,0.8832,2000,250,0,0,10.0,0.8677854548617369,budget_cv,0.331
db6bbe2e7a,main,books,clothing,logreg,random,0,250,target_only,0.8652999097509395,0.8656,0,250,0,0,10.0,0.8709364817681967,budget_cv,0.121
db6bbe2e7a,main,books,clothing,logreg,random,0,500,transfer,0.8963840680142978,0.8964,2000,500,0,0,10.0,0.8914542018715386,budget_cv,0.353
db6bbe2e7a,main,books,clothing,logreg,random,0,500,target_only,0.8855425698398429,0.8856,0,500,0,0,1.0,0.9177549268257058,budget_cv,0.136
db6bbe2e7a,main,books,clothing,logreg,random,0,1000,transfer,0.9091996367985472,0.9092,2000,1000,0,0,10.0,0.9138762052905595,budget_cv,0.396
db6bbe2e7a,main,books,clothing,logreg,random,0,1000,target_only,0.9003953942830316,0.9004,0,1000,0,0,1.0,0.9159087689068839,budget_cv,0.16
db6bbe2e7a,main,books,clothing,logreg,random,0,2000,transfer,0.9171941572197335,0.9172,2000,2000,0,0,10.0,0.9193824030782957,budget_cv,0.471
db6bbe2e7a,main,books,clothing,logreg,random,0,2000,target_only,0.9155901544356133,0.9156,0,2000,0,0,10.0,0.9163796830033771,budget_cv,0.215
db6bbe2e7a,main,books,clothing,logreg,uncertainty,0,0,source_only,0.838380680557244,0.8392,2000,0,0,0,10.0,0.8713126861687586,source_val_fallback,0.091
db6bbe2e7a,main,books,clothing,logreg,uncertainty,0,50,transfer,0.8409703612015751,0.8412,2000,50,0,0,1.0,0.7328551078551078,budget_cv,0.307
db6bbe2e7a,main,books,clothing,logreg,uncertainty,0,50,target_only,0.7263076631752095,0.7292,0,50,0,0,0.01,0.5126050420168068,budget_cv,0.096
db6bbe2e7a,main,books,clothing,logreg,uncertainty,0,100,transfer,0.8695435593255065,0.8696,2000,100,0,0,10.0,0.6769141474079149,budget_cv,0.328
db6bbe2e7a,main,books,clothing,logreg,uncertainty,0,100,target_only,0.7095630056548692,0.714,0,100,0,0,0.01,0.637447389540732,budget_cv,0.105
db6bbe2e7a,main,books,clothing,logreg,uncertainty,0,250,transfer,0.8895942765672973,0.8896,2000,250,0,0,10.0,0.7191838727740082,budget_cv,0.329
db6bbe2e7a,main,books,clothing,logreg,uncertainty,0,250,target_only,0.7345494851554892,0.7376,0,250,0,0,10.0,0.6968406654261917,budget_cv,0.122
db6bbe2e7a,main,books,clothing,logreg,uncertainty,0,500,transfer,0.9027917722956071,0.9028,2000,500,0,0,10.0,0.7153872982484802,budget_cv,0.37
db6bbe2e7a,main,books,clothing,logreg,uncertainty,0,500,target_only,0.790346328660137,0.7904,0,500,0,0,10.0,0.6985855344978592,budget_cv,0.129
db6bbe2e7a,main,books,clothing,logreg,uncertainty,0,1000,transfer,0.9131968750875031,0.9132,2000,1000,0,0,10.0,0.8527349852944588,budget_cv,0.406
db6bbe2e7a,main,books,clothing,logreg,uncertainty,0,1000,target_only,0.8999743934447217,0.9,0,1000,0,0,10.0,0.783116406506851,budget_cv,0.154
db6bbe2e7a,main,books,clothing,logreg,uncertainty,0,2000,transfer,0.9171941572197335,0.9172,2000,2000,0,0,10.0,0.9208690785470915,budget_cv,0.46
db6bbe2e7a,main,books,clothing,logreg,uncertainty,0,2000,target_only,0.9155901544356133,0.9156,0,2000,0,0,10.0,0.9138551009866394,budget_cv,0.214
db6bbe2e7a,main,books,clothing,logreg,self_training,0,0,uda_self_training,0.8415391843356523,0.8428,2000,0,0,1000,10.0,0.8713126861687586,source_val_fallback,0.193
db6bbe2e7a,main,books,clothing,logreg,self_training,0,50,transfer,0.8595076248021867,0.86,2000,50,0,1000,10.0,0.879240585122938,budget_cv,0.453
db6bbe2e7a,main,books,clothing,logreg,self_training,0,50,target_only,0.8094916363188057,0.8116,0,50,0,1000,0.1,0.7755680049797696,budget_cv,0.119
db6bbe2e7a,main,books,clothing,logreg,self_training,0,100,transfer,0.8727165835401889,0.8728,2000,100,0,1000,10.0,0.8678889901300768,budget_cv,0.438
db6bbe2e7a,main,books,clothing,logreg,self_training,0,100,target_only,0.7954211865377114,0.7976,0,100,0,1000,0.01,0.7826822815847206,budget_cv,0.124
db6bbe2e7a,main,books,clothing,logreg,self_training,0,250,transfer,0.8879896771286442,0.888,2000,250,0,1000,10.0,0.8677854548617369,budget_cv,0.441
db6bbe2e7a,main,books,clothing,logreg,self_training,0,250,target_only,0.8777925602033916,0.878,0,250,0,1000,10.0,0.8709364817681967,budget_cv,0.157
db6bbe2e7a,main,books,clothing,logreg,self_training,0,500,transfer,0.8971861653704123,0.8972,2000,500,0,1000,10.0,0.8914542018715386,budget_cv,0.464
db6bbe2e7a,main,books,clothing,logreg,self_training,0,500,target_only,0.8823698866909929,0.8824,0,500,0,1000,1.0,0.9177549268257058,budget_cv,0.169
db6bbe2e7a,main,books,clothing,logreg,self_training,0,1000,transfer,0.9051981646364673,0.9052,2000,1000,0,1000,10.0,0.9138762052905595,budget_cv,0.514
db6bbe2e7a,main,books,clothing,logreg,self_training,0,1000,target_only,0.8943918217026727,0.8944,0,1000,0,1000,1.0,0.9159087689068839,budget_cv,0.197
db6bbe2e7a,main,books,clothing,logreg,self_training,0,2000,transfer,0.9159980645954082,0.916,2000,2000,0,1000,10.0,0.9193824030782957,budget_cv,0.641
db6bbe2e7a,main,books,clothing,logreg,self_training,0,2000,target_only,0.9143964936803811,0.9144,0,2000,0,1000,10.0,0.9163796830033771,budget_cv,0.281
db6bbe2e7a,main,books,clothing,svm,random,0,0,source_only,0.838380680557244,0.8392,2000,0,0,0,1.0,0.8733189198415464,source_val_fallback,0.06
db6bbe2e7a,main,books,clothing,svm,random,0,50,transfer,0.8601626344622415,0.8604,2000,50,0,0,1.0,0.9201252723311546,budget_cv,0.188
db6bbe2e7a,main,books,clothing,svm,random,0,50,target_only,0.7643846589200102,0.766,0,50,0,0,0.01,0.7755680049797696,budget_cv,0.039
db6bbe2e7a,main,books,clothing,svm,random,0,100,transfer,0.8695666090519173,0.8696,2000,100,0,0,1.0,0.8885018328844803,budget_cv,0.176
db6bbe2e7a,main,books,clothing,svm,random,0,100,target_only,0.7766002784886199,0.7816,0,100,0,0,0.01,0.7575379814404205,budget_cv,0.039
db6bbe2e7a,main,books,clothing,svm,random,0,250,transfer,0.8815908303939057,0.8816,2000,250,0,0,1.0,0.8718073496417865,budget_cv,0.18
db6bbe2e7a,main,books,clothing,svm,random,0,250,target_only,0.8628734413281165,0.8632,0,250,0,0,1.0,0.8709364817681967,budget_cv,0.043
db6bbe2e7a,main,books,clothing,svm,random,0,500,transfer,0.8875887588758876,0.8876,2000,500,0,0,10.0,0.9037353003390739,budget_cv,0.197
db6bbe2e7a,main,books,clothing,svm,random,0,500,target_only,0.8859364711769868,0.886,0,500,0,0,0.1,0.9197988915065874,budget_cv,0.048
db6bbe2e7a,main,books,clothing,svm,random,0,1000,transfer,0.905997458171269,0.906,2000,1000,0,0,1.0,0.9148950292304208,budget_cv,0.206
db6bbe2e7a,main,books,clothing,svm,random,0,1000,target_only,0.9011980871949681,0.9012,0,1000,0,0,0.1,0.9149029707520562,budget_cv,0.064
db6bbe2e7a,main,books,clothing,svm,random,0,2000,transfer,0.9143955622659479,0.9144,2000,2000,0,0,1.0,0.9218914642859023,budget_cv,0.282
db6bbe2e7a,main,books,clothing,svm,random,0,2000,target_only,0.9151956037400979,0.9152,0,2000,0,0,1.0,0.9178610069543698,budget_cv,0.109
db6bbe2e7a,main,books,clothing,svm,uncertainty,0,0,source_only,0.838380680557244,0.8392,2000,0,0,0,1.0,0.8733189198415464,source_val_fallback,0.052
db6bbe2e7a,main,books,clothing,svm,uncertainty,0,50,transfer,0.8614719779431359,0.8616,2000,50,0,0,1.0,0.6672217531350659,budget_cv,0.168
db6bbe2e7a,main,books,clothing,svm,uncertainty,0,50,target_only,0.5897818483612114,0.6268,0,50,0,0,0.01,0.42540071844419675,budget_cv,0.039
db6bbe2e7a,main,books,clothing,svm,uncertainty,0,100,transfer,0.8743767647264038,0.8744,2000,100,0,0,1.0,0.7623504558547382,budget_cv,0.175
db6bbe2e7a,main,books,clothing,svm,uncertainty,0,100,target_only,0.6175518217281559,0.6544,0,100,0,0,0.01,0.5878774961895167,budget_cv,0.04
db6bbe2e7a,main,books,clothing,svm,uncertainty,0,250,transfer,0.8931519782250934,0.8932,2000,250,0,0,1.0,0.607744886111946,budget_cv,0.182
db6bbe2e7a,main,books,clothing,svm,uncertainty,0,250,target_only,0.7271221475762293,0.7304,0,250,0,0,0.1,0.6127260059194991,budget_cv,0.044
db6bbe2e7a,main,books,clothing,svm,uncertainty,0,500,transfer,0.9019973500083442,0.902,2000,500,0,0,10.0,0.6343097461764812,budget_cv,0.199
db6bbe2e7a,main,books,clothing,svm,uncertainty,0,500,target_only,0.788708586883029,0.7888,0,500,0,0,0.01,0.5961348080154011,budget_cv,0.051
db6bbe2e7a,main,books,clothing,svm,uncertainty,0,1000,transfer,0.9123983040311661,0.9124,2000,1000,0,0,1.0,0.8317292569129249,budget_cv,0.212
db6bbe2e7a,main,books,clothing,svm,uncertainty,0,1000,target_only,0.9031949816278476,0.9032,0,1000,0,0,10.0,0.7604810866872916,budget_cv,0.071
db6bbe2e7a,main,books,clothing,svm,uncertainty,0,2000,transfer,0.9143955622659479,0.9144,2000,2000,0,0,1.0,0.9243502956967825,budget_cv,0.3
db6bbe2e7a,main,books,clothing,svm,uncertainty,0,2000,target_only,0.9151956037400979,0.9152,0,2000,0,0,1.0,0.9238493521609401,budget_cv,0.114
db6bbe2e7a,main,books,clothing,svm,self_training,0,0,uda_self_training,0.8454304408001808,0.8464,2000,0,0,1000,1.0,0.8733189198415464,source_val_fallback,0.092
db6bbe2e7a,main,books,clothing,svm,self_training,0,50,transfer,0.8624337215295959,0.8628,2000,50,0,1000,1.0,0.9201252723311546,budget_cv,0.212
db6bbe2e7a,main,books,clothing,svm,self_training,0,50,target_only,0.8159878771522154,0.8176,0,50,0,1000,0.01,0.7755680049797696,budget_cv,0.047
db6bbe2e7a,main,books,clothing,svm,self_training,0,100,transfer,0.8719262295081966,0.872,2000,100,0,1000,1.0,0.8885018328844803,budget_cv,0.212
db6bbe2e7a,main,books,clothing,svm,self_training,0,100,target_only,0.5549245562022176,0.6196,0,100,0,1000,0.01,0.7575379814404205,budget_cv,0.047
db6bbe2e7a,main,books,clothing,svm,self_training,0,250,transfer,0.8847855474990782,0.8848,2000,250,0,1000,1.0,0.8718073496417865,budget_cv,0.218
db6bbe2e7a,main,books,clothing,svm,self_training,0,250,target_only,0.8789302760261422,0.8792,0,250,0,1000,1.0,0.8709364817681967,budget_cv,0.057
db6bbe2e7a,main,books,clothing,svm,self_training,0,500,transfer,0.8875887588758876,0.8876,2000,500,0,1000,10.0,0.9037353003390739,budget_cv,0.241
db6bbe2e7a,main,books,clothing,svm,self_training,0,500,target_only,0.8831757753287721,0.8832,0,500,0,1000,0.1,0.9197988915065874,budget_cv,0.059
db6bbe2e7a,main,books,clothing,svm,self_training,0,1000,transfer,0.9051956162452952,0.9052,2000,1000,0,1000,1.0,0.9148950292304208,budget_cv,0.246
db6bbe2e7a,main,books,clothing,svm,self_training,0,1000,target_only,0.8987914337069489,0.8988,0,1000,0,1000,0.1,0.9149029707520562,budget_cv,0.076
db6bbe2e7a,main,books,clothing,svm,self_training,0,2000,transfer,0.9143964936803811,0.9144,2000,2000,0,1000,1.0,0.9218914642859023,budget_cv,0.353
db6bbe2e7a,main,books,clothing,svm,self_training,0,2000,target_only,0.9159995161572131,0.916,0,2000,0,1000,1.0,0.9178610069543698,budget_cv,0.135
db6bbe2e7a,main,music,books,logreg,random,0,0,source_only,0.8428911263777317,0.8444,2000,0,0,0,10.0,0.8846108183027251,source_val_fallback,0.084
db6bbe2e7a,main,music,books,logreg,random,0,50,transfer,0.8456565656565657,0.8472,2000,50,0,0,10.0,0.8755178544652229,budget_cv,0.288
db6bbe2e7a,main,music,books,logreg,random,0,50,target_only,0.6437401552375219,0.6708,0,50,0,0,0.01,0.605130249867092,budget_cv,0.097
db6bbe2e7a,main,music,books,logreg,random,0,100,transfer,0.8557429768589169,0.8568,2000,100,0,0,10.0,0.8947835452713502,budget_cv,0.292
db6bbe2e7a,main,music,books,logreg,random,0,100,target_only,0.7514733379942983,0.7568,0,100,0,0,0.01,0.7705931495405179,budget_cv,0.108
db6bbe2e7a,main,music,books,logreg,random,0,250,transfer,0.8710105491671621,0.8716,2000,250,0,0,10.0,0.8721793764139366,budget_cv,0.301
db6bbe2e7a,main,music,books,logreg,random,0,250,target_only,0.837934391990814,0.8384,0,250,0,0,0.01,0.8141449796973053,budget_cv,0.113
db6bbe2e7a,main,music,books,logreg,random,0,500,transfer,0.8927110102203171,0.8928,2000,500,0,0,10.0,0.8876148959642508,budget_cv,0.325
db6bbe2e7a,main,music,books,logreg,random,0,500,target_only,0.8674608657183965,0.8676,0,500,0,0,1.0,0.8536271755265593,budget_cv,0.144
db6bbe2e7a,main,music,books,logreg,random,0,1000,transfer,0.8991715421760638,0.8992,2000,1000,0,0,10.0,0.8837019699598178,budget_cv,0.38
db6bbe2e7a,main,music,books,logreg,random,0,1000,target_only,0.8899732238837643,0.89,0,1000,0,0,10.0,0.8606459697281705,budget_cv,0.185
db6bbe2e7a,main,music,books,logreg,random,0,2000,transfer,0.9127776710837974,0.9128,2000,2000,0,0,10.0,0.8920404890534396,budget_cv,0.48
db6bbe2e7a,main,music,books,logreg,random,0,2000,target_only,0.9039800893113197,0.904,0,2000,0,0,10.0,0.8840208388411236,budget_cv,0.253
db6bbe2e7a,main,music,books,logreg,uncertainty,0,0,source_only,0.8428911263777317,0.8444,2000,0,0,0,10.0,0.8846108183027251,source_val_fallback,0.082
db6bbe2e7a,main,music,books,logreg,uncertainty,0,50,transfer,0.8590721632430972,0.8596,2000,50,0,0,10.0,0.8095259008302488,budget_cv,0.284
db6bbe2e7a,main,music,books,logreg,uncertainty,0,50,target_only,0.595133121743092,0.6148,0,50,0,0,0.01,0.587842190016103,budget_cv,0.096
db6bbe2e7a,main,music,books,logreg,uncertainty,0,100,transfer,0.8471172279279633,0.8484,2000,100,0,0,1.0,0.7104095152062632,budget_cv,0.273
db6bbe2e7a,main,music,books,logreg,uncertainty,0,100,target_only,0.5294948685478301,0.5784,0,100,0,0,0.01,0.5290170940170941,budget_cv,0.101
db6bbe2e7a,main,music,books,logreg,uncertainty,0,250,transfer,0.8831831783776865,0.8832,2000,250,0,0,10.0,0.6553057951121067,budget_cv,0.306
db6bbe2e7a,main,music,books,logreg,uncertainty,0,250,target_only,0.5753455920709443,0.5832,0,250,0,0,0.1,0.5551293557564134,budget_cv,0.122
db6bbe2e7a,main,music,books,logreg,uncertainty,0,500,transfer,0.8979992003137305,0.898,2000,500,0,0,10.0,0.6513642040130175,budget_cv,0.328
db6bbe2e7a,main,music,books,logreg,uncertainty,0,500,target_only,0.6693244165560006,0.67,0,500,0,0,1.0,0.6006893822922649,budget_cv,0.136
db6bbe2e7a,main,music,books,logreg,uncertainty,0,1000,transfer,0.9119796637815201,0.912,2000,1000,0,0,10.0,0.8089075424440891,budget_cv,0.397
db6bbe2e7a,main,music,books,logreg,uncertainty,0,1000,target_only,0.869957866348697,0.87,0,1000,0,0,10.0,0.727735397278643,budget_cv,0.177
db6bbe2e7a,main,music,books,logreg,uncertainty,0,2000,transfer,0.9127776710837974,0.9128,2000,2000,0,0,10.0,0.8930568606419458,budget_cv,0.478
db6bbe2e7a,main,music,books,logreg,uncertainty,0,2000,target_only,0.9039800893113197,0.904,0,2000,0,0,10.0,0.8840394432800166,budget_cv,0.25
db6bbe2e7a,main,music,books,logreg,self_training,0,0,uda_self_training,0.8163109645089873,0.8204,2000,0,0,1000,10.0,0.8846108183027251,source_val_fallback,0.182
db6bbe2e7a,main,music,books,logreg,self_training,0,50,transfer,0.8215613067167591,0.8252,2000,50,0,1000,10.0,0.8755178544652229,budget_cv,0.385
db6bbe2e7a,main,music,books,logreg,self_training,0,50,target_only,0.417317923586399,0.5432,0,50,0,1000,0.01,0.605130249867092,budget_cv,0.129
db6bbe2e7a,main,music,books,logreg,self_training,0,100,transfer,0.8401592630384604,0.8424,2000,100,0,1000,10.0,0.8947835452713502,budget_cv,0.393
db6bbe2e7a,main,music,books,logreg,self_training,0,100,target_only,0.4997984723256872,0.5852,0,100,0,1000,0.01,0.7705931495405179,budget_cv,0.133
db6bbe2e7a,main,music,books,logreg,self_training,0,250,transfer,0.8694790441354194,0.8704,2000,250,0,1000,10.0,0.8721793764139366,budget_cv,0.402
db6bbe2e7a,main,music,books,logreg,self_training,0,250,target_only,0.6127922557000245,0.6584,0,250,0,1000,0.01,0.8141449796973053,budget_cv,0.135
db6bbe2e7a,main,music,books,logreg,self_training,0,500,transfer,0.8914561837852681,0.8916,2000,500,0,1000,10.0,0.8876148959642508,budget_cv,0.436
db6bbe2e7a,main,music,books,logreg,self_training,0,500,target_only,0.7986223168047728,0.8016,0,500,0,1000,1.0,0.8536271755265593,budget_cv,0.184
db6bbe2e7a,main,music,books,logreg,self_training,0,1000,transfer,0.9027656334854991,0.9028,2000,1000,0,1000,10.0,0.8837019699598178,budget_cv,0.52
db6bbe2e7a,main,music,books,logreg,self_training,0,1000,target_only,0.8891203618086654,0.8892,0,1000,0,1000,10.0,0.8606459697281705,budget_cv,0.248
db6bbe2e7a,main,music,books,logreg,self_training,0,2000,transfer,0.9091678963012687,0.9092,2000,2000,0,1000,10.0,0.8920404890534396,budget_cv,0.654
db6bbe2e7a,main,music,books,logreg,self_training,0,2000,target_only,0.9039674872324774,0.904,0,2000,0,1000,10.0,0.8840208388411236,budget_cv,0.356
db6bbe2e7a,main,music,books,svm,random,0,0,source_only,0.8493596217263435,0.85,2000,0,0,0,10.0,0.885968324534593,source_val_fallback,0.045
db6bbe2e7a,main,music,books,svm,random,0,50,transfer,0.8488400347047157,0.85,2000,50,0,0,1.0,0.8755178544652229,budget_cv,0.143
db6bbe2e7a,main,music,books,svm,random,0,50,target_only,0.5871915624668239,0.6348,0,50,0,0,0.01,0.562687747035573,budget_cv,0.04
db6bbe2e7a,main,music,books,svm,random,0,100,transfer,0.8628516211740413,0.8632,2000,100,0,0,10.0,0.9167934820373844,budget_cv,0.159
db6bbe2e7a,main,music,books,svm,random,0,100,target_only,0.701523899578313,0.72,0,100,0,0,0.01,0.666229055525029,budget_cv,0.041
db6bbe2e7a,main,music,books,svm,random,0,250,transfer,0.8776537306947615,0.878,2000,250,0,0,1.0,0.8807599444082549,budget_cv,0.157
db6bbe2e7a,main,music,books,svm,random,0,250,target_only,0.827180641130749,0.8288,0,250,0,0,0.01,0.8107905828084858,budget_cv,0.046
db6bbe2e7a,main,music,books,svm,random,0,500,transfer,0.8899704064405163,0.89,2000,500,0,0,10.0,0.8939736350906674,budget_cv,0.179
db6bbe2e7a,main,music,books,svm,random,0,500,target_only,0.8762945237627411,0.8764,0,500,0,0,10.0,0.8596674853970424,budget_cv,0.06
db6bbe2e7a,main,music,books,svm,random,0,1000,transfer,0.9003732043770493,0.9004,2000,1000,0,0,1.0,0.8827531155472944,budget_cv,0.205
db6bbe2e7a,main,music,books,svm,random,0,1000,target_only,0.8863764390183948,0.8864,0,1000,0,0,1.0,0.8607492949445795,budget_cv,0.088
db6bbe2e7a,main,music,books,svm,random,0,2000,transfer,0.914767256989445,0.9148,2000,2000,0,0,1.0,0.8925756898964993,budget_cv,0.271
db6bbe2e7a,main,music,books,svm,random,0,2000,target_only,0.9011734196029364,0.9012,0,2000,0,0,10.0,0.8839891311434295,budget_cv,0.146
db6bbe2e7a,main,music,books,svm,uncertainty,0,0,source_only,0.8493596217263435,0.85,2000,0,0,0,10.0,0.885968324534593,source_val_fallback,0.045
db6bbe2e7a,main,music,books,svm,uncertainty,0,50,transfer,0.8643987069574215,0.8648,2000,50,0,0,1.0,0.6881236453604874,budget_cv,0.149
db6bbe2e7a,main,music,books,svm,uncertainty,0,50,target_only,0.6330860770983143,0.6444,0,50,0,0,0.01,0.605026455026455,budget_cv,0.039
db6bbe2e7a,main,music,books,svm,uncertainty,0,100,transfer,0.8787495404087364,0.8788,2000,100,0,0,1.0,0.6278860028860029,budget_cv,0.148
db6bbe2e7a,main,music,books,svm,uncertainty,0,100,target_only,0.5746210697045125,0.6032,0,100,0,0,0.01,0.4754480841506918,budget_cv,0.042
db6bbe2e7a,main,music,books,svm,uncertainty,0,250,transfer,0.8883755497804239,0.8884,2000,250,0,0,1.0,0.6021478286238225,budget_cv,0.165
db6bbe2e7a,main,music,books,svm,uncertainty,0,250,target_only,0.6547914940624137,0.6552,0,250,0,0,0.1,0.5791065627844738,budget_cv,0.048
db6bbe2e7a,main,music,books,svm,uncertainty,0,500,transfer,0.8809567899601602,0.8812,2000,500,0,0,0.1,0.5977354954201676,budget_cv,0.185
db6bbe2e7a,main,music,books,svm,uncertainty,0,500,target_only,0.7077378040068065,0.7084,0,500,0,0,0.01,0.5280290256925938,budget_cv,0.071
db6bbe2e7a,main,music,books,svm,uncertainty,0,1000,transfer,0.9055651875507387,0.9056,2000,1000,0,0,10.0,0.7737408317592728,budget_cv,0.249
db6bbe2e7a,main,music,books,svm,uncertainty,0,1000,target_only,0.889920936813657,0.89,0,1000,0,0,10.0,0.6890984927419112,budget_cv,0.093
db6bbe2e7a,main,music,books,svm,uncertainty,0,2000,transfer,0.914767256989445,0.9148,2000,2000,0,0,1.0,0.8926458549014749,budget_cv,0.284
db6bbe2e7a,main,music,books,svm,uncertainty,0,2000,target_only,0.9035811018959716,0.9036,0,2000,0,0,1.0,0.8865887489267174,budget_cv,0.134
db6bbe2e7a,main,music,books,svm,self_training,0,0,uda_self_training,0.8515872920110525,0.8524,2000,0,0,1000,10.0,0.885968324534593,source_val_fallback,0.09
db6bbe2e7a,main,music,books,svm,self_training,0,50,transfer,0.8483213664958644,0.85,2000,50,0,1000,1.0,0.8755178544652229,budget_cv,0.174
db6bbe2e7a,main,music,books,svm,self_training,0,50,target_only,0.4364091790562379,0.5536,0,50,0,1000,0.01,0.562687747035573,budget_cv,0.06
db6bbe2e7a,main,music,books,svm,self_training,0,100,transfer,0.8635963324423768,0.864,2000,100,0,1000,10.0,0.9167934820373844,budget_cv,0.207
db6bbe2e7a,main,music,books,svm,self_training,0,100,target_only,0.506944135180013,0.5908,0,100,0,1000,0.01,0.666229055525029,budget_cv,0.059
db6bbe2e7a,main,music,books,svm,self_training,0,250,transfer,0.8775169464340244,0.878,2000,250,0,1000,1.0,0.8807599444082549,budget_cv,0.194
db6bbe2e7a,main,music,books,svm,self_training,0,250,target_only,0.6212394488132169,0.664,0,250,0,1000,0.01,0.8107905828084858,budget_cv,0.06
db6bbe2e7a,main,music,books,svm,self_training,0,500,transfer,0.8907706216664034,0.8908,2000,500,0,1000,10.0,0.8939736350906674,budget_cv,0.238
db6bbe2e7a,main,music,books,svm,self_training,0,500,target_only,0.8790501382833386,0.8792,0,500,0,1000,10.0,0.8596674853970424,budget_cv,0.098
db6bbe2e7a,main,music,books,svm,self_training,0,1000,transfer,0.9031726714547914,0.9032,2000,1000,0,1000,1.0,0.8827531155472944,budget_cv,0.258
db6bbe2e7a,main,music,books,svm,self_training,0,1000,target_only,0.8939558686743074,0.894,0,1000,0,1000,1.0,0.8607492949445795,budget_cv,0.118
db6bbe2e7a,main,music,books,svm,self_training,0,2000,transfer,0.913157968456733,0.9132,2000,2000,0,1000,1.0,0.8925756898964993,budget_cv,0.333
db6bbe2e7a,main,music,books,svm,self_training,0,2000,target_only,0.901170762358336,0.9012,0,2000,0,1000,10.0,0.8839891311434295,budget_cv,0.225
db6bbe2e7a,main,music,electronics,logreg,random,0,0,source_only,0.7838028544587072,0.7892,2000,0,0,0,10.0,0.8886305829755508,source_val_fallback,0.087
db6bbe2e7a,main,music,electronics,logreg,random,0,50,transfer,0.7908633422652114,0.7952,2000,50,0,0,10.0,0.8755778334725703,budget_cv,0.293
db6bbe2e7a,main,music,electronics,logreg,random,0,50,target_only,0.7198384773265971,0.7244,0,50,0,0,0.01,0.733406432748538,budget_cv,0.091
db6bbe2e7a,main,music,electronics,logreg,random,0,100,transfer,0.8115856128232644,0.814,2000,100,0,0,10.0,0.8392479360165118,budget_cv,0.297
db6bbe2e7a,main,music,electronics,logreg,random,0,100,target_only,0.7839861751152073,0.784,0,100,0,0,0.1,0.7376877310349141,budget_cv,0.1
db6bbe2e7a,main,music,electronics,logreg,random,0,250,transfer,0.8481590024151177,0.8492,2000,250,0,0,10.0,0.8298478196627436,budget_cv,0.303
db6bbe2e7a,main,music,electronics,logreg,random,0,250,target_only,0.8393581633534388,0.8396,0,250,0,0,10.0,0.8074602151586362,budget_cv,0.118
db6bbe2e7a,main,music,electronics,logreg,random,0,500,transfer,0.8776106844829128,0.878,2000,500,0,0,10.0,0.8627548654524618,budget_cv,0.322
db6bbe2e7a,main,music,electronics,logreg,random,0,500,target_only,0.8703395055997326,0.8704,0,500,0,0,10.0,0.8537216875429098,budget_cv,0.138
db6bbe2e7a,main,music,electronics,logreg,random,0,1000,transfer,0.8922754704438332,0.8924,2000,1000,0,0,10.0,0.8868353432462025,budget_cv,0.34
db6bbe2e7a,main,music,electronics,logreg,random,0,1000,target_only,0.8879838696772335,0.888,0,1000,0,0,1.0,0.8829886020113443,budget_cv,0.157
db6bbe2e7a,main,music,electronics,logreg,random,0,2000,transfer,0.9067749261841465,0.9068,2000,2000,0,0,10.0,0.89299452368157,budget_cv,0.415
db6bbe2e7a,main,music,electronics,logreg,random,0,2000,target_only,0.9031999380479603,0.9032,0,2000,0,0,10.0,0.8973731718257364,budget_cv,0.224
db6bbe2e7a,main,music,electronics,logreg,uncertainty,0,0,source_only,0.7838028544587072,0.7892,2000,0,0,0,10.0,0.8886305829755508,source_val_fallback,0.084
db6bbe2e7a,main,music,electronics,logreg,uncertainty,0,50,transfer,0.798403420383879,0.8024,2000,50,0,0,10.0,0.8083638583638585,budget_cv,0.294
db6bbe2e7a,main,music,electronics,logreg,uncertainty,0,50,target_only,0.7252685109264523,0.726,0,50,0,0,0.01,0.7152948673846508,budget_cv,0.097
db6bbe2e7a,main,music,electronics,logreg,uncertainty,0,100,transfer,0.8309395446251978,0.832,2000,100,0,0,10.0,0.7497994372182503,budget_cv,0.294
db6bbe2e7a,main,music,electronics,logreg,uncertainty,0,100,target_only,0.6551664832140891,0.6792,0,100,0,0,0.01,0.6447104950441171,budget_cv,0.107
db6bbe2e7a,main,music,electronics,logreg,uncertainty,0,250,transfer,0.8711970323796261,0.8712,2000,250,0,0,10.0,0.6456466661385962,budget_cv,0.34
db6bbe2e7a,main,music,electronics,logreg,uncertainty,0,250,target_only,0.5861700852734386,0.6348,0,250,0,0,0.01,0.5946236573509812,budget_cv,0.115
db6bbe2e7a,main,music,electronics,logreg,uncertainty,0,500,transfer,0.893572754625184,0.8936,2000,500,0,0,10.0,0.7309707959929659,budget_cv,0.331
db6bbe2e7a,main,music,electronics,logreg,uncertainty,0,500,target_only,0.7639661168124438,0.7656,0,500,0,0,1.0,0.6710184473935805,budget_cv,0.142
db6bbe2e7a,main,music,electronics,logreg,uncertainty,0,1000,transfer,0.9047555627553592,0.9048,2000,1000,0,0,10.0,0.8079184214638125,budget_cv,0.349
db6bbe2e7a,main,music,electronics,logreg,uncertainty,0,1000,target_only,0.8739752991586351,0.874,0,1000,0,0,10.0,0.7638189720360438,budget_cv,0.169
db6bbe2e7a,main,music,electronics,logreg,uncertainty,0,2000,transfer,0.9067749261841465,0.9068,2000,2000,0,0,10.0,0.8979928952561856,budget_cv,0.435
db6bbe2e7a,main,music,electronics,logreg,uncertainty,0,2000,target_only,0.9031999380479603,0.9032,0,2000,0,0,10.0,0.8974169802400027,budget_cv,0.226
db6bbe2e7a,main,music,electronics,logreg,self_training,0,0,uda_self_training,0.7570911033573182,0.7672,2000,0,0,1000,10.0,0.8886305829755508,source_val_fallback,0.183
db6bbe2e7a,main,music,electronics,logreg,self_training,0,50,transfer,0.783505547453852,0.79,2000,50,0,1000,10.0,0.8755778334725703,budget_cv,0.395
db6bbe2e7a,main,music,electronics,logreg,self_training,0,50,target_only,0.6075214728962971,0.6512,0,50,0,1000,0.01,0.733406432748538,budget_cv,0.119
db6bbe2e7a,main,music,electronics,logreg,self_training,0,100,transfer,0.809355851387375,0.8132,2000,100,0,1000,10.0,0.8392479360165118,budget_cv,0.401
db6bbe2e7a,main,music,electronics,logreg,self_training,0,100,target_only,0.7692029270441905,0.7732,0,100,0,1000,0.1,0.7376877310349141,budget_cv,0.122
db6bbe2e7a,main,music,electronics,logreg,self_training,0,250,transfer,0.8465138612524081,0.848,2000,250,0,1000,10.0,0.8298478196627436,budget_cv,0.387
db6bbe2e7a,main,music,electronics,logreg,self_training,0,250,target_only,0.8489968572069302,0.8496,0,250,0,1000,10.0,0.8074602151586362,budget_cv,0.159
db6bbe2e7a,main,music,electronics,logreg,self_training,0,500,transfer,0.8779368239547056,0.8784,2000,500,0,1000,10.0,0.8627548654524618,budget_cv,0.421
db6bbe2e7a,main,music,electronics,logreg,self_training,0,500,target_only,0.873489156259148,0.8736,0,500,0,1000,10.0,0.8537216875429098,budget_cv,0.187
db6bbe2e7a,main,music,electronics,logreg,self_training,0,1000,transfer,0.8954847991650317,0.8956,2000,1000,0,1000,10.0,0.8868353432462025,budget_cv,0.464
db6bbe2e7a,main,music,electronics,logreg,self_training,0,1000,target_only,0.8791349455931161,0.8792,0,1000,0,1000,1.0,0.8829886020113443,budget_cv,0.196
db6bbe2e7a,main,music,electronics,logreg,self_training,0,2000,transfer,0.9047731231662824,0.9048,2000,2000,0,1000,10.0,0.89299452368157,budget_cv,0.557
db6bbe2e7a,main,music,electronics,logreg,self_training,0,2000,target_only,0.9007977143793393,0.9008,0,2000,0,1000,10.0,0.8973731718257364,budget_cv,0.302
db6bbe2e7a,main,music,electronics,svm,random,0,0,source_only,0.7965317310592972,0.7996,2000,0,0,0,10.0,0.889933030363808,source_val_fallback,0.044
db6bbe2e7a,main,music,electronics,svm,random,0,50,transfer,0.7995360948069845,0.8028,2000,50,0,0,1.0,0.8755778334725703,budget_cv,0.139
db6bbe2e7a,main,music,electronics,svm,random,0,50,target_only,0.725068186305373,0.7264,0,50,0,0,0.01,0.733406432748538,budget_cv,0.038
db6bbe2e7a,main,music,electronics,svm,random,0,100,transfer,0.8343791566007785,0.8352,2000,100,0,0,10.0,0.8595452069716775,budget_cv,0.146
db6bbe2e7a,main,music,electronics,svm,random,0,100,target_only,0.7847998622719119,0.7848,0,100,0,0,0.01,0.7376877310349141,budget_cv,0.04
db6bbe2e7a,main,music,electronics,svm,random,0,250,transfer,0.852802637776731,0.8536,2000,250,0,0,1.0,0.8428180965235711,budget_cv,0.148
db6bbe2e7a,main,music,electronics,svm,random,0,250,target_only,0.8357265438339276,0.836,0,250,0,0,1.0,0.8074602151586362,budget_cv,0.043
db6bbe2e7a,main,music,electronics,svm,random,0,500,transfer,0.8785154150707281,0.8788,2000,500,0,0,1.0,0.8650661362623014,budget_cv,0.162
db6bbe2e7a,main,music,electronics,svm,random,0,500,target_only,0.8683266632183461,0.8684,0,500,0,0,1.0,0.8537130767013767,budget_cv,0.052
db6bbe2e7a,main,music,electronics,svm,random,0,1000,transfer,0.8947198017561857,0.8948,2000,1000,0,0,1.0,0.8928889416451605,budget_cv,0.185
db6bbe2e7a,main,music,electronics,svm,random,0,1000,target_only,0.8871791326523755,0.8872,0,1000,0,0,0.1,0.8829886020113443,budget_cv,0.068
db6bbe2e7a,main,music,electronics,svm,random,0,2000,transfer,0.9063735748777735,0.9064,2000,2000,0,0,1.0,0.8954972113288323,budget_cv,0.234
db6bbe2e7a,main,music,electronics,svm,random,0,2000,target_only,0.9067992693062714,0.9068,0,2000,0,0,1.0,0.9013866435557102,budget_cv,0.11
db6bbe2e7a,main,music,electronics,svm,uncertainty,0,0,source_only,0.7965317310592972,0.7996,2000,0,0,0,10.0,0.889933030363808,source_val_fallback,0.042
db6bbe2e7a,main,music,electronics,svm,uncertainty,0,50,transfer,0.8050017062350705,0.808,2000,50,0,0,1.0,0.7747424115845168,budget_cv,0.141
db6bbe2e7a,main,music,electronics,svm,uncertainty,0,50,target_only,0.6951929772461958,0.6952,0,50,0,0,10.0,0.6059957586273376,budget_cv,0.038
db6bbe2e7a,main,music,electronics,svm,uncertainty,0,100,transfer,0.8257762153560844,0.8272,2000,100,0,0,10.0,0.6538800705467372,budget_cv,0.146
db6bbe2e7a,main,music,electronics,svm,uncertainty,0,100,target_only,0.6873809070121951,0.6976,0,100,0,0,0.01,0.5277289342660868,budget_cv,0.04
db6bbe2e7a,main,music,electronics,svm,uncertainty,0,250,transfer,0.8751992811478594,0.8752,2000,250,0,0,1.0,0.6046405664052723,budget_cv,0.156
db6bbe2e7a,main,music,electronics,svm,uncertainty,0,250,target_only,0.6651347149373836,0.6864,0,250,0,0,0.01,0.5183468860888215,budget_cv,0.045
db6bbe2e7a,main,music,electronics,svm,uncertainty,0,500,transfer,0.8903660397844837,0.8904,2000,500,0,0,10.0,0.6479338903799992,budget_cv,0.172
db6bbe2e7a,main,music,electronics,svm,uncertainty,0,500,target_only,0.8100454993126371,0.8104,0,500,0,0,1.0,0.6222743170943174,budget_cv,0.054
db6bbe2e7a,main,music,electronics,svm,uncertainty,0,1000,transfer,0.9035788799178572,0.9036,2000,1000,0,0,10.0,0.7718159626369108,budget_cv,0.208
db6bbe2e7a,main,music,electronics,svm,uncertainty,0,1000,target_only,0.882799981247997,0.8828,0,1000,0,0,10.0,0.7177197356600212,budget_cv,0.08
db6bbe2e7a,main,music,electronics,svm,uncertainty,0,2000,transfer,0.9063735748777735,0.9064,2000,2000,0,0,1.0,0.8979838317703589,budget_cv,0.23
db6bbe2e7a,main,music,electronics,svm,uncertainty,0,2000,target_only,0.9067992693062714,0.9068,0,2000,0,0,1.0,0.894434167217753,budget_cv,0.112
db6bbe2e7a,main,music,electronics,svm,self_training,0,0,uda_self_training,0.79547597761258,0.7996,2000,0,0,1000,10.0,0.889933030363808,source_val_fallback,0.086
db6bbe2e7a,main,music,electronics,svm,self_training,0,50,transfer,0.7956682987048312,0.8,2000,50,0,1000,1.0,0.8755778334725703,budget_cv,0.176
db6bbe2e7a,main,music,electronics,svm,self_training,0,50,target_only,0.6693964782882311,0.6948,0,50,0,1000,0.01,0.733406432748538,budget_cv,0.048
db6bbe2e7a,main,music,electronics,svm,self_training,0,100,transfer,0.8385977826152826,0.8396,2000,100,0,1000,10.0,0.8595452069716775,budget_cv,0.194
db6bbe2e7a,main,music,electronics,svm,self_training,0,100,target_only,0.7634491826637226,0.7688,0,100,0,1000,0.01,0.7376877310349141,budget_cv,0.05
db6bbe2e7a,main,music,electronics,svm,self_training,0,250,transfer,0.8567011378251677,0.8576,2000,250,0,1000,1.0,0.8428180965235711,budget_cv,0.186
db6bbe2e7a,main,music,electronics,svm,self_training,0,250,target_only,0.8556215204786435,0.856,0,250,0,1000,1.0,0.8074602151586362,budget_cv,0.06
db6bbe2e7a,main,music,electronics,svm,self_training,0,500,transfer,0.8776843473341043,0.878,2000,500,0,1000,1.0,0.8650661362623014,budget_cv,0.202
db6bbe2e7a,main,music,electronics,svm,self_training,0,500,target_only,0.8759027077228547,0.876,0,500,0,1000,1.0,0.8537130767013767,budget_cv,0.066
db6bbe2e7a,main,music,electronics,svm,self_training,0,1000,transfer,0.8951080979110657,0.8952,2000,1000,0,1000,1.0,0.8928889416451605,budget_cv,0.222
db6bbe2e7a,main,music,electronics,svm,self_training,0,1000,target_only,0.8827255260180424,0.8828,0,1000,0,1000,0.1,0.8829886020113443,budget_cv,0.086
db6bbe2e7a,main,music,electronics,svm,self_training,0,2000,transfer,0.9055651875507387,0.9056,2000,2000,0,1000,1.0,0.8954972113288323,budget_cv,0.287
db6bbe2e7a,main,music,electronics,svm,self_training,0,2000,target_only,0.905198771376077,0.9052,0,2000,0,1000,1.0,0.9013866435557102,budget_cv,0.142
db6bbe2e7a,main,music,clothing,logreg,random,0,0,source_only,0.7899350392217841,0.7912,2000,0,0,0,10.0,0.887960960619167,source_val_fallback,0.087
db6bbe2e7a,main,music,clothing,logreg,random,0,50,transfer,0.8185981522054612,0.8192,2000,50,0,0,10.0,0.8984370648844333,budget_cv,0.292
db6bbe2e7a,main,music,clothing,logreg,random,0,50,target_only,0.7630638837794501,0.7648,0,50,0,0,0.1,0.7755680049797696,budget_cv,0.095
db6bbe2e7a,main,music,clothing,logreg,random,0,100,transfer,0.8339196170946739,0.834,2000,100,0,0,10.0,0.888299071692901,budget_cv,0.294
db6bbe2e7a,main,music,clothing,logreg,random,0,100,target_only,0.8090936728120094,0.8092,0,100,0,0,0.01,0.7826822815847206,budget_cv,0.107
db6bbe2e7a,main,music,clothing,logreg,random,0,250,transfer,0.8655969033526533,0.8656,2000,250,0,0,10.0,0.8838648712497047,budget_cv,0.303
db6bbe2e7a,main,music,clothing,logreg,random,0,250,target_only,0.8644877798447623,0.8648,0,250,0,0,10.0,0.8748297292780363,budget_cv,0.114
db6bbe2e7a,main,music,clothing,logreg,random,0,500,transfer,0.8875959534543243,0.8876,2000,500,0,0,10.0,0.8975307290829448,budget_cv,0.311
db6bbe2e7a,main,music,clothing,logreg,random,0,500,target_only,0.8843518718749995,0.8844,0,500,0,0,1.0,0.9177549268257058,budget_cv,0.131
db6bbe2e7a,main,music,clothing,logreg,random,0,1000,transfer,0.9035999845759974,0.9036,2000,1000,0,0,10.0,0.9158903517762734,budget_cv,0.338
db6bbe2e7a,main,music,clothing,logreg,random,0,1000,target_only,0.905198771376077,0.9052,0,1000,0,0,10.0,0.9149067418447839,budget_cv,0.161
db6bbe2e7a,main,music,clothing,logreg,random,0,2000,transfer,0.90959166796812,0.9096,2000,2000,0,0,10.0,0.9133918396720265,budget_cv,0.398
db6bbe2e7a,main,music,clothing,logreg,random,0,2000,target_only,0.9167880174745163,0.9168,0,2000,0,0,10.0,0.9138639238573738,budget_cv,0.21
db6bbe2e7a,main,music,clothing,logreg,uncertainty,0,0,source_only,0.7899350392217841,0.7912,2000,0,0,0,10.0,0.887960960619167,source_val_fallback,0.085
db6bbe2e7a,main,music,clothing,logreg,uncertainty,0,50,transfer,0.7988856095066652,0.7996,2000,50,0,0,1.0,0.7423876445615577,budget_cv,0.279
db6bbe2e7a,main,music,clothing,logreg,uncertainty,0,50,target_only,0.6760637736247492,0.6932,0,50,0,0,0.01,0.6318052318052318,budget_cv,0.106
db6bbe2e7a,main,music,clothing,logreg,uncertainty,0,100,transfer,0.8543954338408053,0.8544,2000,100,0,0,10.0,0.7985108645243023,budget_cv,0.297
db6bbe2e7a,main,music,clothing,logreg,uncertainty,0,100,target_only,0.6288936540191129,0.6668,0,100,0,0,0.01,0.7091666666666666,budget_cv,0.11
db6bbe2e7a,main,music,clothing,logreg,uncertainty,0,250,transfer,0.8794258909865846,0.8796,2000,250,0,0,10.0,0.6912385800796085,budget_cv,0.306
db6bbe2e7a,main,music,clothing,logreg,uncertainty,0,250,target_only,0.6726217505438286,0.6972,0,250,0,0,0.1,0.6863051348796564,budget_cv,0.116
db6bbe2e7a,main,music,clothing,logreg,uncertainty,0,500,transfer,0.8999874544262833,0.9,2000,500,0,0,10.0,0.7143880380143944,budget_cv,0.313
db6bbe2e7a,main,music,clothing,logreg,uncertainty,0,500,target_only,0.7738940118122274,0.7752,0,500,0,0,1.0,0.7126960028275818,budget_cv,0.139
db6bbe2e7a,main,music,clothing,logreg,uncertainty,0,1000,transfer,0.9103917417029153,0.9104,2000,1000,0,0,10.0,0.8237984441513403,budget_cv,0.348
db6bbe2e7a,main,music,clothing,logreg,uncertainty,0,1000,target_only,0.890369057762863,0.8904,0,1000,0,0,10.0,0.7778682332526459,budget_cv,0.174
db6bbe2e7a,main,music,clothing,logreg,uncertainty,0,2000,transfer,0.90959166796812,0.9096,2000,2000,0,0,10.0,0.9208857959389537,budget_cv,0.403
db6bbe2e7a,main,music,clothing,logreg,uncertainty,0,2000,target_only,0.9167880174745163,0.9168,0,2000,0,0,10.0,0.9238708951842658,budget_cv,0.218
db6bbe2e7a,main,music,clothing,logreg,self_training,0,0,uda_self_training,0.7824628664521172,0.7868,2000,0,0,1000,10.0,0.887960960619167,source_val_fallback,0.173
db6bbe2e7a,main,music,clothing,logreg,self_training,0,50,transfer,0.8212473112448273,0.8228,2000,50,0,1000,10.0,0.8984370648844333,budget_cv,0.37
db6bbe2e7a,main,music,clothing,logreg,self_training,0,50,target_only,0.8010974872361416,0.804,0,50,0,1000,0.1,0.7755680049797696,budget_cv,0.117
db6bbe2e7a,main,music,clothing,logreg,self_training,0,100,transfer,0.8481618935549973,0.8484,2000,100,0,1000,10.0,0.888299071692901,budget_cv,0.373
db6bbe2e7a,main,music,clothing,logreg,self_training,0,100,target_only,0.7961052139086444,0.798,0,100,0,1000,0.01,0.7826822815847206,budget_cv,0.122
db6bbe2e7a,main,music,clothing,logreg,self_training,0,250,transfer,0.8743971061093248,0.8744,2000,250,0,1000,10.0,0.8838648712497047,budget_cv,0.398
db6bbe2e7a,main,music,clothing,logreg,self_training,0,250,target_only,0.876982998008487,0.8772,0,250,0,1000,10.0,0.8748297292780363,budget_cv,0.157
db6bbe2e7a,main,music,clothing,logreg,self_training,0,500,transfer,0.8923950243459258,0.8924,2000,500,0,1000,10.0,0.8975307290829448,budget_cv,0.409
db6bbe2e7a,main,music,clothing,logreg,self_training,0,500,target_only,0.8819508726751726,0.882,0,500,0,1000,1.0,0.9177549268257058,budget_cv,0.163
db6bbe2e7a,main,music,clothing,logreg,self_training,0,1000,transfer,0.9043987610079427,0.9044,2000,1000,0,1000,10.0,0.9158903517762734,budget_cv,0.425
db6bbe2e7a,main,music,clothing,logreg,self_training,0,1000,target_only,0.9031999380479603,0.9032,0,1000,0,1000,10.0,0.9149067418447839,budget_cv,0.212
db6bbe2e7a,main,music,clothing,logreg,self_training,0,2000,transfer,0.909196731082319,0.9092,2000,2000,0,1000,10.0,0.9133918396720265,budget_cv,0.519
db6bbe2e7a,main,music,clothing,logreg,self_training,0,2000,target_only,0.9159965592190655,0.916,0,2000,0,1000,10.0,0.9138639238573738,budget_cv,0.272
db6bbe2e7a,main,music,clothing,svm,random,0,0,source_only,0.800080289040546,0.8008,2000,0,0,0,1.0,0.8899467342193621,source_val_fallback,0.043
db6bbe2e7a,main,music,clothing,svm,random,0,50,transfer,0.8280731739808106,0.8284,2000,50,0,0,1.0,0.8979030501089325,budget_cv,0.143
db6bbe2e7a,main,music,clothing,svm,random,0,50,target_only,0.7647400054786575,0.7664,0,50,0,0,0.01,0.7755680049797696,budget_cv,0.039
db6bbe2e7a,main,music,clothing,svm,random,0,100,transfer,0.8471975551608826,0.8472,2000,100,0,0,10.0,0.8781837561870933,budget_cv,0.15
db6bbe2e7a,main,music,clothing,svm,random,0,100,target_only,0.7731590670859538,0.7784,0,100,0,0,0.01,0.7448458426613253,budget_cv,0.04
db6bbe2e7a,main,music,clothing,svm,random,0,250,transfer,0.8723828278333132,0.8724,2000,250,0,0,10.0,0.8799118066195941,budget_cv,0.157
db6bbe2e7a,main,music,clothing,svm,random,0,250,target_only,0.8640920652377331,0.8644,0,250,0,0,1.0,0.8748297292780363,budget_cv,0.043
db6bbe2e7a,main,music,clothing,svm,random,0,500,transfer,0.8891999822719971,0.8892,2000,500,0,0,10.0,0.9015711141873495,budget_cv,0.166
db6bbe2e7a,main,music,clothing,svm,random,0,500,target_only,0.8839417666208197,0.884,0,500,0,0,0.1,0.9197988915065874,budget_cv,0.049
db6bbe2e7a,main,music,clothing,svm,random,0,1000,transfer,0.9031949816278476,0.9032,2000,1000,0,0,1.0,0.918910045963386,budget_cv,0.177
db6bbe2e7a,main,music,clothing,svm,random,0,1000,target_only,0.9015969140792255,0.9016,0,1000,0,0,0.1,0.9139101032707018,budget_cv,0.063
db6bbe2e7a,main,music,clothing,svm,random,0,2000,transfer,0.9095812507681593,0.9096,2000,2000,0,0,1.0,0.9153953092700734,budget_cv,0.233
db6bbe2e7a,main,music,clothing,svm,random,0,2000,target_only,0.9143955622659479,0.9144,0,2000,0,0,1.0,0.9183617227172866,budget_cv,0.107
db6bbe2e7a,main,music,clothing,svm,uncertainty,0,0,source_only,0.800080289040546,0.8008,2000,0,0,0,1.0,0.8899467342193621,source_val_fallback,0.042
db6bbe2e7a,main,music,clothing,svm,uncertainty,0,50,transfer,0.8375624704331689,0.8376,2000,50,0,0,1.0,0.8135896754317806,budget_cv,0.136
db6bbe2e7a,main,music,clothing,svm,uncertainty,0,50,target_only,0.5944176781072321,0.6388,0,50,0,0,0.01,0.45749084249084254,budget_cv,0.037
db6bbe2e7a,main,music,clothing,svm,uncertainty,0,100,transfer,0.8527261038498677,0.8528,2000,100,0,0,1.0,0.713204892227559,budget_cv,0.14
db6bbe2e7a,main,music,clothing,svm,uncertainty,0,100,target_only,0.5739268075743744,0.6272,0,100,0,0,0.01,0.552940577940578,budget_cv,0.039
db6bbe2e7a,main,music,clothing,svm,uncertainty,0,250,transfer,0.8843844427706192,0.8844,2000,250,0,0,1.0,0.6469009833315583,budget_cv,0.147
db6bbe2e7a,main,music,clothing,svm,uncertainty,0,250,target_only,0.7509424096236825,0.754,0,250,0,0,0.1,0.6061708018239331,budget_cv,0.043
db6bbe2e7a,main,music,clothing,svm,uncertainty,0,500,transfer,0.9059695341290579,0.906,2000,500,0,0,1.0,0.6654888971914535,budget_cv,0.16
db6bbe2e7a,main,music,clothing,svm,uncertainty,0,500,target_only,0.8104704341120383,0.8116,0,500,0,0,1.0,0.6451685150673536,budget_cv,0.049
db6bbe2e7a,main,music,clothing,svm,uncertainty,0,1000,transfer,0.9107760023135822,0.9108,2000,1000,0,0,10.0,0.8335020197172232,budget_cv,0.219
db6bbe2e7a,main,music,clothing,svm,uncertainty,0,1000,target_only,0.90118847462368,0.9012,0,1000,0,0,1.0,0.7751228748193654,budget_cv,0.08
db6bbe2e7a,main,music,clothing,svm,uncertainty,0,2000,transfer,0.9095812507681593,0.9096,2000,2000,0,0,1.0,0.9198963949863477,budget_cv,0.216
db6bbe2e7a,main,music,clothing,svm,uncertainty,0,2000,target_only,0.9143955622659479,0.9144,0,2000,0,0,1.0,0.9143800808908007,budget_cv,0.113
db6bbe2e7a,main,music,clothing,svm,self_training,0,0,uda_self_training,0.8064802531480693,0.8084,2000,0,0,1000,1.0,0.8899467342193621,source_val_fallback,0.067
db6bbe2e7a,main,music,clothing,svm,self_training,0,50,transfer,0.8374976467251803,0.838,2000,50,0,1000,1.0,0.8979030501089325,budget_cv,0.164
db6bbe2e7a,main,music,clothing,svm,self_training,0,50,target_only,0.8069313350686037,0.8092,0,50,0,1000,0.01,0.7755680049797696,budget_cv,0.045
db6bbe2e7a,main,music,clothing,svm,self_training,0,100,transfer,0.8499930636792645,0.85,2000,100,0,1000,10.0,0.8781837561870933,budget_cv,0.191
db6bbe2e7a,main,music,clothing,svm,self_training,0,100,target_only,0.553988540547543,0.6188,0,100,0,1000,0.01,0.7448458426613253,budget_cv,0.047
db6bbe2e7a,main,music,clothing,svm,self_training,0,250,transfer,0.8739893344572685,0.874,2000,250,0,1000,10.0,0.8799118066195941,budget_cv,0.202
db6bbe2e7a,main,music,clothing,svm,self_training,0,250,target_only,0.877278292406847,0.8776,0,250,0,1000,1.0,0.8748297292780363,budget_cv,0.056
db6bbe2e7a,main,music,clothing,svm,self_training,0,500,transfer,0.8888,0.8888,2000,500,0,1000,10.0,0.9015711141873495,budget_cv,0.208
db6bbe2e7a,main,music,clothing,svm,self_training,0,500,target_only,0.8855645524757749,0.8856,0,500,0,1000,0.1,0.9197988915065874,budget_cv,0.059
db6bbe2e7a,main,music,clothing,svm,self_training,0,1000,transfer,0.9063994608608945,0.9064,2000,1000,0,1000,1.0,0.918910045963386,budget_cv,0.207
db6bbe2e7a,main,music,clothing,svm,self_training,0,1000,target_only,0.8995929152761019,0.8996,0,1000,0,1000,0.1,0.9139101032707018,budget_cv,0.077
db6bbe2e7a,main,music,clothing,svm,self_training,0,2000,transfer,0.9103917417029153,0.9104,2000,2000,0,1000,1.0,0.9153953092700734,budget_cv,0.273
db6bbe2e7a,main,music,clothing,svm,self_training,0,2000,target_only,0.9147993320267631,0.9148,0,2000,0,1000,1.0,0.9183617227172866,budget_cv,0.136
db6bbe2e7a,main,electronics,books,logreg,random,0,0,source_only,0.8118863550857434,0.814,2000,0,0,0,1.0,0.9012235817575083,source_val_fallback,0.084
db6bbe2e7a,main,electronics,books,logreg,random,0,50,transfer,0.8301560439333993,0.8312,2000,50,0,0,10.0,0.7919719169719169,budget_cv,0.273
db6bbe2e7a,main,electronics,books,logreg,random,0,50,target_only,0.6409672221329712,0.6696,0,50,0,0,0.01,0.605130249867092,budget_cv,0.095
db6bbe2e7a,main,electronics,books,logreg,random,0,100,transfer,0.8098233035468239,0.8124,2000,100,0,0,1.0,0.7949539905724604,budget_cv,0.265
db6bbe2e7a,main,electronics,books,logreg,random,0,100,target_only,0.7484655579705775,0.7544,0,100,0,0,0.01,0.7705931495405179,budget_cv,0.106
db6bbe2e7a,main,electronics,books,logreg,random,0,250,transfer,0.8265959037829579,0.8284,2000,250,0,0,1.0,0.8458003019253835,budget_cv,0.266
db6bbe2e7a,main,electronics,books,logreg,random,0,250,target_only,0.8378316583430956,0.8384,0,250,0,0,0.01,0.8097123546377191,budget_cv,0.111
db6bbe2e7a,main,electronics,books,logreg,random,0,500,transfer,0.8739147663820743,0.874,2000,500,0,0,10.0,0.8758879361010754,budget_cv,0.305
db6bbe2e7a,main,electronics,books,logreg,random,0,500,target_only,0.8751075996064929,0.8752,0,500,0,0,10.0,0.8556099835157718,budget_cv,0.146
db6bbe2e7a,main,electronics,books,logreg,random,0,1000,transfer,0.8911774345528289,0.8912,2000,1000,0,0,10.0,0.8656426580494393,budget_cv,0.348
db6bbe2e7a,main,electronics,books,logreg,random,0,1000,target_only,0.8887794286431219,0.8888,0,1000,0,0,10.0,0.8596965534556631,budget_cv,0.184
db6bbe2e7a,main,electronics,books,logreg,random,0,2000,transfer,0.9103853175304242,0.9104,2000,2000,0,0,10.0,0.8829215669013492,budget_cv,0.451
db6bbe2e7a,main,electronics,books,logreg,random,0,2000,target_only,0.9051769238561896,0.9052,0,2000,0,0,10.0,0.8845344972299983,budget_cv,0.254
db6bbe2e7a,main,electronics,books,logreg,uncertainty,0,0,source_only,0.8118863550857434,0.814,2000,0,0,0,1.0,0.9012235817575083,source_val_fallback,0.081
db6bbe2e7a,main,electronics,books,logreg,uncertainty,0,50,transfer,0.8391717852284779,0.8396,2000,50,0,0,10.0,0.6735841772606479,budget_cv,0.278
db6bbe2e7a,main,electronics,books,logreg,uncertainty,0,50,target_only,0.6479298849708015,0.6556,0,50,0,0,1.0,0.7178362573099415,budget_cv,0.092
db6bbe2e7a,main,electronics,books,logreg,uncertainty,0,100,transfer,0.8499325536869291,0.85,2000,100,0,0,10.0,0.6236064968623108,budget_cv,0.279
db6bbe2e7a,main,electronics,books,logreg,uncertainty,0,100,target_only,0.6583811017562867,0.6636,0,100,0,0,0.01,0.5428712886029959,budget_cv,0.096
db6bbe2e7a,main,electronics,books,logreg,uncertainty,0,250,transfer,0.8623893434307552,0.8624,2000,250,0,0,10.0,0.6436853587227985,budget_cv,0.295
db6bbe2e7a,main,electronics,books,logreg,uncertainty,0,250,target_only,0.7345481817871706,0.7348,0,250,0,0,10.0,0.6461138278371868,budget_cv,0.124
db6bbe2e7a,main,electronics,books,logreg,uncertainty,0,500,transfer,0.8923970904173248,0.8924,2000,500,0,0,10.0,0.642495834883984,budget_cv,0.323
db6bbe2e7a,main,electronics,books,logreg,uncertainty,0,500,target_only,0.7665549387124628,0.7668,0,500,0,0,0.1,0.6621409923812077,budget_cv,0.137
db6bbe2e7a,main,electronics,books,logreg,uncertainty,0,1000,transfer,0.906785667364214,0.9068,2000,1000,0,0,10.0,0.7539062651993476,budget_cv,0.374
db6bbe2e7a,main,electronics,books,logreg,uncertainty,0,1000,target_only,0.8779365465343505,0.878,0,1000,0,0,10.0,0.7177065128747483,budget_cv,0.174
db6bbe2e7a,main,electronics,books,logreg,uncertainty,0,2000,transfer,0.9103853175304242,0.9104,2000,2000,0,0,10.0,0.8821124702239181,budget_cv,0.454
db6bbe2e7a,main,electronics,books,logreg,uncertainty,0,2000,target_only,0.9051769238561896,0.9052,0,2000,0,0,10.0,0.886644948886532,budget_cv,0.254
db6bbe2e7a,main,electronics,books,logreg,self_training,0,0,uda_self_training,0.7650094104373087,0.774,2000,0,0,1000,1.0,0.9012235817575083,source_val_fallback,0.141
db6bbe2e7a,main,electronics,books,logreg,self_training,0,50,transfer,0.8288976467344589,0.8312,2000,50,0,1000,10.0,0.7919719169719169,budget_cv,0.357
db6bbe2e7a,main,electronics,books,logreg,self_training,0,50,target_only,0.417317923586399,0.5432,0,50,0,1000,0.01,0.605130249867092,budget_cv,0.128
db6bbe2e7a,main,electronics,books,logreg,self_training,0,100,transfer,0.77974297827239,0.7872,2000,100,0,1000,1.0,0.7949539905724604,budget_cv,0.328
db6bbe2e7a,main,electronics,books,logreg,self_training,0,100,target_only,0.4943208113939538,0.582,0,100,0,1000,0.01,0.7705931495405179,budget_cv,0.129
db6bbe2e7a,main,electronics,books,logreg,self_training,0,250,transfer,0.8120622906288306,0.8156,2000,250,0,1000,1.0,0.8458003019253835,budget_cv,0.331
db6bbe2e7a,main,electronics,books,logreg,self_training,0,250,target_only,0.6041269920521091,0.6524,0,250,0,1000,0.01,0.8097123546377191,budget_cv,0.134
db6bbe2e7a,main,electronics,books,logreg,self_training,0,500,transfer,0.8771008744813216,0.8772,2000,500,0,1000,10.0,0.8758879361010754,budget_cv,0.408
db6bbe2e7a,main,electronics,books,logreg,self_training,0,500,target_only,0.8662726005328856,0.8668,0,500,0,1000,10.0,0.8556099835157718,budget_cv,0.209
db6bbe2e7a,main,electronics,books,logreg,self_training,0,1000,transfer,0.8927752267883972,0.8928,2000,1000,0,1000,10.0,0.8656426580494393,budget_cv,0.464
db6bbe2e7a,main,electronics,books,logreg,self_training,0,1000,target_only,0.8867137030304204,0.8868,0,1000,0,1000,10.0,0.8596965534556631,budget_cv,0.252
db6bbe2e7a,main,electronics,books,logreg,self_training,0,2000,transfer,0.9115881032951794,0.9116,2000,2000,0,1000,10.0,0.8829215669013492,budget_cv,0.596
db6bbe2e7a,main,electronics,books,logreg,self_training,0,2000,target_only,0.9019653506335279,0.902,0,2000,0,1000,10.0,0.8845344972299983,budget_cv,0.363
db6bbe2e7a,main,electronics,books,svm,random,0,0,source_only,0.8106237180682454,0.8128,2000,0,0,0,0.1,0.8985627949687147,source_val_fallback,0.051
db6bbe2e7a,main,electronics,books,svm,random,0,50,transfer,0.8315747161089337,0.8324,2000,50,0,0,1.0,0.7919719169719169,budget_cv,0.17
db6bbe2e7a,main,electronics,books,svm,random,0,50,target_only,0.5829308623719044,0.6324,0,50,0,0,0.01,0.562687747035573,budget_cv,0.039
db6bbe2e7a,main,electronics,books,svm,random,0,100,transfer,0.8096405184986393,0.8124,2000,100,0,0,0.1,0.7949539905724604,budget_cv,0.172
db6bbe2e7a,main,electronics,books,svm,random,0,100,target_only,0.7007787946840557,0.7196,0,100,0,0,0.01,0.6593063628337984,budget_cv,0.043
db6bbe2e7a,main,electronics,books,svm,random,0,250,transfer,0.8273178753579615,0.8292,2000,250,0,0,0.1,0.8496403550100529,budget_cv,0.185
db6bbe2e7a,main,electronics,books,svm,random,0,250,target_only,0.8263730740332291,0.828,0,250,0,0,0.01,0.8064770241263846,budget_cv,0.047
db6bbe2e7a,main,electronics,books,svm,random,0,500,transfer,0.8755209508246117,0.8756,2000,500,0,0,1.0,0.8679001793235862,budget_cv,0.21
db6bbe2e7a,main,electronics,books,svm,random,0,500,target_only,0.8766919624298024,0.8768,0,500,0,0,10.0,0.8596710503110546,budget_cv,0.067
db6bbe2e7a,main,electronics,books,svm,random,0,1000,transfer,0.8955795335885834,0.8956,2000,1000,0,0,1.0,0.8686713153973006,budget_cv,0.251
db6bbe2e7a,main,electronics,books,svm,random,0,1000,target_only,0.8875753745100327,0.8876,0,1000,0,0,1.0,0.8607864461381087,budget_cv,0.089
db6bbe2e7a,main,electronics,books,svm,random,0,2000,transfer,0.9091860364449638,0.9092,2000,2000,0,0,1.0,0.8815326647820302,budget_cv,0.31
db6bbe2e7a,main,electronics,books,svm,random,0,2000,target_only,0.9003705256162984,0.9004,0,2000,0,0,10.0,0.8849902718734967,budget_cv,0.144
db6bbe2e7a,main,electronics,books,svm,uncertainty,0,0,source_only,0.8106237180682454,0.8128,2000,0,0,0,0.1,0.8985627949687147,source_val_fallback,0.051
db6bbe2e7a,main,electronics,books,svm,uncertainty,0,50,transfer,0.8281194634634865,0.8284,2000,50,0,0,10.0,0.6551308827624617,budget_cv,0.184
db6bbe2e7a,main,electronics,books,svm,uncertainty,0,50,target_only,0.5627715388931323,0.6156,0,50,0,0,0.1,0.5002517932952716,budget_cv,0.04
db6bbe2e7a,main,electronics,books,svm,uncertainty,0,100,transfer,0.8270484598121093,0.8284,2000,100,0,0,0.1,0.5880143112701253,budget_cv,0.172
db6bbe2e7a,main,electronics,books,svm,uncertainty,0,100,target_only,0.69216444118013,0.6932,0,100,0,0,0.01,0.575488821855291,budget_cv,0.042
db6bbe2e7a,main,electronics,books,svm,uncertainty,0,250,transfer,0.8546239437808764,0.8548,2000,250,0,0,0.1,0.5551099143913402,budget_cv,0.19
db6bbe2e7a,main,electronics,books,svm,uncertainty,0,250,target_only,0.7510264754123033,0.7512,0,250,0,0,0.01,0.6153127757460463,budget_cv,0.048
db6bbe2e7a,main,electronics,books,svm,uncertainty,0,500,transfer,0.8947951353270576,0.8948,2000,500,0,0,1.0,0.5944783559118774,budget_cv,0.221
db6bbe2e7a,main,electronics,books,svm,uncertainty,0,500,target_only,0.7951180472188876,0.7952,0,500,0,0,0.1,0.6260354090498493,budget_cv,0.062
db6bbe2e7a,main,electronics,books,svm,uncertainty,0,1000,transfer,0.9083820428804046,0.9084,2000,1000,0,0,1.0,0.7426557946099264,budget_cv,0.287
db6bbe2e7a,main,electronics,books,svm,uncertainty,0,1000,target_only,0.8839286114531881,0.884,0,1000,0,0,10.0,0.6945357424946029,budget_cv,0.096
db6bbe2e7a,main,electronics,books,svm,uncertainty,0,2000,transfer,0.9091860364449638,0.9092,2000,2000,0,0,1.0,0.8836625965756388,budget_cv,0.323
db6bbe2e7a,main,electronics,books,svm,uncertainty,0,2000,target_only,0.9023774452849587,0.9024,0,2000,0,0,1.0,0.88358429314298,budget_cv,0.143
db6bbe2e7a,main,electronics,books,svm,self_training,0,0,uda_self_training,0.7697707881186433,0.7784,2000,0,0,1000,0.1,0.8985627949687147,source_val_fallback,0.076
db6bbe2e7a,main,electronics,books,svm,self_training,0,50,transfer,0.8433048639620362,0.8444,2000,50,0,1000,1.0,0.7919719169719169,budget_cv,0.21
db6bbe2e7a,main,electronics,books,svm,self_training,0,50,target_only,0.42794189635789337,0.5492,0,50,0,1000,0.01,0.562687747035573,budget_cv,0.062
db6bbe2e7a,main,electronics,books,svm,self_training,0,100,transfer,0.7812651623012495,0.7888,2000,100,0,1000,0.1,0.7949539905724604,budget_cv,0.198
db6bbe2e7a,main,electronics,books,svm,self_training,0,100,target_only,0.4982234976597998,0.5864,0,100,0,1000,0.01,0.6593063628337984,budget_cv,0.063
db6bbe2e7a,main,electronics,books,svm,self_training,0,250,transfer,0.812665020077902,0.8164,2000,250,0,1000,0.1,0.8496403550100529,budget_cv,0.208
db6bbe2e7a,main,electronics,books,svm,self_training,0,250,target_only,0.6212394488132169,0.664,0,250,0,1000,0.01,0.8064770241263846,budget_cv,0.06
db6bbe2e7a,main,electronics,books,svm,self_training,0,500,transfer,0.8791436132441952,0.8792,2000,500,0,1000,1.0,0.8679001793235862,budget_cv,0.249
db6bbe2e7a,main,electronics,books,svm,self_training,0,500,target_only,0.88023426338304,0.8804,0,500,0,1000,10.0,0.8596710503110546,budget_cv,0.1
db6bbe2e7a,main,electronics,books,svm,self_training,0,1000,transfer,0.8951757814125375,0.8952,2000,1000,0,1000,1.0,0.8686713153973006,budget_cv,0.295
db6bbe2e7a,main,electronics,books,svm,self_training,0,1000,target_only,0.8931555356076986,0.8932,0,1000,0,1000,1.0,0.8607864461381087,budget_cv,0.119
db6bbe2e7a,main,electronics,books,svm,self_training,0,2000,transfer,0.9095851864369457,0.9096,2000,2000,0,1000,1.0,0.8815326647820302,budget_cv,0.362
db6bbe2e7a,main,electronics,books,svm,self_training,0,2000,target_only,0.9007664034735601,0.9008,0,2000,0,1000,10.0,0.8849902718734967,budget_cv,0.218
db6bbe2e7a,main,electronics,music,logreg,random,0,0,source_only,0.8260873467885625,0.8264,2000,0,0,0,1.0,0.9005329387287353,source_val_fallback,0.083
db6bbe2e7a,main,electronics,music,logreg,random,0,50,transfer,0.8387956410341335,0.8388,2000,50,0,0,10.0,0.8563025210084033,budget_cv,0.283
db6bbe2e7a,main,electronics,music,logreg,random,0,50,target_only,0.7030136534191702,0.7132,0,50,0,0,0.1,0.6283810960281548,budget_cv,0.094
db6bbe2e7a,main,electronics,music,logreg,random,0,100,transfer,0.8451583537908356,0.8452,2000,100,0,0,10.0,0.8589193644222107,budget_cv,0.282
db6bbe2e7a,main,electronics,music,logreg,random,0,100,target_only,0.7920476439804081,0.7936,0,100,0,0,0.01,0.768652526766117,budget_cv,0.098
db6bbe2e7a,main,electronics,music,logreg,random,0,250,transfer,0.8567996334070616,0.8568,2000,250,0,0,10.0,0.8351905429502091,budget_cv,0.304
db6bbe2e7a,main,electronics,music,logreg,random,0,250,target_only,0.8492866126107984,0.8496,0,250,0,0,0.1,0.8146769374123933,budget_cv,0.118
db6bbe2e7a,main,electronics,music,logreg,random,0,500,transfer,0.8631683864239994,0.8632,2000,500,0,0,10.0,0.8877529380834432,budget_cv,0.299
db6bbe2e7a,main,electronics,music,logreg,random,0,500,target_only,0.8549771520909891,0.8552,0,500,0,0,10.0,0.8494131424616181,budget_cv,0.138
db6bbe2e7a,main,electronics,music,logreg,random,0,1000,transfer,0.8851999816319971,0.8852,2000,1000,0,0,10.0,0.8919661139342944,budget_cv,0.325
db6bbe2e7a,main,electronics,music,logreg,random,0,1000,target_only,0.8763667476004346,0.8764,0,1000,0,0,10.0,0.8827340064055385,budget_cv,0.17
db6bbe2e7a,main,electronics,music,logreg,random,0,2000,transfer,0.8955979787768691,0.8956,2000,2000,0,0,10.0,0.899393619811751,budget_cv,0.419
db6bbe2e7a,main,electronics,music,logreg,random,0,2000,target_only,0.8899784357734115,0.89,0,2000,0,0,10.0,0.8868244787352099,budget_cv,0.257
db6bbe2e7a,main,electronics,music,logreg,uncertainty,0,0,source_only,0.8260873467885625,0.8264,2000,0,0,0,1.0,0.9005329387287353,source_val_fallback,0.082
db6bbe2e7a,main,electronics,music,logreg,uncertainty,0,50,transfer,0.8342128329198533,0.8344,2000,50,0,0,1.0,0.7328551078551078,budget_cv,0.27
db6bbe2e7a,main,electronics,music,logreg,uncertainty,0,50,target_only,0.7129904871303318,0.716,0,50,0,0,0.1,0.5793396418396418,budget_cv,0.098
db6bbe2e7a,main,electronics,music,logreg,uncertainty,0,100,transfer,0.8388993475183125,0.8392,2000,100,0,0,1.0,0.6846670917689569,budget_cv,0.271
db6bbe2e7a,main,electronics,music,logreg,uncertainty,0,100,target_only,0.7490695563181564,0.7492,0,100,0,0,0.1,0.6803895042865631,budget_cv,0.097
db6bbe2e7a,main,electronics,music,logreg,uncertainty,0,250,transfer,0.8663999144959453,0.8664,2000,250,0,0,10.0,0.7363228310655447,budget_cv,0.302
db6bbe2e7a,main,electronics,music,logreg,uncertainty,0,250,target_only,0.7100999568924258,0.7112,0,250,0,0,0.1,0.7256806097128677,budget_cv,0.118
db6bbe2e7a,main,electronics,music,logreg,uncertainty,0,500,transfer,0.8767971614065988,0.8768,2000,500,0,0,10.0,0.6799149357666145,budget_cv,0.326
db6bbe2e7a,main,electronics,music,logreg,uncertainty,0,500,target_only,0.7667489086809575,0.7668,0,500,0,0,10.0,0.6649466730228613,budget_cv,0.133
db6bbe2e7a,main,electronics,music,logreg,uncertainty,0,1000,transfer,0.8919864507803859,0.892,2000,1000,0,0,10.0,0.7829842372173982,budget_cv,0.345
db6bbe2e7a,main,electronics,music,logreg,uncertainty,0,1000,target_only,0.868781104479045,0.8688,0,1000,0,0,10.0,0.7237229576868351,budget_cv,0.167
db6bbe2e7a,main,electronics,music,logreg,uncertainty,0,2000,transfer,0.8955979787768691,0.8956,2000,2000,0,0,10.0,0.8994697523329664,budget_cv,0.419
db6bbe2e7a,main,electronics,music,logreg,uncertainty,0,2000,target_only,0.8899784357734115,0.89,0,2000,0,0,10.0,0.8853048077861235,budget_cv,0.237
db6bbe2e7a,main,electronics,music,logreg,self_training,0,0,uda_self_training,0.8253914610791935,0.8264,2000,0,0,1000,1.0,0.9005329387287353,source_val_fallback,0.137
db6bbe2e7a,main,electronics,music,logreg,self_training,0,50,transfer,0.8499993999976,0.85,2000,50,0,1000,10.0,0.8563025210084033,budget_cv,0.359
db6bbe2e7a,main,electronics,music,logreg,self_training,0,50,target_only,0.5785924989464812,0.632,0,50,0,1000,0.1,0.6283810960281548,budget_cv,0.114
db6bbe2e7a,main,electronics,music,logreg,self_training,0,100,transfer,0.8535924102305463,0.8536,2000,100,0,1000,10.0,0.8589193644222107,budget_cv,0.36
db6bbe2e7a,main,electronics,music,logreg,self_training,0,100,target_only,0.7165838820065725,0.7328,0,100,0,1000,0.01,0.768652526766117,budget_cv,0.11
db6bbe2e7a,main,electronics,music,logreg,self_training,0,250,transfer,0.8631957098174599,0.8632,2000,250,0,1000,10.0,0.8351905429502091,budget_cv,0.381
db6bbe2e7a,main,electronics,music,logreg,self_training,0,250,target_only,0.5700237975646147,0.628,0,250,0,1000,0.1,0.8146769374123933,budget_cv,0.14
db6bbe2e7a,main,electronics,music,logreg,self_training,0,500,transfer,0.8711636372249704,0.8712,2000,500,0,1000,10.0,0.8877529380834432,budget_cv,0.39
db6bbe2e7a,main,electronics,music,logreg,self_training,0,500,target_only,0.8479400951557093,0.8488,0,500,0,1000,10.0,0.8494131424616181,budget_cv,0.192
db6bbe2e7a,main,electronics,music,logreg,self_training,0,1000,transfer,0.8807993134040453,0.8808,2000,1000,0,1000,10.0,0.8919661139342944,budget_cv,0.422
db6bbe2e7a,main,electronics,music,logreg,self_training,0,1000,target_only,0.8754560271674054,0.8756,0,1000,0,1000,10.0,0.8827340064055385,budget_cv,0.227
db6bbe2e7a,main,electronics,music,logreg,self_training,0,2000,transfer,0.8967933947772657,0.8968,2000,2000,0,1000,10.0,0.899393619811751,budget_cv,0.546
db6bbe2e7a,main,electronics,music,logreg,self_training,0,2000,target_only,0.8879437746683776,0.888,0,2000,0,1000,10.0,0.8868244787352099,budget_cv,0.321
db6bbe2e7a,main,electronics,music,svm,random,0,0,source_only,0.8272344280497532,0.8276,2000,0,0,0,0.1,0.9005329387287353,source_val_fallback,0.043
db6bbe2e7a,main,electronics,music,svm,random,0,50,transfer,0.8032515873855057,0.8044,2000,50,0,0,0.01,0.8382539273019148,budget_cv,0.139
db6bbe2e7a,main,electronics,music,svm,random,0,50,target_only,0.6985808889322889,0.7096,0,50,0,0,0.01,0.6317541119011707,budget_cv,0.037
db6bbe2e7a,main,electronics,music,svm,random,0,100,transfer,0.8443073067981754,0.8444,2000,100,0,0,1.0,0.8694598293863001,budget_cv,0.147
db6bbe2e7a,main,electronics,music,svm,random,0,100,target_only,0.7926054792424261,0.794,0,100,0,0,0.01,0.7584285931550866,budget_cv,0.038
db6bbe2e7a,main,electronics,music,svm,random,0,250,transfer,0.858399637503072,0.8584,2000,250,0,0,10.0,0.855234473653313,budget_cv,0.163
db6bbe2e7a,main,electronics,music,svm,random,0,250,target_only,0.8488340817316028,0.8492,0,250,0,0,0.01,0.8146769374123933,budget_cv,0.043
db6bbe2e7a,main,electronics,music,svm,random,0,500,transfer,0.8639852886488203,0.864,2000,500,0,0,1.0,0.883848702551869,budget_cv,0.168
db6bbe2e7a,main,electronics,music,svm,random,0,500,target_only,0.8554899179999356,0.8556,0,500,0,0,10.0,0.8538312922701204,budget_cv,0.051
db6bbe2e7a,main,electronics,music,svm,random,0,1000,transfer,0.880399827775752,0.8804,2000,1000,0,0,10.0,0.8959672662122521,budget_cv,0.191
db6bbe2e7a,main,electronics,music,svm,random,0,1000,target_only,0.8763699133821207,0.8764,0,1000,0,0,10.0,0.889801516277987,budget_cv,0.071
db6bbe2e7a,main,electronics,music,svm,random,0,2000,transfer,0.8979963278678033,0.898,2000,2000,0,0,1.0,0.9049360740969933,budget_cv,0.225
db6bbe2e7a,main,electronics,music,svm,random,0,2000,target_only,0.8895819090999869,0.8896,0,2000,0,0,10.0,0.8968949169795019,budget_cv,0.112
db6bbe2e7a,main,electronics,music,svm,uncertainty,0,0,source_only,0.8272344280497532,0.8276,2000,0,0,0,0.1,0.9005329387287353,source_val_fallback,0.044
db6bbe2e7a,main,electronics,music,svm,uncertainty,0,50,transfer,0.8366155454862321,0.8368,2000,50,0,0,1.0,0.784878696183044,budget_cv,0.145
db6bbe2e7a,main,electronics,music,svm,uncertainty,0,50,target_only,0.5730548461157876,0.6268,0,50,0,0,0.01,0.42786596119929454,budget_cv,0.037
db6bbe2e7a,main,electronics,music,svm,uncertainty,0,100,transfer,0.8375120421630975,0.838,2000,100,0,0,0.1,0.6295055130242188,budget_cv,0.145
db6bbe2e7a,main,electronics,music,svm,uncertainty,0,100,target_only,0.695036661336257,0.7068,0,100,0,0,0.01,0.5796461126948932,budget_cv,0.041
db6bbe2e7a,main,electronics,music,svm,uncertainty,0,250,transfer,0.8643982426012241,0.8644,2000,250,0,0,1.0,0.6483736601800333,budget_cv,0.164
db6bbe2e7a,main,electronics,music,svm,uncertainty,0,250,target_only,0.7611542565196874,0.7616,0,250,0,0,1.0,0.6548049971564696,budget_cv,0.047
db6bbe2e7a,main,electronics,music,svm,uncertainty,0,500,transfer,0.8743902727827243,0.8744,2000,500,0,0,10.0,0.5967578488763304,budget_cv,0.179
db6bbe2e7a,main,electronics,music,svm,uncertainty,0,500,target_only,0.7971399858934267,0.7972,0,500,0,0,10.0,0.5888244745010721,budget_cv,0.054
db6bbe2e7a,main,electronics,music,svm,uncertainty,0,1000,transfer,0.8927916977890769,0.8928,2000,1000,0,0,1.0,0.7678000494953346,budget_cv,0.191
db6bbe2e7a,main,electronics,music,svm,uncertainty,0,1000,target_only,0.875164766503698,0.8752,0,1000,0,0,10.0,0.7096323047548182,budget_cv,0.074
db6bbe2e7a,main,electronics,music,svm,uncertainty,0,2000,transfer,0.8979963278678033,0.898,2000,2000,0,0,1.0,0.9009729569966888,budget_cv,0.221
db6bbe2e7a,main,electronics,music,svm,uncertainty,0,2000,target_only,0.8939792199271057,0.894,0,2000,0,0,1.0,0.8933695056998104,budget_cv,0.109
db6bbe2e7a,main,electronics,music,svm,self_training,0,0,uda_self_training,0.8231159919099137,0.8244,2000,0,0,1000,0.1,0.9005329387287353,source_val_fallback,0.064
db6bbe2e7a,main,electronics,music,svm,self_training,0,50,transfer,0.7885431794827497,0.7932,2000,50,0,1000,0.01,0.8382539273019148,budget_cv,0.159
db6bbe2e7a,main,electronics,music,svm,self_training,0,50,target_only,0.5586482322563608,0.6192,0,50,0,1000,0.01,0.6317541119011707,budget_cv,0.047
db6bbe2e7a,main,electronics,music,svm,self_training,0,100,transfer,0.854362716855515,0.8544,2000,100,0,1000,1.0,0.8694598293863001,budget_cv,0.178
db6bbe2e7a,main,electronics,music,svm,self_training,0,100,target_only,0.7416348407765987,0.7536,0,100,0,1000,0.01,0.7584285931550866,budget_cv,0.046
db6bbe2e7a,main,electronics,music,svm,self_training,0,250,transfer,0.8611973127799755,0.8612,2000,250,0,1000,10.0,0.855234473653313,budget_cv,0.209
db6bbe2e7a,main,electronics,music,svm,self_training,0,250,target_only,0.5426578488467739,0.6108,0,250,0,1000,0.01,0.8146769374123933,budget_cv,0.053
db6bbe2e7a,main,electronics,music,svm,self_training,0,500,transfer,0.8659766477711077,0.866,2000,500,0,1000,1.0,0.883848702551869,budget_cv,0.199
db6bbe2e7a,main,electronics,music,svm,self_training,0,500,target_only,0.8602384356315902,0.8604,0,500,0,1000,10.0,0.8538312922701204,budget_cv,0.083
db6bbe2e7a,main,electronics,music,svm,self_training,0,1000,transfer,0.880399827775752,0.8804,2000,1000,0,1000,10.0,0.8959672662122521,budget_cv,0.247
db6bbe2e7a,main,electronics,music,svm,self_training,0,1000,target_only,0.8763562993704495,0.8764,0,1000,0,1000,10.0,0.889801516277987,budget_cv,0.106
db6bbe2e7a,main,electronics,music,svm,self_training,0,2000,transfer,0.8979952833018998,0.898,2000,2000,0,1000,1.0,0.9049360740969933,budget_cv,0.265
db6bbe2e7a,main,electronics,music,svm,self_training,0,2000,target_only,0.8895819090999869,0.8896,0,2000,0,1000,10.0,0.8968949169795019,budget_cv,0.143
db6bbe2e7a,main,electronics,clothing,logreg,random,0,0,source_only,0.8755808693144658,0.8756,2000,0,0,0,1.0,0.9032124995160625,source_val_fallback,0.089
db6bbe2e7a,main,electronics,clothing,logreg,random,0,50,transfer,0.8614914092648637,0.8616,2000,50,0,0,0.1,0.859332358674464,budget_cv,0.272
db6bbe2e7a,main,electronics,clothing,logreg,random,0,50,target_only,0.7617718946946319,0.7636,0,50,0,0,0.1,0.7755680049797696,budget_cv,0.091
db6bbe2e7a,main,electronics,clothing,logreg,random,0,100,transfer,0.8967809085968541,0.8968,2000,100,0,0,10.0,0.885715609292845,budget_cv,0.287
db6bbe2e7a,main,electronics,clothing,logreg,random,0,100,target_only,0.8087040153267303,0.8088,0,100,0,0,0.01,0.7826822815847206,budget_cv,0.106
db6bbe2e7a,main,electronics,clothing,logreg,random,0,250,transfer,0.903186058792466,0.9032,2000,250,0,0,10.0,0.9038306143028207,budget_cv,0.293
db6bbe2e7a,main,electronics,clothing,logreg,random,0,250,target_only,0.8644772607277875,0.8648,0,250,0,0,10.0,0.8709364817681967,budget_cv,0.114
db6bbe2e7a,main,electronics,clothing,logreg,random,0,500,transfer,0.9019992316739763,0.902,2000,500,0,0,1.0,0.9196217404521572,budget_cv,0.278
db6bbe2e7a,main,electronics,clothing,logreg,random,0,500,target_only,0.8855466006219862,0.8856,0,500,0,0,1.0,0.9177549268257058,budget_cv,0.131
db6bbe2e7a,main,electronics,clothing,logreg,random,0,1000,transfer,0.9111999431679636,0.9112,2000,1000,0,0,1.0,0.924901924133624,budget_cv,0.3
db6bbe2e7a,main,electronics,clothing,logreg,random,0,1000,target_only,0.9015959693709055,0.9016,0,1000,0,0,1.0,0.9149221295322895,budget_cv,0.155
db6bbe2e7a,main,electronics,clothing,logreg,random,0,2000,transfer,0.9207870217456429,0.9208,2000,2000,0,0,10.0,0.927432914101184,budget_cv,0.381
db6bbe2e7a,main,electronics,clothing,logreg,random,0,2000,target_only,0.9159879022579251,0.916,0,2000,0,0,10.0,0.9163739778568337,budget_cv,0.208
db6bbe2e7a,main,electronics,clothing,logreg,uncertainty,0,0,source_only,0.8755808693144658,0.8756,2000,0,0,0,1.0,0.9032124995160625,source_val_fallback,0.085
db6bbe2e7a,main,electronics,clothing,logreg,uncertainty,0,50,transfer,0.8915960974595085,0.8916,2000,50,0,0,10.0,0.7781905744754042,budget_cv,0.294
db6bbe2e7a,main,electronics,clothing,logreg,uncertainty,0,50,target_only,0.6469454126440617,0.6688,0,50,0,0,0.1,0.7057811469576176,budget_cv,0.098
db6bbe2e7a,main,electronics,clothing,logreg,uncertainty,0,100,transfer,0.8991947742570975,0.8992,2000,100,0,0,10.0,0.6936438605934927,budget_cv,0.292
db6bbe2e7a,main,electronics,clothing,logreg,uncertainty,0,100,target_only,0.680167139112688,0.6952,0,100,0,0,0.1,0.5902921046599208,budget_cv,0.103
db6bbe2e7a,main,electronics,clothing,logreg,uncertainty,0,250,transfer,0.9019868113453346,0.902,2000,250,0,0,10.0,0.63387741700148,budget_cv,0.292
db6bbe2e7a,main,electronics,clothing,logreg,uncertainty,0,250,target_only,0.6947956385042477,0.708,0,250,0,0,1.0,0.613778272524788,budget_cv,0.117
db6bbe2e7a,main,electronics,clothing,logreg,uncertainty,0,500,transfer,0.9135906539651328,0.9136,2000,500,0,0,10.0,0.7175289961846154,budget_cv,0.297
db6bbe2e7a,main,electronics,clothing,logreg,uncertainty,0,500,target_only,0.8152621125403934,0.816,0,500,0,0,10.0,0.6172208888355705,budget_cv,0.13
db6bbe2e7a,main,electronics,clothing,logreg,uncertainty,0,1000,transfer,0.9227945523836162,0.9228,2000,1000,0,0,10.0,0.8507837747905261,budget_cv,0.334
db6bbe2e7a,main,electronics,clothing,logreg,uncertainty,0,1000,target_only,0.9023894424420946,0.9024,0,1000,0,0,10.0,0.7957871604588617,budget_cv,0.156
db6bbe2e7a,main,electronics,clothing,logreg,uncertainty,0,2000,transfer,0.9207870217456429,0.9208,2000,2000,0,0,10.0,0.9239148890149118,budget_cv,0.384
db6bbe2e7a,main,electronics,clothing,logreg,uncertainty,0,2000,target_only,0.9159879022579251,0.916,0,2000,0,0,10.0,0.9113751221498093,budget_cv,0.217
db6bbe2e7a,main,electronics,clothing,logreg,self_training,0,0,uda_self_training,0.8867695455369676,0.8868,2000,0,0,1000,1.0,0.9032124995160625,source_val_fallback,0.145
db6bbe2e7a,main,electronics,clothing,logreg,self_training,0,50,transfer,0.8633496784750176,0.8636,2000,50,0,1000,0.1,0.859332358674464,budget_cv,0.315
db6bbe2e7a,main,electronics,clothing,logreg,self_training,0,50,target_only,0.7946914375249303,0.7984,0,50,0,1000,0.1,0.7755680049797696,budget_cv,0.117
db6bbe2e7a,main,electronics,clothing,logreg,self_training,0,100,transfer,0.9011783541066836,0.9012,2000,100,0,1000,10.0,0.885715609292845,budget_cv,0.379
db6bbe2e7a,main,electronics,clothing,logreg,self_training,0,100,target_only,0.7962605212277172,0.798,0,100,0,1000,0.01,0.7826822815847206,budget_cv,0.127
db6bbe2e7a,main,electronics,clothing,logreg,self_training,0,250,transfer,0.9051792304586397,0.9052,2000,250,0,1000,10.0,0.9038306143028207,budget_cv,0.374
db6bbe2e7a,main,electronics,clothing,logreg,self_training,0,250,target_only,0.8786096404938368,0.8788,0,250,0,1000,10.0,0.8709364817681967,budget_cv,0.16
db6bbe2e7a,main,electronics,clothing,logreg,self_training,0,500,transfer,0.9039990169499336,0.904,2000,500,0,1000,1.0,0.9196217404521572,budget_cv,0.344
db6bbe2e7a,main,electronics,clothing,logreg,self_training,0,500,target_only,0.8839702963958773,0.884,0,500,0,1000,1.0,0.9177549268257058,budget_cv,0.169
db6bbe2e7a,main,electronics,clothing,logreg,self_training,0,1000,transfer,0.9067999850879976,0.9068,2000,1000,0,1000,1.0,0.924901924133624,budget_cv,0.372
db6bbe2e7a,main,electronics,clothing,logreg,self_training,0,1000,target_only,0.8935931899641577,0.8936,0,1000,0,1000,1.0,0.9149221295322895,budget_cv,0.196
db6bbe2e7a,main,electronics,clothing,logreg,self_training,0,2000,transfer,0.9219880048756297,0.922,2000,2000,0,1000,10.0,0.927432914101184,budget_cv,0.502
db6bbe2e7a,main,electronics,clothing,logreg,self_training,0,2000,target_only,0.9147960601698222,0.9148,0,2000,0,1000,10.0,0.9163739778568337,budget_cv,0.279
db6bbe2e7a,main,electronics,clothing,svm,random,0,0,source_only,0.8747695239113391,0.8748,2000,0,0,0,0.1,0.9052104861233492,source_val_fallback,0.042
db6bbe2e7a,main,electronics,clothing,svm,random,0,50,transfer,0.8590765284912029,0.8592,2000,50,0,0,0.01,0.859332358674464,budget_cv,0.132
db6bbe2e7a,main,electronics,clothing,svm,random,0,50,target_only,0.7614520734650247,0.7632,0,50,0,0,0.01,0.7755680049797696,budget_cv,0.037
db6bbe2e7a,main,electronics,clothing,svm,random,0,100,transfer,0.8999874544262833,0.9,2000,100,0,0,1.0,0.885715609292845,budget_cv,0.139
db6bbe2e7a,main,electronics,clothing,svm,random,0,100,target_only,0.7718451509352875,0.7772,0,100,0,0,0.01,0.7306751502297631,budget_cv,0.039
db6bbe2e7a,main,electronics,clothing,svm,random,0,250,transfer,0.9011588662737885,0.9012,2000,250,0,0,10.0,0.9076385191972028,budget_cv,0.151
db6bbe2e7a,main,electronics,clothing,svm,random,0,250,target_only,0.8640920652377331,0.8644,0,250,0,0,1.0,0.8709364817681967,budget_cv,0.043
db6bbe2e7a,main,electronics,clothing,svm,random,0,500,transfer,0.9087952719468977,0.9088,2000,500,0,0,1.0,0.9257551080286089,budget_cv,0.151
db6bbe2e7a,main,electronics,clothing,svm,random,0,500,target_only,0.886338823008096,0.8864,0,500,0,0,0.1,0.9177549268257058,budget_cv,0.048
db6bbe2e7a,main,electronics,clothing,svm,random,0,1000,transfer,0.9111990906786887,0.9112,2000,1000,0,0,0.1,0.9278847321170854,budget_cv,0.164
db6bbe2e7a,main,electronics,clothing,svm,random,0,1000,target_only,0.901597732811764,0.9016,0,1000,0,0,0.1,0.9149221295322895,budget_cv,0.063
db6bbe2e7a,main,electronics,clothing,svm,random,0,2000,transfer,0.9215887087740635,0.9216,2000,2000,0,0,1.0,0.9284568599612294,budget_cv,0.245
db6bbe2e7a,main,electronics,clothing,svm,random,0,2000,target_only,0.9131938749598172,0.9132,0,2000,0,0,1.0,0.9188505673212379,budget_cv,0.111
db6bbe2e7a,main,electronics,clothing,svm,uncertainty,0,0,source_only,0.8747695239113391,0.8748,2000,0,0,0,0.1,0.9052104861233492,source_val_fallback,0.044
db6bbe2e7a,main,electronics,clothing,svm,uncertainty,0,50,transfer,0.8771601999047691,0.8772,2000,50,0,0,0.1,0.736360509115927,budget_cv,0.134
db6bbe2e7a,main,electronics,clothing,svm,uncertainty,0,50,target_only,0.634053430697047,0.6484,0,50,0,0,0.01,0.6554009597487859,budget_cv,0.039
db6bbe2e7a,main,electronics,clothing,svm,uncertainty,0,100,transfer,0.9011987195354052,0.9012,2000,100,0,0,1.0,0.6395190725361504,budget_cv,0.139
db6bbe2e7a,main,electronics,clothing,svm,uncertainty,0,100,target_only,0.6986951695419412,0.6996,0,100,0,0,0.01,0.6246130918317851,budget_cv,0.04
db6bbe2e7a,main,electronics,clothing,svm,uncertainty,0,250,transfer,0.9027738500547107,0.9028,2000,250,0,0,10.0,0.5991000348547216,budget_cv,0.152
db6bbe2e7a,main,electronics,clothing,svm,uncertainty,0,250,target_only,0.736432478998424,0.7384,0,250,0,0,10.0,0.5874619834309883,budget_cv,0.044
db6bbe2e7a,main,electronics,clothing,svm,uncertainty,0,500,transfer,0.9103669576752774,0.9104,2000,500,0,0,10.0,0.6838258205234733,budget_cv,0.164
db6bbe2e7a,main,electronics,clothing,svm,uncertainty,0,500,target_only,0.8423555064181314,0.8424,0,500,0,0,10.0,0.5416433115065423,budget_cv,0.052
db6bbe2e7a,main,electronics,clothing,svm,uncertainty,0,1000,transfer,0.9227922792279228,0.9228,2000,1000,0,0,1.0,0.8341419322159979,budget_cv,0.206
db6bbe2e7a,main,electronics,clothing,svm,uncertainty,0,1000,target_only,0.9019973500083442,0.902,0,1000,0,0,10.0,0.7599820387203376,budget_cv,0.088
db6bbe2e7a,main,electronics,clothing,svm,uncertainty,0,2000,transfer,0.9215887087740635,0.9216,2000,2000,0,0,1.0,0.9264461040903748,budget_cv,0.221
db6bbe2e7a,main,electronics,clothing,svm,uncertainty,0,2000,target_only,0.9131938749598172,0.9132,0,2000,0,0,1.0,0.9243659990964281,budget_cv,0.114
db6bbe2e7a,main,electronics,clothing,svm,self_training,0,0,uda_self_training,0.8875532041414356,0.8876,2000,0,0,1000,0.1,0.9052104861233492,source_val_fallback,0.063
db6bbe2e7a,main,electronics,clothing,svm,self_training,0,50,transfer,0.8596766951055231,0.86,2000,50,0,1000,0.01,0.859332358674464,budget_cv,0.147
db6bbe2e7a,main,electronics,clothing,svm,self_training,0,50,target_only,0.8004723968393528,0.8036,0,50,0,1000,0.01,0.7755680049797696,budget_cv,0.044
db6bbe2e7a,main,electronics,clothing,svm,self_training,0,100,transfer,0.9039879562492319,0.904,2000,100,0,1000,1.0,0.885715609292845,budget_cv,0.168
db6bbe2e7a,main,electronics,clothing,svm,self_training,0,100,target_only,0.5620900417412045,0.624,0,100,0,1000,0.01,0.7306751502297631,budget_cv,0.046
db6bbe2e7a,main,electronics,clothing,svm,self_training,0,250,transfer,0.9011620304056006,0.9012,2000,250,0,1000,10.0,0.9076385191972028,budget_cv,0.186
db6bbe2e7a,main,electronics,clothing,svm,self_training,0,250,target_only,0.8800707029332862,0.8804,0,250,0,1000,1.0,0.8709364817681967,budget_cv,0.056
db6bbe2e7a,main,electronics,clothing,svm,self_training,0,500,transfer,0.9103942652329748,0.9104,2000,500,0,1000,1.0,0.9257551080286089,budget_cv,0.185
db6bbe2e7a,main,electronics,clothing,svm,self_training,0,500,target_only,0.8843718607360287,0.8844,0,500,0,1000,0.1,0.9177549268257058,budget_cv,0.058
db6bbe2e7a,main,electronics,clothing,svm,self_training,0,1000,transfer,0.9091988232167489,0.9092,2000,1000,0,1000,0.1,0.9278847321170854,budget_cv,0.189
db6bbe2e7a,main,electronics,clothing,svm,self_training,0,1000,target_only,0.8979881013321394,0.898,0,1000,0,1000,0.1,0.9149221295322895,budget_cv,0.077
db6bbe2e7a,main,electronics,clothing,svm,self_training,0,2000,transfer,0.9207900639056164,0.9208,2000,2000,0,1000,1.0,0.9284568599612294,budget_cv,0.291
db6bbe2e7a,main,electronics,clothing,svm,self_training,0,2000,target_only,0.9139988854255552,0.914,0,2000,0,1000,1.0,0.9188505673212379,budget_cv,0.136
db6bbe2e7a,main,clothing,books,logreg,random,0,0,source_only,0.8070030328094844,0.8096,2000,0,0,0,10.0,0.9133072869893355,source_val_fallback,0.076
db6bbe2e7a,main,clothing,books,logreg,random,0,50,transfer,0.8109214687327542,0.814,2000,50,0,0,10.0,0.8113409981831033,budget_cv,0.256
db6bbe2e7a,main,clothing,books,logreg,random,0,50,target_only,0.6453021635788465,0.6724,0,50,0,0,0.01,0.605130249867092,budget_cv,0.098
db6bbe2e7a,main,clothing,books,logreg,random,0,100,transfer,0.8199776188390989,0.8224,2000,100,0,0,10.0,0.841396566221675,budget_cv,0.263
db6bbe2e7a,main,clothing,books,logreg,random,0,100,target_only,0.751611253196931,0.7572,0,100,0,0,0.01,0.7705931495405179,budget_cv,0.107
db6bbe2e7a,main,clothing,books,logreg,random,0,250,transfer,0.8451520526402581,0.846,2000,250,0,0,10.0,0.8710339458008652,budget_cv,0.271
db6bbe2e7a,main,clothing,books,logreg,random,0,250,target_only,0.8378620652455893,0.8384,0,250,0,0,0.01,0.8097123546377191,budget_cv,0.112
db6bbe2e7a,main,clothing,books,logreg,random,0,500,transfer,0.8759027077228547,0.876,2000,500,0,0,10.0,0.8757674763598066,budget_cv,0.294
db6bbe2e7a,main,clothing,books,logreg,random,0,500,target_only,0.8767087842269224,0.8768,0,500,0,0,10.0,0.8516262749630948,budget_cv,0.151
db6bbe2e7a,main,clothing,books,logreg,random,0,1000,transfer,0.8951731643300685,0.8952,2000,1000,0,0,10.0,0.8745951808181495,budget_cv,0.343
db6bbe2e7a,main,clothing,books,logreg,random,0,1000,target_only,0.8827684694075318,0.8828,0,1000,0,0,1.0,0.8605722707424537,budget_cv,0.176
db6bbe2e7a,main,clothing,books,logreg,random,0,2000,transfer,0.9075726562946382,0.9076,2000,2000,0,0,10.0,0.8925508165894955,budget_cv,0.423
db6bbe2e7a,main,clothing,books,logreg,random,0,2000,target_only,0.9059836185857024,0.906,0,2000,0,0,10.0,0.8845157962112115,budget_cv,0.257
db6bbe2e7a,main,clothing,books,logreg,uncertainty,0,0,source_only,0.8070030328094844,0.8096,2000,0,0,0,10.0,0.9133072869893355,source_val_fallback,0.074
db6bbe2e7a,main,clothing,books,logreg,uncertainty,0,50,transfer,0.8186462011457046,0.82,2000,50,0,0,1.0,0.8058483384570341,budget_cv,0.248
db6bbe2e7a,main,clothing,books,logreg,uncertainty,0,50,target_only,0.6531195677215322,0.6608,0,50,0,0,0.01,0.6352536352536352,budget_cv,0.103
db6bbe2e7a,main,clothing,books,logreg,uncertainty,0,100,transfer,0.8367622855584554,0.8368,2000,100,0,0,10.0,0.7896546922862712,budget_cv,0.264
db6bbe2e7a,main,clothing,books,logreg,uncertainty,0,100,target_only,0.6887354561841943,0.6888,0,100,0,0,0.01,0.6692280226580323,budget_cv,0.109
db6bbe2e7a,main,clothing,books,logreg,uncertainty,0,250,transfer,0.8715891313040736,0.8716,2000,250,0,0,10.0,0.6877089960062102,budget_cv,0.28
db6bbe2e7a,main,clothing,books,logreg,uncertainty,0,250,target_only,0.7136950365137763,0.7164,0,250,0,0,0.1,0.7350079758497176,budget_cv,0.118
db6bbe2e7a,main,clothing,books,logreg,uncertainty,0,500,transfer,0.8811931377156345,0.8812,2000,500,0,0,10.0,0.6708966139476203,budget_cv,0.304
db6bbe2e7a,main,clothing,books,logreg,uncertainty,0,500,target_only,0.7549099702624098,0.7552,0,500,0,0,0.1,0.6642524920139473,budget_cv,0.138
db6bbe2e7a,main,clothing,books,logreg,uncertainty,0,1000,transfer,0.902385943575875,0.9024,2000,1000,0,0,10.0,0.7579705186661988,budget_cv,0.361
db6bbe2e7a,main,clothing,books,logreg,uncertainty,0,1000,target_only,0.8751992811478594,0.8752,0,1000,0,0,10.0,0.7008670973616377,budget_cv,0.18
db6bbe2e7a,main,clothing,books,logreg,uncertainty,0,2000,transfer,0.9075726562946382,0.9076,2000,2000,0,0,10.0,0.885032471327455,budget_cv,0.43
db6bbe2e7a,main,clothing,books,logreg,uncertainty,0,2000,target_only,0.9059836185857024,0.906,0,2000,0,0,10.0,0.8795663995266535,budget_cv,0.252
db6bbe2e7a,main,clothing,books,logreg,self_training,0,0,uda_self_training,0.7771224570418036,0.7848,2000,0,0,1000,10.0,0.9133072869893355,source_val_fallback,0.147
db6bbe2e7a,main,clothing,books,logreg,self_training,0,50,transfer,0.7811977236606814,0.7888,2000,50,0,1000,10.0,0.8113409981831033,budget_cv,0.334
db6bbe2e7a,main,clothing,books,logreg,self_training,0,50,target_only,0.4157427503072458,0.5424,0,50,0,1000,0.01,0.605130249867092,budget_cv,0.129
db6bbe2e7a,main,clothing,books,logreg,self_training,0,100,transfer,0.8024413980525475,0.8072,2000,100,0,1000,10.0,0.841396566221675,budget_cv,0.338
db6bbe2e7a,main,clothing,books,logreg,self_training,0,100,target_only,0.5011604886718608,0.586,0,100,0,1000,0.01,0.7705931495405179,budget_cv,0.13
db6bbe2e7a,main,clothing,books,logreg,self_training,0,250,transfer,0.8455036894364378,0.8468,2000,250,0,1000,10.0,0.8710339458008652,budget_cv,0.355
db6bbe2e7a,main,clothing,books,logreg,self_training,0,250,target_only,0.6034679211466597,0.6516,0,250,0,1000,0.01,0.8097123546377191,budget_cv,0.134
db6bbe2e7a,main,clothing,books,logreg,self_training,0,500,transfer,0.8782422018936542,0.8784,2000,500,0,1000,10.0,0.8757674763598066,budget_cv,0.384
db6bbe2e7a,main,clothing,books,logreg,self_training,0,500,target_only,0.8638902089441879,0.8644,0,500,0,1000,10.0,0.8516262749630948,budget_cv,0.205
db6bbe2e7a,main,clothing,books,logreg,self_training,0,1000,transfer,0.8935699611858451,0.8936,2000,1000,0,1000,10.0,0.8745951808181495,budget_cv,0.451
db6bbe2e7a,main,clothing,books,logreg,self_training,0,1000,target_only,0.8551522233772595,0.8556,0,1000,0,1000,1.0,0.8605722707424537,budget_cv,0.228
db6bbe2e7a,main,clothing,books,logreg,self_training,0,2000,transfer,0.9059638750822516,0.906,2000,2000,0,1000,10.0,0.8925508165894955,budget_cv,0.568
db6bbe2e7a,main,clothing,books,logreg,self_training,0,2000,target_only,0.9023669453530188,0.9024,0,2000,0,1000,10.0,0.8845157962112115,budget_cv,0.358
db6bbe2e7a,main,clothing,books,svm,random,0,0,source_only,0.8066767227126217,0.8088,2000,0,0,0,1.0,0.9139831406955763,source_val_fallback,0.043
db6bbe2e7a,main,clothing,books,svm,random,0,50,transfer,0.8116514981174892,0.8144,2000,50,0,0,1.0,0.791999228841334,budget_cv,0.14
db6bbe2e7a,main,clothing,books,svm,random,0,50,target_only,0.5909827681852853,0.6376,0,50,0,0,0.01,0.562687747035573,budget_cv,0.039
db6bbe2e7a,main,clothing,books,svm,random,0,100,transfer,0.8237226034198462,0.8256,2000,100,0,0,1.0,0.8514043091562472,budget_cv,0.152
db6bbe2e7a,main,clothing,books,svm,random,0,100,target_only,0.7031167712871238,0.7212,0,100,0,0,0.01,0.6752394657112509,budget_cv,0.041
db6bbe2e7a,main,clothing,books,svm,random,0,250,transfer,0.8505568925089473,0.8512,2000,250,0,0,1.0,0.8634256157984913,budget_cv,0.161
db6bbe2e7a,main,clothing,books,svm,random,0,250,target_only,0.8262905882140023,0.828,0,250,0,0,0.01,0.8064770241263846,budget_cv,0.048
db6bbe2e7a,main,clothing,books,svm,random,0,500,transfer,0.8807218298584161,0.8808,2000,500,0,0,1.0,0.8818268242540476,budget_cv,0.188
db6bbe2e7a,main,clothing,books,svm,random,0,500,target_only,0.877503963107076,0.8776,0,500,0,0,10.0,0.855653227367637,budget_cv,0.062
db6bbe2e7a,main,clothing,books,svm,random,0,1000,transfer,0.891982302380422,0.892,2000,1000,0,0,1.0,0.8746102348635052,budget_cv,0.219
db6bbe2e7a,main,clothing,books,svm,random,0,1000,target_only,0.8827653172914676,0.8828,0,1000,0,0,0.1,0.8625434307924338,budget_cv,0.085
db6bbe2e7a,main,clothing,books,svm,random,0,2000,transfer,0.9063846620630325,0.9064,2000,2000,0,0,1.0,0.8915222073905151,budget_cv,0.314
db6bbe2e7a,main,clothing,books,svm,random,0,2000,target_only,0.900774598297164,0.9008,0,2000,0,0,10.0,0.8849873812419468,budget_cv,0.148
db6bbe2e7a,main,clothing,books,svm,uncertainty,0,0,source_only,0.8066767227126217,0.8088,2000,0,0,0,1.0,0.9139831406955763,source_val_fallback,0.045
db6bbe2e7a,main,clothing,books,svm,uncertainty,0,50,transfer,0.8361430460791395,0.8364,2000,50,0,0,1.0,0.7194481084641268,budget_cv,0.143
db6bbe2e7a,main,clothing,books,svm,uncertainty,0,50,target_only,0.5778080494661813,0.6144,0,50,0,0,0.01,0.6169672919672919,budget_cv,0.039
db6bbe2e7a,main,clothing,books,svm,uncertainty,0,100,transfer,0.837151822995315,0.8372,2000,100,0,0,1.0,0.6516493853344331,budget_cv,0.146
db6bbe2e7a,main,clothing,books,svm,uncertainty,0,100,target_only,0.5790593139971862,0.6052,0,100,0,0,0.01,0.6568052683940229,budget_cv,0.042
db6bbe2e7a,main,clothing,books,svm,uncertainty,0,250,transfer,0.8683645953415631,0.8684,2000,250,0,0,1.0,0.6422571850557796,budget_cv,0.164
db6bbe2e7a,main,clothing,books,svm,uncertainty,0,250,target_only,0.7623195309003816,0.7624,0,250,0,0,1.0,0.680043198130921,budget_cv,0.047
db6bbe2e7a,main,clothing,books,svm,uncertainty,0,500,transfer,0.8648834814483015,0.8652,2000,500,0,0,0.1,0.5872111047222653,budget_cv,0.183
db6bbe2e7a,main,clothing,books,svm,uncertainty,0,500,target_only,0.8091142082897738,0.8092,0,500,0,0,10.0,0.5928087589602378,budget_cv,0.061
db6bbe2e7a,main,clothing,books,svm,uncertainty,0,1000,transfer,0.905188941238106,0.9052,2000,1000,0,0,1.0,0.7538394730646213,budget_cv,0.244
db6bbe2e7a,main,clothing,books,svm,uncertainty,0,1000,target_only,0.8839952484453764,0.884,0,1000,0,0,10.0,0.6893841594990956,budget_cv,0.087
db6bbe2e7a,main,clothing,books,svm,uncertainty,0,2000,transfer,0.9063846620630325,0.9064,2000,2000,0,0,1.0,0.8881258092129597,budget_cv,0.289
db6bbe2e7a,main,clothing,books,svm,uncertainty,0,2000,target_only,0.9035788799178572,0.9036,0,2000,0,0,1.0,0.8831344407005511,budget_cv,0.131
db6bbe2e7a,main,clothing,books,svm,self_training,0,0,uda_self_training,0.8046588935618186,0.8088,2000,0,0,1000,1.0,0.9139831406955763,source_val_fallback,0.069
db6bbe2e7a,main,clothing,books,svm,self_training,0,50,transfer,0.8041305988325855,0.8088,2000,50,0,1000,1.0,0.791999228841334,budget_cv,0.167
db6bbe2e7a,main,clothing,books,svm,self_training,0,50,target_only,0.44173854597507084,0.5564,0,50,0,1000,0.01,0.562687747035573,budget_cv,0.059
db6bbe2e7a,main,clothing,books,svm,self_training,0,100,transfer,0.8190538786797326,0.822,2000,100,0,1000,1.0,0.8514043091562472,budget_cv,0.175
db6bbe2e7a,main,clothing,books,svm,self_training,0,100,target_only,0.5010954608106856,0.5876,0,100,0,1000,0.01,0.6752394657112509,budget_cv,0.059
db6bbe2e7a,main,clothing,books,svm,self_training,0,250,transfer,0.8589400425253575,0.8596,2000,250,0,1000,1.0,0.8634256157984913,budget_cv,0.19
db6bbe2e7a,main,clothing,books,svm,self_training,0,250,target_only,0.619435827140899,0.6624,0,250,0,1000,0.01,0.8064770241263846,budget_cv,0.059
db6bbe2e7a,main,clothing,books,svm,self_training,0,500,transfer,0.8811196368745271,0.8812,2000,500,0,1000,1.0,0.8818268242540476,budget_cv,0.204
db6bbe2e7a,main,clothing,books,svm,self_training,0,500,target_only,0.8786597306486298,0.8788,0,500,0,1000,10.0,0.855653227367637,budget_cv,0.096
db6bbe2e7a,main,clothing,books,svm,self_training,0,1000,transfer,0.893981527341324,0.894,2000,1000,0,1000,1.0,0.8746102348635052,budget_cv,0.263
db6bbe2e7a,main,clothing,books,svm,self_training,0,1000,target_only,0.8607315007685855,0.8612,0,1000,0,1000,0.1,0.8625434307924338,budget_cv,0.101
db6bbe2e7a,main,clothing,books,svm,self_training,0,2000,transfer,0.9055804211561309,0.9056,2000,2000,0,1000,1.0,0.8915222073905151,budget_cv,0.354
db6bbe2e7a,main,clothing,books,svm,self_training,0,2000,target_only,0.900774598297164,0.9008,0,2000,0,1000,10.0,0.8849873812419468,budget_cv,0.209
db6bbe2e7a,main,clothing,music,logreg,random,0,0,source_only,0.8277842300570919,0.8288,2000,0,0,0,10.0,0.9126424006668519,source_val_fallback,0.077
db6bbe2e7a,main,clothing,music,logreg,random,0,50,transfer,0.8142001392571971,0.8156,2000,50,0,0,0.01,0.810985797827903,budget_cv,0.24
db6bbe2e7a,main,clothing,music,logreg,random,0,50,target_only,0.7000681392161074,0.7104,0,50,0,0,0.1,0.6317541119011707,budget_cv,0.089
db6bbe2e7a,main,clothing,music,logreg,random,0,100,transfer,0.8447378951580633,0.8448,2000,100,0,0,10.0,0.8481513483529612,budget_cv,0.257
db6bbe2e7a,main,clothing,music,logreg,random,0,100,target_only,0.7937724433583127,0.7952,0,100,0,0,0.01,0.768652526766117,budget_cv,0.096
db6bbe2e7a,main,clothing,music,logreg,random,0,250,transfer,0.8611813205584944,0.8612,2000,250,0,0,10.0,0.847675965718293,budget_cv,0.261
db6bbe2e7a,main,clothing,music,logreg,random,0,250,target_only,0.8464637186952351,0.8468,0,250,0,0,0.1,0.8107052654820651,budget_cv,0.114
db6bbe2e7a,main,clothing,music,logreg,random,0,500,transfer,0.8723468758758645,0.8724,2000,500,0,0,10.0,0.8739134889004649,budget_cv,0.27
db6bbe2e7a,main,clothing,music,logreg,random,0,500,target_only,0.8529877142593906,0.8532,0,500,0,0,10.0,0.8494131424616181,budget_cv,0.135
db6bbe2e7a,main,clothing,music,logreg,random,0,1000,transfer,0.8879999283199541,0.888,2000,1000,0,0,10.0,0.8857412629456823,budget_cv,0.301
db6bbe2e7a,main,clothing,music,logreg,random,0,1000,target_only,0.875164766503698,0.8752,0,1000,0,0,10.0,0.884744914835486,budget_cv,0.17
db6bbe2e7a,main,clothing,music,logreg,random,0,2000,transfer,0.8963971985802497,0.8964,2000,2000,0,0,10.0,0.8958861762340594,budget_cv,0.373
db6bbe2e7a,main,clothing,music,logreg,random,0,2000,target_only,0.887577965281195,0.8876,0,2000,0,0,10.0,0.8863190330535279,budget_cv,0.235
db6bbe2e7a,main,clothing,music,logreg,uncertainty,0,0,source_only,0.8277842300570919,0.8288,2000,0,0,0,10.0,0.9126424006668519,source_val_fallback,0.074
db6bbe2e7a,main,clothing,music,logreg,uncertainty,0,50,transfer,0.8369840103343326,0.8372,2000,50,0,0,10.0,0.6682539682539682,budget_cv,0.256
db6bbe2e7a,main,clothing,music,logreg,uncertainty,0,50,target_only,0.6231552759298558,0.6512,0,50,0,0,1.0,0.5328116328116328,budget_cv,0.092
db6bbe2e7a,main,clothing,music,logreg,uncertainty,0,100,transfer,0.8443402017318973,0.8444,2000,100,0,0,10.0,0.6095356076585773,budget_cv,0.252
db6bbe2e7a,main,clothing,music,logreg,uncertainty,0,100,target_only,0.5689344203159945,0.6176,0,100,0,0,1.0,0.5112470145290821,budget_cv,0.108
db6bbe2e7a,main,clothing,music,logreg,uncertainty,0,250,transfer,0.8711947241359006,0.8712,2000,250,0,0,10.0,0.6524372955160197,budget_cv,0.264
db6bbe2e7a,main,clothing,music,logreg,uncertainty,0,250,target_only,0.7006097941237438,0.7012,0,250,0,0,0.1,0.6825154200438662,budget_cv,0.116
db6bbe2e7a,main,clothing,music,logreg,uncertainty,0,500,transfer,0.8867995471981889,0.8868,2000,500,0,0,10.0,0.662032470631251,budget_cv,0.281
db6bbe2e7a,main,clothing,music,logreg,uncertainty,0,500,target_only,0.7619228630076145,0.762,0,500,0,0,10.0,0.6356551981174703,budget_cv,0.134
db6bbe2e7a,main,clothing,music,logreg,uncertainty,0,1000,transfer,0.894398310372966,0.8944,2000,1000,0,0,10.0,0.7746724164097852,budget_cv,0.324
db6bbe2e7a,main,clothing,music,logreg,uncertainty,0,1000,target_only,0.8543588942543143,0.8544,0,1000,0,0,10.0,0.7178332675588083,budget_cv,0.166
db6bbe2e7a,main,clothing,music,logreg,uncertainty,0,2000,transfer,0.8963971985802497,0.8964,2000,2000,0,0,10.0,0.891430962598216,budget_cv,0.369
db6bbe2e7a,main,clothing,music,logreg,uncertainty,0,2000,target_only,0.887577965281195,0.8876,0,2000,0,0,10.0,0.8889060332478246,budget_cv,0.235
db6bbe2e7a,main,clothing,music,logreg,self_training,0,0,uda_self_training,0.8161500319866404,0.8192,2000,0,0,1000,10.0,0.9126424006668519,source_val_fallback,0.149
db6bbe2e7a,main,clothing,music,logreg,self_training,0,50,transfer,0.7534135917759504,0.764,2000,50,0,1000,0.01,0.810985797827903,budget_cv,0.267
db6bbe2e7a,main,clothing,music,logreg,self_training,0,50,target_only,0.5714072337629562,0.6272,0,50,0,1000,0.1,0.6317541119011707,budget_cv,0.113
db6bbe2e7a,main,clothing,music,logreg,self_training,0,100,transfer,0.8550203644323462,0.8552,2000,100,0,1000,10.0,0.8481513483529612,budget_cv,0.332
db6bbe2e7a,main,clothing,music,logreg,self_training,0,100,target_only,0.6951662669957723,0.7168,0,100,0,1000,0.01,0.768652526766117,budget_cv,0.112
db6bbe2e7a,main,clothing,music,logreg,self_training,0,250,transfer,0.8679590990105095,0.868,2000,250,0,1000,10.0,0.847675965718293,budget_cv,0.338
db6bbe2e7a,main,clothing,music,logreg,self_training,0,250,target_only,0.5693912189813829,0.6272,0,250,0,1000,0.1,0.8107052654820651,budget_cv,0.137
db6bbe2e7a,main,clothing,music,logreg,self_training,0,500,transfer,0.868672160227652,0.8688,2000,500,0,1000,10.0,0.8739134889004649,budget_cv,0.357
db6bbe2e7a,main,clothing,music,logreg,self_training,0,500,target_only,0.8475470194758481,0.8484,0,500,0,1000,10.0,0.8494131424616181,budget_cv,0.191
db6bbe2e7a,main,clothing,music,logreg,self_training,0,1000,transfer,0.8851985121727177,0.8852,2000,1000,0,1000,10.0,0.8857412629456823,budget_cv,0.401
db6bbe2e7a,main,clothing,music,logreg,self_training,0,1000,target_only,0.873060081744502,0.8732,0,1000,0,1000,10.0,0.884744914835486,budget_cv,0.231
db6bbe2e7a,main,clothing,music,logreg,self_training,0,2000,transfer,0.896391230553754,0.8964,2000,2000,0,1000,10.0,0.8958861762340594,budget_cv,0.496
db6bbe2e7a,main,clothing,music,logreg,self_training,0,2000,target_only,0.8887480943108816,0.8888,0,2000,0,1000,10.0,0.8863190330535279,budget_cv,0.319
db6bbe2e7a,main,clothing,music,svm,random,0,0,source_only,0.8304524717297577,0.8312,2000,0,0,0,1.0,0.9126554477441768,source_val_fallback,0.049
db6bbe2e7a,main,clothing,music,svm,random,0,50,transfer,0.839199073786665,0.8392,2000,50,0,0,10.0,0.7930368121157595,budget_cv,0.164
db6bbe2e7a,main,clothing,music,svm,random,0,50,target_only,0.6966490299823633,0.7076,0,50,0,0,0.01,0.6517704517704518,budget_cv,0.041
db6bbe2e7a,main,clothing,music,svm,random,0,100,transfer,0.8471937410556336,0.8472,2000,100,0,0,1.0,0.8486401126107008,budget_cv,0.162
db6bbe2e7a,main,clothing,music,svm,random,0,100,target_only,0.7942163104716111,0.7956,0,100,0,0,0.01,0.7584285931550866,budget_cv,0.041
db6bbe2e7a,main,clothing,music,svm,random,0,250,transfer,0.8647968849202285,0.8648,2000,250,0,0,1.0,0.8517449436865983,budget_cv,0.161
db6bbe2e7a,main,clothing,music,svm,random,0,250,target_only,0.8484149497186774,0.8488,0,250,0,0,0.01,0.8146769374123933,budget_cv,0.044
db6bbe2e7a,main,clothing,music,svm,random,0,500,transfer,0.8655779762956363,0.8656,2000,500,0,0,10.0,0.8859740736218504,budget_cv,0.198
db6bbe2e7a,main,clothing,music,svm,random,0,500,target_only,0.8538821471846332,0.854,0,500,0,0,10.0,0.8497844163240406,budget_cv,0.053
db6bbe2e7a,main,clothing,music,svm,random,0,1000,transfer,0.8899998415997719,0.89,2000,1000,0,0,1.0,0.8957775114586868,budget_cv,0.208
db6bbe2e7a,main,clothing,music,svm,random,0,1000,target_only,0.8771785995991941,0.8772,0,1000,0,0,10.0,0.8907896499909728,budget_cv,0.071
db6bbe2e7a,main,clothing,music,svm,random,0,2000,transfer,0.8939995759983039,0.894,2000,2000,0,0,10.0,0.8969326728112491,budget_cv,0.292
db6bbe2e7a,main,clothing,music,svm,random,0,2000,target_only,0.8871766049408005,0.8872,0,2000,0,0,10.0,0.8958900903590754,budget_cv,0.115
db6bbe2e7a,main,clothing,music,svm,uncertainty,0,0,source_only,0.8304524717297577,0.8312,2000,0,0,0,1.0,0.9126554477441768,source_val_fallback,0.048
db6bbe2e7a,main,clothing,music,svm,uncertainty,0,50,transfer,0.8351998945279324,0.8352,2000,50,0,0,10.0,0.752046783625731,budget_cv,0.164
db6bbe2e7a,main,clothing,music,svm,uncertainty,0,50,target_only,0.645531083375023,0.6684,0,50,0,0,0.01,0.7362193362193362,budget_cv,0.038
db6bbe2e7a,main,clothing,music,svm,uncertainty,0,100,transfer,0.854354884969168,0.8544,2000,100,0,0,1.0,0.6084223646723647,budget_cv,0.156
db6bbe2e7a,main,clothing,music,svm,uncertainty,0,100,target_only,0.693463400508329,0.6992,0,100,0,0,0.1,0.5672799422799423,budget_cv,0.04
db6bbe2e7a,main,clothing,music,svm,uncertainty,0,250,transfer,0.8723749854971574,0.8724,2000,250,0,0,1.0,0.6514151307912618,budget_cv,0.168
db6bbe2e7a,main,clothing,music,svm,uncertainty,0,250,target_only,0.7203344575514183,0.7208,0,250,0,0,0.1,0.6404128701812526,budget_cv,0.044
db6bbe2e7a,main,clothing,music,svm,uncertainty,0,500,transfer,0.881984119783158,0.882,2000,500,0,0,10.0,0.5996381959774043,budget_cv,0.207
db6bbe2e7a,main,clothing,music,svm,uncertainty,0,500,target_only,0.792799469566642,0.7928,0,500,0,0,10.0,0.5952456004687815,budget_cv,0.054
db6bbe2e7a,main,clothing,music,svm,uncertainty,0,1000,transfer,0.8891948763710834,0.8892,2000,1000,0,0,1.0,0.7587405128487942,budget_cv,0.22
db6bbe2e7a,main,clothing,music,svm,uncertainty,0,1000,target_only,0.8683408271013324,0.8684,0,1000,0,0,1.0,0.6832527916717822,budget_cv,0.072
db6bbe2e7a,main,clothing,music,svm,uncertainty,0,2000,transfer,0.895996738457718,0.896,2000,2000,0,0,1.0,0.8963742760346597,budget_cv,0.262
db6bbe2e7a,main,clothing,music,svm,uncertainty,0,2000,target_only,0.8871766049408005,0.8872,0,2000,0,0,10.0,0.8978850928941569,budget_cv,0.111
db6bbe2e7a,main,clothing,music,svm,self_training,0,0,uda_self_training,0.8306657736812096,0.8324,2000,0,0,1000,1.0,0.9126554477441768,source_val_fallback,0.067
db6bbe2e7a,main,clothing,music,svm,self_training,0,50,transfer,0.8419957275644734,0.842,2000,50,0,1000,10.0,0.7930368121157595,budget_cv,0.26
db6bbe2e7a,main,clothing,music,svm,self_training,0,50,target_only,0.5623288178251535,0.6216,0,50,0,1000,0.01,0.6517704517704518,budget_cv,0.047
db6bbe2e7a,main,clothing,music,svm,self_training,0,100,transfer,0.8527543891995986,0.8528,2000,100,0,1000,1.0,0.8486401126107008,budget_cv,0.197
db6bbe2e7a,main,clothing,music,svm,self_training,0,100,target_only,0.7154004838447021,0.7324,0,100,0,1000,0.01,0.7584285931550866,budget_cv,0.048
db6bbe2e7a,main,clothing,music,svm,self_training,0,250,transfer,0.8671945602891895,0.8672,2000,250,0,1000,1.0,0.8517449436865983,budget_cv,0.202
db6bbe2e7a,main,clothing,music,svm,self_training,0,250,target_only,0.5451967425385513,0.6124,0,250,0,1000,0.01,0.8146769374123933,budget_cv,0.054
db6bbe2e7a,main,clothing,music,svm,self_training,0,500,transfer,0.8659766477711077,0.866,2000,500,0,1000,10.0,0.8859740736218504,budget_cv,0.266
db6bbe2e7a,main,clothing,music,svm,self_training,0,500,target_only,0.8622444795276075,0.8624,0,500,0,1000,10.0,0.8497844163240406,budget_cv,0.082
db6bbe2e7a,main,clothing,music,svm,self_training,0,1000,transfer,0.8891978548704702,0.8892,2000,1000,0,1000,1.0,0.8957775114586868,budget_cv,0.24
db6bbe2e7a,main,clothing,music,svm,self_training,0,1000,target_only,0.8791625693974965,0.8792,0,1000,0,1000,10.0,0.8907896499909728,budget_cv,0.103
db6bbe2e7a,main,clothing,music,svm,self_training,0,2000,transfer,0.8943993917404964,0.8944,2000,2000,0,1000,10.0,0.8969326728112491,budget_cv,0.392
db6bbe2e7a,main,clothing,music,svm,self_training,0,2000,target_only,0.8871766049408005,0.8872,0,2000,0,1000,10.0,0.8958900903590754,budget_cv,0.15
db6bbe2e7a,main,clothing,electronics,logreg,random,0,0,source_only,0.8563965328571974,0.8572,2000,0,0,0,10.0,0.9126383614957914,source_val_fallback,0.075
db6bbe2e7a,main,clothing,electronics,logreg,random,0,50,transfer,0.8691033046356382,0.8696,2000,50,0,0,10.0,0.8358117516012253,budget_cv,0.254
db6bbe2e7a,main,clothing,electronics,logreg,random,0,50,target_only,0.7251883665003654,0.7264,0,50,0,0,0.1,0.733406432748538,budget_cv,0.092
db6bbe2e7a,main,clothing,electronics,logreg,random,0,100,transfer,0.8765059062253213,0.8768,2000,100,0,0,10.0,0.8595452069716775,budget_cv,0.258
db6bbe2e7a,main,clothing,electronics,logreg,random,0,100,target_only,0.7863912505856241,0.7864,0,100,0,0,0.1,0.7376877310349141,budget_cv,0.096
db6bbe2e7a,main,clothing,electronics,logreg,random,0,250,transfer,0.8615080544506977,0.862,2000,250,0,0,1.0,0.8468599033816425,budget_cv,0.253
db6bbe2e7a,main,clothing,electronics,logreg,random,0,250,target_only,0.8356461527410053,0.836,0,250,0,0,1.0,0.8072826517087078,budget_cv,0.113
db6bbe2e7a,main,clothing,electronics,logreg,random,0,500,transfer,0.8854941782998176,0.8856,2000,500,0,0,10.0,0.8856164079402934,budget_cv,0.292
db6bbe2e7a,main,clothing,electronics,logreg,random,0,500,target_only,0.8711398790219564,0.8712,0,500,0,0,10.0,0.8516917356992488,budget_cv,0.14
db6bbe2e7a,main,clothing,electronics,logreg,random,0,1000,transfer,0.9031820925598398,0.9032,2000,1000,0,0,10.0,0.8899630551099524,budget_cv,0.319
db6bbe2e7a,main,clothing,electronics,logreg,random,0,1000,target_only,0.8875935074009875,0.8876,0,1000,0,0,10.0,0.8839852863959613,budget_cv,0.161
db6bbe2e7a,main,clothing,electronics,logreg,random,0,2000,transfer,0.9079941116231438,0.908,2000,2000,0,0,10.0,0.8984674132228522,budget_cv,0.375
db6bbe2e7a,main,clothing,electronics,logreg,random,0,2000,target_only,0.9047997562873761,0.9048,0,2000,0,0,10.0,0.8963929083801746,budget_cv,0.226
db6bbe2e7a,main,clothing,electronics,logreg,uncertainty,0,0,source_only,0.8563965328571974,0.8572,2000,0,0,0,10.0,0.9126383614957914,source_val_fallback,0.074
db6bbe2e7a,main,clothing,electronics,logreg,uncertainty,0,50,transfer,0.8716529495756525,0.872,2000,50,0,0,10.0,0.801948051948052,budget_cv,0.26
db6bbe2e7a,main,clothing,electronics,logreg,uncertainty,0,50,target_only,0.6807275541795665,0.6832,0,50,0,0,0.01,0.6622953070321492,budget_cv,0.1
db6bbe2e7a,main,clothing,electronics,logreg,uncertainty,0,100,transfer,0.873955450814536,0.874,2000,100,0,0,10.0,0.6257816708974191,budget_cv,0.259
db6bbe2e7a,main,clothing,electronics,logreg,uncertainty,0,100,target_only,0.5394388825830636,0.5956,0,100,0,0,0.1,0.5725435221661638,budget_cv,0.106
db6bbe2e7a,main,clothing,electronics,logreg,uncertainty,0,250,transfer,0.8859969173566453,0.886,2000,250,0,0,10.0,0.6824783978634988,budget_cv,0.267
db6bbe2e7a,main,clothing,electronics,logreg,uncertainty,0,250,target_only,0.694686124480645,0.696,0,250,0,0,0.01,0.6507670762854617,budget_cv,0.116
db6bbe2e7a,main,clothing,electronics,logreg,uncertainty,0,500,transfer,0.8979776530251187,0.898,2000,500,0,0,10.0,0.6837851091638996,budget_cv,0.292
db6bbe2e7a,main,clothing,electronics,logreg,uncertainty,0,500,target_only,0.7549099702624098,0.7552,0,500,0,0,0.01,0.6410385753820582,budget_cv,0.125
db6bbe2e7a,main,clothing,electronics,logreg,uncertainty,0,1000,transfer,0.910786282498797,0.9108,2000,1000,0,0,10.0,0.7837824221020835,budget_cv,0.325
db6bbe2e7a,main,clothing,electronics,logreg,uncertainty,0,1000,target_only,0.882393903299947,0.8824,0,1000,0,0,10.0,0.7226846751177884,budget_cv,0.161
db6bbe2e7a,main,clothing,electronics,logreg,uncertainty,0,2000,transfer,0.9079941116231438,0.908,2000,2000,0,0,10.0,0.8999841935337698,budget_cv,0.36
db6bbe2e7a,main,clothing,electronics,logreg,uncertainty,0,2000,target_only,0.9047997562873761,0.9048,0,2000,0,0,10.0,0.8958976286152899,budget_cv,0.224
db6bbe2e7a,main,clothing,electronics,logreg,self_training,0,0,uda_self_training,0.8607085346215781,0.8616,2000,0,0,1000,10.0,0.9126383614957914,source_val_fallback,0.146
db6bbe2e7a,main,clothing,electronics,logreg,self_training,0,50,transfer,0.8685995313945858,0.8692,2000,50,0,1000,10.0,0.8358117516012253,budget_cv,0.33
db6bbe2e7a,main,clothing,electronics,logreg,self_training,0,50,target_only,0.673131627299493,0.6976,0,50,0,1000,0.1,0.733406432748538,budget_cv,0.117
db6bbe2e7a,main,clothing,electronics,logreg,self_training,0,100,transfer,0.8720486763736397,0.8724,2000,100,0,1000,10.0,0.8595452069716775,budget_cv,0.332
db6bbe2e7a,main,clothing,electronics,logreg,self_training,0,100,target_only,0.7642292355421036,0.7692,0,100,0,1000,0.1,0.7376877310349141,budget_cv,0.122
db6bbe2e7a,main,clothing,electronics,logreg,self_training,0,250,transfer,0.8651013281737803,0.8656,2000,250,0,1000,1.0,0.8468599033816425,budget_cv,0.307
db6bbe2e7a,main,clothing,electronics,logreg,self_training,0,250,target_only,0.8155349268196649,0.818,0,250,0,1000,1.0,0.8072826517087078,budget_cv,0.142
db6bbe2e7a,main,clothing,electronics,logreg,self_training,0,500,transfer,0.8895031871124204,0.8896,2000,500,0,1000,10.0,0.8856164079402934,budget_cv,0.365
db6bbe2e7a,main,clothing,electronics,logreg,self_training,0,500,target_only,0.8746748553235318,0.8748,0,500,0,1000,10.0,0.8516917356992488,budget_cv,0.186
db6bbe2e7a,main,clothing,electronics,logreg,self_training,0,1000,transfer,0.9019682377090177,0.902,2000,1000,0,1000,10.0,0.8899630551099524,budget_cv,0.401
db6bbe2e7a,main,clothing,electronics,logreg,self_training,0,1000,target_only,0.8919864507803859,0.892,0,1000,0,1000,10.0,0.8839852863959613,budget_cv,0.227
db6bbe2e7a,main,clothing,electronics,logreg,self_training,0,2000,transfer,0.9063882573430011,0.9064,2000,2000,0,1000,10.0,0.8984674132228522,budget_cv,0.48
db6bbe2e7a,main,clothing,electronics,logreg,self_training,0,2000,target_only,0.9011980871949681,0.9012,0,2000,0,1000,10.0,0.8963929083801746,budget_cv,0.307
db6bbe2e7a,main,clothing,electronics,svm,random,0,0,source_only,0.8580723996411042,0.8588,2000,0,0,0,1.0,0.9133179231863442,source_val_fallback,0.039
db6bbe2e7a,main,clothing,electronics,svm,random,0,50,transfer,0.8640601503759399,0.8644,2000,50,0,0,10.0,0.856109022556391,budget_cv,0.15
db6bbe2e7a,main,clothing,electronics,svm,random,0,50,target_only,0.7254236475928699,0.7268,0,50,0,0,0.01,0.733406432748538,budget_cv,0.037
db6bbe2e7a,main,clothing,electronics,svm,random,0,100,transfer,0.8706285880540281,0.8708,2000,100,0,0,10.0,0.8696759599985406,budget_cv,0.169
db6bbe2e7a,main,clothing,electronics,svm,random,0,100,target_only,0.7847994490865897,0.7848,0,100,0,0,0.01,0.7376877310349141,budget_cv,0.038
db6bbe2e7a,main,clothing,electronics,svm,random,0,250,transfer,0.8634683786339898,0.864,2000,250,0,0,0.1,0.8508069504865844,budget_cv,0.152
db6bbe2e7a,main,clothing,electronics,svm,random,0,250,target_only,0.8348320321946043,0.8352,0,250,0,0,0.1,0.8072826517087078,budget_cv,0.043
db6bbe2e7a,main,clothing,electronics,svm,random,0,500,transfer,0.8843218015378396,0.8844,2000,500,0,0,1.0,0.8775501254262222,budget_cv,0.181
db6bbe2e7a,main,clothing,electronics,svm,random,0,500,target_only,0.8675262174020443,0.8676,0,500,0,0,1.0,0.8516831248577157,budget_cv,0.054
db6bbe2e7a,main,clothing,electronics,svm,random,0,1000,transfer,0.8955719130217263,0.8956,2000,1000,0,0,10.0,0.8969875574728384,budget_cv,0.225
db6bbe2e7a,main,clothing,electronics,svm,random,0,1000,target_only,0.8915985951177927,0.8916,0,1000,0,0,1.0,0.8819832139592698,budget_cv,0.073
db6bbe2e7a,main,clothing,electronics,svm,random,0,2000,transfer,0.9075875649827441,0.9076,2000,2000,0,0,1.0,0.8999650699141047,budget_cv,0.263
db6bbe2e7a,main,clothing,electronics,svm,random,0,2000,target_only,0.905198771376077,0.9052,0,2000,0,0,1.0,0.9003832032649489,budget_cv,0.107
db6bbe2e7a,main,clothing,electronics,svm,uncertainty,0,0,source_only,0.8580723996411042,0.8588,2000,0,0,0,1.0,0.9133179231863442,source_val_fallback,0.047
db6bbe2e7a,main,clothing,electronics,svm,uncertainty,0,50,transfer,0.8674003792269034,0.8676,2000,50,0,0,10.0,0.7101827996564838,budget_cv,0.162
db6bbe2e7a,main,clothing,electronics,svm,uncertainty,0,50,target_only,0.6685001170724494,0.6772,0,50,0,0,0.01,0.6656593406593406,budget_cv,0.038
db6bbe2e7a,main,clothing,electronics,svm,uncertainty,0,100,transfer,0.8743960610604748,0.8744,2000,100,0,0,10.0,0.6329930267682123,budget_cv,0.159
db6bbe2e7a,main,clothing,electronics,svm,uncertainty,0,100,target_only,0.5751816717786022,0.6228,0,100,0,0,0.01,0.5208966920101373,budget_cv,0.041
db6bbe2e7a,main,clothing,electronics,svm,uncertainty,0,250,transfer,0.8851902825055112,0.8852,2000,250,0,0,1.0,0.5696569380440347,budget_cv,0.16
db6bbe2e7a,main,clothing,electronics,svm,uncertainty,0,250,target_only,0.6740831593447342,0.6864,0,250,0,0,0.1,0.5137564022241308,budget_cv,0.044
db6bbe2e7a,main,clothing,electronics,svm,uncertainty,0,500,transfer,0.8947910951182908,0.8948,2000,500,0,0,10.0,0.640792841322796,budget_cv,0.197
db6bbe2e7a,main,clothing,electronics,svm,uncertainty,0,500,target_only,0.7771072409493935,0.7772,0,500,0,0,1.0,0.5511868978974243,budget_cv,0.054
db6bbe2e7a,main,clothing,electronics,svm,uncertainty,0,1000,transfer,0.909194755089054,0.9092,2000,1000,0,0,1.0,0.7888562700690045,budget_cv,0.205
db6bbe2e7a,main,clothing,electronics,svm,uncertainty,0,1000,target_only,0.8927999313919561,0.8928,0,1000,0,0,10.0,0.7211387945539105,budget_cv,0.077
db6bbe2e7a,main,clothing,electronics,svm,uncertainty,0,2000,transfer,0.9043888479152209,0.9044,2000,2000,0,0,10.0,0.8949243165279595,budget_cv,0.265
db6bbe2e7a,main,clothing,electronics,svm,uncertainty,0,2000,target_only,0.905198771376077,0.9052,0,2000,0,0,1.0,0.8984205365037301,budget_cv,0.11
db6bbe2e7a,main,clothing,electronics,svm,self_training,0,0,uda_self_training,0.8627822038900319,0.8636,2000,0,0,1000,1.0,0.9133179231863442,source_val_fallback,0.073
db6bbe2e7a,main,clothing,electronics,svm,self_training,0,50,transfer,0.8656422644676811,0.866,2000,50,0,1000,10.0,0.856109022556391,budget_cv,0.206
db6bbe2e7a,main,clothing,electronics,svm,self_training,0,50,target_only,0.656991200122331,0.6856,0,50,0,1000,0.01,0.733406432748538,budget_cv,0.048
db6bbe2e7a,main,clothing,electronics,svm,self_training,0,100,transfer,0.8706285880540281,0.8708,2000,100,0,1000,10.0,0.8696759599985406,budget_cv,0.229
db6bbe2e7a,main,clothing,electronics,svm,self_training,0,100,target_only,0.7499742559983524,0.7572,0,100,0,1000,0.01,0.7376877310349141,budget_cv,0.049
db6bbe2e7a,main,clothing,electronics,svm,self_training,0,250,transfer,0.8625941832501827,0.8632,2000,250,0,1000,0.1,0.8508069504865844,budget_cv,0.18
db6bbe2e7a,main,clothing,electronics,svm,self_training,0,250,target_only,0.8114251640763637,0.8144,0,250,0,1000,0.1,0.8072826517087078,budget_cv,0.055
db6bbe2e7a,main,clothing,electronics,svm,self_training,0,500,transfer,0.886723425035324,0.8868,2000,500,0,1000,1.0,0.8775501254262222,budget_cv,0.21
db6bbe2e7a,main,clothing,electronics,svm,self_training,0,500,target_only,0.8766919624298024,0.8768,0,500,0,1000,1.0,0.8516831248577157,budget_cv,0.068
db6bbe2e7a,main,clothing,electronics,svm,self_training,0,1000,transfer,0.8951704128973361,0.8952,2000,1000,0,1000,10.0,0.8969875574728384,budget_cv,0.301
db6bbe2e7a,main,clothing,electronics,svm,self_training,0,1000,target_only,0.8931991626814354,0.8932,0,1000,0,1000,1.0,0.8819832139592698,budget_cv,0.094
db6bbe2e7a,main,clothing,electronics,svm,self_training,0,2000,transfer,0.9079829805320792,0.908,2000,2000,0,1000,1.0,0.8999650699141047,budget_cv,0.303
db6bbe2e7a,main,clothing,electronics,svm,self_training,0,2000,target_only,0.9059956532390058,0.906,0,2000,0,1000,1.0,0.9003832032649489,budget_cv,0.134
db6bbe2e7a,main,books,music,logreg,random,1,0,source_only,0.8667605824507123,0.8668,2000,0,0,0,10.0,0.8932961529706351,source_val_fallback,0.102
db6bbe2e7a,main,books,music,logreg,random,1,50,transfer,0.8436634135829074,0.844,2000,50,0,0,0.1,0.8585511982570807,budget_cv,0.326
db6bbe2e7a,main,books,music,logreg,random,1,50,target_only,0.7237435398489318,0.7296,0,50,0,0,0.01,0.7271524771524772,budget_cv,0.092
db6bbe2e7a,main,books,music,logreg,random,1,100,transfer,0.8467728271584655,0.8472,2000,100,0,0,0.1,0.8789896514161221,budget_cv,0.329
db6bbe2e7a,main,books,music,logreg,random,1,100,target_only,0.7379811409538549,0.7476,0,100,0,0,0.01,0.8133555041449778,budget_cv,0.102
db6bbe2e7a,main,books,music,logreg,random,1,250,transfer,0.8779913910725541,0.878,2000,250,0,0,10.0,0.8721074287154832,budget_cv,0.361
db6bbe2e7a,main,books,music,logreg,random,1,250,target_only,0.8242244775943466,0.8244,0,250,0,0,10.0,0.8194785810505758,budget_cv,0.124
db6bbe2e7a,main,books,music,logreg,random,1,500,transfer,0.8867751992396414,0.8868,2000,500,0,0,10.0,0.8817375887131456,budget_cv,0.398
db6bbe2e7a,main,books,music,logreg,random,1,500,target_only,0.8603418798767295,0.8604,0,500,0,0,10.0,0.8436562106623055,budget_cv,0.142
db6bbe2e7a,main,books,music,logreg,random,1,1000,transfer,0.9015432889344263,0.9016,2000,1000,0,0,10.0,0.8898665909745395,budget_cv,0.441
db6bbe2e7a,main,books,music,logreg,random,1,1000,target_only,0.8850608040361199,0.8852,0,1000,0,0,10.0,0.8696463695126481,budget_cv,0.18
db6bbe2e7a,main,books,music,logreg,random,1,2000,transfer,0.9115540222429228,0.9116,2000,2000,0,0,10.0,0.9005086059358174,budget_cv,0.508
db6bbe2e7a,main,books,music,logreg,random,1,2000,target_only,0.9015354702858065,0.9016,0,2000,0,0,10.0,0.893487931460602,budget_cv,0.232
db6bbe2e7a,main,books,music,logreg,uncertainty,1,0,source_only,0.8667605824507123,0.8668,2000,0,0,0,10.0,0.8932961529706351,source_val_fallback,0.099
db6bbe2e7a,main,books,music,logreg,uncertainty,1,50,transfer,0.8747998197117404,0.8748,2000,50,0,0,10.0,0.7927849927849927,budget_cv,0.356
db6bbe2e7a,main,books,music,logreg,uncertainty,1,50,target_only,0.7079279017605009,0.7104,0,50,0,0,0.01,0.5139804639804639,budget_cv,0.098
db6bbe2e7a,main,books,music,logreg,uncertainty,1,100,transfer,0.8763976070576727,0.8764,2000,100,0,0,10.0,0.7078442059018245,budget_cv,0.356
db6bbe2e7a,main,books,music,logreg,uncertainty,1,100,target_only,0.6653832813996318,0.6692,0,100,0,0,1.0,0.5995522021837811,budget_cv,0.096
db6bbe2e7a,main,books,music,logreg,uncertainty,1,250,transfer,0.8878673066560044,0.888,2000,250,0,0,10.0,0.6747399047464846,budget_cv,0.34
db6bbe2e7a,main,books,music,logreg,uncertainty,1,250,target_only,0.6689622354359795,0.6692,0,250,0,0,0.01,0.6026790969161927,budget_cv,0.112
db6bbe2e7a,main,books,music,logreg,uncertainty,1,500,transfer,0.8995095586027424,0.8996,2000,500,0,0,10.0,0.6834807476008894,budget_cv,0.399
db6bbe2e7a,main,books,music,logreg,uncertainty,1,500,target_only,0.7404172296301235,0.7408,0,500,0,0,10.0,0.6014009411741376,budget_cv,0.127
db6bbe2e7a,main,books,music,logreg,uncertainty,1,1000,transfer,0.9091560315192553,0.9092,2000,1000,0,0,10.0,0.7779977285111034,budget_cv,0.437
db6bbe2e7a,main,books,music,logreg,uncertainty,1,1000,target_only,0.8683770660199832,0.8684,0,1000,0,0,10.0,0.6928130137688991,budget_cv,0.154
db6bbe2e7a,main,books,music,logreg,uncertainty,1,2000,transfer,0.9115540222429228,0.9116,2000,2000,0,0,10.0,0.898492238273742,budget_cv,0.497
db6bbe2e7a,main,books,music,logreg,uncertainty,1,2000,target_only,0.9015354702858065,0.9016,0,2000,0,0,10.0,0.8894665230341675,budget_cv,0.23
db6bbe2e7a,main,books,music,logreg,self_training,1,0,uda_self_training,0.8727406258664043,0.8728,2000,0,0,1000,10.0,0.8932961529706351,source_val_fallback,0.21
db6bbe2e7a,main,books,music,logreg,self_training,1,50,transfer,0.8071299332887913,0.8092,2000,50,0,1000,0.1,0.8585511982570807,budget_cv,0.366
db6bbe2e7a,main,books,music,logreg,self_training,1,50,target_only,0.5231108403503268,0.5952,0,50,0,1000,0.01,0.7271524771524772,budget_cv,0.109
db6bbe2e7a,main,books,music,logreg,self_training,1,100,transfer,0.8076140848476854,0.8096,2000,100,0,1000,0.1,0.8789896514161221,budget_cv,0.363
db6bbe2e7a,main,books,music,logreg,self_training,1,100,target_only,0.4443934753998785,0.5504,0,100,0,1000,0.01,0.8133555041449778,budget_cv,0.122
db6bbe2e7a,main,books,music,logreg,self_training,1,250,transfer,0.8807752775615552,0.8808,2000,250,0,1000,10.0,0.8721074287154832,budget_cv,0.48
db6bbe2e7a,main,books,music,logreg,self_training,1,250,target_only,0.8203303370086075,0.822,0,250,0,1000,10.0,0.8194785810505758,budget_cv,0.165
db6bbe2e7a,main,books,music,logreg,self_training,1,500,transfer,0.883568684633419,0.8836,2000,500,0,1000,10.0,0.8817375887131456,budget_cv,0.5
db6bbe2e7a,main,books,music,logreg,self_training,1,500,target_only,0.8543626451980355,0.8548,0,500,0,1000,10.0,0.8436562106623055,budget_cv,0.185
db6bbe2e7a,main,books,music,logreg,self_training,1,1000,transfer,0.8963210215013389,0.8964,2000,1000,0,1000,10.0,0.8898665909745395,budget_cv,0.556
db6bbe2e7a,main,books,music,logreg,self_training,1,1000,target_only,0.8777413005920528,0.878,0,1000,0,1000,10.0,0.8696463695126481,budget_cv,0.24
db6bbe2e7a,main,books,music,logreg,self_training,1,2000,transfer,0.9103483606557377,0.9104,2000,2000,0,1000,10.0,0.9005086059358174,budget_cv,0.669
db6bbe2e7a,main,books,music,logreg,self_training,1,2000,target_only,0.9007221661782838,0.9008,0,2000,0,1000,10.0,0.893487931460602,budget_cv,0.311
db6bbe2e7a,main,books,music,svm,random,1,0,source_only,0.8659989494317635,0.866,2000,0,0,0,10.0,0.8972674018347775,source_val_fallback,0.057
db6bbe2e7a,main,books,music,svm,random,1,50,transfer,0.8428378985181859,0.8432,2000,50,0,0,0.01,0.8585511982570807,budget_cv,0.183
db6bbe2e7a,main,books,music,svm,random,1,50,target_only,0.7361828920786833,0.7388,0,50,0,0,0.01,0.7470326514444161,budget_cv,0.039
db6bbe2e7a,main,books,music,svm,random,1,100,transfer,0.8443661176373942,0.8448,2000,100,0,0,0.01,0.8789896514161221,budget_cv,0.188
db6bbe2e7a,main,books,music,svm,random,1,100,target_only,0.7678107743567306,0.7704,0,100,0,0,10.0,0.8060337364065434,budget_cv,0.039
db6bbe2e7a,main,books,music,svm,random,1,250,transfer,0.8727996743671664,0.8728,2000,250,0,0,10.0,0.8678876569731093,budget_cv,0.203
db6bbe2e7a,main,books,music,svm,random,1,250,target_only,0.8250163091206626,0.8252,0,250,0,0,1.0,0.8195344283683746,budget_cv,0.043
db6bbe2e7a,main,books,music,svm,random,1,500,transfer,0.887181515819552,0.8872,2000,500,0,0,1.0,0.8878093432468376,budget_cv,0.209
db6bbe2e7a,main,books,music,svm,random,1,500,target_only,0.8591436574629852,0.8592,0,500,0,0,1.0,0.8435578320564739,budget_cv,0.052
db6bbe2e7a,main,books,music,svm,random,1,1000,transfer,0.9059608646734425,0.906,2000,1000,0,0,1.0,0.8888636039124815,budget_cv,0.231
db6bbe2e7a,main,books,music,svm,random,1,1000,target_only,0.8790997204721485,0.8792,0,1000,0,0,10.0,0.8737427838180993,budget_cv,0.068
db6bbe2e7a,main,books,music,svm,random,1,2000,transfer,0.914772386253146,0.9148,2000,2000,0,0,10.0,0.9029954920419204,budget_cv,0.28
db6bbe2e7a,main,books,music,svm,random,1,2000,target_only,0.898359343737495,0.8984,0,2000,0,0,10.0,0.8985091416845526,budget_cv,0.119
db6bbe2e7a,main,books,music,svm,uncertainty,1,0,source_only,0.8659989494317635,0.866,2000,0,0,0,10.0,0.8972674018347775,source_val_fallback,0.056
db6bbe2e7a,main,books,music,svm,uncertainty,1,50,transfer,0.8437295646353754,0.844,2000,50,0,0,0.01,0.7363922627080521,budget_cv,0.181
db6bbe2e7a,main,books,music,svm,uncertainty,1,50,target_only,0.6601875764577954,0.6688,0,50,0,0,0.1,0.5475076580339738,budget_cv,0.042
db6bbe2e7a,main,books,music,svm,uncertainty,1,100,transfer,0.8774983922664815,0.8776,2000,100,0,0,1.0,0.6399620818975658,budget_cv,0.189
db6bbe2e7a,main,books,music,svm,uncertainty,1,100,target_only,0.676504411883364,0.6876,0,100,0,0,0.01,0.4766431393886243,budget_cv,0.04
db6bbe2e7a,main,books,music,svm,uncertainty,1,250,transfer,0.8898475666566421,0.89,2000,250,0,0,1.0,0.6251889176858997,budget_cv,0.199
db6bbe2e7a,main,books,music,svm,uncertainty,1,250,target_only,0.6939774767422883,0.6976,0,250,0,0,10.0,0.5919825207403964,budget_cv,0.046
db6bbe2e7a,main,books,music,svm,uncertainty,1,500,transfer,0.901557409797775,0.9016,2000,500,0,0,1.0,0.5940672250021418,budget_cv,0.207
db6bbe2e7a,main,books,music,svm,uncertainty,1,500,target_only,0.7550771074894539,0.7552,0,500,0,0,0.01,0.5237782660785476,budget_cv,0.052
db6bbe2e7a,main,books,music,svm,uncertainty,1,1000,transfer,0.9091621969398785,0.9092,2000,1000,0,0,1.0,0.7888448496201637,budget_cv,0.227
db6bbe2e7a,main,books,music,svm,uncertainty,1,1000,target_only,0.8739693291759483,0.874,0,1000,0,0,10.0,0.7110462214328809,budget_cv,0.073
db6bbe2e7a,main,books,music,svm,uncertainty,1,2000,transfer,0.91435702778226,0.9144,2000,2000,0,0,1.0,0.9014683140534538,budget_cv,0.262
db6bbe2e7a,main,books,music,svm,uncertainty,1,2000,target_only,0.898359343737495,0.8984,0,2000,0,0,10.0,0.8999890650678575,budget_cv,0.112
db6bbe2e7a,main,books,music,svm,self_training,1,0,uda_self_training,0.8671986401140748,0.8672,2000,0,0,1000,10.0,0.8972674018347775,source_val_fallback,0.108
db6bbe2e7a,main,books,music,svm,self_training,1,50,transfer,0.7989316133986784,0.8016,2000,50,0,1000,0.01,0.8585511982570807,budget_cv,0.196
db6bbe2e7a,main,books,music,svm,self_training,1,50,target_only,0.5643646412397916,0.6212,0,50,0,1000,0.01,0.7470326514444161,budget_cv,0.048
db6bbe2e7a,main,books,music,svm,self_training,1,100,transfer,0.8007110758695775,0.8036,2000,100,0,1000,0.01,0.8789896514161221,budget_cv,0.205
db6bbe2e7a,main,books,music,svm,self_training,1,100,target_only,0.7698546515205593,0.7756,0,100,0,1000,10.0,0.8060337364065434,budget_cv,0.054
db6bbe2e7a,main,books,music,svm,self_training,1,250,transfer,0.8735999191039482,0.8736,2000,250,0,1000,10.0,0.8678876569731093,budget_cv,0.256
db6bbe2e7a,main,books,music,svm,self_training,1,250,target_only,0.8296306392258417,0.8304,0,250,0,1000,1.0,0.8195344283683746,budget_cv,0.056
db6bbe2e7a,main,books,music,svm,self_training,1,500,transfer,0.887173932665403,0.8872,2000,500,0,1000,1.0,0.8878093432468376,budget_cv,0.24
db6bbe2e7a,main,books,music,svm,self_training,1,500,target_only,0.8561834928775176,0.8564,0,500,0,1000,1.0,0.8435578320564739,budget_cv,0.067
db6bbe2e7a,main,books,music,svm,self_training,1,1000,transfer,0.905555936177583,0.9056,2000,1000,0,1000,1.0,0.8888636039124815,budget_cv,0.259
db6bbe2e7a,main,books,music,svm,self_training,1,1000,target_only,0.8823023768834822,0.8824,0,1000,0,1000,10.0,0.8737427838180993,budget_cv,0.105
db6bbe2e7a,main,books,music,svm,self_training,1,2000,transfer,0.9151737242128122,0.9152,2000,2000,0,1000,10.0,0.9029954920419204,budget_cv,0.344
db6bbe2e7a,main,books,music,svm,self_training,1,2000,target_only,0.898359343737495,0.8984,0,2000,0,1000,10.0,0.8985091416845526,budget_cv,0.147
db6bbe2e7a,main,books,electronics,logreg,random,1,0,source_only,0.8439313195097405,0.8444,2000,0,0,0,10.0,0.8953128146450038,source_val_fallback,0.092
db6bbe2e7a,main,books,electronics,logreg,random,1,50,transfer,0.8297642859155099,0.8308,2000,50,0,0,1.0,0.836635927425401,budget_cv,0.328
db6bbe2e7a,main,books,electronics,logreg,random,1,50,target_only,0.7647718432381363,0.7672,0,50,0,0,0.1,0.8510270774976657,budget_cv,0.091
db6bbe2e7a,main,books,electronics,logreg,random,1,100,transfer,0.8423402642104376,0.8428,2000,100,0,0,1.0,0.8490418894830659,budget_cv,0.334
db6bbe2e7a,main,books,electronics,logreg,random,1,100,target_only,0.8095685279879741,0.81,0,100,0,0,1.0,0.8286423945167578,budget_cv,0.103
db6bbe2e7a,main,books,electronics,logreg,random,1,250,transfer,0.8596434719617383,0.86,2000,250,0,0,1.0,0.8395851700641813,budget_cv,0.346
db6bbe2e7a,main,books,electronics,logreg,random,1,250,target_only,0.8466898865441115,0.8468,0,250,0,0,10.0,0.8435217851411839,budget_cv,0.119
db6bbe2e7a,main,books,electronics,logreg,random,1,500,transfer,0.8847674767726443,0.8848,2000,500,0,0,10.0,0.8679886749356353,budget_cv,0.392
db6bbe2e7a,main,books,electronics,logreg,random,1,500,target_only,0.8767961363268353,0.8768,0,500,0,0,10.0,0.8658096872253648,budget_cv,0.137
db6bbe2e7a,main,books,electronics,logreg,random,1,1000,transfer,0.9043996175984704,0.9044,2000,1000,0,0,10.0,0.8758314499833156,budget_cv,0.45
db6bbe2e7a,main,books,electronics,logreg,random,1,1000,target_only,0.8923924072082526,0.8924,0,1000,0,0,0.01,0.8697641227198482,budget_cv,0.152
db6bbe2e7a,main,books,electronics,logreg,random,1,2000,transfer,0.9179989372662269,0.918,2000,2000,0,0,10.0,0.8879926507336527,budget_cv,0.502
db6bbe2e7a,main,books,electronics,logreg,random,1,2000,target_only,0.917594726062468,0.9176,0,2000,0,0,10.0,0.8774912259849611,budget_cv,0.229
db6bbe2e7a,main,books,electronics,logreg,uncertainty,1,0,source_only,0.8439313195097405,0.8444,2000,0,0,0,10.0,0.8953128146450038,source_val_fallback,0.091
db6bbe2e7a,main,books,electronics,logreg,uncertainty,1,50,transfer,0.8484025965025757,0.8488,2000,50,0,0,10.0,0.6702111613876319,budget_cv,0.35
db6bbe2e7a,main,books,electronics,logreg,uncertainty,1,50,target_only,0.7089948956261692,0.7096,0,50,0,0,1.0,0.5999389499389499,budget_cv,0.089
db6bbe2e7a,main,books,electronics,logreg,uncertainty,1,100,transfer,0.8619008116389516,0.862,2000,100,0,0,10.0,0.6336121875976949,budget_cv,0.349
db6bbe2e7a,main,books,electronics,logreg,uncertainty,1,100,target_only,0.6667889853495681,0.6856,0,100,0,0,0.01,0.5867960250938974,budget_cv,0.095
db6bbe2e7a,main,books,electronics,logreg,uncertainty,1,250,transfer,0.8835958094491402,0.8836,2000,250,0,0,10.0,0.6132286571162358,budget_cv,0.366
db6bbe2e7a,main,books,electronics,logreg,uncertainty,1,250,target_only,0.7169255579635503,0.7196,0,250,0,0,1.0,0.6156224947891614,budget_cv,0.116
db6bbe2e7a,main,books,electronics,logreg,uncertainty,1,500,transfer,0.8967989432211786,0.8968,2000,500,0,0,10.0,0.6631315492943289,budget_cv,0.407
db6bbe2e7a,main,books,electronics,logreg,uncertainty,1,500,target_only,0.7843999655039945,0.7844,0,500,0,0,0.1,0.6338438108265255,budget_cv,0.135
db6bbe2e7a,main,books,electronics,logreg,uncertainty,1,1000,transfer,0.9151999457279653,0.9152,2000,1000,0,0,10.0,0.7689633060579141,budget_cv,0.433
db6bbe2e7a,main,books,electronics,logreg,uncertainty,1,1000,target_only,0.8915787494348892,0.8916,0,1000,0,0,10.0,0.7176325889833439,budget_cv,0.174
db6bbe2e7a,main,books,electronics,logreg,uncertainty,1,2000,transfer,0.9179989372662269,0.918,2000,2000,0,0,10.0,0.8894783385337078,budget_cv,0.524
db6bbe2e7a,main,books,electronics,logreg,uncertainty,1,2000,target_only,0.917594726062468,0.9176,0,2000,0,0,10.0,0.8804947015448948,budget_cv,0.228
db6bbe2e7a,main,books,electronics,logreg,self_training,1,0,uda_self_training,0.8502985336982829,0.8512,2000,0,0,1000,10.0,0.8953128146450038,source_val_fallback,0.201
db6bbe2e7a,main,books,electronics,logreg,self_training,1,50,transfer,0.8353499925159087,0.8372,2000,50,0,1000,1.0,0.836635927425401,budget_cv,0.404
db6bbe2e7a,main,books,electronics,logreg,self_training,1,50,target_only,0.5860327167166233,0.634,0,50,0,1000,0.1,0.8510270774976657,budget_cv,0.12
db6bbe2e7a,main,books,electronics,logreg,self_training,1,100,transfer,0.8544622048799064,0.8552,2000,100,0,1000,1.0,0.8490418894830659,budget_cv,0.408
db6bbe2e7a,main,books,electronics,logreg,self_training,1,100,target_only,0.8214285714285714,0.824,0,100,0,1000,1.0,0.8286423945167578,budget_cv,0.137
db6bbe2e7a,main,books,electronics,logreg,self_training,1,250,transfer,0.8647819924602118,0.8652,2000,250,0,1000,1.0,0.8395851700641813,budget_cv,0.428
db6bbe2e7a,main,books,electronics,logreg,self_training,1,250,target_only,0.8451417185963452,0.8456,0,250,0,1000,10.0,0.8435217851411839,budget_cv,0.165
db6bbe2e7a,main,books,electronics,logreg,self_training,1,500,transfer,0.8915787494348892,0.8916,2000,500,0,1000,10.0,0.8679886749356353,budget_cv,0.51
db6bbe2e7a,main,books,electronics,logreg,self_training,1,500,target_only,0.8747894021750001,0.8748,0,500,0,1000,10.0,0.8658096872253648,budget_cv,0.192
db6bbe2e7a,main,books,electronics,logreg,self_training,1,1000,transfer,0.9056,0.9056,2000,1000,0,1000,10.0,0.8758314499833156,budget_cv,0.576
db6bbe2e7a,main,books,electronics,logreg,self_training,1,1000,target_only,0.8404323561485663,0.8408,0,1000,0,1000,0.01,0.8697641227198482,budget_cv,0.177
db6bbe2e7a,main,books,electronics,logreg,self_training,1,2000,transfer,0.9203996815987264,0.9204,2000,2000,0,1000,10.0,0.8879926507336527,budget_cv,0.679
db6bbe2e7a,main,books,electronics,logreg,self_training,1,2000,target_only,0.9167935564930147,0.9168,0,2000,0,1000,10.0,0.8774912259849611,budget_cv,0.309
db6bbe2e7a,main,books,electronics,svm,random,1,0,source_only,0.8389318795639974,0.8392,2000,0,0,0,10.0,0.8952994103422842,source_val_fallback,0.055
db6bbe2e7a,main,books,electronics,svm,random,1,50,transfer,0.8300907235010782,0.8312,2000,50,0,0,0.1,0.836635927425401,budget_cv,0.179
db6bbe2e7a,main,books,electronics,svm,random,1,50,target_only,0.76576959242619,0.7676,0,50,0,0,0.01,0.8510270774976657,budget_cv,0.039
db6bbe2e7a,main,books,electronics,svm,random,1,100,transfer,0.8575868752064191,0.8576,2000,100,0,0,10.0,0.8294651584974165,budget_cv,0.189
db6bbe2e7a,main,books,electronics,svm,random,1,100,target_only,0.8091603053435115,0.8096,0,100,0,0,0.1,0.8386282424336402,budget_cv,0.04
db6bbe2e7a,main,books,electronics,svm,random,1,250,transfer,0.8739039450691959,0.874,2000,250,0,0,1.0,0.8435540363251207,budget_cv,0.188
db6bbe2e7a,main,books,electronics,svm,random,1,250,target_only,0.8467587842426099,0.8468,0,250,0,0,10.0,0.8595452631521662,budget_cv,0.044
db6bbe2e7a,main,books,electronics,svm,random,1,500,transfer,0.877596161415622,0.8776,2000,500,0,0,10.0,0.8619588771676859,budget_cv,0.213
db6bbe2e7a,main,books,electronics,svm,random,1,500,target_only,0.8727999185919479,0.8728,0,500,0,0,10.0,0.8657784379825371,budget_cv,0.055
db6bbe2e7a,main,books,electronics,svm,random,1,1000,transfer,0.9047997562873761,0.9048,2000,1000,0,0,1.0,0.872879021586504,budget_cv,0.225
db6bbe2e7a,main,books,electronics,svm,random,1,1000,target_only,0.9019999843199975,0.902,0,1000,0,0,0.1,0.8707393140295038,budget_cv,0.074
db6bbe2e7a,main,books,electronics,svm,random,1,2000,transfer,0.9175981014602577,0.9176,2000,2000,0,0,1.0,0.88849376442039,budget_cv,0.282
db6bbe2e7a,main,books,electronics,svm,random,1,2000,target_only,0.9139960231761117,0.914,0,2000,0,0,10.0,0.8784678895658526,budget_cv,0.133
db6bbe2e7a,main,books,electronics,svm,uncertainty,1,0,source_only,0.8389318795639974,0.8392,2000,0,0,0,10.0,0.8952994103422842,source_val_fallback,0.058
db6bbe2e7a,main,books,electronics,svm,uncertainty,1,50,transfer,0.8533262716211503,0.8536,2000,50,0,0,1.0,0.7171212344586957,budget_cv,0.195
db6bbe2e7a,main,books,electronics,svm,uncertainty,1,50,target_only,0.6847885498633035,0.6956,0,50,0,0,0.1,0.5511280337596126,budget_cv,0.04
db6bbe2e7a,main,books,electronics,svm,uncertainty,1,100,transfer,0.8362441637339485,0.8372,2000,100,0,0,0.1,0.6047979797979798,budget_cv,0.182
db6bbe2e7a,main,books,electronics,svm,uncertainty,1,100,target_only,0.7052829315891209,0.7056,0,100,0,0,1.0,0.6244833155402262,budget_cv,0.041
db6bbe2e7a,main,books,electronics,svm,uncertainty,1,250,transfer,0.8803956942449929,0.8804,2000,250,0,0,1.0,0.5925891697479916,budget_cv,0.195
db6bbe2e7a,main,books,electronics,svm,uncertainty,1,250,target_only,0.7684734435415848,0.77,0,250,0,0,0.1,0.5573548293403046,budget_cv,0.046
db6bbe2e7a,main,books,electronics,svm,uncertainty,1,500,transfer,0.9003999840639975,0.9004,2000,500,0,0,1.0,0.6313519873195323,budget_cv,0.211
db6bbe2e7a,main,books,electronics,svm,uncertainty,1,500,target_only,0.8251825182518251,0.8252,0,500,0,0,1.0,0.61370520971015,budget_cv,0.055
db6bbe2e7a,main,books,electronics,svm,uncertainty,1,1000,transfer,0.9155999864959978,0.9156,2000,1000,0,0,1.0,0.7574637343215084,budget_cv,0.23
db6bbe2e7a,main,books,electronics,svm,uncertainty,1,1000,target_only,0.9011992254019272,0.9012,0,1000,0,0,1.0,0.6875177026247137,budget_cv,0.076
db6bbe2e7a,main,books,electronics,svm,uncertainty,1,2000,transfer,0.9099967598833558,0.91,2000,2000,0,0,0.1,0.893984857837374,budget_cv,0.264
db6bbe2e7a,main,books,electronics,svm,uncertainty,1,2000,target_only,0.9139960231761117,0.914,0,2000,0,0,10.0,0.8834850543828109,budget_cv,0.126
db6bbe2e7a,main,books,electronics,svm,self_training,1,0,uda_self_training,0.8444415934312657,0.8448,2000,0,0,1000,10.0,0.8952994103422842,source_val_fallback,0.111
db6bbe2e7a,main,books,electronics,svm,self_training,1,50,transfer,0.8335266476446896,0.8356,2000,50,0,1000,0.1,0.836635927425401,budget_cv,0.197
db6bbe2e7a,main,books,electronics,svm,self_training,1,50,target_only,0.5927089213795611,0.6388,0,50,0,1000,0.01,0.8510270774976657,budget_cv,0.046
db6bbe2e7a,main,books,electronics,svm,self_training,1,100,transfer,0.8635840884480765,0.8636,2000,100,0,1000,10.0,0.8294651584974165,budget_cv,0.245
db6bbe2e7a,main,books,electronics,svm,self_training,1,100,target_only,0.818703431984682,0.8216,0,100,0,1000,0.1,0.8386282424336402,budget_cv,0.049
db6bbe2e7a,main,books,electronics,svm,self_training,1,250,transfer,0.8799213052265933,0.88,2000,250,0,1000,1.0,0.8435540363251207,budget_cv,0.22
db6bbe2e7a,main,books,electronics,svm,self_training,1,250,target_only,0.8606029259926513,0.8608,0,250,0,1000,10.0,0.8595452631521662,budget_cv,0.06
db6bbe2e7a,main,books,electronics,svm,self_training,1,500,transfer,0.8787943954528457,0.8788,2000,500,0,1000,10.0,0.8619588771676859,budget_cv,0.27
db6bbe2e7a,main,books,electronics,svm,self_training,1,500,target_only,0.8763928604516197,0.8764,0,500,0,1000,10.0,0.8657784379825371,budget_cv,0.077
db6bbe2e7a,main,books,electronics,svm,self_training,1,1000,transfer,0.9051996207984832,0.9052,2000,1000,0,1000,1.0,0.872879021586504,budget_cv,0.275
db6bbe2e7a,main,books,electronics,svm,self_training,1,1000,target_only,0.8931893189318931,0.8932,0,1000,0,1000,0.1,0.8707393140295038,budget_cv,0.087
db6bbe2e7a,main,books,electronics,svm,self_training,1,2000,transfer,0.9171983969609652,0.9172,2000,2000,0,1000,1.0,0.88849376442039,budget_cv,0.356
db6bbe2e7a,main,books,electronics,svm,self_training,1,2000,target_only,0.9135955207917978,0.9136,0,2000,0,1000,10.0,0.8784678895658526,budget_cv,0.167
db6bbe2e7a,main,books,clothing,logreg,random,1,0,source_only,0.8572373600525109,0.8576,2000,0,0,0,10.0,0.8999743934447217,source_val_fallback,0.094
db6bbe2e7a,main,books,clothing,logreg,random,1,50,transfer,0.8332012608859288,0.834,2000,50,0,0,0.1,0.8785714285714286,budget_cv,0.298
db6bbe2e7a,main,books,clothing,logreg,random,1,50,target_only,0.7879734033837205,0.788,0,50,0,0,10.0,0.743958380800486,budget_cv,0.095
db6bbe2e7a,main,books,clothing,logreg,random,1,100,transfer,0.8749919065272815,0.8752,2000,100,0,0,10.0,0.809766272100238,budget_cv,0.351
db6bbe2e7a,main,books,clothing,logreg,random,1,100,target_only,0.8114181932122155,0.8128,0,100,0,0,0.01,0.7163978494623655,budget_cv,0.097
db6bbe2e7a,main,books,clothing,logreg,random,1,250,transfer,0.8854996793991023,0.8856,2000,250,0,0,10.0,0.860000641636991,budget_cv,0.374
db6bbe2e7a,main,books,clothing,logreg,random,1,250,target_only,0.8624,0.8624,0,250,0,0,10.0,0.8595805956050921,budget_cv,0.118
db6bbe2e7a,main,books,clothing,logreg,random,1,500,transfer,0.8987778282955099,0.8988,2000,500,0,0,10.0,0.8716485082934152,budget_cv,0.386
db6bbe2e7a,main,books,clothing,logreg,random,1,500,target_only,0.8936,0.8936,0,500,0,0,10.0,0.8636195162707107,budget_cv,0.133
db6bbe2e7a,main,books,clothing,logreg,random,1,1000,transfer,0.9135906539651328,0.9136,2000,1000,0,0,10.0,0.8848088310731912,budget_cv,0.429
db6bbe2e7a,main,books,clothing,logreg,random,1,1000,target_only,0.9123882109576664,0.9124,0,1000,0,0,10.0,0.8817152949174561,budget_cv,0.161
db6bbe2e7a,main,books,clothing,logreg,random,1,2000,transfer,0.9239785437041751,0.924,2000,2000,0,0,10.0,0.9165013725129437,budget_cv,0.484
db6bbe2e7a,main,books,clothing,logreg,random,1,2000,target_only,0.9199598390488412,0.92,0,2000,0,0,10.0,0.9119917892448473,budget_cv,0.215
db6bbe2e7a,main,books,clothing,logreg,uncertainty,1,0,source_only,0.8572373600525109,0.8576,2000,0,0,0,10.0,0.8999743934447217,source_val_fallback,0.091
db6bbe2e7a,main,books,clothing,logreg,uncertainty,1,50,transfer,0.8556999482443814,0.856,2000,50,0,0,1.0,0.7778508771929825,budget_cv,0.324
db6bbe2e7a,main,books,clothing,logreg,uncertainty,1,50,target_only,0.5820957281771642,0.6264,0,50,0,0,1.0,0.4836414591849374,budget_cv,0.095
db6bbe2e7a,main,books,clothing,logreg,uncertainty,1,100,transfer,0.8763667476004346,0.8764,2000,100,0,0,10.0,0.7358326858326857,budget_cv,0.362
db6bbe2e7a,main,books,clothing,logreg,uncertainty,1,100,target_only,0.6510045699225766,0.6724,0,100,0,0,0.01,0.6323676255993329,budget_cv,0.095
db6bbe2e7a,main,books,clothing,logreg,uncertainty,1,250,transfer,0.8971636535217007,0.8972,2000,250,0,0,10.0,0.6737202373157429,budget_cv,0.379
db6bbe2e7a,main,books,clothing,logreg,uncertainty,1,250,target_only,0.7359567391521427,0.736,0,250,0,0,10.0,0.7109339283252328,budget_cv,0.122
db6bbe2e7a,main,books,clothing,logreg,uncertainty,1,500,transfer,0.9111835725135722,0.9112,2000,500,0,0,10.0,0.6988672423927493,budget_cv,0.396
db6bbe2e7a,main,books,clothing,logreg,uncertainty,1,500,target_only,0.8030940173238844,0.8032,0,500,0,0,10.0,0.687889260850944,budget_cv,0.131
db6bbe2e7a,main,books,clothing,logreg,uncertainty,1,1000,transfer,0.9179573509493175,0.918,2000,1000,0,0,10.0,0.8235096039212203,budget_cv,0.423
db6bbe2e7a,main,books,clothing,logreg,uncertainty,1,1000,target_only,0.9007892693673747,0.9008,0,1000,0,0,10.0,0.7457602346281592,budget_cv,0.158
db6bbe2e7a,main,books,clothing,logreg,uncertainty,1,2000,transfer,0.9239785437041751,0.924,2000,2000,0,0,10.0,0.9164881848493481,budget_cv,0.472
db6bbe2e7a,main,books,clothing,logreg,uncertainty,1,2000,target_only,0.9199598390488412,0.92,0,2000,0,0,10.0,0.9159825287175988,budget_cv,0.216
db6bbe2e7a,main,books,clothing,logreg,self_training,1,0,uda_self_training,0.8712572146093303,0.8716,2000,0,0,1000,10.0,0.8999743934447217,source_val_fallback,0.193
db6bbe2e7a,main,books,clothing,logreg,self_training,1,50,transfer,0.826566363274498,0.8276,2000,50,0,1000,0.1,0.8785714285714286,budget_cv,0.339
db6bbe2e7a,main,books,clothing,logreg,self_training,1,50,target_only,0.8463111218260839,0.8468,0,50,0,1000,10.0,0.743958380800486,budget_cv,0.136
db6bbe2e7a,main,books,clothing,logreg,self_training,1,100,transfer,0.8830484307662732,0.8832,2000,100,0,1000,10.0,0.809766272100238,budget_cv,0.454
db6bbe2e7a,main,books,clothing,logreg,self_training,1,100,target_only,0.6269115181774509,0.6604,0,100,0,1000,0.01,0.7163978494623655,budget_cv,0.115
db6bbe2e7a,main,books,clothing,logreg,self_training,1,250,transfer,0.892303072765489,0.8924,2000,250,0,1000,10.0,0.860000641636991,budget_cv,0.488
db6bbe2e7a,main,books,clothing,logreg,self_training,1,250,target_only,0.8847952812147186,0.8848,0,250,0,1000,10.0,0.8595805956050921,budget_cv,0.16
db6bbe2e7a,main,books,clothing,logreg,self_training,1,500,transfer,0.9031672162927481,0.9032,2000,500,0,1000,10.0,0.8716485082934152,budget_cv,0.501
db6bbe2e7a,main,books,clothing,logreg,self_training,1,500,target_only,0.9007959366015632,0.9008,0,500,0,1000,10.0,0.8636195162707107,budget_cv,0.18
db6bbe2e7a,main,books,clothing,logreg,self_training,1,1000,transfer,0.9115826702033598,0.9116,2000,1000,0,1000,10.0,0.8848088310731912,budget_cv,0.564
db6bbe2e7a,main,books,clothing,logreg,self_training,1,1000,target_only,0.9111943164362519,0.9112,0,1000,0,1000,10.0,0.8817152949174561,budget_cv,0.217
db6bbe2e7a,main,books,clothing,logreg,self_training,1,2000,transfer,0.9235729876367503,0.9236,2000,2000,0,1000,10.0,0.9165013725129437,budget_cv,0.641
db6bbe2e7a,main,books,clothing,logreg,self_training,1,2000,target_only,0.9179511513974961,0.918,0,2000,0,1000,10.0,0.9119917892448473,budget_cv,0.289
db6bbe2e7a,main,books,clothing,svm,random,1,0,source_only,0.856937933183523,0.8572,2000,0,0,0,1.0,0.9026277177537682,source_val_fallback,0.054
db6bbe2e7a,main,books,clothing,svm,random,1,50,transfer,0.8303783254691044,0.8312,2000,50,0,0,0.01,0.8785714285714286,budget_cv,0.178
db6bbe2e7a,main,books,clothing,svm,random,1,50,target_only,0.7879835814485474,0.788,0,50,0,0,1.0,0.7254955570745043,budget_cv,0.038
db6bbe2e7a,main,books,clothing,svm,random,1,100,transfer,0.8750589465482952,0.8752,2000,100,0,0,10.0,0.851082251082251,budget_cv,0.194
db6bbe2e7a,main,books,clothing,svm,random,1,100,target_only,0.8206614391281595,0.8212,0,100,0,0,0.1,0.6961431356168198,budget_cv,0.04
db6bbe2e7a,main,books,clothing,svm,random,1,250,transfer,0.884750138299834,0.8848,2000,250,0,0,10.0,0.8799246414391054,budget_cv,0.205
db6bbe2e7a,main,books,clothing,svm,random,1,250,target_only,0.855999907839941,0.856,0,250,0,0,10.0,0.8635002005552282,budget_cv,0.044
db6bbe2e7a,main,books,clothing,svm,random,1,500,transfer,0.900774598297164,0.9008,2000,500,0,0,1.0,0.8714601506782742,budget_cv,0.204
db6bbe2e7a,main,books,clothing,svm,random,1,500,target_only,0.891199721471287,0.8912,0,500,0,0,1.0,0.8656591209298782,budget_cv,0.051
db6bbe2e7a,main,books,clothing,svm,random,1,1000,transfer,0.9139899677898431,0.914,2000,1000,0,0,1.0,0.8877785991601436,budget_cv,0.24
db6bbe2e7a,main,books,clothing,svm,random,1,1000,target_only,0.9047926271410458,0.9048,0,1000,0,0,10.0,0.8826854062141306,budget_cv,0.072
db6bbe2e7a,main,books,clothing,svm,random,1,2000,transfer,0.9223780919926841,0.9224,2000,2000,0,0,1.0,0.9175056537882825,budget_cv,0.397
db6bbe2e7a,main,books,clothing,svm,random,1,2000,target_only,0.9219594313908142,0.922,0,2000,0,0,1.0,0.9114953946252489,budget_cv,0.146
db6bbe2e7a,main,books,clothing,svm,uncertainty,1,0,source_only,0.856937933183523,0.8572,2000,0,0,0,1.0,0.9026277177537682,source_val_fallback,0.056
db6bbe2e7a,main,books,clothing,svm,uncertainty,1,50,transfer,0.8682814533079772,0.8684,2000,50,0,0,10.0,0.6759349353776599,budget_cv,0.193
db6bbe2e7a,main,books,clothing,svm,uncertainty,1,50,target_only,0.7102932024861646,0.7104,0,50,0,0,0.01,0.47354497354497355,budget_cv,0.038
db6bbe2e7a,main,books,clothing,svm,uncertainty,1,100,transfer,0.8731691344405574,0.8732,2000,100,0,0,10.0,0.6998253573443328,budget_cv,0.194
db6bbe2e7a,main,books,clothing,svm,uncertainty,1,100,target_only,0.724823810237851,0.7284,0,100,0,0,0.01,0.5987224161678621,budget_cv,0.039
db6bbe2e7a,main,books,clothing,svm,uncertainty,1,250,transfer,0.8939986262221958,0.894,2000,250,0,0,10.0,0.6277143453945231,budget_cv,0.198
db6bbe2e7a,main,books,clothing,svm,uncertainty,1,250,target_only,0.761443659716832,0.7616,0,250,0,0,1.0,0.658146057255875,budget_cv,0.044
db6bbe2e7a,main,books,clothing,svm,uncertainty,1,500,transfer,0.9103747041565011,0.9104,2000,500,0,0,1.0,0.6636600360240409,budget_cv,0.217
db6bbe2e7a,main,books,clothing,svm,uncertainty,1,500,target_only,0.8311567761346905,0.8312,0,500,0,0,0.1,0.6096514577902794,budget_cv,0.053
db6bbe2e7a,main,books,clothing,svm,uncertainty,1,1000,transfer,0.921169716558313,0.9212,2000,1000,0,0,1.0,0.8078347927818218,budget_cv,0.235
db6bbe2e7a,main,books,clothing,svm,uncertainty,1,1000,target_only,0.9107825133726211,0.9108,0,1000,0,0,10.0,0.753025082126645,budget_cv,0.082
db6bbe2e7a,main,books,clothing,svm,uncertainty,1,2000,transfer,0.9223780919926841,0.9224,2000,2000,0,0,1.0,0.9109898556324221,budget_cv,0.42
db6bbe2e7a,main,books,clothing,svm,uncertainty,1,2000,target_only,0.9219594313908142,0.922,0,2000,0,0,1.0,0.912984781104145,budget_cv,0.155
db6bbe2e7a,main,books,clothing,svm,self_training,1,0,uda_self_training,0.872165828250823,0.8724,2000,0,0,1000,1.0,0.9026277177537682,source_val_fallback,0.092
db6bbe2e7a,main,books,clothing,svm,self_training,1,50,transfer,0.8204041502587469,0.8216,2000,50,0,1000,0.01,0.8785714285714286,budget_cv,0.192
db6bbe2e7a,main,books,clothing,svm,self_training,1,50,target_only,0.8519147028688525,0.852,0,50,0,1000,1.0,0.7254955570745043,budget_cv,0.049
db6bbe2e7a,main,books,clothing,svm,self_training,1,100,transfer,0.8766860381690342,0.8768,2000,100,0,1000,10.0,0.851082251082251,budget_cv,0.238
db6bbe2e7a,main,books,clothing,svm,self_training,1,100,target_only,0.8028298510239269,0.806,0,100,0,1000,0.1,0.6961431356168198,budget_cv,0.049
db6bbe2e7a,main,books,clothing,svm,self_training,1,250,transfer,0.8863345286885246,0.8864,2000,250,0,1000,10.0,0.8799246414391054,budget_cv,0.246
db6bbe2e7a,main,books,clothing,svm,self_training,1,250,target_only,0.8823993226200983,0.8824,0,250,0,1000,10.0,0.8635002005552282,budget_cv,0.066
db6bbe2e7a,main,books,clothing,svm,self_training,1,500,transfer,0.9011650677815568,0.9012,2000,500,0,1000,1.0,0.8714601506782742,budget_cv,0.236
db6bbe2e7a,main,books,clothing,svm,self_training,1,500,target_only,0.8975997378553289,0.8976,0,500,0,1000,1.0,0.8656591209298782,budget_cv,0.065
db6bbe2e7a,main,books,clothing,svm,self_training,1,1000,transfer,0.9131829838648375,0.9132,2000,1000,0,1000,1.0,0.8877785991601436,budget_cv,0.259
db6bbe2e7a,main,books,clothing,svm,self_training,1,1000,target_only,0.9055926890978437,0.9056,0,1000,0,1000,10.0,0.8826854062141306,budget_cv,0.14
db6bbe2e7a,main,books,clothing,svm,self_training,1,2000,transfer,0.9223713829866242,0.9224,2000,2000,0,1000,1.0,0.9175056537882825,budget_cv,0.433
db6bbe2e7a,main,books,clothing,svm,self_training,1,2000,target_only,0.9219472363317602,0.922,0,2000,0,1000,1.0,0.9114953946252489,budget_cv,0.185
db6bbe2e7a,main,music,books,logreg,random,1,0,source_only,0.81595178765663,0.8188,2000,0,0,0,10.0,0.8930588033993041,source_val_fallback,0.087
db6bbe2e7a,main,music,books,logreg,random,1,50,transfer,0.8267491534996023,0.8288,2000,50,0,0,10.0,0.8734014523488208,budget_cv,0.303
db6bbe2e7a,main,music,books,logreg,random,1,50,target_only,0.735589464594462,0.7376,0,50,0,0,0.01,0.5704423451791872,budget_cv,0.101
db6bbe2e7a,main,music,books,logreg,random,1,100,transfer,0.8352043562920592,0.8368,2000,100,0,0,10.0,0.8043279258796501,budget_cv,0.305
db6bbe2e7a,main,music,books,logreg,random,1,100,target_only,0.7683927071495626,0.772,0,100,0,0,0.1,0.7374602677091627,budget_cv,0.104
db6bbe2e7a,main,music,books,logreg,random,1,250,transfer,0.857487922705314,0.8584,2000,250,0,0,10.0,0.8297089542633707,budget_cv,0.315
db6bbe2e7a,main,music,books,logreg,random,1,250,target_only,0.815090882224464,0.8172,0,250,0,0,0.01,0.7517268874024161,budget_cv,0.117
db6bbe2e7a,main,music,books,logreg,random,1,500,transfer,0.8711666044573947,0.8716,2000,500,0,0,10.0,0.8607014322394057,budget_cv,0.332
db6bbe2e7a,main,music,books,logreg,random,1,500,target_only,0.8624670823181426,0.8628,0,500,0,0,10.0,0.8123896500978468,budget_cv,0.144
db6bbe2e7a,main,music,books,logreg,random,1,1000,transfer,0.8886072281247035,0.8888,2000,1000,0,0,10.0,0.8760231216402995,budget_cv,0.38
db6bbe2e7a,main,music,books,logreg,random,1,1000,target_only,0.8931185820110328,0.8932,0,1000,0,0,10.0,0.8591711462421934,budget_cv,0.192
db6bbe2e7a,main,music,books,logreg,random,1,2000,transfer,0.9095851864369457,0.9096,2000,2000,0,0,10.0,0.8899459725367166,budget_cv,0.477
db6bbe2e7a,main,music,books,logreg,random,1,2000,target_only,0.9072,0.9072,0,2000,0,0,10.0,0.8884325781629306,budget_cv,0.267
db6bbe2e7a,main,music,books,logreg,uncertainty,1,0,source_only,0.81595178765663,0.8188,2000,0,0,0,10.0,0.8930588033993041,source_val_fallback,0.086
db6bbe2e7a,main,music,books,logreg,uncertainty,1,50,transfer,0.8447405832348147,0.8456,2000,50,0,0,10.0,0.7727989846410899,budget_cv,0.296
db6bbe2e7a,main,music,books,logreg,uncertainty,1,50,target_only,0.6211638580358093,0.6532,0,50,0,0,0.01,0.615590689503733,budget_cv,0.105
db6bbe2e7a,main,music,books,logreg,uncertainty,1,100,transfer,0.8635187445197372,0.8636,2000,100,0,0,10.0,0.6581298773690077,budget_cv,0.304
db6bbe2e7a,main,music,books,logreg,uncertainty,1,100,target_only,0.48050429575194326,0.5692,0,100,0,0,0.01,0.5478903812237146,budget_cv,0.109
db6bbe2e7a,main,music,books,logreg,uncertainty,1,250,transfer,0.8675964198071916,0.8676,2000,250,0,0,1.0,0.6317223808854971,budget_cv,0.309
db6bbe2e7a,main,music,books,logreg,uncertainty,1,250,target_only,0.5677593283940499,0.6004,0,250,0,0,0.1,0.480843036106194,budget_cv,0.118
db6bbe2e7a,main,music,books,logreg,uncertainty,1,500,transfer,0.8947910951182908,0.8948,2000,500,0,0,10.0,0.6620404117629735,budget_cv,0.344
db6bbe2e7a,main,music,books,logreg,uncertainty,1,500,target_only,0.6576372706169713,0.6584,0,500,0,0,1.0,0.6278527015236044,budget_cv,0.138
db6bbe2e7a,main,music,books,logreg,uncertainty,1,1000,transfer,0.9099948012997231,0.91,2000,1000,0,0,10.0,0.7888143706687069,budget_cv,0.393
db6bbe2e7a,main,music,books,logreg,uncertainty,1,1000,target_only,0.8675887927154154,0.8676,0,1000,0,0,10.0,0.711486072227383,budget_cv,0.179
db6bbe2e7a,main,music,books,logreg,uncertainty,1,2000,transfer,0.9095851864369457,0.9096,2000,2000,0,0,10.0,0.8959137586960102,budget_cv,0.489
db6bbe2e7a,main,music,books,logreg,uncertainty,1,2000,target_only,0.9072,0.9072,0,2000,0,0,10.0,0.8864723480770569,budget_cv,0.267
db6bbe2e7a,main,music,books,logreg,self_training,1,0,uda_self_training,0.7720493631034383,0.7796,2000,0,0,1000,10.0,0.8930588033993041,source_val_fallback,0.193
db6bbe2e7a,main,music,books,logreg,self_training,1,50,transfer,0.7937550505410834,0.7988,2000,50,0,1000,10.0,0.8734014523488208,budget_cv,0.399
db6bbe2e7a,main,music,books,logreg,self_training,1,50,target_only,0.578896011853111,0.6252,0,50,0,1000,0.01,0.5704423451791872,budget_cv,0.119
db6bbe2e7a,main,music,books,logreg,self_training,1,100,transfer,0.8064757619465697,0.8104,2000,100,0,1000,10.0,0.8043279258796501,budget_cv,0.404
db6bbe2e7a,main,music,books,logreg,self_training,1,100,target_only,0.541270375240833,0.6064,0,100,0,1000,0.1,0.7374602677091627,budget_cv,0.134
db6bbe2e7a,main,music,books,logreg,self_training,1,250,transfer,0.8468562868686418,0.8484,2000,250,0,1000,10.0,0.8297089542633707,budget_cv,0.418
db6bbe2e7a,main,music,books,logreg,self_training,1,250,target_only,0.5734224237431449,0.6232,0,250,0,1000,0.01,0.7517268874024161,budget_cv,0.137
db6bbe2e7a,main,music,books,logreg,self_training,1,500,transfer,0.8691161695971796,0.8696,2000,500,0,1000,10.0,0.8607014322394057,budget_cv,0.447
db6bbe2e7a,main,music,books,logreg,self_training,1,500,target_only,0.8459746954521595,0.8468,0,500,0,1000,10.0,0.8123896500978468,budget_cv,0.203
db6bbe2e7a,main,music,books,logreg,self_training,1,1000,transfer,0.8869968474524761,0.8872,2000,1000,0,1000,10.0,0.8760231216402995,budget_cv,0.515
db6bbe2e7a,main,music,books,logreg,self_training,1,1000,target_only,0.8801637596291826,0.8804,0,1000,0,1000,10.0,0.8591711462421934,budget_cv,0.262
db6bbe2e7a,main,music,books,logreg,self_training,1,2000,transfer,0.9095768516740286,0.9096,2000,2000,0,1000,10.0,0.8899459725367166,budget_cv,0.647
db6bbe2e7a,main,music,books,logreg,self_training,1,2000,target_only,0.9087994746849741,0.9088,0,2000,0,1000,10.0,0.8884325781629306,budget_cv,0.369
db6bbe2e7a,main,music,books,svm,random,1,0,source_only,0.8241304099755177,0.8264,2000,0,0,0,1.0,0.8997940656709611,source_val_fallback,0.049
db6bbe2e7a,main,music,books,svm,random,1,50,transfer,0.8366292277330478,0.838,2000,50,0,0,1.0,0.8734014523488208,budget_cv,0.162
db6bbe2e7a,main,music,books,svm,random,1,50,target_only,0.6784948536422615,0.6948,0,50,0,0,0.01,0.5835851266286048,budget_cv,0.04
db6bbe2e7a,main,music,books,svm,random,1,100,transfer,0.839049535470336,0.8404,2000,100,0,0,1.0,0.8162768031189084,budget_cv,0.162
db6bbe2e7a,main,music,books,svm,random,1,100,target_only,0.7802020202020202,0.7824,0,100,0,0,0.01,0.697793085046624,budget_cv,0.042
db6bbe2e7a,main,music,books,svm,random,1,250,transfer,0.864566365615514,0.8652,2000,250,0,0,1.0,0.8392036210447588,budget_cv,0.177
db6bbe2e7a,main,music,books,svm,random,1,250,target_only,0.8131719830922671,0.8156,0,250,0,0,0.01,0.7401613284284153,budget_cv,0.047
db6bbe2e7a,main,music,books,svm,random,1,500,transfer,0.8833700804417797,0.8836,2000,500,0,0,1.0,0.8634756345062954,budget_cv,0.187
db6bbe2e7a,main,music,books,svm,random,1,500,target_only,0.8628734413281165,0.8632,0,500,0,0,1.0,0.8104358946519806,budget_cv,0.057
db6bbe2e7a,main,music,books,svm,random,1,1000,transfer,0.8903409771275291,0.8904,2000,1000,0,0,10.0,0.881449515045432,budget_cv,0.225
db6bbe2e7a,main,music,books,svm,random,1,1000,target_only,0.8879652961301292,0.888,0,1000,0,0,10.0,0.8663028693927536,budget_cv,0.084
db6bbe2e7a,main,music,books,svm,random,1,2000,transfer,0.9119889598951292,0.912,2000,2000,0,0,1.0,0.8944584835114523,budget_cv,0.278
db6bbe2e7a,main,music,books,svm,random,1,2000,target_only,0.9027973716409292,0.9028,0,2000,0,0,1.0,0.8949417360938735,budget_cv,0.136
db6bbe2e7a,main,music,books,svm,uncertainty,1,0,source_only,0.8241304099755177,0.8264,2000,0,0,0,1.0,0.8997940656709611,source_val_fallback,0.046
db6bbe2e7a,main,music,books,svm,uncertainty,1,50,transfer,0.8437800964891429,0.8448,2000,50,0,0,1.0,0.6637161084529505,budget_cv,0.155
db6bbe2e7a,main,music,books,svm,uncertainty,1,50,target_only,0.681289754698814,0.6816,0,50,0,0,1.0,0.6142578668894458,budget_cv,0.04
db6bbe2e7a,main,music,books,svm,uncertainty,1,100,transfer,0.8606426711500215,0.8608,2000,100,0,0,10.0,0.6825058942000471,budget_cv,0.165
db6bbe2e7a,main,music,books,svm,uncertainty,1,100,target_only,0.6047237946515713,0.6112,0,100,0,0,0.1,0.6254578754578755,budget_cv,0.044
db6bbe2e7a,main,music,books,svm,uncertainty,1,250,transfer,0.8899851964080288,0.89,2000,250,0,0,1.0,0.5960533828103834,budget_cv,0.175
db6bbe2e7a,main,music,books,svm,uncertainty,1,250,target_only,0.6438872685670087,0.6464,0,250,0,0,0.1,0.5594544121680981,budget_cv,0.049
db6bbe2e7a,main,music,books,svm,uncertainty,1,500,transfer,0.8995929152761019,0.8996,2000,500,0,0,1.0,0.628780238687653,budget_cv,0.198
db6bbe2e7a,main,music,books,svm,uncertainty,1,500,target_only,0.6847991930859343,0.6848,0,500,0,0,0.01,0.5652355884101622,budget_cv,0.062
db6bbe2e7a,main,music,books,svm,uncertainty,1,1000,transfer,0.9079849242499891,0.908,2000,1000,0,0,1.0,0.7565769271370094,budget_cv,0.226
db6bbe2e7a,main,music,books,svm,uncertainty,1,1000,target_only,0.8767987384190814,0.8768,0,1000,0,0,1.0,0.6929294551245131,budget_cv,0.089
db6bbe2e7a,main,music,books,svm,uncertainty,1,2000,transfer,0.9119889598951292,0.912,2000,2000,0,0,1.0,0.8989995951259737,budget_cv,0.275
db6bbe2e7a,main,music,books,svm,uncertainty,1,2000,target_only,0.9027973716409292,0.9028,0,2000,0,0,1.0,0.893002360465193,budget_cv,0.138
db6bbe2e7a,main,music,books,svm,self_training,1,0,uda_self_training,0.8062236555960405,0.81,2000,0,0,1000,1.0,0.8997940656709611,source_val_fallback,0.077
db6bbe2e7a,main,music,books,svm,self_training,1,50,transfer,0.8292376261213665,0.8312,2000,50,0,1000,1.0,0.8734014523488208,budget_cv,0.184
db6bbe2e7a,main,music,books,svm,self_training,1,50,target_only,0.5723060405626221,0.6228,0,50,0,1000,0.01,0.5835851266286048,budget_cv,0.054
db6bbe2e7a,main,music,books,svm,self_training,1,100,transfer,0.8337883999347124,0.8356,2000,100,0,1000,1.0,0.8162768031189084,budget_cv,0.191
db6bbe2e7a,main,music,books,svm,self_training,1,100,target_only,0.5484426287997717,0.6112,0,100,0,1000,0.01,0.697793085046624,budget_cv,0.051
db6bbe2e7a,main,music,books,svm,self_training,1,250,transfer,0.8619944672254161,0.8628,2000,250,0,1000,1.0,0.8392036210447588,budget_cv,0.201
db6bbe2e7a,main,music,books,svm,self_training,1,250,target_only,0.6129590319121236,0.6492,0,250,0,1000,0.01,0.7401613284284153,budget_cv,0.062
db6bbe2e7a,main,music,books,svm,self_training,1,500,transfer,0.8820909083908922,0.8824,2000,500,0,1000,1.0,0.8634756345062954,budget_cv,0.236
db6bbe2e7a,main,music,books,svm,self_training,1,500,target_only,0.8651400520559399,0.8656,0,500,0,1000,1.0,0.8104358946519806,budget_cv,0.079
db6bbe2e7a,main,music,books,svm,self_training,1,1000,transfer,0.8907391460747978,0.8908,2000,1000,0,1000,10.0,0.881449515045432,budget_cv,0.306
db6bbe2e7a,main,music,books,svm,self_training,1,1000,target_only,0.8875455720568756,0.8876,0,1000,0,1000,10.0,0.8663028693927536,budget_cv,0.119
db6bbe2e7a,main,music,books,svm,self_training,1,2000,transfer,0.911187210958378,0.9112,2000,2000,0,1000,1.0,0.8944584835114523,budget_cv,0.334
db6bbe2e7a,main,music,books,svm,self_training,1,2000,target_only,0.9051999848319976,0.9052,0,2000,0,1000,1.0,0.8949417360938735,budget_cv,0.173
db6bbe2e7a,main,music,electronics,logreg,random,1,0,source_only,0.7811121016507186,0.7868,2000,0,0,0,10.0,0.897054969972138,source_val_fallback,0.086
db6bbe2e7a,main,music,electronics,logreg,random,1,50,transfer,0.8057113530554639,0.8092,2000,50,0,0,10.0,0.8137941006362058,budget_cv,0.299
db6bbe2e7a,main,music,electronics,logreg,random,1,50,target_only,0.7639245696959349,0.7664,0,50,0,0,0.1,0.8510270774976657,budget_cv,0.093
db6bbe2e7a,main,music,electronics,logreg,random,1,100,transfer,0.7933714885452369,0.7984,2000,100,0,0,1.0,0.8071807304452495,budget_cv,0.286
db6bbe2e7a,main,music,electronics,logreg,random,1,100,target_only,0.80795327366546,0.8088,0,100,0,0,0.1,0.828029751798852,budget_cv,0.102
db6bbe2e7a,main,music,electronics,logreg,random,1,250,transfer,0.8198296100559642,0.8228,2000,250,0,0,1.0,0.8270400587938448,budget_cv,0.29
db6bbe2e7a,main,music,electronics,logreg,random,1,250,target_only,0.8465877019254325,0.8468,0,250,0,0,0.01,0.8474760023428728,budget_cv,0.113
db6bbe2e7a,main,music,electronics,logreg,random,1,500,transfer,0.8809480861502941,0.8812,2000,500,0,0,10.0,0.8477331079148959,budget_cv,0.321
db6bbe2e7a,main,music,electronics,logreg,random,1,500,target_only,0.874795492637735,0.8748,0,500,0,0,10.0,0.8677948064833204,budget_cv,0.139
db6bbe2e7a,main,music,electronics,logreg,random,1,1000,transfer,0.9047705017106098,0.9048,2000,1000,0,0,10.0,0.8678486122952136,budget_cv,0.347
db6bbe2e7a,main,music,electronics,logreg,random,1,1000,target_only,0.8923908919650959,0.8924,0,1000,0,0,0.01,0.8697641227198482,budget_cv,0.148
db6bbe2e7a,main,music,electronics,logreg,random,1,2000,transfer,0.9171929912147764,0.9172,2000,2000,0,0,10.0,0.8814700589696128,budget_cv,0.422
db6bbe2e7a,main,music,electronics,logreg,random,1,2000,target_only,0.918394777265745,0.9184,0,2000,0,0,10.0,0.878495813617031,budget_cv,0.229
db6bbe2e7a,main,music,electronics,logreg,uncertainty,1,0,source_only,0.7811121016507186,0.7868,2000,0,0,0,10.0,0.897054969972138,source_val_fallback,0.085
db6bbe2e7a,main,music,electronics,logreg,uncertainty,1,50,transfer,0.8127767026314092,0.8156,2000,50,0,0,10.0,0.8001424501424501,budget_cv,0.292
db6bbe2e7a,main,music,electronics,logreg,uncertainty,1,50,target_only,0.7219973924822878,0.7272,0,50,0,0,0.01,0.4740170584564178,budget_cv,0.095
db6bbe2e7a,main,music,electronics,logreg,uncertainty,1,100,transfer,0.845241684252839,0.846,2000,100,0,0,10.0,0.798815143423206,budget_cv,0.294
db6bbe2e7a,main,music,electronics,logreg,uncertainty,1,100,target_only,0.5816154070422277,0.6324,0,100,0,0,0.01,0.5315510107176773,budget_cv,0.106
db6bbe2e7a,main,music,electronics,logreg,uncertainty,1,250,transfer,0.8839925755248336,0.884,2000,250,0,0,10.0,0.6967615359889919,budget_cv,0.302
db6bbe2e7a,main,music,electronics,logreg,uncertainty,1,250,target_only,0.6488830881002492,0.6724,0,250,0,0,1.0,0.5635484575471682,budget_cv,0.116
db6bbe2e7a,main,music,electronics,logreg,uncertainty,1,500,transfer,0.9003973067431743,0.9004,2000,500,0,0,10.0,0.6639253022577205,budget_cv,0.326
db6bbe2e7a,main,music,electronics,logreg,uncertainty,1,500,target_only,0.7634197826536342,0.7636,0,500,0,0,1.0,0.6322730593200889,budget_cv,0.138
db6bbe2e7a,main,music,electronics,logreg,uncertainty,1,1000,transfer,0.9171941572197335,0.9172,2000,1000,0,0,10.0,0.7837583817192467,budget_cv,0.359
db6bbe2e7a,main,music,electronics,logreg,uncertainty,1,1000,target_only,0.8971841910412145,0.8972,0,1000,0,0,10.0,0.7140452814972811,budget_cv,0.173
db6bbe2e7a,main,music,electronics,logreg,uncertainty,1,2000,transfer,0.9171929912147764,0.9172,2000,2000,0,0,10.0,0.8824368512131627,budget_cv,0.426
db6bbe2e7a,main,music,electronics,logreg,uncertainty,1,2000,target_only,0.918394777265745,0.9184,0,2000,0,0,10.0,0.8798825075943132,budget_cv,0.227
db6bbe2e7a,main,music,electronics,logreg,self_training,1,0,uda_self_training,0.7572845848650493,0.7668,2000,0,0,1000,10.0,0.897054969972138,source_val_fallback,0.173
db6bbe2e7a,main,music,electronics,logreg,self_training,1,50,transfer,0.7918930070127943,0.7976,2000,50,0,1000,10.0,0.8137941006362058,budget_cv,0.391
db6bbe2e7a,main,music,electronics,logreg,self_training,1,50,target_only,0.59073296563747,0.6376,0,50,0,1000,0.1,0.8510270774976657,budget_cv,0.114
db6bbe2e7a,main,music,electronics,logreg,self_training,1,100,transfer,0.7659172526219347,0.7748,2000,100,0,1000,1.0,0.8071807304452495,budget_cv,0.344
db6bbe2e7a,main,music,electronics,logreg,self_training,1,100,target_only,0.7219002218693595,0.7376,0,100,0,1000,0.1,0.828029751798852,budget_cv,0.121
db6bbe2e7a,main,music,electronics,logreg,self_training,1,250,transfer,0.8099488701153794,0.814,2000,250,0,1000,1.0,0.8270400587938448,budget_cv,0.351
db6bbe2e7a,main,music,electronics,logreg,self_training,1,250,target_only,0.763484503964591,0.7696,0,250,0,1000,0.01,0.8474760023428728,budget_cv,0.132
db6bbe2e7a,main,music,electronics,logreg,self_training,1,500,transfer,0.8805247289755597,0.8808,2000,500,0,1000,10.0,0.8477331079148959,budget_cv,0.419
db6bbe2e7a,main,music,electronics,logreg,self_training,1,500,target_only,0.8715850216769284,0.8716,0,500,0,1000,10.0,0.8677948064833204,budget_cv,0.192
db6bbe2e7a,main,music,electronics,logreg,self_training,1,1000,transfer,0.9071712453649643,0.9072,2000,1000,0,1000,10.0,0.8678486122952136,budget_cv,0.475
db6bbe2e7a,main,music,electronics,logreg,self_training,1,1000,target_only,0.8408749010578572,0.8412,0,1000,0,1000,0.01,0.8697641227198482,budget_cv,0.172
db6bbe2e7a,main,music,electronics,logreg,self_training,1,2000,transfer,0.9167910001145724,0.9168,2000,2000,0,1000,10.0,0.8814700589696128,budget_cv,0.573
db6bbe2e7a,main,music,electronics,logreg,self_training,1,2000,target_only,0.9167935564930147,0.9168,0,2000,0,1000,10.0,0.878495813617031,budget_cv,0.33
db6bbe2e7a,main,music,electronics,svm,random,1,0,source_only,0.7907643378737472,0.7952,2000,0,0,0,1.0,0.8924118501107734,source_val_fallback,0.041
db6bbe2e7a,main,music,electronics,svm,random,1,50,transfer,0.8121848620187491,0.8148,2000,50,0,0,1.0,0.7950396825396826,budget_cv,0.142
db6bbe2e7a,main,music,electronics,svm,random,1,50,target_only,0.7655636294204168,0.7676,0,50,0,0,0.01,0.8312830687830687,budget_cv,0.038
db6bbe2e7a,main,music,electronics,svm,random,1,100,transfer,0.7914614121510672,0.7968,2000,100,0,0,0.1,0.8071807304452495,budget_cv,0.136
db6bbe2e7a,main,music,electronics,svm,random,1,100,target_only,0.8099909180469183,0.8104,0,100,0,0,0.1,0.828029751798852,budget_cv,0.039
db6bbe2e7a,main,music,electronics,svm,random,1,250,transfer,0.8556433169128612,0.8564,2000,250,0,0,1.0,0.8356983154235776,budget_cv,0.146
db6bbe2e7a,main,music,electronics,svm,random,1,250,target_only,0.8443402017318973,0.8444,0,250,0,0,10.0,0.8554988628998038,budget_cv,0.045
db6bbe2e7a,main,music,electronics,svm,random,1,500,transfer,0.8846570855152368,0.8848,2000,500,0,0,1.0,0.8538385468831647,budget_cv,0.161
db6bbe2e7a,main,music,electronics,svm,random,1,500,target_only,0.8723994895979583,0.8724,0,500,0,0,10.0,0.8677948064833204,budget_cv,0.056
db6bbe2e7a,main,music,electronics,svm,random,1,1000,transfer,0.9091877803077182,0.9092,2000,1000,0,0,1.0,0.8688667038952689,budget_cv,0.193
db6bbe2e7a,main,music,electronics,svm,random,1,1000,target_only,0.8939925201122192,0.894,0,1000,0,0,0.01,0.8687373304874612,budget_cv,0.072
db6bbe2e7a,main,music,electronics,svm,random,1,2000,transfer,0.9171998807678283,0.9172,2000,2000,0,0,10.0,0.8839860365569144,budget_cv,0.264
db6bbe2e7a,main,music,electronics,svm,random,1,2000,target_only,0.9171929912147764,0.9172,0,2000,0,0,1.0,0.8764841771586632,budget_cv,0.125
db6bbe2e7a,main,music,electronics,svm,uncertainty,1,0,source_only,0.7907643378737472,0.7952,2000,0,0,0,1.0,0.8924118501107734,source_val_fallback,0.046
db6bbe2e7a,main,music,electronics,svm,uncertainty,1,50,transfer,0.8174055816435639,0.82,2000,50,0,0,1.0,0.6825531193952247,budget_cv,0.15
db6bbe2e7a,main,music,electronics,svm,uncertainty,1,50,target_only,0.7383066059851754,0.742,0,50,0,0,0.1,0.6448051948051948,budget_cv,0.038
db6bbe2e7a,main,music,electronics,svm,uncertainty,1,100,transfer,0.8497213657322282,0.8504,2000,100,0,0,1.0,0.7127941435258508,budget_cv,0.151
db6bbe2e7a,main,music,electronics,svm,uncertainty,1,100,target_only,0.550593401271553,0.6104,0,100,0,0,0.01,0.5034038772741801,budget_cv,0.04
db6bbe2e7a,main,music,electronics,svm,uncertainty,1,250,transfer,0.8867633113128653,0.8868,2000,250,0,0,1.0,0.6403633003598909,budget_cv,0.162
db6bbe2e7a,main,music,electronics,svm,uncertainty,1,250,target_only,0.7304758300378975,0.732,0,250,0,0,0.1,0.625640336021692,budget_cv,0.045
db6bbe2e7a,main,music,electronics,svm,uncertainty,1,500,transfer,0.9091860364449638,0.9092,2000,500,0,0,1.0,0.6025957131477048,budget_cv,0.178
db6bbe2e7a,main,music,electronics,svm,uncertainty,1,500,target_only,0.7683916620998356,0.7684,0,500,0,0,0.1,0.585182800636512,budget_cv,0.054
db6bbe2e7a,main,music,electronics,svm,uncertainty,1,1000,transfer,0.9155993382988122,0.9156,2000,1000,0,0,10.0,0.7495727245638433,budget_cv,0.229
db6bbe2e7a,main,music,electronics,svm,uncertainty,1,1000,target_only,0.8995942005610245,0.8996,0,1000,0,0,1.0,0.6762679432327637,budget_cv,0.077
db6bbe2e7a,main,music,electronics,svm,uncertainty,1,2000,transfer,0.9171998807678283,0.9172,2000,2000,0,0,10.0,0.8814775495890682,budget_cv,0.261
db6bbe2e7a,main,music,electronics,svm,uncertainty,1,2000,target_only,0.9171929912147764,0.9172,0,2000,0,0,1.0,0.8869464262275603,budget_cv,0.131
db6bbe2e7a,main,music,electronics,svm,self_training,1,0,uda_self_training,0.7817213994079955,0.788,2000,0,0,1000,1.0,0.8924118501107734,source_val_fallback,0.076
db6bbe2e7a,main,music,electronics,svm,self_training,1,50,transfer,0.8098258852136735,0.8132,2000,50,0,1000,1.0,0.7950396825396826,budget_cv,0.166
db6bbe2e7a,main,music,electronics,svm,self_training,1,50,target_only,0.599477272939535,0.6432,0,50,0,1000,0.01,0.8312830687830687,budget_cv,0.046
db6bbe2e7a,main,music,electronics,svm,self_training,1,100,transfer,0.771273286330478,0.7796,2000,100,0,1000,0.1,0.8071807304452495,budget_cv,0.158
db6bbe2e7a,main,music,electronics,svm,self_training,1,100,target_only,0.8169250437427096,0.82,0,100,0,1000,0.1,0.828029751798852,budget_cv,0.049
db6bbe2e7a,main,music,electronics,svm,self_training,1,250,transfer,0.8616174410940847,0.8624,2000,250,0,1000,1.0,0.8356983154235776,budget_cv,0.173
db6bbe2e7a,main,music,electronics,svm,self_training,1,250,target_only,0.8570105446912941,0.8572,0,250,0,1000,10.0,0.8554988628998038,budget_cv,0.061
db6bbe2e7a,main,music,electronics,svm,self_training,1,500,transfer,0.8866627440495538,0.8868,2000,500,0,1000,1.0,0.8538385468831647,budget_cv,0.195
db6bbe2e7a,main,music,electronics,svm,self_training,1,500,target_only,0.8759885711067132,0.876,0,500,0,1000,10.0,0.8677948064833204,budget_cv,0.077
db6bbe2e7a,main,music,electronics,svm,self_training,1,1000,transfer,0.9111888595305395,0.9112,2000,1000,0,1000,1.0,0.8688667038952689,budget_cv,0.221
db6bbe2e7a,main,music,electronics,svm,self_training,1,1000,target_only,0.8558737223205484,0.856,0,1000,0,1000,0.01,0.8687373304874612,budget_cv,0.082
db6bbe2e7a,main,music,electronics,svm,self_training,1,2000,transfer,0.9171998807678283,0.9172,2000,2000,0,1000,10.0,0.8839860365569144,budget_cv,0.332
db6bbe2e7a,main,music,electronics,svm,self_training,1,2000,target_only,0.917592405316074,0.9176,0,2000,0,1000,1.0,0.8764841771586632,budget_cv,0.164
db6bbe2e7a,main,music,clothing,logreg,random,1,0,source_only,0.8079564688364398,0.8104,2000,0,0,0,10.0,0.8950422037304363,source_val_fallback,0.086
db6bbe2e7a,main,music,clothing,logreg,random,1,50,transfer,0.8295392724591075,0.8308,2000,50,0,0,10.0,0.878249545432208,budget_cv,0.293
db6bbe2e7a,main,music,clothing,logreg,random,1,50,target_only,0.7725729759477037,0.7736,0,50,0,0,0.01,0.7147695441813089,budget_cv,0.091
db6bbe2e7a,main,music,clothing,logreg,random,1,100,transfer,0.8480639976950746,0.8488,2000,100,0,0,10.0,0.8379895810930295,budget_cv,0.294
db6bbe2e7a,main,music,clothing,logreg,random,1,100,target_only,0.8076138454144579,0.8092,0,100,0,0,0.01,0.7163978494623655,budget_cv,0.097
db6bbe2e7a,main,music,clothing,logreg,random,1,250,transfer,0.8754560271674054,0.8756,2000,250,0,0,10.0,0.8315215944383528,budget_cv,0.301
db6bbe2e7a,main,music,clothing,logreg,random,1,250,target_only,0.8627998024317155,0.8628,0,250,0,0,10.0,0.8556695070492163,budget_cv,0.117
db6bbe2e7a,main,music,clothing,logreg,random,1,500,transfer,0.8935846761933719,0.8936,2000,500,0,0,10.0,0.8417287273389903,budget_cv,0.314
db6bbe2e7a,main,music,clothing,logreg,random,1,500,target_only,0.895199932927957,0.8952,0,500,0,0,10.0,0.8595170274642449,budget_cv,0.133
db6bbe2e7a,main,music,clothing,logreg,random,1,1000,transfer,0.9047970144343727,0.9048,2000,1000,0,0,10.0,0.8838426716229427,budget_cv,0.338
db6bbe2e7a,main,music,clothing,logreg,random,1,1000,target_only,0.9119889598951292,0.912,0,1000,0,0,10.0,0.8827130268837303,budget_cv,0.167
db6bbe2e7a,main,music,clothing,logreg,random,1,2000,transfer,0.923964524888732,0.924,2000,2000,0,0,10.0,0.9139798895141236,budget_cv,0.402
db6bbe2e7a,main,music,clothing,logreg,random,1,2000,target_only,0.9195610675566974,0.9196,0,2000,0,0,10.0,0.9124943860944202,budget_cv,0.222
db6bbe2e7a,main,music,clothing,logreg,uncertainty,1,0,source_only,0.8079564688364398,0.8104,2000,0,0,0,10.0,0.8950422037304363,source_val_fallback,0.096
db6bbe2e7a,main,music,clothing,logreg,uncertainty,1,50,transfer,0.8373397435897436,0.8376,2000,50,0,0,10.0,0.805757933904387,budget_cv,0.305
db6bbe2e7a,main,music,clothing,logreg,uncertainty,1,50,target_only,0.6856581664164226,0.7,0,50,0,0,0.01,0.5914502164502164,budget_cv,0.105
db6bbe2e7a,main,music,clothing,logreg,uncertainty,1,100,transfer,0.862357363817016,0.8624,2000,100,0,0,10.0,0.7347275454271965,budget_cv,0.305
db6bbe2e7a,main,music,clothing,logreg,uncertainty,1,100,target_only,0.5791776563091147,0.6268,0,100,0,0,0.01,0.6708016539949314,budget_cv,0.11
db6bbe2e7a,main,music,clothing,logreg,uncertainty,1,250,transfer,0.8871997112312607,0.8872,2000,250,0,0,10.0,0.7289304863395333,budget_cv,0.307
db6bbe2e7a,main,music,clothing,logreg,uncertainty,1,250,target_only,0.719349548084321,0.7212,0,250,0,0,1.0,0.7410297465232625,budget_cv,0.125
db6bbe2e7a,main,music,clothing,logreg,uncertainty,1,500,transfer,0.8987986884310021,0.8988,2000,500,0,0,10.0,0.7046977527545311,budget_cv,0.322
db6bbe2e7a,main,music,clothing,logreg,uncertainty,1,500,target_only,0.7380605264422692,0.7384,0,500,0,0,1.0,0.7166939328521352,budget_cv,0.138
db6bbe2e7a,main,music,clothing,logreg,uncertainty,1,1000,transfer,0.9183769627139564,0.9184,2000,1000,0,0,10.0,0.8069092438430734,budget_cv,0.348
db6bbe2e7a,main,music,clothing,logreg,uncertainty,1,1000,target_only,0.8935931899641577,0.8936,0,1000,0,0,10.0,0.7525745253940853,budget_cv,0.173
db6bbe2e7a,main,music,clothing,logreg,uncertainty,1,2000,transfer,0.923964524888732,0.924,2000,2000,0,0,10.0,0.903491631720167,budget_cv,0.399
db6bbe2e7a,main,music,clothing,logreg,uncertainty,1,2000,target_only,0.9195610675566974,0.9196,0,2000,0,0,10.0,0.906482997422228,budget_cv,0.222
db6bbe2e7a,main,music,clothing,logreg,self_training,1,0,uda_self_training,0.8011025166942383,0.8064,2000,0,0,1000,10.0,0.8950422037304363,source_val_fallback,0.177
db6bbe2e7a,main,music,clothing,logreg,self_training,1,50,transfer,0.8446678351097292,0.8464,2000,50,0,1000,10.0,0.878249545432208,budget_cv,0.382
db6bbe2e7a,main,music,clothing,logreg,self_training,1,50,target_only,0.5852657609806513,0.6312,0,50,0,1000,0.01,0.7147695441813089,budget_cv,0.108
db6bbe2e7a,main,music,clothing,logreg,self_training,1,100,transfer,0.860726386762663,0.8616,2000,100,0,1000,10.0,0.8379895810930295,budget_cv,0.381
db6bbe2e7a,main,music,clothing,logreg,self_training,1,100,target_only,0.6259780015221375,0.66,0,100,0,1000,0.01,0.7163978494623655,budget_cv,0.115
db6bbe2e7a,main,music,clothing,logreg,self_training,1,250,transfer,0.8797919727964426,0.88,2000,250,0,1000,10.0,0.8315215944383528,budget_cv,0.381
db6bbe2e7a,main,music,clothing,logreg,self_training,1,250,target_only,0.8811967875611356,0.8812,0,250,0,1000,10.0,0.8556695070492163,budget_cv,0.16
db6bbe2e7a,main,music,clothing,logreg,self_training,1,500,transfer,0.8963819455901996,0.8964,2000,500,0,1000,10.0,0.8417287273389903,budget_cv,0.397
db6bbe2e7a,main,music,clothing,logreg,self_training,1,500,target_only,0.9027955052641634,0.9028,0,500,0,1000,10.0,0.8595170274642449,budget_cv,0.179
db6bbe2e7a,main,music,clothing,logreg,self_training,1,1000,transfer,0.9067946164570466,0.9068,2000,1000,0,1000,10.0,0.8838426716229427,budget_cv,0.449
db6bbe2e7a,main,music,clothing,logreg,self_training,1,1000,target_only,0.90959166796812,0.9096,0,1000,0,1000,10.0,0.8827130268837303,budget_cv,0.224
db6bbe2e7a,main,music,clothing,logreg,self_training,1,2000,transfer,0.9231614454868875,0.9232,2000,2000,0,1000,10.0,0.9139798895141236,budget_cv,0.531
db6bbe2e7a,main,music,clothing,logreg,self_training,1,2000,target_only,0.9175556251396753,0.9176,0,2000,0,1000,10.0,0.9124943860944202,budget_cv,0.288
db6bbe2e7a,main,music,clothing,svm,random,1,0,source_only,0.8171003205952792,0.8188,2000,0,0,0,1.0,0.8957598306498171,source_val_fallback,0.042
db6bbe2e7a,main,music,clothing,svm,random,1,50,transfer,0.8367347201391824,0.8376,2000,50,0,0,1.0,0.8597867217062264,budget_cv,0.143
db6bbe2e7a,main,music,clothing,svm,random,1,50,target_only,0.7879770675996316,0.788,0,50,0,0,1.0,0.7254955570745043,budget_cv,0.038
db6bbe2e7a,main,music,clothing,svm,random,1,100,transfer,0.8587820853521076,0.8592,2000,100,0,0,1.0,0.8687821442131787,budget_cv,0.144
db6bbe2e7a,main,music,clothing,svm,random,1,100,target_only,0.8257267116000627,0.826,0,100,0,0,10.0,0.7047469648137056,budget_cv,0.039
db6bbe2e7a,main,music,clothing,svm,random,1,250,transfer,0.8759615778583574,0.876,2000,250,0,0,10.0,0.839652358196719,budget_cv,0.154
db6bbe2e7a,main,music,clothing,svm,random,1,250,target_only,0.8575985418090681,0.8576,0,250,0,0,10.0,0.8635002005552282,budget_cv,0.043
db6bbe2e7a,main,music,clothing,svm,random,1,500,transfer,0.8935975484875172,0.8936,2000,500,0,0,10.0,0.847656605846261,budget_cv,0.168
db6bbe2e7a,main,music,clothing,svm,random,1,500,target_only,0.8919993779164168,0.892,0,500,0,0,1.0,0.8615632038571505,budget_cv,0.053
db6bbe2e7a,main,music,clothing,svm,random,1,1000,transfer,0.9039984639754236,0.904,2000,1000,0,0,1.0,0.8808226446012718,budget_cv,0.177
db6bbe2e7a,main,music,clothing,svm,random,1,1000,target_only,0.905191975448802,0.9052,0,1000,0,0,10.0,0.882706486312549,budget_cv,0.069
db6bbe2e7a,main,music,clothing,svm,random,1,2000,transfer,0.92277033145053,0.9228,2000,2000,0,0,1.0,0.9134880814676132,budget_cv,0.289
db6bbe2e7a,main,music,clothing,svm,random,1,2000,target_only,0.9171731641051701,0.9172,0,2000,0,0,10.0,0.9109958105817464,budget_cv,0.155
db6bbe2e7a,main,music,clothing,svm,uncertainty,1,0,source_only,0.8171003205952792,0.8188,2000,0,0,0,1.0,0.8957598306498171,source_val_fallback,0.043
db6bbe2e7a,main,music,clothing,svm,uncertainty,1,50,transfer,0.8613782051282051,0.8616,2000,50,0,0,10.0,0.7143518518518519,budget_cv,0.151
db6bbe2e7a,main,music,clothing,svm,uncertainty,1,50,target_only,0.6555504507162602,0.6748,0,50,0,0,0.01,0.5642310789049919,budget_cv,0.037
db6bbe2e7a,main,music,clothing,svm,uncertainty,1,100,transfer,0.8691115193871057,0.8692,2000,100,0,0,1.0,0.7379629629629628,budget_cv,0.144
db6bbe2e7a,main,music,clothing,svm,uncertainty,1,100,target_only,0.7030966285517986,0.7096,0,100,0,0,0.1,0.6576257076257076,budget_cv,0.039
db6bbe2e7a,main,music,clothing,svm,uncertainty,1,250,transfer,0.8799439866664192,0.88,2000,250,0,0,10.0,0.6232124464682604,budget_cv,0.158
db6bbe2e7a,main,music,clothing,svm,uncertainty,1,250,target_only,0.7627088422288306,0.7628,0,250,0,0,1.0,0.6499646133367064,budget_cv,0.044
db6bbe2e7a,main,music,clothing,svm,uncertainty,1,500,transfer,0.8983890097552951,0.8984,2000,500,0,0,1.0,0.6433919928284747,budget_cv,0.168
db6bbe2e7a,main,music,clothing,svm,uncertainty,1,500,target_only,0.7701762803983909,0.7704,0,500,0,0,0.1,0.6248904766957243,budget_cv,0.051
db6bbe2e7a,main,music,clothing,svm,uncertainty,1,1000,transfer,0.9195715733768943,0.9196,2000,1000,0,0,1.0,0.8000166823779123,budget_cv,0.183
db6bbe2e7a,main,music,clothing,svm,uncertainty,1,1000,target_only,0.9067697934130658,0.9068,0,1000,0,0,10.0,0.736999718856102,budget_cv,0.072
db6bbe2e7a,main,music,clothing,svm,uncertainty,1,2000,transfer,0.92277033145053,0.9228,2000,2000,0,0,1.0,0.90846202957086,budget_cv,0.291
db6bbe2e7a,main,music,clothing,svm,uncertainty,1,2000,target_only,0.921156087094268,0.9212,0,2000,0,0,1.0,0.9109628020535334,budget_cv,0.143
db6bbe2e7a,main,music,clothing,svm,self_training,1,0,uda_self_training,0.8269040232380942,0.8296,2000,0,0,1000,1.0,0.8957598306498171,source_val_fallback,0.072
db6bbe2e7a,main,music,clothing,svm,self_training,1,50,transfer,0.8469404853049977,0.848,2000,50,0,1000,1.0,0.8597867217062264,budget_cv,0.168
db6bbe2e7a,main,music,clothing,svm,self_training,1,50,target_only,0.8462180205568062,0.8464,0,50,0,1000,1.0,0.7254955570745043,budget_cv,0.05
db6bbe2e7a,main,music,clothing,svm,self_training,1,100,transfer,0.8638902089441879,0.8644,2000,100,0,1000,1.0,0.8687821442131787,budget_cv,0.17
db6bbe2e7a,main,music,clothing,svm,self_training,1,100,target_only,0.8504139723135111,0.8508,0,100,0,1000,10.0,0.7047469648137056,budget_cv,0.058
db6bbe2e7a,main,music,clothing,svm,self_training,1,250,transfer,0.8783588171611381,0.8784,2000,250,0,1000,10.0,0.839652358196719,budget_cv,0.217
db6bbe2e7a,main,music,clothing,svm,self_training,1,250,target_only,0.8859969173566453,0.886,0,250,0,1000,10.0,0.8635002005552282,budget_cv,0.069
db6bbe2e7a,main,music,clothing,svm,self_training,1,500,transfer,0.893996183862619,0.894,2000,500,0,1000,10.0,0.847656605846261,budget_cv,0.221
db6bbe2e7a,main,music,clothing,svm,self_training,1,500,target_only,0.8983997399033341,0.8984,0,500,0,1000,1.0,0.8615632038571505,budget_cv,0.065
db6bbe2e7a,main,music,clothing,svm,self_training,1,1000,transfer,0.9051945240357083,0.9052,2000,1000,0,1000,1.0,0.8808226446012718,budget_cv,0.209
db6bbe2e7a,main,music,clothing,svm,self_training,1,1000,target_only,0.905191975448802,0.9052,0,1000,0,1000,10.0,0.882706486312549,budget_cv,0.137
db6bbe2e7a,main,music,clothing,svm,self_training,1,2000,transfer,0.9231641514665082,0.9232,2000,2000,0,1000,1.0,0.9134880814676132,budget_cv,0.359
db6bbe2e7a,main,music,clothing,svm,self_training,1,2000,target_only,0.9167718222681471,0.9168,0,2000,0,1000,10.0,0.9109958105817464,budget_cv,0.217
db6bbe2e7a,main,electronics,books,logreg,random,1,0,source_only,0.8017608781003915,0.8028,2000,0,0,0,10.0,0.8926559322598926,source_val_fallback,0.094
db6bbe2e7a,main,electronics,books,logreg,random,1,50,transfer,0.7969701146479834,0.7992,2000,50,0,0,1.0,0.9180483259430628,budget_cv,0.28
db6bbe2e7a,main,electronics,books,logreg,random,1,50,target_only,0.6729498195582286,0.6916,0,50,0,0,0.1,0.55505291005291,budget_cv,0.103
db6bbe2e7a,main,electronics,books,logreg,random,1,100,transfer,0.8213899530400396,0.8224,2000,100,0,0,10.0,0.8672996604031087,budget_cv,0.294
db6bbe2e7a,main,electronics,books,logreg,random,1,100,target_only,0.7716200374007682,0.7748,0,100,0,0,0.1,0.7177588169075172,budget_cv,0.105
db6bbe2e7a,main,electronics,books,logreg,random,1,250,transfer,0.8417020707619065,0.8424,2000,250,0,0,10.0,0.8309002997162275,budget_cv,0.309
db6bbe2e7a,main,electronics,books,logreg,random,1,250,target_only,0.8159632580149822,0.818,0,250,0,0,0.01,0.7517268874024161,budget_cv,0.116
db6bbe2e7a,main,electronics,books,logreg,random,1,500,transfer,0.8589168404554677,0.8592,2000,500,0,0,10.0,0.8589369696360899,budget_cv,0.32
db6bbe2e7a,main,electronics,books,logreg,random,1,500,target_only,0.8608631998961966,0.8612,0,500,0,0,10.0,0.8083239056897074,budget_cv,0.142
db6bbe2e7a,main,electronics,books,logreg,random,1,1000,transfer,0.8879170765699295,0.888,2000,1000,0,0,10.0,0.8630036393676676,budget_cv,0.364
db6bbe2e7a,main,electronics,books,logreg,random,1,1000,target_only,0.8907167523933031,0.8908,0,1000,0,0,10.0,0.8530745940168667,budget_cv,0.192
db6bbe2e7a,main,electronics,books,logreg,random,1,2000,transfer,0.9083992818503697,0.9084,2000,2000,0,0,10.0,0.8884380556368253,budget_cv,0.462
db6bbe2e7a,main,electronics,books,logreg,random,1,2000,target_only,0.9051996207984832,0.9052,0,2000,0,0,10.0,0.8899289918909231,budget_cv,0.268
db6bbe2e7a,main,electronics,books,logreg,uncertainty,1,0,source_only,0.8017608781003915,0.8028,2000,0,0,0,10.0,0.8926559322598926,source_val_fallback,0.083
db6bbe2e7a,main,electronics,books,logreg,uncertainty,1,50,transfer,0.8169928261187838,0.8176,2000,50,0,0,10.0,0.7362990810359231,budget_cv,0.298
db6bbe2e7a,main,electronics,books,logreg,uncertainty,1,50,target_only,0.6580131322957199,0.6688,0,50,0,0,0.01,0.5811469962785752,budget_cv,0.089
db6bbe2e7a,main,electronics,books,logreg,uncertainty,1,100,transfer,0.8169585054565633,0.8176,2000,100,0,0,1.0,0.7177561960456696,budget_cv,0.283
db6bbe2e7a,main,electronics,books,logreg,uncertainty,1,100,target_only,0.6737471031274382,0.6804,0,100,0,0,1.0,0.5645883102404842,budget_cv,0.1
db6bbe2e7a,main,electronics,books,logreg,uncertainty,1,250,transfer,0.8627989243435668,0.8628,2000,250,0,0,10.0,0.6501645758220089,budget_cv,0.318
db6bbe2e7a,main,electronics,books,logreg,uncertainty,1,250,target_only,0.7122706829357386,0.7124,0,250,0,0,1.0,0.6362314310298142,budget_cv,0.116
db6bbe2e7a,main,electronics,books,logreg,uncertainty,1,500,transfer,0.8883991250491403,0.8884,2000,500,0,0,10.0,0.6173115625265275,budget_cv,0.335
db6bbe2e7a,main,electronics,books,logreg,uncertainty,1,500,target_only,0.757055360479415,0.7572,0,500,0,0,1.0,0.6052611259826698,budget_cv,0.144
db6bbe2e7a,main,electronics,books,logreg,uncertainty,1,1000,transfer,0.9027992379460255,0.9028,2000,1000,0,0,10.0,0.7817846706301518,budget_cv,0.378
db6bbe2e7a,main,electronics,books,logreg,uncertainty,1,1000,target_only,0.8779999804799969,0.878,0,1000,0,0,10.0,0.7378847478150689,budget_cv,0.179
db6bbe2e7a,main,electronics,books,logreg,uncertainty,1,2000,transfer,0.9083992818503697,0.9084,2000,2000,0,0,10.0,0.882459937627654,budget_cv,0.464
db6bbe2e7a,main,electronics,books,logreg,uncertainty,1,2000,target_only,0.9051996207984832,0.9052,0,2000,0,0,10.0,0.8879574404464767,budget_cv,0.269
db6bbe2e7a,main,electronics,books,logreg,self_training,1,0,uda_self_training,0.7911532517438704,0.7952,2000,0,0,1000,10.0,0.8926559322598926,source_val_fallback,0.17
db6bbe2e7a,main,electronics,books,logreg,self_training,1,50,transfer,0.7504549844005348,0.7592,2000,50,0,1000,1.0,0.9180483259430628,budget_cv,0.329
db6bbe2e7a,main,electronics,books,logreg,self_training,1,50,target_only,0.5779508481195446,0.6272,0,50,0,1000,0.1,0.55505291005291,budget_cv,0.136
db6bbe2e7a,main,electronics,books,logreg,self_training,1,100,transfer,0.8107403820045309,0.8132,2000,100,0,1000,10.0,0.8672996604031087,budget_cv,0.379
db6bbe2e7a,main,electronics,books,logreg,self_training,1,100,target_only,0.534332211799376,0.602,0,100,0,1000,0.1,0.7177588169075172,budget_cv,0.134
db6bbe2e7a,main,electronics,books,logreg,self_training,1,250,transfer,0.8391429731119617,0.8404,2000,250,0,1000,10.0,0.8309002997162275,budget_cv,0.4
db6bbe2e7a,main,electronics,books,logreg,self_training,1,250,target_only,0.5667718865840687,0.6196,0,250,0,1000,0.01,0.7517268874024161,budget_cv,0.135
db6bbe2e7a,main,electronics,books,logreg,self_training,1,500,transfer,0.8640151301820465,0.8644,2000,500,0,1000,10.0,0.8589369696360899,budget_cv,0.424
db6bbe2e7a,main,electronics,books,logreg,self_training,1,500,target_only,0.8499240124637906,0.8508,0,500,0,1000,10.0,0.8083239056897074,budget_cv,0.199
db6bbe2e7a,main,electronics,books,logreg,self_training,1,1000,transfer,0.8850733232197858,0.8852,2000,1000,0,1000,10.0,0.8630036393676676,budget_cv,0.479
db6bbe2e7a,main,electronics,books,logreg,self_training,1,1000,target_only,0.8789570619816798,0.8792,0,1000,0,1000,10.0,0.8530745940168667,budget_cv,0.262
db6bbe2e7a,main,electronics,books,logreg,self_training,1,2000,transfer,0.9091999854719977,0.9092,2000,2000,0,1000,10.0,0.8884380556368253,budget_cv,0.617
db6bbe2e7a,main,electronics,books,logreg,self_training,1,2000,target_only,0.9095990742945208,0.9096,0,2000,0,1000,10.0,0.8899289918909231,budget_cv,0.365
db6bbe2e7a,main,electronics,books,svm,random,1,0,source_only,0.8025650936050552,0.8036,2000,0,0,0,1.0,0.8959850218431454,source_val_fallback,0.048
db6bbe2e7a,main,electronics,books,svm,random,1,50,transfer,0.796582883618395,0.7988,2000,50,0,0,0.1,0.9180483259430628,budget_cv,0.154
db6bbe2e7a,main,electronics,books,svm,random,1,50,target_only,0.6788552208532033,0.6952,0,50,0,0,0.01,0.5987037037037036,budget_cv,0.04
db6bbe2e7a,main,electronics,books,svm,random,1,100,transfer,0.7990093303346766,0.8012,2000,100,0,0,0.1,0.8670736670736671,budget_cv,0.155
db6bbe2e7a,main,electronics,books,svm,random,1,100,target_only,0.78047676572545,0.7824,0,100,0,0,0.01,0.7072450773615196,budget_cv,0.042
db6bbe2e7a,main,electronics,books,svm,random,1,250,transfer,0.8467054349424287,0.8472,2000,250,0,0,1.0,0.8231227304657608,budget_cv,0.17
db6bbe2e7a,main,electronics,books,svm,random,1,250,target_only,0.8160595714171808,0.8184,0,250,0,0,0.01,0.7350417299319085,budget_cv,0.048
db6bbe2e7a,main,electronics,books,svm,random,1,500,transfer,0.8566939764715527,0.8568,2000,500,0,0,10.0,0.866107823524756,budget_cv,0.209
db6bbe2e7a,main,electronics,books,svm,random,1,500,target_only,0.8620606471216228,0.8624,0,500,0,0,1.0,0.8082984681872404,budget_cv,0.057
db6bbe2e7a,main,electronics,books,svm,random,1,1000,transfer,0.8883535372080444,0.8884,2000,1000,0,0,1.0,0.8661743942438349,budget_cv,0.218
db6bbe2e7a,main,electronics,books,svm,random,1,1000,target_only,0.8883571112678647,0.8884,0,1000,0,0,10.0,0.8643477583338434,budget_cv,0.088
db6bbe2e7a,main,electronics,books,svm,random,1,2000,transfer,0.9091996367985472,0.9092,2000,2000,0,0,1.0,0.8874498055297373,budget_cv,0.296
db6bbe2e7a,main,electronics,books,svm,random,1,2000,target_only,0.9031960349095899,0.9032,0,2000,0,0,1.0,0.8929273547037822,budget_cv,0.141
db6bbe2e7a,main,electronics,books,svm,uncertainty,1,0,source_only,0.8025650936050552,0.8036,2000,0,0,0,1.0,0.8959850218431454,source_val_fallback,0.044
db6bbe2e7a,main,electronics,books,svm,uncertainty,1,50,transfer,0.8323858131352238,0.8324,2000,50,0,0,1.0,0.8324754193175247,budget_cv,0.153
db6bbe2e7a,main,electronics,books,svm,uncertainty,1,50,target_only,0.5656463912386682,0.6148,0,50,0,0,0.01,0.6483164983164983,budget_cv,0.04
db6bbe2e7a,main,electronics,books,svm,uncertainty,1,100,transfer,0.8407950073314299,0.8408,2000,100,0,0,1.0,0.6374929267107569,budget_cv,0.155
db6bbe2e7a,main,electronics,books,svm,uncertainty,1,100,target_only,0.6579993656076144,0.6724,0,100,0,0,10.0,0.5234247234247235,budget_cv,0.041
db6bbe2e7a,main,electronics,books,svm,uncertainty,1,250,transfer,0.8655721250358475,0.8656,2000,250,0,0,1.0,0.6368793852322084,budget_cv,0.168
db6bbe2e7a,main,electronics,books,svm,uncertainty,1,250,target_only,0.7367980130175851,0.7376,0,250,0,0,10.0,0.6454627818257986,budget_cv,0.049
db6bbe2e7a,main,electronics,books,svm,uncertainty,1,500,transfer,0.8915998439037752,0.8916,2000,500,0,0,1.0,0.6134212265963978,budget_cv,0.186
db6bbe2e7a,main,electronics,books,svm,uncertainty,1,500,target_only,0.8143995248627837,0.8144,0,500,0,0,10.0,0.6007442238136799,budget_cv,0.064
db6bbe2e7a,main,electronics,books,svm,uncertainty,1,1000,transfer,0.9011999841919975,0.9012,2000,1000,0,0,1.0,0.7475491964736944,budget_cv,0.258
db6bbe2e7a,main,electronics,books,svm,uncertainty,1,1000,target_only,0.8771913346205709,0.8772,0,1000,0,0,10.0,0.6843063091312912,budget_cv,0.091
db6bbe2e7a,main,electronics,books,svm,uncertainty,1,2000,transfer,0.9091996367985472,0.9092,2000,2000,0,0,1.0,0.8864692887194724,budget_cv,0.281
db6bbe2e7a,main,electronics,books,svm,uncertainty,1,2000,target_only,0.9027955052641634,0.9028,0,2000,0,0,10.0,0.8984791385675656,budget_cv,0.143
db6bbe2e7a,main,electronics,books,svm,self_training,1,0,uda_self_training,0.8091675890233196,0.8112,2000,0,0,1000,1.0,0.8959850218431454,source_val_fallback,0.078
db6bbe2e7a,main,electronics,books,svm,self_training,1,50,transfer,0.7551284229193167,0.7636,2000,50,0,1000,0.1,0.9180483259430628,budget_cv,0.169
db6bbe2e7a,main,electronics,books,svm,self_training,1,50,target_only,0.5754961535787937,0.6248,0,50,0,1000,0.01,0.5987037037037036,budget_cv,0.054
db6bbe2e7a,main,electronics,books,svm,self_training,1,100,transfer,0.7668094865697948,0.774,2000,100,0,1000,0.1,0.8670736670736671,budget_cv,0.169
db6bbe2e7a,main,electronics,books,svm,self_training,1,100,target_only,0.5431496760879977,0.6076,0,100,0,1000,0.01,0.7072450773615196,budget_cv,0.051
db6bbe2e7a,main,electronics,books,svm,self_training,1,250,transfer,0.8483876245051283,0.8492,2000,250,0,1000,1.0,0.8231227304657608,budget_cv,0.203
db6bbe2e7a,main,electronics,books,svm,self_training,1,250,target_only,0.6113547447654176,0.6488,0,250,0,1000,0.01,0.7350417299319085,budget_cv,0.06
db6bbe2e7a,main,electronics,books,svm,self_training,1,500,transfer,0.8590765284912029,0.8592,2000,500,0,1000,10.0,0.866107823524756,budget_cv,0.262
db6bbe2e7a,main,electronics,books,svm,self_training,1,500,target_only,0.8659042964584602,0.8664,0,500,0,1000,1.0,0.8082984681872404,budget_cv,0.076
db6bbe2e7a,main,electronics,books,svm,self_training,1,1000,transfer,0.888345959444371,0.8884,2000,1000,0,1000,1.0,0.8661743942438349,budget_cv,0.257
db6bbe2e7a,main,electronics,books,svm,self_training,1,1000,target_only,0.8891538702746535,0.8892,0,1000,0,1000,10.0,0.8643477583338434,budget_cv,0.117
db6bbe2e7a,main,electronics,books,svm,self_training,1,2000,transfer,0.9095994792930007,0.9096,2000,2000,0,1000,1.0,0.8874498055297373,budget_cv,0.393
db6bbe2e7a,main,electronics,books,svm,self_training,1,2000,target_only,0.9051996207984832,0.9052,0,2000,0,1000,1.0,0.8929273547037822,budget_cv,0.183
db6bbe2e7a,main,electronics,music,logreg,random,1,0,source_only,0.8329052448519187,0.8332,2000,0,0,0,10.0,0.8893284145962043,source_val_fallback,0.084
db6bbe2e7a,main,electronics,music,logreg,random,1,50,transfer,0.8056432213495621,0.8064,2000,50,0,0,0.1,0.8751386384513319,budget_cv,0.268
db6bbe2e7a,main,electronics,music,logreg,random,1,50,target_only,0.721533393339275,0.7276,0,50,0,0,0.01,0.7271524771524772,budget_cv,0.089
db6bbe2e7a,main,electronics,music,logreg,random,1,100,transfer,0.8498856488918999,0.85,2000,100,0,0,10.0,0.8772469367864103,budget_cv,0.293
db6bbe2e7a,main,electronics,music,logreg,random,1,100,target_only,0.7374401679319391,0.7472,0,100,0,0,0.01,0.8133555041449778,budget_cv,0.101
db6bbe2e7a,main,electronics,music,logreg,random,1,250,transfer,0.8583706317341964,0.8584,2000,250,0,0,10.0,0.8558341310476255,budget_cv,0.308
db6bbe2e7a,main,electronics,music,logreg,random,1,250,target_only,0.8246204113011724,0.8248,0,250,0,0,10.0,0.8236348282375086,budget_cv,0.125
db6bbe2e7a,main,electronics,music,logreg,random,1,500,transfer,0.8711992581077267,0.8712,2000,500,0,0,10.0,0.8597851771494004,budget_cv,0.306
db6bbe2e7a,main,electronics,music,logreg,random,1,500,target_only,0.8599346511108222,0.86,0,500,0,0,10.0,0.8395809990589362,budget_cv,0.137
db6bbe2e7a,main,electronics,music,logreg,random,1,1000,transfer,0.8875455720568756,0.8876,2000,1000,0,0,10.0,0.8737020343333045,budget_cv,0.334
db6bbe2e7a,main,electronics,music,logreg,random,1,1000,target_only,0.8854580779769365,0.8856,0,1000,0,0,10.0,0.8726650190424764,budget_cv,0.178
db6bbe2e7a,main,electronics,music,logreg,random,1,2000,transfer,0.903975417706933,0.904,2000,2000,0,0,10.0,0.8889841991671051,budget_cv,0.406
db6bbe2e7a,main,electronics,music,logreg,random,1,2000,target_only,0.9003406668193976,0.9004,0,2000,0,0,10.0,0.8909906701199914,budget_cv,0.231
db6bbe2e7a,main,electronics,music,logreg,uncertainty,1,0,source_only,0.8329052448519187,0.8332,2000,0,0,0,10.0,0.8893284145962043,source_val_fallback,0.083
db6bbe2e7a,main,electronics,music,logreg,uncertainty,1,50,transfer,0.8337987236062361,0.834,2000,50,0,0,1.0,0.7908609908609909,budget_cv,0.271
db6bbe2e7a,main,electronics,music,logreg,uncertainty,1,50,target_only,0.6936818381791098,0.6952,0,50,0,0,0.1,0.5784085195849902,budget_cv,0.1
db6bbe2e7a,main,electronics,music,logreg,uncertainty,1,100,transfer,0.836679168716183,0.8368,2000,100,0,0,1.0,0.6660819621799657,budget_cv,0.273
db6bbe2e7a,main,electronics,music,logreg,uncertainty,1,100,target_only,0.7208136507624712,0.7212,0,100,0,0,0.1,0.5722745415727872,budget_cv,0.103
db6bbe2e7a,main,electronics,music,logreg,uncertainty,1,250,transfer,0.8579781627223002,0.858,2000,250,0,0,10.0,0.6298460927045357,budget_cv,0.307
db6bbe2e7a,main,electronics,music,logreg,uncertainty,1,250,target_only,0.7551308881418692,0.7552,0,250,0,0,1.0,0.6499429561866475,budget_cv,0.118
db6bbe2e7a,main,electronics,music,logreg,uncertainty,1,500,transfer,0.8823908923507036,0.8824,2000,500,0,0,10.0,0.6493165871568776,budget_cv,0.323
db6bbe2e7a,main,electronics,music,logreg,uncertainty,1,500,target_only,0.7951705045526556,0.7952,0,500,0,0,10.0,0.5906603795368822,budget_cv,0.133
db6bbe2e7a,main,electronics,music,logreg,uncertainty,1,1000,transfer,0.8987753659730632,0.8988,2000,1000,0,0,10.0,0.7519094233545016,budget_cv,0.332
db6bbe2e7a,main,electronics,music,logreg,uncertainty,1,1000,target_only,0.8779568650743919,0.878,0,1000,0,0,10.0,0.7225853845578639,budget_cv,0.161
db6bbe2e7a,main,electronics,music,logreg,uncertainty,1,2000,transfer,0.903975417706933,0.904,2000,2000,0,0,10.0,0.8889958458922568,budget_cv,0.407
db6bbe2e7a,main,electronics,music,logreg,uncertainty,1,2000,target_only,0.9003406668193976,0.9004,0,2000,0,0,10.0,0.8859940518561539,budget_cv,0.233
db6bbe2e7a,main,electronics,music,logreg,self_training,1,0,uda_self_training,0.842505613549917,0.8432,2000,0,0,1000,10.0,0.8893284145962043,source_val_fallback,0.165
db6bbe2e7a,main,electronics,music,logreg,self_training,1,50,transfer,0.7842176022845139,0.7876,2000,50,0,1000,0.1,0.8751386384513319,budget_cv,0.302
db6bbe2e7a,main,electronics,music,logreg,self_training,1,50,target_only,0.5172703734124058,0.5916,0,50,0,1000,0.01,0.7271524771524772,budget_cv,0.111
db6bbe2e7a,main,electronics,music,logreg,self_training,1,100,transfer,0.8537706890437309,0.854,2000,100,0,1000,10.0,0.8772469367864103,budget_cv,0.375
db6bbe2e7a,main,electronics,music,logreg,self_training,1,100,target_only,0.4443934753998785,0.5504,0,100,0,1000,0.01,0.8133555041449778,budget_cv,0.121
db6bbe2e7a,main,electronics,music,logreg,self_training,1,250,transfer,0.8643520565908815,0.8644,2000,250,0,1000,10.0,0.8558341310476255,budget_cv,0.396
db6bbe2e7a,main,electronics,music,logreg,self_training,1,250,target_only,0.820273910637765,0.822,0,250,0,1000,10.0,0.8236348282375086,budget_cv,0.169
db6bbe2e7a,main,electronics,music,logreg,self_training,1,500,transfer,0.8715891313040736,0.8716,2000,500,0,1000,10.0,0.8597851771494004,budget_cv,0.394
db6bbe2e7a,main,electronics,music,logreg,self_training,1,500,target_only,0.8556215204786435,0.856,0,500,0,1000,10.0,0.8395809990589362,budget_cv,0.183
db6bbe2e7a,main,electronics,music,logreg,self_training,1,1000,transfer,0.8859364711769868,0.886,2000,1000,0,1000,10.0,0.8737020343333045,budget_cv,0.446
db6bbe2e7a,main,electronics,music,logreg,self_training,1,1000,target_only,0.877750238847976,0.878,0,1000,0,1000,10.0,0.8726650190424764,budget_cv,0.242
db6bbe2e7a,main,electronics,music,logreg,self_training,1,2000,transfer,0.9051719460685249,0.9052,2000,2000,0,1000,10.0,0.8889841991671051,budget_cv,0.525
db6bbe2e7a,main,electronics,music,logreg,self_training,1,2000,target_only,0.9007221661782838,0.9008,0,2000,0,1000,10.0,0.8909906701199914,budget_cv,0.317
db6bbe2e7a,main,electronics,music,svm,random,1,0,source_only,0.83696457684897,0.8372,2000,0,0,0,1.0,0.8919930875576036,source_val_fallback,0.049
db6bbe2e7a,main,electronics,music,svm,random,1,50,transfer,0.8447805292695916,0.8448,2000,50,0,0,10.0,0.858256752993595,budget_cv,0.16
db6bbe2e7a,main,electronics,music,svm,random,1,50,target_only,0.7361402515177391,0.7388,0,50,0,0,0.01,0.7470326514444161,budget_cv,0.038
db6bbe2e7a,main,electronics,music,svm,random,1,100,transfer,0.8515638765850058,0.8516,2000,100,0,0,10.0,0.8782256672690488,budget_cv,0.155
db6bbe2e7a,main,electronics,music,svm,random,1,100,target_only,0.7665370657407345,0.7692,0,100,0,0,10.0,0.8156572712316912,budget_cv,0.039
db6bbe2e7a,main,electronics,music,svm,random,1,250,transfer,0.8619839018023062,0.862,2000,250,0,0,1.0,0.8559519410129166,budget_cv,0.159
db6bbe2e7a,main,electronics,music,svm,random,1,250,target_only,0.8250340202729918,0.8252,0,250,0,0,1.0,0.8195344283683746,budget_cv,0.044
db6bbe2e7a,main,electronics,music,svm,random,1,500,transfer,0.8699983151781647,0.87,2000,500,0,0,1.0,0.8578308047474218,budget_cv,0.169
db6bbe2e7a,main,electronics,music,svm,random,1,500,target_only,0.8599439775910365,0.86,0,500,0,0,1.0,0.8396089740766929,budget_cv,0.051
db6bbe2e7a,main,electronics,music,svm,random,1,1000,transfer,0.8863679284841354,0.8864,2000,1000,0,0,10.0,0.877877613518026,budget_cv,0.199
db6bbe2e7a,main,electronics,music,svm,random,1,1000,target_only,0.8831030409863156,0.8832,0,1000,0,0,1.0,0.873720125095255,budget_cv,0.065
db6bbe2e7a,main,electronics,music,svm,random,1,2000,transfer,0.9039842687825974,0.904,2000,2000,0,0,10.0,0.8969709163407856,budget_cv,0.253
db6bbe2e7a,main,electronics,music,svm,random,1,2000,target_only,0.8987672005729856,0.8988,0,2000,0,0,10.0,0.8985066822635521,budget_cv,0.114
db6bbe2e7a,main,electronics,music,svm,uncertainty,1,0,source_only,0.83696457684897,0.8372,2000,0,0,0,1.0,0.8919930875576036,source_val_fallback,0.045
db6bbe2e7a,main,electronics,music,svm,uncertainty,1,50,transfer,0.8092856909984933,0.81,2000,50,0,0,0.01,0.7570028011204482,budget_cv,0.142
db6bbe2e7a,main,electronics,music,svm,uncertainty,1,50,target_only,0.6938726020220576,0.694,0,50,0,0,0.01,0.6011009585380295,budget_cv,0.038
db6bbe2e7a,main,electronics,music,svm,uncertainty,1,100,transfer,0.8479439460562742,0.848,2000,100,0,0,10.0,0.7085764607111855,budget_cv,0.157
db6bbe2e7a,main,electronics,music,svm,uncertainty,1,100,target_only,0.6492231090014835,0.6572,0,100,0,0,10.0,0.7386823980824543,budget_cv,0.039
db6bbe2e7a,main,electronics,music,svm,uncertainty,1,250,transfer,0.8591674620504322,0.8592,2000,250,0,0,1.0,0.6204968905488717,budget_cv,0.16
db6bbe2e7a,main,electronics,music,svm,uncertainty,1,250,target_only,0.7300382574355178,0.7312,0,250,0,0,0.01,0.6162360823359712,budget_cv,0.044
db6bbe2e7a,main,electronics,music,svm,uncertainty,1,500,transfer,0.882786328197321,0.8828,2000,500,0,0,10.0,0.6317115968683846,budget_cv,0.182
db6bbe2e7a,main,electronics,music,svm,uncertainty,1,500,target_only,0.8003859152301787,0.8004,0,500,0,0,10.0,0.651645950820584,budget_cv,0.052
db6bbe2e7a,main,electronics,music,svm,uncertainty,1,1000,transfer,0.900779425621697,0.9008,2000,1000,0,0,1.0,0.7454729267176111,budget_cv,0.203
db6bbe2e7a,main,electronics,music,svm,uncertainty,1,1000,target_only,0.879987019396018,0.88,0,1000,0,0,1.0,0.7062837965984287,budget_cv,0.074
db6bbe2e7a,main,electronics,music,svm,uncertainty,1,2000,transfer,0.9063735748777735,0.9064,2000,2000,0,0,1.0,0.8874584258881416,budget_cv,0.23
db6bbe2e7a,main,electronics,music,svm,uncertainty,1,2000,target_only,0.9039446721311475,0.904,0,2000,0,0,1.0,0.8879662376578903,budget_cv,0.105
db6bbe2e7a,main,electronics,music,svm,self_training,1,0,uda_self_training,0.8431009102715374,0.8436,2000,0,0,1000,1.0,0.8919930875576036,source_val_fallback,0.077
db6bbe2e7a,main,electronics,music,svm,self_training,1,50,transfer,0.8463681428981114,0.8464,2000,50,0,1000,10.0,0.858256752993595,budget_cv,0.198
db6bbe2e7a,main,electronics,music,svm,self_training,1,50,target_only,0.5604480032150089,0.6192,0,50,0,1000,0.01,0.7470326514444161,budget_cv,0.049
db6bbe2e7a,main,electronics,music,svm,self_training,1,100,transfer,0.853118192708611,0.8532,2000,100,0,1000,10.0,0.8782256672690488,budget_cv,0.193
db6bbe2e7a,main,electronics,music,svm,self_training,1,100,target_only,0.7623455328196708,0.7688,0,100,0,1000,10.0,0.8156572712316912,budget_cv,0.057
db6bbe2e7a,main,electronics,music,svm,self_training,1,250,transfer,0.8643763689385239,0.8644,2000,250,0,1000,1.0,0.8559519410129166,budget_cv,0.193
db6bbe2e7a,main,electronics,music,svm,self_training,1,250,target_only,0.8301128131245764,0.8308,0,250,0,1000,1.0,0.8195344283683746,budget_cv,0.055
db6bbe2e7a,main,electronics,music,svm,self_training,1,500,transfer,0.868398968247911,0.8684,2000,500,0,1000,1.0,0.8578308047474218,budget_cv,0.205
db6bbe2e7a,main,electronics,music,svm,self_training,1,500,target_only,0.859025326740845,0.8592,0,500,0,1000,1.0,0.8396089740766929,budget_cv,0.069
db6bbe2e7a,main,electronics,music,svm,self_training,1,1000,transfer,0.8863679284841354,0.8864,2000,1000,0,1000,10.0,0.877877613518026,budget_cv,0.252
db6bbe2e7a,main,electronics,music,svm,self_training,1,1000,target_only,0.884650507057146,0.8848,0,1000,0,1000,1.0,0.873720125095255,budget_cv,0.083
db6bbe2e7a,main,electronics,music,svm,self_training,1,2000,transfer,0.9039842687825974,0.904,2000,2000,0,1000,10.0,0.8969709163407856,budget_cv,0.309
db6bbe2e7a,main,electronics,music,svm,self_training,1,2000,target_only,0.8991658615941013,0.8992,0,2000,0,1000,10.0,0.8985066822635521,budget_cv,0.149
db6bbe2e7a,main,electronics,clothing,logreg,random,1,0,source_only,0.8827770242967622,0.8828,2000,0,0,0,10.0,0.8939750723614575,source_val_fallback,0.085
db6bbe2e7a,main,electronics,clothing,logreg,random,1,50,transfer,0.8863857482282578,0.8864,2000,50,0,0,10.0,0.9407651072124756,budget_cv,0.287
db6bbe2e7a,main,electronics,clothing,logreg,random,1,50,target_only,0.7863732026545409,0.7864,0,50,0,0,10.0,0.7254955570745043,budget_cv,0.098
db6bbe2e7a,main,electronics,clothing,logreg,random,1,100,transfer,0.8891730291483735,0.8892,2000,100,0,0,10.0,0.900066536878681,budget_cv,0.287
db6bbe2e7a,main,electronics,clothing,logreg,random,1,100,target_only,0.8135215334700251,0.8148,0,100,0,0,0.01,0.7057902372418501,budget_cv,0.101
db6bbe2e7a,main,electronics,clothing,logreg,random,1,250,transfer,0.8947413751563071,0.8948,2000,250,0,0,10.0,0.8999364332545213,budget_cv,0.308
db6bbe2e7a,main,electronics,clothing,logreg,random,1,250,target_only,0.8607996436470877,0.8608,0,250,0,0,10.0,0.8556695070492163,budget_cv,0.136
db6bbe2e7a,main,electronics,clothing,logreg,random,1,500,transfer,0.9103903078156934,0.9104,2000,500,0,0,10.0,0.9017307442536587,budget_cv,0.332
db6bbe2e7a,main,electronics,clothing,logreg,random,1,500,target_only,0.8959997337593184,0.896,0,500,0,0,10.0,0.8595776500174965,budget_cv,0.137
db6bbe2e7a,main,electronics,clothing,logreg,random,1,1000,transfer,0.9199926265204601,0.92,2000,1000,0,0,10.0,0.9078687446129937,budget_cv,0.345
db6bbe2e7a,main,electronics,clothing,logreg,random,1,1000,target_only,0.9111888595305395,0.9112,0,1000,0,0,10.0,0.8817152949174561,budget_cv,0.166
db6bbe2e7a,main,electronics,clothing,logreg,random,1,2000,transfer,0.9259837874888115,0.926,2000,2000,0,0,10.0,0.9229954689449386,budget_cv,0.401
db6bbe2e7a,main,electronics,clothing,logreg,random,1,2000,target_only,0.9191594374393295,0.9192,0,2000,0,0,10.0,0.9124907484340654,budget_cv,0.219
db6bbe2e7a,main,electronics,clothing,logreg,uncertainty,1,0,source_only,0.8827770242967622,0.8828,2000,0,0,0,10.0,0.8939750723614575,source_val_fallback,0.083
db6bbe2e7a,main,electronics,clothing,logreg,uncertainty,1,50,transfer,0.8895230019514401,0.8896,2000,50,0,0,10.0,0.7169590643274854,budget_cv,0.285
db6bbe2e7a,main,electronics,clothing,logreg,uncertainty,1,50,target_only,0.6874813035993885,0.6916,0,50,0,0,0.01,0.5381642512077295,budget_cv,0.093
db6bbe2e7a,main,electronics,clothing,logreg,uncertainty,1,100,transfer,0.8987753659730632,0.8988,2000,100,0,0,10.0,0.6886468370339337,budget_cv,0.289
db6bbe2e7a,main,electronics,clothing,logreg,uncertainty,1,100,target_only,0.6902445771190152,0.6904,0,100,0,0,10.0,0.5613985923833122,budget_cv,0.107
db6bbe2e7a,main,electronics,clothing,logreg,uncertainty,1,250,transfer,0.9071914467637336,0.9072,2000,250,0,0,10.0,0.7334942991281018,budget_cv,0.298
db6bbe2e7a,main,electronics,clothing,logreg,uncertainty,1,250,target_only,0.7200451964802111,0.7204,0,250,0,0,10.0,0.64702326308272,budget_cv,0.119
db6bbe2e7a,main,electronics,clothing,logreg,uncertainty,1,500,transfer,0.9187890722575629,0.9188,2000,500,0,0,10.0,0.733540545349392,budget_cv,0.317
db6bbe2e7a,main,electronics,clothing,logreg,uncertainty,1,500,target_only,0.8043473772705907,0.8044,0,500,0,0,10.0,0.6188368073098739,budget_cv,0.131
db6bbe2e7a,main,electronics,clothing,logreg,uncertainty,1,1000,transfer,0.9255892848570194,0.9256,2000,1000,0,0,10.0,0.8334965537164337,budget_cv,0.34
db6bbe2e7a,main,electronics,clothing,logreg,uncertainty,1,1000,target_only,0.900787554790873,0.9008,0,1000,0,0,10.0,0.7401618328442464,budget_cv,0.165
db6bbe2e7a,main,electronics,clothing,logreg,uncertainty,1,2000,transfer,0.9259837874888115,0.926,2000,2000,0,0,10.0,0.9164647172482181,budget_cv,0.39
db6bbe2e7a,main,electronics,clothing,logreg,uncertainty,1,2000,target_only,0.9191594374393295,0.9192,0,2000,0,0,10.0,0.9079682464761184,budget_cv,0.22
db6bbe2e7a,main,electronics,clothing,logreg,self_training,1,0,uda_self_training,0.8963926894681689,0.8964,2000,0,0,1000,10.0,0.8939750723614575,source_val_fallback,0.164
db6bbe2e7a,main,electronics,clothing,logreg,self_training,1,50,transfer,0.8955926330161856,0.8956,2000,50,0,1000,10.0,0.9407651072124756,budget_cv,0.373
db6bbe2e7a,main,electronics,clothing,logreg,self_training,1,50,target_only,0.8455361388464013,0.846,0,50,0,1000,10.0,0.7254955570745043,budget_cv,0.136
db6bbe2e7a,main,electronics,clothing,logreg,self_training,1,100,transfer,0.8999792596992913,0.9,2000,100,0,1000,10.0,0.900066536878681,budget_cv,0.367
db6bbe2e7a,main,electronics,clothing,logreg,self_training,1,100,target_only,0.6267146723029673,0.6604,0,100,0,1000,0.01,0.7057902372418501,budget_cv,0.116
db6bbe2e7a,main,electronics,clothing,logreg,self_training,1,250,transfer,0.9007349456539838,0.9008,2000,250,0,1000,10.0,0.8999364332545213,budget_cv,0.387
db6bbe2e7a,main,electronics,clothing,logreg,self_training,1,250,target_only,0.8831963370371295,0.8832,0,250,0,1000,10.0,0.8556695070492163,budget_cv,0.163
db6bbe2e7a,main,electronics,clothing,logreg,self_training,1,500,transfer,0.9115896878211874,0.9116,2000,500,0,1000,10.0,0.9017307442536587,budget_cv,0.4
db6bbe2e7a,main,electronics,clothing,logreg,self_training,1,500,target_only,0.9015937019969278,0.9016,0,500,0,1000,10.0,0.8595776500174965,budget_cv,0.183
db6bbe2e7a,main,electronics,clothing,logreg,self_training,1,1000,transfer,0.9207900639056164,0.9208,2000,1000,0,1000,10.0,0.9078687446129937,budget_cv,0.442
db6bbe2e7a,main,electronics,clothing,logreg,self_training,1,1000,target_only,0.90999099909991,0.91,0,1000,0,1000,10.0,0.8817152949174561,budget_cv,0.215
db6bbe2e7a,main,electronics,clothing,logreg,self_training,1,2000,transfer,0.9275841380295939,0.9276,2000,2000,0,1000,10.0,0.9229954689449386,budget_cv,0.514
db6bbe2e7a,main,electronics,clothing,logreg,self_training,1,2000,target_only,0.9183590358298179,0.9184,0,2000,0,1000,10.0,0.9124907484340654,budget_cv,0.29
db6bbe2e7a,main,electronics,clothing,svm,random,1,0,source_only,0.885980133178405,0.886,2000,0,0,0,1.0,0.8953128146450038,source_val_fallback,0.044
db6bbe2e7a,main,electronics,clothing,svm,random,1,50,transfer,0.8895880578443365,0.8896,2000,50,0,0,1.0,0.9407651072124756,budget_cv,0.154
db6bbe2e7a,main,electronics,clothing,svm,random,1,50,target_only,0.7851900671887069,0.7852,0,50,0,0,10.0,0.752046783625731,budget_cv,0.038
db6bbe2e7a,main,electronics,clothing,svm,random,1,100,transfer,0.8919750419136837,0.892,2000,100,0,0,1.0,0.900066536878681,budget_cv,0.152
db6bbe2e7a,main,electronics,clothing,svm,random,1,100,target_only,0.8273506944027176,0.8276,0,100,0,0,10.0,0.6958338774977145,budget_cv,0.04
db6bbe2e7a,main,electronics,clothing,svm,random,1,250,transfer,0.888727076176643,0.8888,2000,250,0,0,0.1,0.8919961959700373,budget_cv,0.16
db6bbe2e7a,main,electronics,clothing,svm,random,1,250,target_only,0.8567991751632489,0.8568,0,250,0,0,10.0,0.8595606844901339,budget_cv,0.043
db6bbe2e7a,main,electronics,clothing,svm,random,1,500,transfer,0.9003826426716591,0.9004,2000,500,0,0,0.1,0.8917444471901953,budget_cv,0.167
db6bbe2e7a,main,electronics,clothing,svm,random,1,500,target_only,0.8891995567982272,0.8892,0,500,0,0,10.0,0.8636158532542847,budget_cv,0.051
db6bbe2e7a,main,electronics,clothing,svm,random,1,1000,transfer,0.9207927002552555,0.9208,2000,1000,0,0,1.0,0.9098705876059476,budget_cv,0.185
db6bbe2e7a,main,electronics,clothing,svm,random,1,1000,target_only,0.9099843156671619,0.91,0,1000,0,0,1.0,0.8797199855530499,budget_cv,0.065
db6bbe2e7a,main,electronics,clothing,svm,random,1,2000,transfer,0.9195691016660961,0.9196,2000,2000,0,0,0.1,0.9209955929748918,budget_cv,0.275
db6bbe2e7a,main,electronics,clothing,svm,random,1,2000,target_only,0.9219594313908142,0.922,0,2000,0,0,1.0,0.9124943860944202,budget_cv,0.153
db6bbe2e7a,main,electronics,clothing,svm,uncertainty,1,0,source_only,0.885980133178405,0.886,2000,0,0,0,1.0,0.8953128146450038,source_val_fallback,0.046
db6bbe2e7a,main,electronics,clothing,svm,uncertainty,1,50,transfer,0.8887999288319544,0.8888,2000,50,0,0,10.0,0.7171407024348201,budget_cv,0.158
db6bbe2e7a,main,electronics,clothing,svm,uncertainty,1,50,target_only,0.6867757452822888,0.6924,0,50,0,0,0.1,0.4543456271397448,budget_cv,0.038
db6bbe2e7a,main,electronics,clothing,svm,uncertainty,1,100,transfer,0.8983994147806291,0.8984,2000,100,0,0,1.0,0.639476793721276,budget_cv,0.161
db6bbe2e7a,main,electronics,clothing,svm,uncertainty,1,100,target_only,0.6837039863143515,0.6916,0,100,0,0,0.1,0.5482585405452919,budget_cv,0.04
db6bbe2e7a,main,electronics,clothing,svm,uncertainty,1,250,transfer,0.8995825032553673,0.8996,2000,250,0,0,10.0,0.6123017225312087,budget_cv,0.158
db6bbe2e7a,main,electronics,clothing,svm,uncertainty,1,250,target_only,0.7401405147123712,0.7404,0,250,0,0,0.1,0.5472058686141975,budget_cv,0.044
db6bbe2e7a,main,electronics,clothing,svm,uncertainty,1,500,transfer,0.9135920366420969,0.9136,2000,500,0,0,1.0,0.6791108576838437,budget_cv,0.163
db6bbe2e7a,main,electronics,clothing,svm,uncertainty,1,500,target_only,0.8431899641577061,0.8432,0,500,0,0,10.0,0.5187810418715869,budget_cv,0.05
db6bbe2e7a,main,electronics,clothing,svm,uncertainty,1,1000,transfer,0.9223856444487972,0.9224,2000,1000,0,0,10.0,0.8366558981142048,budget_cv,0.199
db6bbe2e7a,main,electronics,clothing,svm,uncertainty,1,1000,target_only,0.9047705017106098,0.9048,0,1000,0,0,10.0,0.7596900792946989,budget_cv,0.072
db6bbe2e7a,main,electronics,clothing,svm,uncertainty,1,2000,transfer,0.9283875222418754,0.9284,2000,2000,0,0,1.0,0.9199896647921134,budget_cv,0.302
db6bbe2e7a,main,electronics,clothing,svm,uncertainty,1,2000,target_only,0.9219594313908142,0.922,0,2000,0,0,1.0,0.9074954017344706,budget_cv,0.143
db6bbe2e7a,main,electronics,clothing,svm,self_training,1,0,uda_self_training,0.8915708368922906,0.8916,2000,0,0,1000,1.0,0.8953128146450038,source_val_fallback,0.075
db6bbe2e7a,main,electronics,clothing,svm,self_training,1,50,transfer,0.8935803166153612,0.8936,2000,50,0,1000,1.0,0.9407651072124756,budget_cv,0.189
db6bbe2e7a,main,electronics,clothing,svm,self_training,1,50,target_only,0.8495996149750144,0.8496,0,50,0,1000,10.0,0.752046783625731,budget_cv,0.052
db6bbe2e7a,main,electronics,clothing,svm,self_training,1,100,transfer,0.8955565348075255,0.8956,2000,100,0,1000,1.0,0.900066536878681,budget_cv,0.193
db6bbe2e7a,main,electronics,clothing,svm,self_training,1,100,target_only,0.8548982812901835,0.8552,0,100,0,1000,10.0,0.6958338774977145,budget_cv,0.066
db6bbe2e7a,main,electronics,clothing,svm,self_training,1,250,transfer,0.8930821508699749,0.8932,2000,250,0,1000,0.1,0.8919961959700373,budget_cv,0.199
db6bbe2e7a,main,electronics,clothing,svm,self_training,1,250,target_only,0.883997327298421,0.884,0,250,0,1000,10.0,0.8595606844901339,budget_cv,0.074
db6bbe2e7a,main,electronics,clothing,svm,self_training,1,500,transfer,0.9051692748450498,0.9052,2000,500,0,1000,0.1,0.8917444471901953,budget_cv,0.183
db6bbe2e7a,main,electronics,clothing,svm,self_training,1,500,target_only,0.8911982591721468,0.8912,0,500,0,1000,10.0,0.8636158532542847,budget_cv,0.096
db6bbe2e7a,main,electronics,clothing,svm,self_training,1,1000,transfer,0.9219880048756297,0.922,2000,1000,0,1000,1.0,0.9098705876059476,budget_cv,0.216
db6bbe2e7a,main,electronics,clothing,svm,self_training,1,1000,target_only,0.9111918154377108,0.9112,0,1000,0,1000,1.0,0.8797199855530499,budget_cv,0.086
db6bbe2e7a,main,electronics,clothing,svm,self_training,1,2000,transfer,0.9203525811126912,0.9204,2000,2000,0,1000,0.1,0.9209955929748918,budget_cv,0.309
db6bbe2e7a,main,electronics,clothing,svm,self_training,1,2000,target_only,0.9207512588542457,0.9208,0,2000,0,1000,1.0,0.9124943860944202,budget_cv,0.177
db6bbe2e7a,main,clothing,books,logreg,random,1,0,source_only,0.788491689646206,0.7932,2000,0,0,0,10.0,0.9079867500920132,source_val_fallback,0.079
db6bbe2e7a,main,clothing,books,logreg,random,1,50,transfer,0.7976336189310486,0.8016,2000,50,0,0,10.0,0.838483463560863,budget_cv,0.266
db6bbe2e7a,main,clothing,books,logreg,random,1,50,target_only,0.6728170275694303,0.6916,0,50,0,0,0.1,0.55505291005291,budget_cv,0.098
db6bbe2e7a,main,clothing,books,logreg,random,1,100,transfer,0.8040820981544615,0.8076,2000,100,0,0,10.0,0.8771744075970994,budget_cv,0.271
db6bbe2e7a,main,clothing,books,logreg,random,1,100,target_only,0.7726871586964545,0.7756,0,100,0,0,0.1,0.7280647941371187,budget_cv,0.105
db6bbe2e7a,main,clothing,books,logreg,random,1,250,transfer,0.7933773963908823,0.7988,2000,250,0,0,1.0,0.8068032043615426,budget_cv,0.269
db6bbe2e7a,main,clothing,books,logreg,random,1,250,target_only,0.8155744467718733,0.8176,0,250,0,0,0.01,0.747992590545782,budget_cv,0.111
db6bbe2e7a,main,clothing,books,logreg,random,1,500,transfer,0.8664767096772533,0.8672,2000,500,0,0,10.0,0.826415251536206,budget_cv,0.306
db6bbe2e7a,main,clothing,books,logreg,random,1,500,target_only,0.8620495838709656,0.8624,0,500,0,0,10.0,0.8102482567973617,budget_cv,0.146
db6bbe2e7a,main,clothing,books,logreg,random,1,1000,transfer,0.8894369681757933,0.8896,2000,1000,0,0,10.0,0.8633579433613147,budget_cv,0.376
db6bbe2e7a,main,clothing,books,logreg,random,1,1000,target_only,0.8911045901977477,0.8912,0,1000,0,0,10.0,0.8550667082175712,budget_cv,0.192
db6bbe2e7a,main,clothing,books,logreg,random,1,2000,transfer,0.9047897020541742,0.9048,2000,2000,0,0,10.0,0.8883877787597575,budget_cv,0.433
db6bbe2e7a,main,clothing,books,logreg,random,1,2000,target_only,0.9063999400959617,0.9064,0,2000,0,0,10.0,0.8894337883315981,budget_cv,0.278
db6bbe2e7a,main,clothing,books,logreg,uncertainty,1,0,source_only,0.788491689646206,0.7932,2000,0,0,0,10.0,0.9079867500920132,source_val_fallback,0.076
db6bbe2e7a,main,clothing,books,logreg,uncertainty,1,50,transfer,0.775122145264023,0.7812,2000,50,0,0,1.0,0.7644966144966144,budget_cv,0.263
db6bbe2e7a,main,clothing,books,logreg,uncertainty,1,50,target_only,0.7119422018731801,0.7164,0,50,0,0,0.01,0.7095489792858215,budget_cv,0.101
db6bbe2e7a,main,clothing,books,logreg,uncertainty,1,100,transfer,0.8223101422147425,0.8236,2000,100,0,0,1.0,0.6909445626836931,budget_cv,0.264
db6bbe2e7a,main,clothing,books,logreg,uncertainty,1,100,target_only,0.7251776970564048,0.7256,0,100,0,0,0.01,0.6145855693734803,budget_cv,0.11
db6bbe2e7a,main,clothing,books,logreg,uncertainty,1,250,transfer,0.8647719591134417,0.8648,2000,250,0,0,10.0,0.6592619366395359,budget_cv,0.286
db6bbe2e7a,main,clothing,books,logreg,uncertainty,1,250,target_only,0.6157667116691179,0.6404,0,250,0,0,0.1,0.6362631896829305,budget_cv,0.119
db6bbe2e7a,main,clothing,books,logreg,uncertainty,1,500,transfer,0.8855578120318275,0.8856,2000,500,0,0,10.0,0.682972033049786,budget_cv,0.318
db6bbe2e7a,main,clothing,books,logreg,uncertainty,1,500,target_only,0.6674109972917635,0.6764,0,500,0,0,0.1,0.6231107195382658,budget_cv,0.145
db6bbe2e7a,main,clothing,books,logreg,uncertainty,1,1000,transfer,0.8991968388128652,0.8992,2000,1000,0,0,10.0,0.7549089009854453,budget_cv,0.369
db6bbe2e7a,main,clothing,books,logreg,uncertainty,1,1000,target_only,0.8537219312424146,0.854,0,1000,0,0,10.0,0.7024371055089417,budget_cv,0.185
db6bbe2e7a,main,clothing,books,logreg,uncertainty,1,2000,transfer,0.9047897020541742,0.9048,2000,2000,0,0,10.0,0.8853805724041948,budget_cv,0.424
db6bbe2e7a,main,clothing,books,logreg,uncertainty,1,2000,target_only,0.9063999400959617,0.9064,0,2000,0,0,10.0,0.88048777935972,budget_cv,0.271
db6bbe2e7a,main,clothing,books,logreg,self_training,1,0,uda_self_training,0.7213074337869729,0.7372,2000,0,0,1000,10.0,0.9079867500920132,source_val_fallback,0.154
db6bbe2e7a,main,clothing,books,logreg,self_training,1,50,transfer,0.7529528199244262,0.7636,2000,50,0,1000,10.0,0.838483463560863,budget_cv,0.342
db6bbe2e7a,main,clothing,books,logreg,self_training,1,50,target_only,0.5761982800993046,0.626,0,50,0,1000,0.1,0.55505291005291,budget_cv,0.135
db6bbe2e7a,main,clothing,books,logreg,self_training,1,100,transfer,0.779429449785314,0.7868,2000,100,0,1000,10.0,0.8771744075970994,budget_cv,0.348
db6bbe2e7a,main,clothing,books,logreg,self_training,1,100,target_only,0.5415754247865644,0.6068,0,100,0,1000,0.1,0.7280647941371187,budget_cv,0.133
db6bbe2e7a,main,clothing,books,logreg,self_training,1,250,transfer,0.7480622592233945,0.7596,2000,250,0,1000,1.0,0.8068032043615426,budget_cv,0.321
db6bbe2e7a,main,clothing,books,logreg,self_training,1,250,target_only,0.5697321386987099,0.6216,0,250,0,1000,0.01,0.747992590545782,budget_cv,0.137
db6bbe2e7a,main,clothing,books,logreg,self_training,1,500,transfer,0.8754102619503261,0.876,2000,500,0,1000,10.0,0.826415251536206,budget_cv,0.389
db6bbe2e7a,main,clothing,books,logreg,self_training,1,500,target_only,0.8466671227749629,0.8476,0,500,0,1000,10.0,0.8102482567973617,budget_cv,0.2
db6bbe2e7a,main,clothing,books,logreg,self_training,1,1000,transfer,0.8930254003374147,0.8932,2000,1000,0,1000,10.0,0.8633579433613147,budget_cv,0.47
db6bbe2e7a,main,clothing,books,logreg,self_training,1,1000,target_only,0.8761286921065996,0.8764,0,1000,0,1000,10.0,0.8550667082175712,budget_cv,0.265
db6bbe2e7a,main,clothing,books,logreg,self_training,1,2000,transfer,0.9051854213103807,0.9052,2000,2000,0,1000,10.0,0.8883877787597575,budget_cv,0.583
db6bbe2e7a,main,clothing,books,logreg,self_training,1,2000,target_only,0.9075992755783205,0.9076,0,2000,0,1000,10.0,0.8894337883315981,budget_cv,0.363
db6bbe2e7a,main,clothing,books,svm,random,1,0,source_only,0.7964095107052765,0.8,2000,0,0,0,1.0,0.9099967598833558,source_val_fallback,0.055
db6bbe2e7a,main,clothing,books,svm,random,1,50,transfer,0.7509161952123926,0.7608,2000,50,0,0,0.1,0.8527501909854851,budget_cv,0.189
db6bbe2e7a,main,clothing,books,svm,random,1,50,target_only,0.676079263404245,0.6928,0,50,0,0,0.01,0.5987037037037036,budget_cv,0.039
db6bbe2e7a,main,clothing,books,svm,random,1,100,transfer,0.7617634089846572,0.7704,2000,100,0,0,0.1,0.8760881603656321,budget_cv,0.185
db6bbe2e7a,main,clothing,books,svm,random,1,100,target_only,0.7201936612244124,0.7332,0,100,0,0,0.1,0.7177866753604879,budget_cv,0.041
db6bbe2e7a,main,clothing,books,svm,random,1,250,transfer,0.7857195603097242,0.792,2000,250,0,0,0.1,0.8068032043615426,budget_cv,0.2
db6bbe2e7a,main,clothing,books,svm,random,1,250,target_only,0.815704682915654,0.818,0,250,0,0,0.01,0.7350417299319085,budget_cv,0.046
db6bbe2e7a,main,clothing,books,svm,random,1,500,transfer,0.8633005954962798,0.8636,2000,500,0,0,10.0,0.8344530054646991,budget_cv,0.269
db6bbe2e7a,main,clothing,books,svm,random,1,500,target_only,0.8624337215295959,0.8628,0,500,0,0,1.0,0.8059992886281769,budget_cv,0.056
db6bbe2e7a,main,clothing,books,svm,random,1,1000,transfer,0.8882708410923027,0.8884,2000,1000,0,0,1.0,0.8716742736103485,budget_cv,0.272
db6bbe2e7a,main,clothing,books,svm,random,1,1000,target_only,0.8879551820728291,0.888,0,1000,0,0,10.0,0.8642809521916911,budget_cv,0.083
db6bbe2e7a,main,clothing,books,svm,random,1,2000,transfer,0.905993366891968,0.906,2000,2000,0,0,1.0,0.8893976389947312,budget_cv,0.368
db6bbe2e7a,main,clothing,books,svm,random,1,2000,target_only,0.9035987506398082,0.9036,0,2000,0,0,1.0,0.8944310288231881,budget_cv,0.133
db6bbe2e7a,main,clothing,books,svm,uncertainty,1,0,source_only,0.7964095107052765,0.8,2000,0,0,0,1.0,0.9099967598833558,source_val_fallback,0.056
db6bbe2e7a,main,clothing,books,svm,uncertainty,1,50,transfer,0.8249182737777047,0.8256,2000,50,0,0,1.0,0.8302290302290302,budget_cv,0.195
db6bbe2e7a,main,clothing,books,svm,uncertainty,1,50,target_only,0.6042723710937168,0.6424,0,50,0,0,0.01,0.6472543157325766,budget_cv,0.038
db6bbe2e7a,main,clothing,books,svm,uncertainty,1,100,transfer,0.836517083003162,0.8368,2000,100,0,0,1.0,0.6035245618578952,budget_cv,0.2
db6bbe2e7a,main,clothing,books,svm,uncertainty,1,100,target_only,0.6608096187233756,0.674,0,100,0,0,0.01,0.5228164311654128,budget_cv,0.042
db6bbe2e7a,main,clothing,books,svm,uncertainty,1,250,transfer,0.868357347780681,0.8684,2000,250,0,0,1.0,0.6479072824432484,budget_cv,0.22
db6bbe2e7a,main,clothing,books,svm,uncertainty,1,250,target_only,0.6453417699582775,0.6588,0,250,0,0,0.01,0.6210390631381196,budget_cv,0.049
db6bbe2e7a,main,clothing,books,svm,uncertainty,1,500,transfer,0.8831925243215566,0.8832,2000,500,0,0,1.0,0.6324264876248936,budget_cv,0.259
db6bbe2e7a,main,clothing,books,svm,uncertainty,1,500,target_only,0.7731544494134422,0.776,0,500,0,0,10.0,0.6267037314102599,budget_cv,0.061
db6bbe2e7a,main,clothing,books,svm,uncertainty,1,1000,transfer,0.9011901190119012,0.9012,2000,1000,0,0,1.0,0.759622278408718,budget_cv,0.335
db6bbe2e7a,main,clothing,books,svm,uncertainty,1,1000,target_only,0.8771528070223458,0.8772,0,1000,0,0,10.0,0.6842191675320128,budget_cv,0.103
db6bbe2e7a,main,clothing,books,svm,uncertainty,1,2000,transfer,0.905993366891968,0.906,2000,2000,0,0,1.0,0.88490131324065,budget_cv,0.375
db6bbe2e7a,main,clothing,books,svm,uncertainty,1,2000,target_only,0.9035987506398082,0.9036,0,2000,0,0,1.0,0.8829663898132702,budget_cv,0.138
db6bbe2e7a,main,clothing,books,svm,self_training,1,0,uda_self_training,0.7698302251151636,0.778,2000,0,0,1000,1.0,0.9099967598833558,source_val_fallback,0.079
db6bbe2e7a,main,clothing,books,svm,self_training,1,50,transfer,0.662070119924836,0.6912,2000,50,0,1000,0.1,0.8527501909854851,budget_cv,0.2
db6bbe2e7a,main,clothing,books,svm,self_training,1,50,target_only,0.5685940868508024,0.6212,0,50,0,1000,0.01,0.5987037037037036,budget_cv,0.054
db6bbe2e7a,main,clothing,books,svm,self_training,1,100,transfer,0.6808649392672104,0.7056,2000,100,0,1000,0.1,0.8760881603656321,budget_cv,0.207
db6bbe2e7a,main,clothing,books,svm,self_training,1,100,target_only,0.5681512717598645,0.626,0,100,0,1000,0.1,0.7177866753604879,budget_cv,0.053
db6bbe2e7a,main,clothing,books,svm,self_training,1,250,transfer,0.7426536878903927,0.7552,2000,250,0,1000,0.1,0.8068032043615426,budget_cv,0.233
db6bbe2e7a,main,clothing,books,svm,self_training,1,250,target_only,0.6106831378372811,0.648,0,250,0,1000,0.01,0.7350417299319085,budget_cv,0.061
db6bbe2e7a,main,clothing,books,svm,self_training,1,500,transfer,0.8660810801274588,0.8664,2000,500,0,1000,10.0,0.8344530054646991,budget_cv,0.371
db6bbe2e7a,main,clothing,books,svm,self_training,1,500,target_only,0.863916610025468,0.8644,0,500,0,1000,1.0,0.8059992886281769,budget_cv,0.077
db6bbe2e7a,main,clothing,books,svm,self_training,1,1000,transfer,0.8882708410923027,0.8884,2000,1000,0,1000,1.0,0.8716742736103485,budget_cv,0.332
db6bbe2e7a,main,clothing,books,svm,self_training,1,1000,target_only,0.8891423717705411,0.8892,0,1000,0,1000,10.0,0.8642809521916911,budget_cv,0.116
db6bbe2e7a,main,clothing,books,svm,self_training,1,2000,transfer,0.9047912255593475,0.9048,2000,2000,0,1000,1.0,0.8893976389947312,budget_cv,0.437
db6bbe2e7a,main,clothing,books,svm,self_training,1,2000,target_only,0.9051998634878033,0.9052,0,2000,0,1000,1.0,0.8944310288231881,budget_cv,0.175
db6bbe2e7a,main,clothing,music,logreg,random,1,0,source_only,0.8158457912040196,0.8176,2000,0,0,0,10.0,0.910653800813984,source_val_fallback,0.08
db6bbe2e7a,main,clothing,music,logreg,random,1,50,transfer,0.8275354975363707,0.8284,2000,50,0,0,10.0,0.8450690004869571,budget_cv,0.262
db6bbe2e7a,main,clothing,music,logreg,random,1,50,target_only,0.736349910262069,0.7388,0,50,0,0,0.1,0.7470326514444161,budget_cv,0.09
db6bbe2e7a,main,clothing,music,logreg,random,1,100,transfer,0.8375579001544005,0.8384,2000,100,0,0,10.0,0.843476970560304,budget_cv,0.267
db6bbe2e7a,main,clothing,music,logreg,random,1,100,target_only,0.7368978889484643,0.7468,0,100,0,0,0.01,0.8133555041449778,budget_cv,0.099
db6bbe2e7a,main,clothing,music,logreg,random,1,250,transfer,0.8461538461538461,0.8464,2000,250,0,0,10.0,0.8597840849867936,budget_cv,0.272
db6bbe2e7a,main,clothing,music,logreg,random,1,250,target_only,0.824629287133267,0.8248,0,250,0,0,10.0,0.8195055912874555,budget_cv,0.123
db6bbe2e7a,main,clothing,music,logreg,random,1,500,transfer,0.8599770586412878,0.86,2000,500,0,0,10.0,0.8655567007190722,budget_cv,0.289
db6bbe2e7a,main,clothing,music,logreg,random,1,500,target_only,0.8599346511108222,0.86,0,500,0,0,10.0,0.8435731581715773,budget_cv,0.138
db6bbe2e7a,main,clothing,music,logreg,random,1,1000,transfer,0.879894768600457,0.88,2000,1000,0,0,10.0,0.880724267293696,budget_cv,0.329
db6bbe2e7a,main,clothing,music,logreg,random,1,1000,target_only,0.8866689893516906,0.8868,0,1000,0,0,10.0,0.8726603412880506,budget_cv,0.176
db6bbe2e7a,main,clothing,music,logreg,random,1,2000,transfer,0.8963461165652353,0.8964,2000,2000,0,0,10.0,0.8904864293022587,budget_cv,0.381
db6bbe2e7a,main,clothing,music,logreg,random,1,2000,target_only,0.9011411433911294,0.9012,0,2000,0,0,10.0,0.8904830975506268,budget_cv,0.233
db6bbe2e7a,main,clothing,music,logreg,uncertainty,1,0,source_only,0.8158457912040196,0.8176,2000,0,0,0,10.0,0.910653800813984,source_val_fallback,0.076
db6bbe2e7a,main,clothing,music,logreg,uncertainty,1,50,transfer,0.8316345338354973,0.8328,2000,50,0,0,10.0,0.6940476190476191,budget_cv,0.261
db6bbe2e7a,main,clothing,music,logreg,uncertainty,1,50,target_only,0.6974691130370643,0.6976,0,50,0,0,0.1,0.7545634920634919,budget_cv,0.097
db6bbe2e7a,main,clothing,music,logreg,uncertainty,1,100,transfer,0.8298479927131498,0.8308,2000,100,0,0,1.0,0.6833333333333332,budget_cv,0.252
db6bbe2e7a,main,clothing,music,logreg,uncertainty,1,100,target_only,0.5917164686620471,0.62,0,100,0,0,0.1,0.6684068409519593,budget_cv,0.107
db6bbe2e7a,main,clothing,music,logreg,uncertainty,1,250,transfer,0.8511084257261585,0.8512,2000,250,0,0,1.0,0.599116308832972,budget_cv,0.264
db6bbe2e7a,main,clothing,music,logreg,uncertainty,1,250,target_only,0.6875172234601243,0.6952,0,250,0,0,0.1,0.6539981426906413,budget_cv,0.117
db6bbe2e7a,main,clothing,music,logreg,uncertainty,1,500,transfer,0.8831730082918356,0.8832,2000,500,0,0,10.0,0.6564816739272342,budget_cv,0.295
db6bbe2e7a,main,clothing,music,logreg,uncertainty,1,500,target_only,0.7073825140794029,0.7088,0,500,0,0,0.1,0.6521218502092997,budget_cv,0.125
db6bbe2e7a,main,clothing,music,logreg,uncertainty,1,1000,transfer,0.8903772686304232,0.8904,2000,1000,0,0,10.0,0.7687840873701006,budget_cv,0.338
db6bbe2e7a,main,clothing,music,logreg,uncertainty,1,1000,target_only,0.8775987466111652,0.8776,0,1000,0,0,10.0,0.7290018008706621,budget_cv,0.166
db6bbe2e7a,main,clothing,music,logreg,uncertainty,1,2000,transfer,0.8963461165652353,0.8964,2000,2000,0,0,10.0,0.8885052499354481,budget_cv,0.373
db6bbe2e7a,main,clothing,music,logreg,uncertainty,1,2000,target_only,0.9011411433911294,0.9012,0,2000,0,0,10.0,0.8844688024495024,budget_cv,0.231
db6bbe2e7a,main,clothing,music,logreg,self_training,1,0,uda_self_training,0.802541366354753,0.8072,2000,0,0,1000,10.0,0.910653800813984,source_val_fallback,0.151
db6bbe2e7a,main,clothing,music,logreg,self_training,1,50,transfer,0.8311919752703513,0.8328,2000,50,0,1000,10.0,0.8450690004869571,budget_cv,0.335
db6bbe2e7a,main,clothing,music,logreg,self_training,1,50,target_only,0.580912443609542,0.6312,0,50,0,1000,0.1,0.7470326514444161,budget_cv,0.117
db6bbe2e7a,main,clothing,music,logreg,self_training,1,100,transfer,0.837754168991383,0.8392,2000,100,0,1000,10.0,0.843476970560304,budget_cv,0.34
db6bbe2e7a,main,clothing,music,logreg,self_training,1,100,target_only,0.4443934753998785,0.5504,0,100,0,1000,0.01,0.8133555041449778,budget_cv,0.121
db6bbe2e7a,main,clothing,music,logreg,self_training,1,250,transfer,0.851327656053465,0.8516,2000,250,0,1000,10.0,0.8597840849867936,budget_cv,0.35
db6bbe2e7a,main,clothing,music,logreg,self_training,1,250,target_only,0.8215829995885914,0.8232,0,250,0,1000,10.0,0.8195055912874555,budget_cv,0.166
db6bbe2e7a,main,clothing,music,logreg,self_training,1,500,transfer,0.8623309231640067,0.8624,2000,500,0,1000,10.0,0.8655567007190722,budget_cv,0.387
db6bbe2e7a,main,clothing,music,logreg,self_training,1,500,target_only,0.85357301892318,0.854,0,500,0,1000,10.0,0.8435731581715773,budget_cv,0.187
db6bbe2e7a,main,clothing,music,logreg,self_training,1,1000,transfer,0.8790882582047024,0.8792,2000,1000,0,1000,10.0,0.880724267293696,budget_cv,0.434
db6bbe2e7a,main,clothing,music,logreg,self_training,1,1000,target_only,0.8773267035231771,0.8776,0,1000,0,1000,10.0,0.8726603412880506,budget_cv,0.232
db6bbe2e7a,main,clothing,music,logreg,self_training,1,2000,transfer,0.8963382839607388,0.8964,2000,2000,0,1000,10.0,0.8904864293022587,budget_cv,0.51
db6bbe2e7a,main,clothing,music,logreg,self_training,1,2000,target_only,0.9015227938703945,0.9016,0,2000,0,1000,10.0,0.8904830975506268,budget_cv,0.312
db6bbe2e7a,main,clothing,music,svm,random,1,0,source_only,0.8252132398473861,0.8264,2000,0,0,0,1.0,0.9119899864162322,source_val_fallback,0.06
db6bbe2e7a,main,clothing,music,svm,random,1,50,transfer,0.8350902044544424,0.8356,2000,50,0,0,1.0,0.8253249917723601,budget_cv,0.186
db6bbe2e7a,main,clothing,music,svm,random,1,50,target_only,0.7344370834158587,0.7372,0,50,0,0,0.01,0.7470326514444161,budget_cv,0.039
db6bbe2e7a,main,clothing,music,svm,random,1,100,transfer,0.8398906987169908,0.8404,2000,100,0,0,1.0,0.8355872319688108,budget_cv,0.201
db6bbe2e7a,main,clothing,music,svm,random,1,100,target_only,0.7669617836745077,0.7696,0,100,0,0,10.0,0.8156572712316912,budget_cv,0.04
db6bbe2e7a,main,clothing,music,svm,random,1,250,transfer,0.8487128586065573,0.8488,2000,250,0,0,1.0,0.8517368913605394,budget_cv,0.207
db6bbe2e7a,main,clothing,music,svm,random,1,250,target_only,0.8258515140349267,0.826,0,250,0,0,1.0,0.819349593495935,budget_cv,0.044
db6bbe2e7a,main,clothing,music,svm,random,1,500,transfer,0.8599956094623127,0.86,2000,500,0,0,1.0,0.8636052284748513,budget_cv,0.234
db6bbe2e7a,main,clothing,music,svm,random,1,500,target_only,0.8575383653984059,0.8576,0,500,0,0,1.0,0.8415950962095624,budget_cv,0.052
db6bbe2e7a,main,clothing,music,svm,random,1,1000,transfer,0.8807168644258303,0.8808,2000,1000,0,0,1.0,0.8797714365997761,budget_cv,0.253
db6bbe2e7a,main,clothing,music,svm,random,1,1000,target_only,0.8810986199272948,0.8812,0,1000,0,0,1.0,0.8766626395752194,budget_cv,0.066
db6bbe2e7a,main,clothing,music,svm,random,1,2000,transfer,0.8947858423829511,0.8948,2000,2000,0,0,10.0,0.8934924677375923,budget_cv,0.363
db6bbe2e7a,main,clothing,music,svm,random,1,2000,target_only,0.8983655906543719,0.8984,0,2000,0,0,10.0,0.8970031340840571,budget_cv,0.112
db6bbe2e7a,main,clothing,music,svm,uncertainty,1,0,source_only,0.8252132398473861,0.8264,2000,0,0,0,1.0,0.9119899864162322,source_val_fallback,0.062
db6bbe2e7a,main,clothing,music,svm,uncertainty,1,50,transfer,0.8396782277903043,0.84,2000,50,0,0,1.0,0.7308625470390177,budget_cv,0.191
db6bbe2e7a,main,clothing,music,svm,uncertainty,1,50,target_only,0.6907240397488112,0.6948,0,50,0,0,0.01,0.5255245958032336,budget_cv,0.039
db6bbe2e7a,main,clothing,music,svm,uncertainty,1,100,transfer,0.8507277522320803,0.8508,2000,100,0,0,10.0,0.6251666253890948,budget_cv,0.22
db6bbe2e7a,main,clothing,music,svm,uncertainty,1,100,target_only,0.6448813903843884,0.6592,0,100,0,0,0.1,0.6355895312417051,budget_cv,0.039
db6bbe2e7a,main,clothing,music,svm,uncertainty,1,250,transfer,0.8639651750848217,0.864,2000,250,0,0,1.0,0.5771787861261545,budget_cv,0.202
db6bbe2e7a,main,clothing,music,svm,uncertainty,1,250,target_only,0.724793659245909,0.7248,0,250,0,0,0.01,0.5751476121511124,budget_cv,0.044
db6bbe2e7a,main,clothing,music,svm,uncertainty,1,500,transfer,0.8779896730459267,0.878,2000,500,0,0,10.0,0.5932401012549259,budget_cv,0.245
db6bbe2e7a,main,clothing,music,svm,uncertainty,1,500,target_only,0.784225965294568,0.7844,0,500,0,0,10.0,0.6048264228967754,budget_cv,0.054
db6bbe2e7a,main,clothing,music,svm,uncertainty,1,1000,transfer,0.8903862500512064,0.8904,2000,1000,0,0,10.0,0.7497997399106312,budget_cv,0.311
db6bbe2e7a,main,clothing,music,svm,uncertainty,1,1000,target_only,0.8823999247359517,0.8824,0,1000,0,0,10.0,0.6820748669802388,budget_cv,0.071
db6bbe2e7a,main,clothing,music,svm,uncertainty,1,2000,transfer,0.8975622373431742,0.8976,2000,2000,0,0,1.0,0.8864970049207613,budget_cv,0.321
db6bbe2e7a,main,clothing,music,svm,uncertainty,1,2000,target_only,0.9031514052490978,0.9032,0,2000,0,0,1.0,0.8939982833595278,budget_cv,0.105
db6bbe2e7a,main,clothing,music,svm,self_training,1,0,uda_self_training,0.8227632233202808,0.8248,2000,0,0,1000,1.0,0.9119899864162322,source_val_fallback,0.086
db6bbe2e7a,main,clothing,music,svm,self_training,1,50,transfer,0.8409320673882459,0.8416,2000,50,0,1000,1.0,0.8253249917723601,budget_cv,0.216
db6bbe2e7a,main,clothing,music,svm,self_training,1,50,target_only,0.5664630512624376,0.6224,0,50,0,1000,0.01,0.7470326514444161,budget_cv,0.05
db6bbe2e7a,main,clothing,music,svm,self_training,1,100,transfer,0.8439912506433351,0.8448,2000,100,0,1000,1.0,0.8355872319688108,budget_cv,0.222
db6bbe2e7a,main,clothing,music,svm,self_training,1,100,target_only,0.7679706143201801,0.774,0,100,0,1000,10.0,0.8156572712316912,budget_cv,0.054
db6bbe2e7a,main,clothing,music,svm,self_training,1,250,transfer,0.8522448925984542,0.8524,2000,250,0,1000,1.0,0.8517368913605394,budget_cv,0.242
db6bbe2e7a,main,clothing,music,svm,self_training,1,250,target_only,0.8301128131245764,0.8308,0,250,0,1000,1.0,0.819349593495935,budget_cv,0.058
db6bbe2e7a,main,clothing,music,svm,self_training,1,500,transfer,0.8603919362382371,0.8604,2000,500,0,1000,1.0,0.8636052284748513,budget_cv,0.253
db6bbe2e7a,main,clothing,music,svm,self_training,1,500,target_only,0.8586043310174352,0.8588,0,500,0,1000,1.0,0.8415950962095624,budget_cv,0.065
db6bbe2e7a,main,clothing,music,svm,self_training,1,1000,transfer,0.8807117457779964,0.8808,2000,1000,0,1000,1.0,0.8797714365997761,budget_cv,0.298
db6bbe2e7a,main,clothing,music,svm,self_training,1,1000,target_only,0.8838560930535371,0.884,0,1000,0,1000,1.0,0.8766626395752194,budget_cv,0.084
db6bbe2e7a,main,clothing,music,svm,self_training,1,2000,transfer,0.8947858423829511,0.8948,2000,2000,0,1000,10.0,0.8934924677375923,budget_cv,0.467
db6bbe2e7a,main,clothing,music,svm,self_training,1,2000,target_only,0.8983655906543719,0.8984,0,2000,0,1000,10.0,0.8970031340840571,budget_cv,0.15
db6bbe2e7a,main,clothing,electronics,logreg,random,1,0,source_only,0.8595098318159591,0.8604,2000,0,0,0,10.0,0.9133208515359545,source_val_fallback,0.076
db6bbe2e7a,main,clothing,electronics,logreg,random,1,50,transfer,0.8702068765763034,0.8708,2000,50,0,0,10.0,0.8768518518518519,budget_cv,0.261
db6bbe2e7a,main,clothing,electronics,logreg,random,1,50,target_only,0.7643482794999172,0.7668,0,50,0,0,0.1,0.8510270774976657,budget_cv,0.092
db6bbe2e7a,main,clothing,electronics,logreg,random,1,100,transfer,0.8569812257845043,0.858,2000,100,0,0,1.0,0.8789430402333629,budget_cv,0.25
db6bbe2e7a,main,clothing,electronics,logreg,random,1,100,target_only,0.8107640002565912,0.8112,0,100,0,0,1.0,0.818124980551068,budget_cv,0.101
db6bbe2e7a,main,clothing,electronics,logreg,random,1,250,transfer,0.8696470815429923,0.8704,2000,250,0,0,1.0,0.8638065684556434,budget_cv,0.257
db6bbe2e7a,main,clothing,electronics,logreg,random,1,250,target_only,0.8469551282051282,0.8472,0,250,0,0,0.01,0.8474760023428728,budget_cv,0.108
db6bbe2e7a,main,clothing,electronics,logreg,random,1,500,transfer,0.8982436371025172,0.8984,2000,500,0,0,10.0,0.8779480949647557,budget_cv,0.284
db6bbe2e7a,main,clothing,electronics,logreg,random,1,500,target_only,0.8747966145004561,0.8748,0,500,0,0,10.0,0.8678388658800896,budget_cv,0.136
db6bbe2e7a,main,clothing,electronics,logreg,random,1,1000,transfer,0.908750886076922,0.9088,2000,1000,0,0,10.0,0.8778329256902501,budget_cv,0.319
db6bbe2e7a,main,clothing,electronics,logreg,random,1,1000,target_only,0.8915908242473642,0.8916,0,1000,0,0,0.01,0.8687539036985088,budget_cv,0.148
db6bbe2e7a,main,clothing,electronics,logreg,random,1,2000,transfer,0.9223939901906004,0.9224,2000,2000,0,0,10.0,0.888983398078778,budget_cv,0.386
db6bbe2e7a,main,clothing,electronics,logreg,random,1,2000,target_only,0.917595728162548,0.9176,0,2000,0,0,10.0,0.877494754087447,budget_cv,0.222
db6bbe2e7a,main,clothing,electronics,logreg,uncertainty,1,0,source_only,0.8595098318159591,0.8604,2000,0,0,0,10.0,0.9133208515359545,source_val_fallback,0.075
db6bbe2e7a,main,clothing,electronics,logreg,uncertainty,1,50,transfer,0.8702884383547209,0.8708,2000,50,0,0,10.0,0.8100478468899522,budget_cv,0.267
db6bbe2e7a,main,clothing,electronics,logreg,uncertainty,1,50,target_only,0.6878181737032854,0.69,0,50,0,0,0.01,0.6054741554741555,budget_cv,0.094
db6bbe2e7a,main,clothing,electronics,logreg,uncertainty,1,100,transfer,0.8927158892571776,0.8928,2000,100,0,0,10.0,0.7367676461773104,budget_cv,0.268
db6bbe2e7a,main,clothing,electronics,logreg,uncertainty,1,100,target_only,0.6855927560570996,0.6856,0,100,0,0,0.01,0.5512662860488948,budget_cv,0.107
db6bbe2e7a,main,clothing,electronics,logreg,uncertainty,1,250,transfer,0.907173800733519,0.9072,2000,250,0,0,10.0,0.6884775600087935,budget_cv,0.283
db6bbe2e7a,main,clothing,electronics,logreg,uncertainty,1,250,target_only,0.7026808795638485,0.7036,0,250,0,0,0.01,0.5539371888448427,budget_cv,0.117
db6bbe2e7a,main,clothing,electronics,logreg,uncertainty,1,500,transfer,0.9123949399317304,0.9124,2000,500,0,0,10.0,0.6432425506137176,budget_cv,0.301
db6bbe2e7a,main,clothing,electronics,logreg,uncertainty,1,500,target_only,0.720096103818082,0.7212,0,500,0,0,0.01,0.5557736935088243,budget_cv,0.132
db6bbe2e7a,main,clothing,electronics,logreg,uncertainty,1,1000,transfer,0.9231916924134514,0.9232,2000,1000,0,0,10.0,0.7837700280890765,budget_cv,0.339
db6bbe2e7a,main,clothing,electronics,logreg,uncertainty,1,1000,target_only,0.8967680228627619,0.8968,0,1000,0,0,10.0,0.7075984278029116,budget_cv,0.169
db6bbe2e7a,main,clothing,electronics,logreg,uncertainty,1,2000,transfer,0.9223939901906004,0.9224,2000,2000,0,0,10.0,0.8969642897091242,budget_cv,0.384
db6bbe2e7a,main,clothing,electronics,logreg,uncertainty,1,2000,target_only,0.9143964936803811,0.9144,0,2000,0,0,1.0,0.8879788745757873,budget_cv,0.212
db6bbe2e7a,main,clothing,electronics,logreg,self_training,1,0,uda_self_training,0.8638207294180746,0.8648,2000,0,0,1000,10.0,0.9133208515359545,source_val_fallback,0.15
db6bbe2e7a,main,clothing,electronics,logreg,self_training,1,50,transfer,0.8729265309457677,0.8736,2000,50,0,1000,10.0,0.8768518518518519,budget_cv,0.336
db6bbe2e7a,main,clothing,electronics,logreg,self_training,1,50,target_only,0.5759329839142717,0.628,0,50,0,1000,0.1,0.8510270774976657,budget_cv,0.115
db6bbe2e7a,main,clothing,electronics,logreg,self_training,1,100,transfer,0.866703715784938,0.8676,2000,100,0,1000,1.0,0.8789430402333629,budget_cv,0.302
db6bbe2e7a,main,clothing,electronics,logreg,self_training,1,100,target_only,0.820546500055866,0.8232,0,100,0,1000,1.0,0.818124980551068,budget_cv,0.131
db6bbe2e7a,main,clothing,electronics,logreg,self_training,1,250,transfer,0.8765384634564308,0.8772,2000,250,0,1000,1.0,0.8638065684556434,budget_cv,0.311
db6bbe2e7a,main,clothing,electronics,logreg,self_training,1,250,target_only,0.7518067723631183,0.7596,0,250,0,1000,0.01,0.8474760023428728,budget_cv,0.127
db6bbe2e7a,main,clothing,electronics,logreg,self_training,1,500,transfer,0.8970513421380474,0.8972,2000,500,0,1000,10.0,0.8779480949647557,budget_cv,0.369
db6bbe2e7a,main,clothing,electronics,logreg,self_training,1,500,target_only,0.8727816805620009,0.8728,0,500,0,1000,10.0,0.8678388658800896,budget_cv,0.184
db6bbe2e7a,main,clothing,electronics,logreg,self_training,1,1000,transfer,0.9095546181251905,0.9096,2000,1000,0,1000,10.0,0.8778329256902501,budget_cv,0.415
db6bbe2e7a,main,clothing,electronics,logreg,self_training,1,1000,target_only,0.8383696494939565,0.8388,0,1000,0,1000,0.01,0.8687539036985088,budget_cv,0.168
db6bbe2e7a,main,clothing,electronics,logreg,self_training,1,2000,transfer,0.9215949820788532,0.9216,2000,2000,0,1000,10.0,0.888983398078778,budget_cv,0.511
db6bbe2e7a,main,clothing,electronics,logreg,self_training,1,2000,target_only,0.9179962081446646,0.918,0,2000,0,1000,10.0,0.877494754087447,budget_cv,0.3
db6bbe2e7a,main,clothing,electronics,svm,random,1,0,source_only,0.8644415450220602,0.8652,2000,0,0,0,1.0,0.913991399139914,source_val_fallback,0.062
db6bbe2e7a,main,clothing,electronics,svm,random,1,50,transfer,0.8767739533372263,0.8772,2000,50,0,0,1.0,0.8768518518518519,budget_cv,0.196
db6bbe2e7a,main,clothing,electronics,svm,random,1,50,target_only,0.7659139751616969,0.768,0,50,0,0,0.01,0.8312830687830687,budget_cv,0.039
db6bbe2e7a,main,clothing,electronics,svm,random,1,100,transfer,0.8869731505921645,0.8872,2000,100,0,0,1.0,0.8797657952069716,budget_cv,0.21
db6bbe2e7a,main,clothing,electronics,svm,random,1,100,target_only,0.8103557469585954,0.8108,0,100,0,0,0.1,0.828029751798852,budget_cv,0.041
db6bbe2e7a,main,clothing,electronics,svm,random,1,250,transfer,0.8655044533327836,0.8664,2000,250,0,0,0.1,0.8638065684556434,budget_cv,0.218
db6bbe2e7a,main,clothing,electronics,svm,random,1,250,target_only,0.8435537169316171,0.8436,0,250,0,0,10.0,0.855490059096962,budget_cv,0.044
db6bbe2e7a,main,clothing,electronics,svm,random,1,500,transfer,0.8986597613241107,0.8988,2000,500,0,0,1.0,0.8759530135324548,budget_cv,0.238
db6bbe2e7a,main,clothing,electronics,svm,random,1,500,target_only,0.8751992811478594,0.8752,0,500,0,0,1.0,0.8677848259874853,budget_cv,0.053
db6bbe2e7a,main,clothing,electronics,svm,random,1,1000,transfer,0.9026821441838925,0.9028,2000,1000,0,0,0.1,0.8768147127043152,budget_cv,0.249
db6bbe2e7a,main,clothing,electronics,svm,random,1,1000,target_only,0.9016,0.9016,0,1000,0,0,0.1,0.8677108505233351,budget_cv,0.071
db6bbe2e7a,main,clothing,electronics,svm,random,1,2000,transfer,0.9243956330917673,0.9244,2000,2000,0,0,1.0,0.883985004314721,budget_cv,0.35
db6bbe2e7a,main,clothing,electronics,svm,random,1,2000,target_only,0.9167910001145724,0.9168,0,2000,0,0,1.0,0.8774895161340958,budget_cv,0.128
db6bbe2e7a,main,clothing,electronics,svm,uncertainty,1,0,source_only,0.8644415450220602,0.8652,2000,0,0,0,1.0,0.913991399139914,source_val_fallback,0.067
db6bbe2e7a,main,clothing,electronics,svm,uncertainty,1,50,transfer,0.8849893188338125,0.8852,2000,50,0,0,10.0,0.7733179101600154,budget_cv,0.226
db6bbe2e7a,main,clothing,electronics,svm,uncertainty,1,50,target_only,0.5778505495838531,0.6236,0,50,0,0,0.01,0.4599952516619183,budget_cv,0.039
db6bbe2e7a,main,clothing,electronics,svm,uncertainty,1,100,transfer,0.8935427004230758,0.8936,2000,100,0,0,1.0,0.7257288373162994,budget_cv,0.207
db6bbe2e7a,main,clothing,electronics,svm,uncertainty,1,100,target_only,0.5027700430895592,0.5704,0,100,0,0,0.01,0.4775995246583482,budget_cv,0.04
db6bbe2e7a,main,clothing,electronics,svm,uncertainty,1,250,transfer,0.8963773024843362,0.8964,2000,250,0,0,1.0,0.6010473032128596,budget_cv,0.216
db6bbe2e7a,main,clothing,electronics,svm,uncertainty,1,250,target_only,0.61115728499396,0.6368,0,250,0,0,0.1,0.5778085242174797,budget_cv,0.045
db6bbe2e7a,main,clothing,electronics,svm,uncertainty,1,500,transfer,0.912790567427773,0.9128,2000,500,0,0,1.0,0.6292535195155335,budget_cv,0.25
db6bbe2e7a,main,clothing,electronics,svm,uncertainty,1,500,target_only,0.7551046886910264,0.7584,0,500,0,0,0.1,0.5236694218475008,budget_cv,0.054
db6bbe2e7a,main,clothing,electronics,svm,uncertainty,1,1000,transfer,0.9175881326911075,0.9176,2000,1000,0,0,1.0,0.7937210473875256,budget_cv,0.288
db6bbe2e7a,main,clothing,electronics,svm,uncertainty,1,1000,target_only,0.9011954312767423,0.9012,0,1000,0,0,1.0,0.7058292362471695,budget_cv,0.077
db6bbe2e7a,main,clothing,electronics,svm,uncertainty,1,2000,transfer,0.9199967230657768,0.92,2000,2000,0,0,10.0,0.8899425375417106,budget_cv,0.398
db6bbe2e7a,main,clothing,electronics,svm,uncertainty,1,2000,target_only,0.9167910001145724,0.9168,0,2000,0,0,1.0,0.8824529432381002,budget_cv,0.112
db6bbe2e7a,main,clothing,electronics,svm,self_training,1,0,uda_self_training,0.8730266084796366,0.8736,2000,0,0,1000,1.0,0.913991399139914,source_val_fallback,0.094
db6bbe2e7a,main,clothing,electronics,svm,self_training,1,50,transfer,0.8792047773587535,0.8796,2000,50,0,1000,1.0,0.8768518518518519,budget_cv,0.232
db6bbe2e7a,main,clothing,electronics,svm,self_training,1,50,target_only,0.5753412185763905,0.6276,0,50,0,1000,0.01,0.8312830687830687,budget_cv,0.046
db6bbe2e7a,main,clothing,electronics,svm,self_training,1,100,transfer,0.8857748210512275,0.886,2000,100,0,1000,1.0,0.8797657952069716,budget_cv,0.231
db6bbe2e7a,main,clothing,electronics,svm,self_training,1,100,target_only,0.821287458148772,0.824,0,100,0,1000,0.1,0.828029751798852,budget_cv,0.049
db6bbe2e7a,main,clothing,electronics,svm,self_training,1,250,transfer,0.8760993367935409,0.8768,2000,250,0,1000,0.1,0.8638065684556434,budget_cv,0.229
db6bbe2e7a,main,clothing,electronics,svm,self_training,1,250,target_only,0.8550120956759961,0.8552,0,250,0,1000,10.0,0.855490059096962,budget_cv,0.063
db6bbe2e7a,main,clothing,electronics,svm,self_training,1,500,transfer,0.8990805759904039,0.8992,2000,500,0,1000,1.0,0.8759530135324548,budget_cv,0.273
db6bbe2e7a,main,clothing,electronics,svm,self_training,1,500,target_only,0.8811767106352846,0.8812,0,500,0,1000,1.0,0.8677848259874853,budget_cv,0.068
db6bbe2e7a,main,clothing,electronics,svm,self_training,1,1000,transfer,0.9051277300996807,0.9052,2000,1000,0,1000,0.1,0.8768147127043152,budget_cv,0.285
db6bbe2e7a,main,clothing,electronics,svm,self_training,1,1000,target_only,0.8919844457601894,0.892,0,1000,0,1000,0.1,0.8677108505233351,budget_cv,0.089
db6bbe2e7a,main,clothing,electronics,svm,self_training,1,2000,transfer,0.9243956330917673,0.9244,2000,2000,0,1000,1.0,0.883985004314721,budget_cv,0.388
db6bbe2e7a,main,clothing,electronics,svm,self_training,1,2000,target_only,0.9171917191719172,0.9172,0,2000,0,1000,1.0,0.8774895161340958,budget_cv,0.157
db6bbe2e7a,main,books,music,logreg,random,2,0,source_only,0.8517338119108031,0.8528,2000,0,0,0,10.0,0.8846604639627287,source_val_fallback,0.101
db6bbe2e7a,main,books,music,logreg,random,2,50,transfer,0.8534809386751714,0.8544,2000,50,0,0,10.0,0.878968253968254,budget_cv,0.327
db6bbe2e7a,main,books,music,logreg,random,2,50,target_only,0.7450489481622299,0.7492,0,50,0,0,1.0,0.7349763297131718,budget_cv,0.094
db6bbe2e7a,main,books,music,logreg,random,2,100,transfer,0.8490317688826543,0.8504,2000,100,0,0,1.0,0.8498398015120027,budget_cv,0.308
db6bbe2e7a,main,books,music,logreg,random,2,100,target_only,0.7743506493506493,0.7776,0,100,0,0,1.0,0.8199601223676175,budget_cv,0.111
db6bbe2e7a,main,books,music,logreg,random,2,250,transfer,0.8634639305536469,0.8644,2000,250,0,0,10.0,0.879462701381306,budget_cv,0.358
db6bbe2e7a,main,books,music,logreg,random,2,250,target_only,0.8167409007609501,0.8188,0,250,0,0,10.0,0.8168118368829861,budget_cv,0.118
db6bbe2e7a,main,books,music,logreg,random,2,500,transfer,0.8764994420680677,0.8776,2000,500,0,0,10.0,0.8857259909110041,budget_cv,0.373
db6bbe2e7a,main,books,music,logreg,random,2,500,target_only,0.8149330862053995,0.8196,0,500,0,0,0.1,0.8270016111483742,budget_cv,0.131
db6bbe2e7a,main,books,music,logreg,random,2,1000,transfer,0.8829309079943144,0.8836,2000,1000,0,0,10.0,0.869986819172775,budget_cv,0.435
db6bbe2e7a,main,books,music,logreg,random,2,1000,target_only,0.8669698142414861,0.868,0,1000,0,0,10.0,0.8358524593096998,budget_cv,0.176
db6bbe2e7a,main,books,music,logreg,random,2,2000,transfer,0.8979280191605986,0.8984,2000,2000,0,0,10.0,0.8894852080234951,budget_cv,0.511
db6bbe2e7a,main,books,music,logreg,random,2,2000,target_only,0.8902866997419446,0.8908,0,2000,0,0,10.0,0.8694744499902541,budget_cv,0.233
db6bbe2e7a,main,books,music,logreg,uncertainty,2,0,source_only,0.8517338119108031,0.8528,2000,0,0,0,10.0,0.8846604639627287,source_val_fallback,0.097
db6bbe2e7a,main,books,music,logreg,uncertainty,2,50,transfer,0.8522538356189022,0.8528,2000,50,0,0,10.0,0.810431697931698,budget_cv,0.322
db6bbe2e7a,main,books,music,logreg,uncertainty,2,50,target_only,0.6482262112771331,0.6552,0,50,0,0,0.01,0.664426217057796,budget_cv,0.098
db6bbe2e7a,main,books,music,logreg,uncertainty,2,100,transfer,0.8616829644879054,0.8624,2000,100,0,0,10.0,0.7182662908232169,budget_cv,0.334
db6bbe2e7a,main,books,music,logreg,uncertainty,2,100,target_only,0.6236225028303102,0.6276,0,100,0,0,0.1,0.5595897953656574,budget_cv,0.1
db6bbe2e7a,main,books,music,logreg,uncertainty,2,250,transfer,0.8771458524439785,0.8776,2000,250,0,0,10.0,0.6529492121513625,budget_cv,0.348
db6bbe2e7a,main,books,music,logreg,uncertainty,2,250,target_only,0.6681432481994056,0.67,0,250,0,0,1.0,0.587408597177154,budget_cv,0.112
db6bbe2e7a,main,books,music,logreg,uncertainty,2,500,transfer,0.8888155865616015,0.8892,2000,500,0,0,10.0,0.6531619558851863,budget_cv,0.349
db6bbe2e7a,main,books,music,logreg,uncertainty,2,500,target_only,0.7295972310756462,0.7296,0,500,0,0,10.0,0.5536006434511027,budget_cv,0.134
db6bbe2e7a,main,books,music,logreg,uncertainty,2,1000,transfer,0.8939765167623127,0.8944,2000,1000,0,0,10.0,0.7827431501576033,budget_cv,0.402
db6bbe2e7a,main,books,music,logreg,uncertainty,2,1000,target_only,0.860103980021726,0.8604,0,1000,0,0,10.0,0.6539226717348944,budget_cv,0.155
db6bbe2e7a,main,books,music,logreg,uncertainty,2,2000,transfer,0.8979280191605986,0.8984,2000,2000,0,0,10.0,0.8829504395927298,budget_cv,0.487
db6bbe2e7a,main,books,music,logreg,uncertainty,2,2000,target_only,0.8902866997419446,0.8908,0,2000,0,0,10.0,0.878476359878602,budget_cv,0.233
db6bbe2e7a,main,books,music,logreg,self_training,2,0,uda_self_training,0.8512646706385466,0.8528,2000,0,0,1000,10.0,0.8846604639627287,source_val_fallback,0.196
db6bbe2e7a,main,books,music,logreg,self_training,2,50,transfer,0.8521920166242789,0.8536,2000,50,0,1000,10.0,0.878968253968254,budget_cv,0.434
db6bbe2e7a,main,books,music,logreg,self_training,2,50,target_only,0.588994820208693,0.6496,0,50,0,1000,1.0,0.7349763297131718,budget_cv,0.129
db6bbe2e7a,main,books,music,logreg,self_training,2,100,transfer,0.8443918834806423,0.8464,2000,100,0,1000,1.0,0.8498398015120027,budget_cv,0.373
db6bbe2e7a,main,books,music,logreg,self_training,2,100,target_only,0.655437714654207,0.6936,0,100,0,1000,1.0,0.8199601223676175,budget_cv,0.142
db6bbe2e7a,main,books,music,logreg,self_training,2,250,transfer,0.8616995934532539,0.8628,2000,250,0,1000,10.0,0.879462701381306,budget_cv,0.463
db6bbe2e7a,main,books,music,logreg,self_training,2,250,target_only,0.8018047658026015,0.808,0,250,0,1000,10.0,0.8168118368829861,budget_cv,0.163
db6bbe2e7a,main,books,music,logreg,self_training,2,500,transfer,0.8715766701817504,0.8728,2000,500,0,1000,10.0,0.8857259909110041,budget_cv,0.5
db6bbe2e7a,main,books,music,logreg,self_training,2,500,target_only,0.6204674635114406,0.6676,0,500,0,1000,0.1,0.8270016111483742,budget_cv,0.162
db6bbe2e7a,main,books,music,logreg,self_training,2,1000,transfer,0.882857768075771,0.8836,2000,1000,0,1000,10.0,0.869986819172775,budget_cv,0.57
db6bbe2e7a,main,books,music,logreg,self_training,2,1000,target_only,0.8608719510735185,0.8624,0,1000,0,1000,10.0,0.8358524593096998,budget_cv,0.236
db6bbe2e7a,main,books,music,logreg,self_training,2,2000,transfer,0.8962976492204477,0.8968,2000,2000,0,1000,10.0,0.8894852080234951,budget_cv,0.679
db6bbe2e7a,main,books,music,logreg,self_training,2,2000,target_only,0.8881675832097544,0.8888,0,2000,0,1000,10.0,0.8694744499902541,budget_cv,0.321
db6bbe2e7a,main,books,music,svm,random,2,0,source_only,0.8480809000555589,0.8488,2000,0,0,0,10.0,0.8873272740445153,source_val_fallback,0.055
db6bbe2e7a,main,books,music,svm,random,2,50,transfer,0.8500820971336179,0.8508,2000,50,0,0,10.0,0.8796296296296297,budget_cv,0.186
db6bbe2e7a,main,books,music,svm,random,2,50,target_only,0.7453223941843026,0.7496,0,50,0,0,0.1,0.7349763297131718,budget_cv,0.039
db6bbe2e7a,main,books,music,svm,random,2,100,transfer,0.8490084619856598,0.8504,2000,100,0,0,0.1,0.8600898692810457,budget_cv,0.178
db6bbe2e7a,main,books,music,svm,random,2,100,target_only,0.7721186659753589,0.7756,0,100,0,0,0.1,0.8199601223676175,budget_cv,0.039
db6bbe2e7a,main,books,music,svm,random,2,250,transfer,0.864340439317989,0.8652,2000,250,0,0,1.0,0.8756352923535585,budget_cv,0.195
db6bbe2e7a,main,books,music,svm,random,2,250,target_only,0.8079793237981738,0.8108,0,250,0,0,0.1,0.8163264772062945,budget_cv,0.043
db6bbe2e7a,main,books,music,svm,random,2,500,transfer,0.8611686539382203,0.8628,2000,500,0,0,0.1,0.8835297070710156,budget_cv,0.204
db6bbe2e7a,main,books,music,svm,random,2,500,target_only,0.8405400592511049,0.8424,0,500,0,0,10.0,0.8326306327061861,budget_cv,0.052
db6bbe2e7a,main,books,music,svm,random,2,1000,transfer,0.8849632300651735,0.8856,2000,1000,0,0,1.0,0.8659912970958056,budget_cv,0.235
db6bbe2e7a,main,books,music,svm,random,2,1000,target_only,0.8706963016241994,0.8716,0,1000,0,0,1.0,0.8428887680675216,budget_cv,0.069
db6bbe2e7a,main,books,music,svm,random,2,2000,transfer,0.8936322398513517,0.894,2000,2000,0,0,10.0,0.8919513198433879,budget_cv,0.301
db6bbe2e7a,main,books,music,svm,random,2,2000,target_only,0.8867476429051977,0.8872,0,2000,0,0,10.0,0.8764321267688269,budget_cv,0.12
db6bbe2e7a,main,books,music,svm,uncertainty,2,0,source_only,0.8480809000555589,0.8488,2000,0,0,0,10.0,0.8873272740445153,source_val_fallback,0.054
db6bbe2e7a,main,books,music,svm,uncertainty,2,50,transfer,0.8470016933965607,0.8484,2000,50,0,0,0.1,0.6642857142857143,budget_cv,0.178
db6bbe2e7a,main,books,music,svm,uncertainty,2,50,target_only,0.6691789769872374,0.6708,0,50,0,0,0.01,0.5192004074357016,budget_cv,0.038
db6bbe2e7a,main,books,music,svm,uncertainty,2,100,transfer,0.8492314035222455,0.8508,2000,100,0,0,0.1,0.6444876645090595,budget_cv,0.178
db6bbe2e7a,main,books,music,svm,uncertainty,2,100,target_only,0.6766430704369282,0.6776,0,100,0,0,0.1,0.7058021436219434,budget_cv,0.04
db6bbe2e7a,main,books,music,svm,uncertainty,2,250,transfer,0.8767968991665691,0.8772,2000,250,0,0,1.0,0.6069920808586514,budget_cv,0.187
db6bbe2e7a,main,books,music,svm,uncertainty,2,250,target_only,0.717189818833478,0.7172,0,250,0,0,0.01,0.5462245087900579,budget_cv,0.044
db6bbe2e7a,main,books,music,svm,uncertainty,2,500,transfer,0.8735245062783401,0.8744,2000,500,0,0,0.1,0.6027735785307782,budget_cv,0.192
db6bbe2e7a,main,books,music,svm,uncertainty,2,500,target_only,0.7675728897018548,0.7676,0,500,0,0,0.01,0.48692689180596743,budget_cv,0.051
db6bbe2e7a,main,books,music,svm,uncertainty,2,1000,transfer,0.8943508813707424,0.8948,2000,1000,0,0,1.0,0.7689159247222772,budget_cv,0.232
db6bbe2e7a,main,books,music,svm,uncertainty,2,1000,target_only,0.8737041443804598,0.874,0,1000,0,0,10.0,0.6616708873490366,budget_cv,0.079
db6bbe2e7a,main,books,music,svm,uncertainty,2,2000,transfer,0.8988059747522513,0.8992,2000,2000,0,0,1.0,0.8859716147013152,budget_cv,0.275
db6bbe2e7a,main,books,music,svm,uncertainty,2,2000,target_only,0.8963205863914743,0.8968,0,2000,0,0,1.0,0.8699934064757033,budget_cv,0.116
db6bbe2e7a,main,books,music,svm,self_training,2,0,uda_self_training,0.8484402857137803,0.8492,2000,0,0,1000,10.0,0.8873272740445153,source_val_fallback,0.101
db6bbe2e7a,main,books,music,svm,self_training,2,50,transfer,0.8512628348113788,0.852,2000,50,0,1000,10.0,0.8796296296296297,budget_cv,0.232
db6bbe2e7a,main,books,music,svm,self_training,2,50,target_only,0.5852977166991242,0.6476,0,50,0,1000,0.1,0.7349763297131718,budget_cv,0.05
db6bbe2e7a,main,books,music,svm,self_training,2,100,transfer,0.8477336679132204,0.85,2000,100,0,1000,0.1,0.8600898692810457,budget_cv,0.197
db6bbe2e7a,main,books,music,svm,self_training,2,100,target_only,0.6546771659215438,0.6932,0,100,0,1000,0.1,0.8199601223676175,budget_cv,0.047
db6bbe2e7a,main,books,music,svm,self_training,2,250,transfer,0.8658983001703453,0.8668,2000,250,0,1000,1.0,0.8756352923535585,budget_cv,0.238
db6bbe2e7a,main,books,music,svm,self_training,2,250,target_only,0.7334204733076499,0.752,0,250,0,1000,0.1,0.8163264772062945,budget_cv,0.052
db6bbe2e7a,main,books,music,svm,self_training,2,500,transfer,0.8593982960208016,0.8612,2000,500,0,1000,0.1,0.8835297070710156,budget_cv,0.222
db6bbe2e7a,main,books,music,svm,self_training,2,500,target_only,0.8373037968993106,0.8396,0,500,0,1000,10.0,0.8326306327061861,budget_cv,0.083
db6bbe2e7a,main,books,music,svm,self_training,2,1000,transfer,0.8853306797645586,0.886,2000,1000,0,1000,1.0,0.8659912970958056,budget_cv,0.274
db6bbe2e7a,main,books,music,svm,self_training,2,1000,target_only,0.8696083033432431,0.8708,0,1000,0,1000,1.0,0.8428887680675216,budget_cv,0.084
db6bbe2e7a,main,books,music,svm,self_training,2,2000,transfer,0.8936322398513517,0.894,2000,2000,0,1000,10.0,0.8919513198433879,budget_cv,0.373
db6bbe2e7a,main,books,music,svm,self_training,2,2000,target_only,0.8867476429051977,0.8872,0,2000,0,1000,10.0,0.8764321267688269,budget_cv,0.143
db6bbe2e7a,main,books,electronics,logreg,random,2,0,source_only,0.8325064952048542,0.8336,2000,0,0,0,10.0,0.8886626585223735,source_val_fallback,0.096
db6bbe2e7a,main,books,electronics,logreg,random,2,50,transfer,0.8479433678513923,0.8484,2000,50,0,0,10.0,0.8364651416122003,budget_cv,0.337
db6bbe2e7a,main,books,electronics,logreg,random,2,50,target_only,0.7041470551404326,0.7112,0,50,0,0,1.0,0.7195204194060029,budget_cv,0.092
db6bbe2e7a,main,books,electronics,logreg,random,2,100,transfer,0.8553639307932835,0.8556,2000,100,0,0,10.0,0.8589760267179622,budget_cv,0.341
db6bbe2e7a,main,books,electronics,logreg,random,2,100,target_only,0.7600601471181125,0.7668,0,100,0,0,0.1,0.7959611588276907,budget_cv,0.094
db6bbe2e7a,main,books,electronics,logreg,random,2,250,transfer,0.8759821414283657,0.876,2000,250,0,0,10.0,0.8467178654678654,budget_cv,0.37
db6bbe2e7a,main,books,electronics,logreg,random,2,250,target_only,0.8432229880444263,0.844,0,250,0,0,0.01,0.8513908416852933,budget_cv,0.112
db6bbe2e7a,main,books,electronics,logreg,random,2,500,transfer,0.8847963872147031,0.8848,2000,500,0,0,10.0,0.8914996717683099,budget_cv,0.394
db6bbe2e7a,main,books,electronics,logreg,random,2,500,target_only,0.8726042385771672,0.8728,0,500,0,0,10.0,0.8804288354846416,budget_cv,0.141
db6bbe2e7a,main,books,electronics,logreg,random,2,1000,transfer,0.8927997255672975,0.8928,2000,1000,0,0,10.0,0.9059550246433368,budget_cv,0.441
db6bbe2e7a,main,books,electronics,logreg,random,2,1000,target_only,0.8895841001104159,0.8896,0,1000,0,0,10.0,0.9107623167981851,budget_cv,0.165
db6bbe2e7a,main,books,electronics,logreg,random,2,2000,transfer,0.9087971398783066,0.9088,2000,2000,0,0,10.0,0.9104671935527723,budget_cv,0.523
db6bbe2e7a,main,books,electronics,logreg,random,2,2000,target_only,0.9043998623358018,0.9044,0,2000,0,0,10.0,0.9084749050920595,budget_cv,0.226
db6bbe2e7a,main,books,electronics,logreg,uncertainty,2,0,source_only,0.8325064952048542,0.8336,2000,0,0,0,10.0,0.8886626585223735,source_val_fallback,0.096
db6bbe2e7a,main,books,electronics,logreg,uncertainty,2,50,transfer,0.8462549971150676,0.8472,2000,50,0,0,1.0,0.7226627173995595,budget_cv,0.322
db6bbe2e7a,main,books,electronics,logreg,uncertainty,2,50,target_only,0.5228144717491342,0.588,0,50,0,0,0.1,0.42153371320037986,budget_cv,0.097
db6bbe2e7a,main,books,electronics,logreg,uncertainty,2,100,transfer,0.8607799523131331,0.8608,2000,100,0,0,10.0,0.6465107973013767,budget_cv,0.339
db6bbe2e7a,main,books,electronics,logreg,uncertainty,2,100,target_only,0.5616572621395395,0.6156,0,100,0,0,0.01,0.4920634920634921,budget_cv,0.107
db6bbe2e7a,main,books,electronics,logreg,uncertainty,2,250,transfer,0.882378244680136,0.8824,2000,250,0,0,10.0,0.6503001466931816,budget_cv,0.35
db6bbe2e7a,main,books,electronics,logreg,uncertainty,2,250,target_only,0.6843258592302124,0.6952,0,250,0,0,1.0,0.6072292444099472,budget_cv,0.123
db6bbe2e7a,main,books,electronics,logreg,uncertainty,2,500,transfer,0.8987881946550246,0.8988,2000,500,0,0,10.0,0.7119250794535841,budget_cv,0.433
db6bbe2e7a,main,books,electronics,logreg,uncertainty,2,500,target_only,0.7878419280925575,0.7888,0,500,0,0,10.0,0.6452180749799555,budget_cv,0.14
db6bbe2e7a,main,books,electronics,logreg,uncertainty,2,1000,transfer,0.9031997521913656,0.9032,2000,1000,0,0,10.0,0.8099825044107082,budget_cv,0.475
db6bbe2e7a,main,books,electronics,logreg,uncertainty,2,1000,target_only,0.8791987629953331,0.8792,0,1000,0,0,10.0,0.7389956811719024,budget_cv,0.19
db6bbe2e7a,main,books,electronics,logreg,uncertainty,2,2000,transfer,0.9087971398783066,0.9088,2000,2000,0,0,10.0,0.9044892783947734,budget_cv,0.511
db6bbe2e7a,main,books,electronics,logreg,uncertainty,2,2000,target_only,0.904,0.904,0,2000,0,0,1.0,0.899463769846343,budget_cv,0.229
db6bbe2e7a,main,books,electronics,logreg,self_training,2,0,uda_self_training,0.8376927995021176,0.8396,2000,0,0,1000,10.0,0.8886626585223735,source_val_fallback,0.2
db6bbe2e7a,main,books,electronics,logreg,self_training,2,50,transfer,0.8602274918064392,0.8608,2000,50,0,1000,10.0,0.8364651416122003,budget_cv,0.437
db6bbe2e7a,main,books,electronics,logreg,self_training,2,50,target_only,0.655069501533131,0.6836,0,50,0,1000,1.0,0.7195204194060029,budget_cv,0.132
db6bbe2e7a,main,books,electronics,logreg,self_training,2,100,transfer,0.8689029655833,0.8692,2000,100,0,1000,10.0,0.8589760267179622,budget_cv,0.438
db6bbe2e7a,main,books,electronics,logreg,self_training,2,100,target_only,0.646614728319703,0.6804,0,100,0,1000,0.1,0.7959611588276907,budget_cv,0.12
db6bbe2e7a,main,books,electronics,logreg,self_training,2,250,transfer,0.879993778877497,0.88,2000,250,0,1000,10.0,0.8467178654678654,budget_cv,0.475
db6bbe2e7a,main,books,electronics,logreg,self_training,2,250,target_only,0.8406527376340118,0.8408,0,250,0,1000,0.01,0.8513908416852933,budget_cv,0.128
db6bbe2e7a,main,books,electronics,logreg,self_training,2,500,transfer,0.8891970038869852,0.8892,2000,500,0,1000,10.0,0.8914996717683099,budget_cv,0.504
db6bbe2e7a,main,books,electronics,logreg,self_training,2,500,target_only,0.8783432398219713,0.8784,0,500,0,1000,10.0,0.8804288354846416,budget_cv,0.189
db6bbe2e7a,main,books,electronics,logreg,self_training,2,1000,transfer,0.8975983615737853,0.8976,2000,1000,0,1000,10.0,0.9059550246433368,budget_cv,0.56
db6bbe2e7a,main,books,electronics,logreg,self_training,2,1000,target_only,0.8923970904173248,0.8924,0,1000,0,1000,10.0,0.9107623167981851,budget_cv,0.231
db6bbe2e7a,main,books,electronics,logreg,self_training,2,2000,transfer,0.9103971900558802,0.9104,2000,2000,0,1000,10.0,0.9104671935527723,budget_cv,0.664
db6bbe2e7a,main,books,electronics,logreg,self_training,2,2000,target_only,0.9035996143984576,0.9036,0,2000,0,1000,10.0,0.9084749050920595,budget_cv,0.307
db6bbe2e7a,main,books,electronics,svm,random,2,0,source_only,0.8310849941700192,0.832,2000,0,0,0,1.0,0.8879950220009778,source_val_fallback,0.053
db6bbe2e7a,main,books,electronics,svm,random,2,50,transfer,0.8369934119705951,0.8372,2000,50,0,0,10.0,0.8382352941176471,budget_cv,0.187
db6bbe2e7a,main,books,electronics,svm,random,2,50,target_only,0.7051886308927217,0.7124,0,50,0,0,0.1,0.7195204194060029,budget_cv,0.039
db6bbe2e7a,main,books,electronics,svm,random,2,100,transfer,0.8467146261781962,0.8468,2000,100,0,0,10.0,0.8696062515915456,budget_cv,0.187
db6bbe2e7a,main,books,electronics,svm,random,2,100,target_only,0.7629112464403871,0.7688,0,100,0,0,10.0,0.8051531801531802,budget_cv,0.039
db6bbe2e7a,main,books,electronics,svm,random,2,250,transfer,0.8687999160319463,0.8688,2000,250,0,0,10.0,0.8663552942544538,budget_cv,0.197
db6bbe2e7a,main,books,electronics,svm,random,2,250,target_only,0.8377300830387108,0.8388,0,250,0,0,0.01,0.8420915032679739,budget_cv,0.044
db6bbe2e7a,main,books,electronics,svm,random,2,500,transfer,0.8783999221759502,0.8784,2000,500,0,0,10.0,0.897312076644775,budget_cv,0.214
db6bbe2e7a,main,books,electronics,svm,random,2,500,target_only,0.8697702747646849,0.87,0,500,0,0,10.0,0.884564218669118,budget_cv,0.054
db6bbe2e7a,main,books,electronics,svm,random,2,1000,transfer,0.8927989022607592,0.8928,2000,1000,0,0,1.0,0.9059341755558364,budget_cv,0.22
db6bbe2e7a,main,books,electronics,svm,random,2,1000,target_only,0.8831952156760341,0.8832,0,1000,0,0,1.0,0.9087704851558657,budget_cv,0.074
db6bbe2e7a,main,books,electronics,svm,random,2,2000,transfer,0.9119985919774716,0.912,2000,2000,0,0,1.0,0.9139630289754678,budget_cv,0.342
db6bbe2e7a,main,books,electronics,svm,random,2,2000,target_only,0.9003999840639975,0.9004,0,2000,0,0,1.0,0.9064705224168984,budget_cv,0.151
db6bbe2e7a,main,books,electronics,svm,uncertainty,2,0,source_only,0.8310849941700192,0.832,2000,0,0,0,1.0,0.8879950220009778,source_val_fallback,0.055
db6bbe2e7a,main,books,electronics,svm,uncertainty,2,50,transfer,0.8402711691141607,0.8404,2000,50,0,0,10.0,0.7390056803100281,budget_cv,0.19
db6bbe2e7a,main,books,electronics,svm,uncertainty,2,50,target_only,0.5561297843965969,0.6072,0,50,0,0,0.01,0.5194207965947096,budget_cv,0.04
db6bbe2e7a,main,books,electronics,svm,uncertainty,2,100,transfer,0.8543463062223258,0.8544,2000,100,0,0,10.0,0.7306686480819454,budget_cv,0.267
db6bbe2e7a,main,books,electronics,svm,uncertainty,2,100,target_only,0.6304580491705256,0.654,0,100,0,0,0.01,0.5291328652673191,budget_cv,0.043
db6bbe2e7a,main,books,electronics,svm,uncertainty,2,250,transfer,0.8767866732465783,0.8768,2000,250,0,0,10.0,0.6038982005906361,budget_cv,0.249
db6bbe2e7a,main,books,electronics,svm,uncertainty,2,250,target_only,0.7303544728377072,0.7348,0,250,0,0,1.0,0.5916640551124811,budget_cv,0.048
db6bbe2e7a,main,books,electronics,svm,uncertainty,2,500,transfer,0.8943966882801444,0.8944,2000,500,0,0,10.0,0.66617009167759,budget_cv,0.319
db6bbe2e7a,main,books,electronics,svm,uncertainty,2,500,target_only,0.821467914822102,0.8216,0,500,0,0,1.0,0.5769853269409772,budget_cv,0.062
db6bbe2e7a,main,books,electronics,svm,uncertainty,2,1000,transfer,0.9031990087578496,0.9032,2000,1000,0,0,1.0,0.7877038745681574,budget_cv,0.244
db6bbe2e7a,main,books,electronics,svm,uncertainty,2,1000,target_only,0.8824,0.8824,0,1000,0,0,0.1,0.7222829048786329,budget_cv,0.082
db6bbe2e7a,main,books,electronics,svm,uncertainty,2,2000,transfer,0.9119985919774716,0.912,2000,2000,0,0,1.0,0.9084976311232896,budget_cv,0.412
db6bbe2e7a,main,books,electronics,svm,uncertainty,2,2000,target_only,0.9003999840639975,0.9004,0,2000,0,0,1.0,0.9044844822604864,budget_cv,0.163
db6bbe2e7a,main,books,electronics,svm,self_training,2,0,uda_self_training,0.8345753897242428,0.836,2000,0,0,1000,1.0,0.8879950220009778,source_val_fallback,0.091
db6bbe2e7a,main,books,electronics,svm,self_training,2,50,transfer,0.843739883159102,0.844,2000,50,0,1000,10.0,0.8382352941176471,budget_cv,0.236
db6bbe2e7a,main,books,electronics,svm,self_training,2,50,target_only,0.646823090443436,0.6776,0,50,0,1000,0.1,0.7195204194060029,budget_cv,0.053
db6bbe2e7a,main,books,electronics,svm,self_training,2,100,transfer,0.8502892379898344,0.8504,2000,100,0,1000,10.0,0.8696062515915456,budget_cv,0.238
db6bbe2e7a,main,books,electronics,svm,self_training,2,100,target_only,0.7214908873862456,0.7384,0,100,0,1000,10.0,0.8051531801531802,budget_cv,0.055
db6bbe2e7a,main,books,electronics,svm,self_training,2,250,transfer,0.8699999791999966,0.87,2000,250,0,1000,10.0,0.8663552942544538,budget_cv,0.244
db6bbe2e7a,main,books,electronics,svm,self_training,2,250,target_only,0.8359641142682848,0.8372,0,250,0,1000,0.01,0.8420915032679739,budget_cv,0.053
db6bbe2e7a,main,books,electronics,svm,self_training,2,500,transfer,0.8787999806079969,0.8788,2000,500,0,1000,10.0,0.897312076644775,budget_cv,0.267
db6bbe2e7a,main,books,electronics,svm,self_training,2,500,target_only,0.8801805098651914,0.8804,0,500,0,1000,10.0,0.884564218669118,budget_cv,0.074
db6bbe2e7a,main,books,electronics,svm,self_training,2,1000,transfer,0.8927975300550924,0.8928,2000,1000,0,1000,1.0,0.9059341755558364,budget_cv,0.261
db6bbe2e7a,main,books,electronics,svm,self_training,2,1000,target_only,0.8871964624810634,0.8872,0,1000,0,1000,1.0,0.9087704851558657,budget_cv,0.093
db6bbe2e7a,main,books,electronics,svm,self_training,2,2000,transfer,0.9115976095993636,0.9116,2000,2000,0,1000,1.0,0.9139630289754678,budget_cv,0.443
db6bbe2e7a,main,books,electronics,svm,self_training,2,2000,target_only,0.8999997439993446,0.9,0,2000,0,1000,1.0,0.9064705224168984,budget_cv,0.17
db6bbe2e7a,main,books,clothing,logreg,random,2,0,source_only,0.8573325216424555,0.858,2000,0,0,0,10.0,0.8913294211924963,source_val_fallback,0.099
db6bbe2e7a,main,books,clothing,logreg,random,2,50,transfer,0.8610999598554797,0.8616,2000,50,0,0,10.0,0.8396164021164022,budget_cv,0.337
db6bbe2e7a,main,books,clothing,logreg,random,2,50,target_only,0.7673557794029862,0.7676,0,50,0,0,0.01,0.6926482873851295,budget_cv,0.09
db6bbe2e7a,main,books,clothing,logreg,random,2,100,transfer,0.8706433316878522,0.8712,2000,100,0,0,10.0,0.8404626366675702,budget_cv,0.346
db6bbe2e7a,main,books,clothing,logreg,random,2,100,target_only,0.82796992481203,0.8284,0,100,0,0,0.1,0.8605503565062388,budget_cv,0.1
db6bbe2e7a,main,books,clothing,logreg,random,2,250,transfer,0.8861288226233481,0.8864,2000,250,0,0,10.0,0.8595568779448864,budget_cv,0.376
db6bbe2e7a,main,books,clothing,logreg,random,2,250,target_only,0.8542962379850592,0.8548,0,250,0,0,10.0,0.8836802686795681,budget_cv,0.115
db6bbe2e7a,main,books,clothing,logreg,random,2,500,transfer,0.8982499634661286,0.8984,2000,500,0,0,10.0,0.879615690265083,budget_cv,0.383
db6bbe2e7a,main,books,clothing,logreg,random,2,500,target_only,0.8835695987214176,0.884,0,500,0,0,10.0,0.885754400419939,budget_cv,0.129
db6bbe2e7a,main,books,clothing,logreg,random,2,1000,transfer,0.9154976642913634,0.9156,2000,1000,0,0,10.0,0.8979618585563939,budget_cv,0.424
db6bbe2e7a,main,books,clothing,logreg,random,2,1000,target_only,0.9102505995580483,0.9104,0,1000,0,0,10.0,0.9039571058207719,budget_cv,0.151
db6bbe2e7a,main,books,clothing,logreg,random,2,2000,transfer,0.9251462370332868,0.9252,2000,2000,0,0,10.0,0.905950939356741,budget_cv,0.481
db6bbe2e7a,main,books,clothing,logreg,random,2,2000,target_only,0.9183245187872825,0.9184,0,2000,0,0,10.0,0.9039605199737833,budget_cv,0.215
db6bbe2e7a,main,books,clothing,logreg,uncertainty,2,0,source_only,0.8573325216424555,0.858,2000,0,0,0,10.0,0.8913294211924963,source_val_fallback,0.095
db6bbe2e7a,main,books,clothing,logreg,uncertainty,2,50,transfer,0.8445237561256029,0.8456,2000,50,0,0,1.0,0.717305928219241,budget_cv,0.315
db6bbe2e7a,main,books,clothing,logreg,uncertainty,2,50,target_only,0.7218450788351081,0.722,0,50,0,0,0.01,0.6728835978835979,budget_cv,0.088
db6bbe2e7a,main,books,clothing,logreg,uncertainty,2,100,transfer,0.8737420499577457,0.874,2000,100,0,0,10.0,0.6176359887339924,budget_cv,0.35
db6bbe2e7a,main,books,clothing,logreg,uncertainty,2,100,target_only,0.6599019282350505,0.674,0,100,0,0,0.01,0.6107872337849455,budget_cv,0.097
db6bbe2e7a,main,books,clothing,logreg,uncertainty,2,250,transfer,0.8939857347204639,0.894,2000,250,0,0,10.0,0.6594062675498319,budget_cv,0.329
db6bbe2e7a,main,books,clothing,logreg,uncertainty,2,250,target_only,0.7027686454521018,0.7056,0,250,0,0,1.0,0.6246646822549483,budget_cv,0.117
db6bbe2e7a,main,books,clothing,logreg,uncertainty,2,500,transfer,0.9159607906664934,0.916,2000,500,0,0,10.0,0.6851495493897684,budget_cv,0.377
db6bbe2e7a,main,books,clothing,logreg,uncertainty,2,500,target_only,0.7871693523867437,0.7872,0,500,0,0,10.0,0.6808274791791189,budget_cv,0.131
db6bbe2e7a,main,books,clothing,logreg,uncertainty,2,1000,transfer,0.9191594374393295,0.9192,2000,1000,0,0,10.0,0.7963564426510961,budget_cv,0.403
db6bbe2e7a,main,books,clothing,logreg,uncertainty,2,1000,target_only,0.8959514551108965,0.896,0,1000,0,0,10.0,0.7587968052952928,budget_cv,0.156
db6bbe2e7a,main,books,clothing,logreg,uncertainty,2,2000,transfer,0.9251462370332868,0.9252,2000,2000,0,0,10.0,0.9084923646113218,budget_cv,0.467
db6bbe2e7a,main,books,clothing,logreg,uncertainty,2,2000,target_only,0.9183245187872825,0.9184,0,2000,0,0,10.0,0.9109871464563352,budget_cv,0.207
db6bbe2e7a,main,books,clothing,logreg,self_training,2,0,uda_self_training,0.8647167845885362,0.8656,2000,0,0,1000,10.0,0.8913294211924963,source_val_fallback,0.196
db6bbe2e7a,main,books,clothing,logreg,self_training,2,50,transfer,0.8722229794193812,0.8728,2000,50,0,1000,10.0,0.8396164021164022,budget_cv,0.432
db6bbe2e7a,main,books,clothing,logreg,self_training,2,50,target_only,0.7256976864820002,0.7356,0,50,0,1000,0.01,0.6926482873851295,budget_cv,0.108
db6bbe2e7a,main,books,clothing,logreg,self_training,2,100,transfer,0.8762140667119369,0.8768,2000,100,0,1000,10.0,0.8404626366675702,budget_cv,0.441
db6bbe2e7a,main,books,clothing,logreg,self_training,2,100,target_only,0.8307939085807089,0.8308,0,100,0,1000,0.1,0.8605503565062388,budget_cv,0.118
db6bbe2e7a,main,books,clothing,logreg,self_training,2,250,transfer,0.8889650500458971,0.8892,2000,250,0,1000,10.0,0.8595568779448864,budget_cv,0.483
db6bbe2e7a,main,books,clothing,logreg,self_training,2,250,target_only,0.8678921775304269,0.8684,0,250,0,1000,10.0,0.8836802686795681,budget_cv,0.158
db6bbe2e7a,main,books,clothing,logreg,self_training,2,500,transfer,0.901852244442874,0.902,2000,500,0,1000,10.0,0.879615690265083,budget_cv,0.51
db6bbe2e7a,main,books,clothing,logreg,self_training,2,500,target_only,0.8884089134143083,0.8888,0,500,0,1000,10.0,0.885754400419939,budget_cv,0.221
db6bbe2e7a,main,books,clothing,logreg,self_training,2,1000,transfer,0.9151086705120837,0.9152,2000,1000,0,1000,10.0,0.8979618585563939,budget_cv,0.74
db6bbe2e7a,main,books,clothing,logreg,self_training,2,1000,target_only,0.9082381320649626,0.9084,0,1000,0,1000,10.0,0.9039571058207719,budget_cv,0.239
db6bbe2e7a,main,books,clothing,logreg,self_training,2,2000,transfer,0.9243456620282953,0.9244,2000,2000,0,1000,10.0,0.905950939356741,budget_cv,0.618
db6bbe2e7a,main,books,clothing,logreg,self_training,2,2000,target_only,0.9147104664592702,0.9148,0,2000,0,1000,10.0,0.9039605199737833,budget_cv,0.309
db6bbe2e7a,main,books,clothing,svm,random,2,0,source_only,0.8580160754680657,0.8584,2000,0,0,0,10.0,0.8886606790854086,source_val_fallback,0.055
db6bbe2e7a,main,books,clothing,svm,random,2,50,transfer,0.8656081132582611,0.866,2000,50,0,0,1.0,0.8383737120579227,budget_cv,0.182
db6bbe2e7a,main,books,clothing,svm,random,2,50,target_only,0.7551447347915932,0.7564,0,50,0,0,0.01,0.620947570947571,budget_cv,0.038
db6bbe2e7a,main,books,clothing,svm,random,2,100,transfer,0.8704108385646432,0.8708,2000,100,0,0,10.0,0.870651366607249,budget_cv,0.191
db6bbe2e7a,main,books,clothing,svm,random,2,100,target_only,0.8283777818838794,0.8288,0,100,0,0,0.01,0.8605503565062388,budget_cv,0.041
db6bbe2e7a,main,books,clothing,svm,random,2,250,transfer,0.8845599585955052,0.8848,2000,250,0,0,1.0,0.8597001594111099,budget_cv,0.193
db6bbe2e7a,main,books,clothing,svm,random,2,250,target_only,0.8529358819732501,0.8536,0,250,0,0,0.1,0.8757270975565334,budget_cv,0.043
db6bbe2e7a,main,books,clothing,svm,random,2,500,transfer,0.8962564355057102,0.8964,2000,500,0,0,1.0,0.8877051046946279,budget_cv,0.203
db6bbe2e7a,main,books,clothing,svm,random,2,500,target_only,0.8803459655871785,0.8808,0,500,0,0,1.0,0.8898070693521207,budget_cv,0.052
db6bbe2e7a,main,books,clothing,svm,random,2,1000,transfer,0.9163206183914309,0.9164,2000,1000,0,0,1.0,0.9029452429749926,budget_cv,0.213
db6bbe2e7a,main,books,clothing,svm,random,2,1000,target_only,0.9050260228697337,0.9052,0,1000,0,0,1.0,0.9049603104931928,budget_cv,0.067
db6bbe2e7a,main,books,clothing,svm,random,2,2000,transfer,0.9187606801692019,0.9188,2000,2000,0,0,10.0,0.9074391566165584,budget_cv,0.301
db6bbe2e7a,main,books,clothing,svm,random,2,2000,target_only,0.9159050601767371,0.916,0,2000,0,0,1.0,0.90896731928434,budget_cv,0.12
db6bbe2e7a,main,books,clothing,svm,uncertainty,2,0,source_only,0.8580160754680657,0.8584,2000,0,0,0,10.0,0.8886606790854086,source_val_fallback,0.055
db6bbe2e7a,main,books,clothing,svm,uncertainty,2,50,transfer,0.8637774958494329,0.8644,2000,50,0,0,1.0,0.717305928219241,budget_cv,0.192
db6bbe2e7a,main,books,clothing,svm,uncertainty,2,50,target_only,0.7325316672867435,0.7336,0,50,0,0,0.01,0.6274875222243643,budget_cv,0.038
db6bbe2e7a,main,books,clothing,svm,uncertainty,2,100,transfer,0.8793265829986951,0.8796,2000,100,0,0,1.0,0.6471264835872096,budget_cv,0.2
db6bbe2e7a,main,books,clothing,svm,uncertainty,2,100,target_only,0.7471610893377549,0.7484,0,100,0,0,10.0,0.597807734204793,budget_cv,0.04
db6bbe2e7a,main,books,clothing,svm,uncertainty,2,250,transfer,0.9011980871949681,0.9012,2000,250,0,0,1.0,0.5917791056277589,budget_cv,0.208
db6bbe2e7a,main,books,clothing,svm,uncertainty,2,250,target_only,0.7237241533071588,0.7256,0,250,0,0,0.1,0.6123031789630173,budget_cv,0.043
db6bbe2e7a,main,books,clothing,svm,uncertainty,2,500,transfer,0.913580033530947,0.9136,2000,500,0,0,10.0,0.647487390280274,budget_cv,0.217
db6bbe2e7a,main,books,clothing,svm,uncertainty,2,500,target_only,0.7895987880890194,0.7896,0,500,0,0,0.1,0.6145367564431109,budget_cv,0.051
db6bbe2e7a,main,books,clothing,svm,uncertainty,2,1000,transfer,0.9191594374393295,0.9192,2000,1000,0,0,10.0,0.8014864869402669,budget_cv,0.25
db6bbe2e7a,main,books,clothing,svm,uncertainty,2,1000,target_only,0.9043184180559712,0.9044,0,1000,0,0,10.0,0.7407935883338563,budget_cv,0.067
db6bbe2e7a,main,books,clothing,svm,uncertainty,2,2000,transfer,0.9219472363317602,0.922,2000,2000,0,0,1.0,0.9074826814881298,budget_cv,0.267
db6bbe2e7a,main,books,clothing,svm,uncertainty,2,2000,target_only,0.9159050601767371,0.916,0,2000,0,0,1.0,0.9129694328930958,budget_cv,0.114
db6bbe2e7a,main,books,clothing,svm,self_training,2,0,uda_self_training,0.8659675792428565,0.8664,2000,0,0,1000,10.0,0.8886606790854086,source_val_fallback,0.105
db6bbe2e7a,main,books,clothing,svm,self_training,2,50,transfer,0.8711545244991845,0.8716,2000,50,0,1000,1.0,0.8383737120579227,budget_cv,0.223
db6bbe2e7a,main,books,clothing,svm,self_training,2,50,target_only,0.5805422570254013,0.626,0,50,0,1000,0.01,0.620947570947571,budget_cv,0.045
db6bbe2e7a,main,books,clothing,svm,self_training,2,100,transfer,0.8735979200397296,0.874,2000,100,0,1000,10.0,0.870651366607249,budget_cv,0.297
db6bbe2e7a,main,books,clothing,svm,self_training,2,100,target_only,0.8319982796623837,0.832,0,100,0,1000,0.01,0.8605503565062388,budget_cv,0.046
db6bbe2e7a,main,books,clothing,svm,self_training,2,250,transfer,0.8885600742975597,0.8888,2000,250,0,1000,1.0,0.8597001594111099,budget_cv,0.242
db6bbe2e7a,main,books,clothing,svm,self_training,2,250,target_only,0.8591518462215029,0.86,0,250,0,1000,0.1,0.8757270975565334,budget_cv,0.053
db6bbe2e7a,main,books,clothing,svm,self_training,2,500,transfer,0.896653893408345,0.8968,2000,500,0,1000,1.0,0.8877051046946279,budget_cv,0.25
db6bbe2e7a,main,books,clothing,svm,self_training,2,500,target_only,0.8887834450664898,0.8892,0,500,0,1000,1.0,0.8898070693521207,budget_cv,0.072
db6bbe2e7a,main,books,clothing,svm,self_training,2,1000,transfer,0.9155113071497936,0.9156,2000,1000,0,1000,1.0,0.9029452429749926,budget_cv,0.295
db6bbe2e7a,main,books,clothing,svm,self_training,2,1000,target_only,0.906635304677451,0.9068,0,1000,0,1000,1.0,0.9049603104931928,budget_cv,0.086
db6bbe2e7a,main,books,clothing,svm,self_training,2,2000,transfer,0.9187606801692019,0.9188,2000,2000,0,1000,10.0,0.9074391566165584,budget_cv,0.38
db6bbe2e7a,main,books,clothing,svm,self_training,2,2000,target_only,0.9158957915215269,0.916,0,2000,0,1000,1.0,0.90896731928434,budget_cv,0.143
db6bbe2e7a,main,music,books,logreg,random,2,0,source_only,0.8247093583778214,0.8272,2000,0,0,0,10.0,0.8853129445234709,source_val_fallback,0.087
db6bbe2e7a,main,music,books,logreg,random,2,50,transfer,0.7728081949946293,0.7804,2000,50,0,0,1.0,0.7471861471861473,budget_cv,0.293
db6bbe2e7a,main,music,books,logreg,random,2,50,target_only,0.6818346049010118,0.682,0,50,0,0,0.01,0.6352941176470588,budget_cv,0.1
db6bbe2e7a,main,music,books,logreg,random,2,100,transfer,0.7976253837743734,0.8024,2000,100,0,0,1.0,0.8259037109611822,budget_cv,0.297
db6bbe2e7a,main,music,books,logreg,random,2,100,target_only,0.7567265119447282,0.76,0,100,0,0,1.0,0.7076585695006748,budget_cv,0.107
db6bbe2e7a,main,music,books,logreg,random,2,250,transfer,0.8672127925029386,0.8676,2000,250,0,0,10.0,0.8671996200171771,budget_cv,0.333
db6bbe2e7a,main,music,books,logreg,random,2,250,target_only,0.8051251368725809,0.8052,0,250,0,0,10.0,0.8033788012975084,budget_cv,0.125
db6bbe2e7a,main,music,books,logreg,random,2,500,transfer,0.8792685002773215,0.8796,2000,500,0,0,10.0,0.8714702935324578,budget_cv,0.351
db6bbe2e7a,main,music,books,logreg,random,2,500,target_only,0.8602697853165708,0.8608,0,500,0,0,10.0,0.827369654328406,budget_cv,0.141
db6bbe2e7a,main,music,books,logreg,random,2,1000,transfer,0.8979541365071118,0.898,2000,1000,0,0,10.0,0.889965348187463,budget_cv,0.402
db6bbe2e7a,main,music,books,logreg,random,2,1000,target_only,0.8839731931665491,0.884,0,1000,0,0,10.0,0.8719747424064952,budget_cv,0.197
db6bbe2e7a,main,music,books,logreg,random,2,2000,transfer,0.9087985407766523,0.9088,2000,2000,0,0,10.0,0.8989775135528397,budget_cv,0.481
db6bbe2e7a,main,music,books,logreg,random,2,2000,target_only,0.9015999370239597,0.9016,0,2000,0,0,10.0,0.8919603032584855,budget_cv,0.27
db6bbe2e7a,main,music,books,logreg,uncertainty,2,0,source_only,0.8247093583778214,0.8272,2000,0,0,0,10.0,0.8853129445234709,source_val_fallback,0.085
db6bbe2e7a,main,music,books,logreg,uncertainty,2,50,transfer,0.7997071309493522,0.804,2000,50,0,0,1.0,0.788252682989525,budget_cv,0.286
db6bbe2e7a,main,music,books,logreg,uncertainty,2,50,target_only,0.5754170079472252,0.6072,0,50,0,0,0.01,0.6309829059829061,budget_cv,0.1
db6bbe2e7a,main,music,books,logreg,uncertainty,2,100,transfer,0.8691612926768255,0.8692,2000,100,0,0,10.0,0.697842053125072,budget_cv,0.302
db6bbe2e7a,main,music,books,logreg,uncertainty,2,100,target_only,0.4913516482201297,0.5716,0,100,0,0,0.01,0.44089200273410806,budget_cv,0.111
db6bbe2e7a,main,music,books,logreg,uncertainty,2,250,transfer,0.8823807292586817,0.8824,2000,250,0,0,10.0,0.6358134892010134,budget_cv,0.323
db6bbe2e7a,main,music,books,logreg,uncertainty,2,250,target_only,0.5066790001557464,0.5748,0,250,0,0,0.01,0.4525445110686841,budget_cv,0.114
db6bbe2e7a,main,music,books,logreg,uncertainty,2,500,transfer,0.8967967635465048,0.8968,2000,500,0,0,10.0,0.7081922937273819,budget_cv,0.351
db6bbe2e7a,main,music,books,logreg,uncertainty,2,500,target_only,0.741698179488769,0.744,0,500,0,0,10.0,0.606536884740296,budget_cv,0.148
db6bbe2e7a,main,music,books,logreg,uncertainty,2,1000,transfer,0.9099996399985599,0.91,2000,1000,0,0,10.0,0.7933264952059287,budget_cv,0.401
db6bbe2e7a,main,music,books,logreg,uncertainty,2,1000,target_only,0.8687996641271402,0.8688,0,1000,0,0,10.0,0.7040485399110782,budget_cv,0.19
db6bbe2e7a,main,music,books,logreg,uncertainty,2,2000,transfer,0.9087985407766523,0.9088,2000,2000,0,0,10.0,0.8984653523477452,budget_cv,0.482
db6bbe2e7a,main,music,books,logreg,uncertainty,2,2000,target_only,0.9015999370239597,0.9016,0,2000,0,0,10.0,0.8849712980403264,budget_cv,0.266
db6bbe2e7a,main,music,books,logreg,self_training,2,0,uda_self_training,0.7633333333333333,0.7728,2000,0,0,1000,10.0,0.8853129445234709,source_val_fallback,0.19
db6bbe2e7a,main,music,books,logreg,self_training,2,50,transfer,0.6920862628324022,0.7148,2000,50,0,1000,1.0,0.7471861471861473,budget_cv,0.347
db6bbe2e7a,main,music,books,logreg,self_training,2,50,target_only,0.48394212757566796,0.5712,0,50,0,1000,0.01,0.6352941176470588,budget_cv,0.118
db6bbe2e7a,main,music,books,logreg,self_training,2,100,transfer,0.7293785158558779,0.7444,2000,100,0,1000,1.0,0.8259037109611822,budget_cv,0.355
db6bbe2e7a,main,music,books,logreg,self_training,2,100,target_only,0.6390610740277833,0.6712,0,100,0,1000,1.0,0.7076585695006748,budget_cv,0.149
db6bbe2e7a,main,music,books,logreg,self_training,2,250,transfer,0.8596313412245455,0.8604,2000,250,0,1000,10.0,0.8671996200171771,budget_cv,0.425
db6bbe2e7a,main,music,books,logreg,self_training,2,250,target_only,0.7810817266985643,0.7824,0,250,0,1000,10.0,0.8033788012975084,budget_cv,0.175
db6bbe2e7a,main,music,books,logreg,self_training,2,500,transfer,0.8799963075786947,0.8804,2000,500,0,1000,10.0,0.8714702935324578,budget_cv,0.461
db6bbe2e7a,main,music,books,logreg,self_training,2,500,target_only,0.8310799642453934,0.8324,0,500,0,1000,10.0,0.827369654328406,budget_cv,0.208
db6bbe2e7a,main,music,books,logreg,self_training,2,1000,transfer,0.8975522019553444,0.8976,2000,1000,0,1000,10.0,0.889965348187463,budget_cv,0.518
db6bbe2e7a,main,music,books,logreg,self_training,2,1000,target_only,0.8795416981819201,0.8796,0,1000,0,1000,10.0,0.8719747424064952,budget_cv,0.268
db6bbe2e7a,main,music,books,logreg,self_training,2,2000,transfer,0.9067966446792084,0.9068,2000,2000,0,1000,10.0,0.8989775135528397,budget_cv,0.632
db6bbe2e7a,main,music,books,logreg,self_training,2,2000,target_only,0.9015997480953551,0.9016,0,2000,0,1000,10.0,0.8919603032584855,budget_cv,0.37
db6bbe2e7a,main,music,books,svm,random,2,0,source_only,0.8392689142526311,0.8408,2000,0,0,0,1.0,0.8846641549082624,source_val_fallback,0.053
db6bbe2e7a,main,music,books,svm,random,2,50,transfer,0.8537552125820658,0.8544,2000,50,0,0,10.0,0.7609621499781682,budget_cv,0.163
db6bbe2e7a,main,music,books,svm,random,2,50,target_only,0.5696045483906766,0.6128,0,50,0,0,0.01,0.6184343434343434,budget_cv,0.039
db6bbe2e7a,main,music,books,svm,random,2,100,transfer,0.8598186173408147,0.8604,2000,100,0,0,1.0,0.8269448154505626,budget_cv,0.149
db6bbe2e7a,main,music,books,svm,random,2,100,target_only,0.7558695133092479,0.7592,0,100,0,0,0.1,0.7076585695006748,budget_cv,0.04
db6bbe2e7a,main,music,books,svm,random,2,250,transfer,0.8635339504320091,0.8636,2000,250,0,0,10.0,0.8720009065670721,budget_cv,0.176
db6bbe2e7a,main,music,books,svm,random,2,250,target_only,0.8095605104674505,0.8096,0,250,0,0,10.0,0.8078225625561678,budget_cv,0.046
db6bbe2e7a,main,music,books,svm,random,2,500,transfer,0.8830202442280907,0.8832,2000,500,0,0,1.0,0.8676538417206947,budget_cv,0.171
db6bbe2e7a,main,music,books,svm,random,2,500,target_only,0.8646932165610364,0.8652,0,500,0,0,1.0,0.827369654328406,budget_cv,0.055
db6bbe2e7a,main,music,books,svm,random,2,1000,transfer,0.8975946913087975,0.8976,2000,1000,0,0,10.0,0.89197189724613,budget_cv,0.22
db6bbe2e7a,main,music,books,svm,random,2,1000,target_only,0.8839874520828173,0.884,0,1000,0,0,10.0,0.8769885751126556,budget_cv,0.093
db6bbe2e7a,main,music,books,svm,random,2,2000,transfer,0.9112,0.9112,2000,2000,0,0,1.0,0.8964567837429183,budget_cv,0.266
db6bbe2e7a,main,music,books,svm,random,2,2000,target_only,0.901597732811764,0.9016,0,2000,0,0,1.0,0.8944630875197604,budget_cv,0.142
db6bbe2e7a,main,music,books,svm,uncertainty,2,0,source_only,0.8392689142526311,0.8408,2000,0,0,0,1.0,0.8846641549082624,source_val_fallback,0.048
db6bbe2e7a,main,music,books,svm,uncertainty,2,50,transfer,0.8597184493165162,0.86,2000,50,0,0,1.0,0.702958152958153,budget_cv,0.156
db6bbe2e7a,main,music,books,svm,uncertainty,2,50,target_only,0.5291238927560712,0.5876,0,50,0,0,0.01,0.5761072261072261,budget_cv,0.04
db6bbe2e7a,main,music,books,svm,uncertainty,2,100,transfer,0.8675964198071916,0.8676,2000,100,0,0,1.0,0.6574746453411772,budget_cv,0.157
db6bbe2e7a,main,music,books,svm,uncertainty,2,100,target_only,0.5523538812849516,0.592,0,100,0,0,0.1,0.46967305161058137,budget_cv,0.042
db6bbe2e7a,main,music,books,svm,uncertainty,2,250,transfer,0.8787998254717486,0.8788,2000,250,0,0,1.0,0.5977278273469077,budget_cv,0.178
db6bbe2e7a,main,music,books,svm,uncertainty,2,250,target_only,0.6967207660970387,0.6988,0,250,0,0,10.0,0.5650642449036116,budget_cv,0.05
db6bbe2e7a,main,music,books,svm,uncertainty,2,500,transfer,0.8971912982714857,0.8972,2000,500,0,0,1.0,0.6227468663303988,budget_cv,0.187
db6bbe2e7a,main,music,books,svm,uncertainty,2,500,target_only,0.7407268227384497,0.7408,0,500,0,0,0.1,0.5426754656265228,budget_cv,0.06
db6bbe2e7a,main,music,books,svm,uncertainty,2,1000,transfer,0.9063999400959617,0.9064,2000,1000,0,0,1.0,0.7799840313816606,budget_cv,0.214
db6bbe2e7a,main,music,books,svm,uncertainty,2,1000,target_only,0.8791922683051715,0.8792,0,1000,0,0,10.0,0.685626028376188,budget_cv,0.092
db6bbe2e7a,main,music,books,svm,uncertainty,2,2000,transfer,0.9112,0.9112,2000,2000,0,0,1.0,0.8959581626462084,budget_cv,0.269
db6bbe2e7a,main,music,books,svm,uncertainty,2,2000,target_only,0.901597732811764,0.9016,0,2000,0,0,1.0,0.8839603928520692,budget_cv,0.147
db6bbe2e7a,main,music,books,svm,self_training,2,0,uda_self_training,0.8177001440819933,0.8208,2000,0,0,1000,1.0,0.8846641549082624,source_val_fallback,0.077
db6bbe2e7a,main,music,books,svm,self_training,2,50,transfer,0.8519628439611139,0.8528,2000,50,0,1000,10.0,0.7609621499781682,budget_cv,0.21
db6bbe2e7a,main,music,books,svm,self_training,2,50,target_only,0.3983784614177758,0.5288,0,50,0,1000,0.01,0.6184343434343434,budget_cv,0.052
db6bbe2e7a,main,music,books,svm,self_training,2,100,transfer,0.8572181264604977,0.858,2000,100,0,1000,1.0,0.8269448154505626,budget_cv,0.188
db6bbe2e7a,main,music,books,svm,self_training,2,100,target_only,0.6375695333639484,0.6708,0,100,0,1000,0.1,0.7076585695006748,budget_cv,0.057
db6bbe2e7a,main,music,books,svm,self_training,2,250,transfer,0.866317780087465,0.8664,2000,250,0,1000,10.0,0.8720009065670721,budget_cv,0.24
db6bbe2e7a,main,music,books,svm,self_training,2,250,target_only,0.8209731084787617,0.8212,0,250,0,1000,10.0,0.8078225625561678,budget_cv,0.07
db6bbe2e7a,main,music,books,svm,self_training,2,500,transfer,0.8862322426156714,0.8864,2000,500,0,1000,1.0,0.8676538417206947,budget_cv,0.211
db6bbe2e7a,main,music,books,svm,self_training,2,500,target_only,0.8523198499344332,0.8532,0,500,0,1000,1.0,0.827369654328406,budget_cv,0.077
db6bbe2e7a,main,music,books,svm,self_training,2,1000,transfer,0.8975946913087975,0.8976,2000,1000,0,1000,10.0,0.89197189724613,budget_cv,0.291
db6bbe2e7a,main,music,books,svm,self_training,2,1000,target_only,0.8887794286431219,0.8888,0,1000,0,1000,10.0,0.8769885751126556,budget_cv,0.141
db6bbe2e7a,main,music,books,svm,self_training,2,2000,transfer,0.9112,0.9112,2000,2000,0,1000,1.0,0.8964567837429183,budget_cv,0.326
db6bbe2e7a,main,music,books,svm,self_training,2,2000,target_only,0.9031984511752188,0.9032,0,2000,0,1000,1.0,0.8944630875197604,budget_cv,0.18
db6bbe2e7a,main,music,electronics,logreg,random,2,0,source_only,0.7871398336261972,0.7924,2000,0,0,0,10.0,0.8899858692961007,source_val_fallback,0.086
db6bbe2e7a,main,music,electronics,logreg,random,2,50,transfer,0.8132014286354738,0.816,2000,50,0,0,10.0,0.7463624338624338,budget_cv,0.296
db6bbe2e7a,main,music,electronics,logreg,random,2,50,target_only,0.7047424182685244,0.7116,0,50,0,0,1.0,0.7004658385093167,budget_cv,0.091
db6bbe2e7a,main,music,electronics,logreg,random,2,100,transfer,0.8325705273455497,0.834,2000,100,0,0,10.0,0.849518469003763,budget_cv,0.3
db6bbe2e7a,main,music,electronics,logreg,random,2,100,target_only,0.7602382391500799,0.7672,0,100,0,0,0.1,0.7959611588276907,budget_cv,0.096
db6bbe2e7a,main,music,electronics,logreg,random,2,250,transfer,0.8738177928929374,0.874,2000,250,0,0,10.0,0.8427135365414494,budget_cv,0.315
db6bbe2e7a,main,music,electronics,logreg,random,2,250,target_only,0.8419155109604441,0.8428,0,250,0,0,0.01,0.8509871613188512,budget_cv,0.111
db6bbe2e7a,main,music,electronics,logreg,random,2,500,transfer,0.888345959444371,0.8884,2000,500,0,0,10.0,0.8916755728850173,budget_cv,0.322
db6bbe2e7a,main,music,electronics,logreg,random,2,500,target_only,0.870216517303503,0.8704,0,500,0,0,1.0,0.8765973697233274,budget_cv,0.134
db6bbe2e7a,main,music,electronics,logreg,random,2,1000,transfer,0.9027626452978176,0.9028,2000,1000,0,0,10.0,0.9059573123356562,budget_cv,0.347
db6bbe2e7a,main,music,electronics,logreg,random,2,1000,target_only,0.888786049322027,0.8888,0,1000,0,0,10.0,0.908772018481301,budget_cv,0.169
db6bbe2e7a,main,music,electronics,logreg,random,2,2000,transfer,0.9155928557793132,0.9156,2000,2000,0,0,10.0,0.9109708312865356,budget_cv,0.416
db6bbe2e7a,main,music,electronics,logreg,random,2,2000,target_only,0.9035999845759974,0.9036,0,2000,0,0,10.0,0.9104728056511718,budget_cv,0.226
db6bbe2e7a,main,music,electronics,logreg,uncertainty,2,0,source_only,0.7871398336261972,0.7924,2000,0,0,0,10.0,0.8899858692961007,source_val_fallback,0.086
db6bbe2e7a,main,music,electronics,logreg,uncertainty,2,50,transfer,0.8268172202298802,0.8284,2000,50,0,0,10.0,0.7508333333333331,budget_cv,0.298
db6bbe2e7a,main,music,electronics,logreg,uncertainty,2,50,target_only,0.5693552067972755,0.6232,0,50,0,0,0.01,0.592290008841733,budget_cv,0.105
db6bbe2e7a,main,music,electronics,logreg,uncertainty,2,100,transfer,0.8496119024599643,0.85,2000,100,0,0,10.0,0.7362796970640108,budget_cv,0.299
db6bbe2e7a,main,music,electronics,logreg,uncertainty,2,100,target_only,0.48712539870929455,0.5752,0,100,0,0,0.01,0.5148932356433868,budget_cv,0.108
db6bbe2e7a,main,music,electronics,logreg,uncertainty,2,250,transfer,0.8787534219145627,0.8788,2000,250,0,0,10.0,0.6637106375290455,budget_cv,0.312
db6bbe2e7a,main,music,electronics,logreg,uncertainty,2,250,target_only,0.5311161463323144,0.6004,0,250,0,0,0.01,0.5467245315071402,budget_cv,0.12
db6bbe2e7a,main,music,electronics,logreg,uncertainty,2,500,transfer,0.8979725586993879,0.898,2000,500,0,0,10.0,0.6998909912691856,budget_cv,0.335
db6bbe2e7a,main,music,electronics,logreg,uncertainty,2,500,target_only,0.7331580693970149,0.736,0,500,0,0,1.0,0.6806845565693097,budget_cv,0.14
db6bbe2e7a,main,music,electronics,logreg,uncertainty,2,1000,transfer,0.9067992693062714,0.9068,2000,1000,0,0,10.0,0.7971117939043332,budget_cv,0.357
db6bbe2e7a,main,music,electronics,logreg,uncertainty,2,1000,target_only,0.8731691344405574,0.8732,0,1000,0,0,10.0,0.7074751414532056,budget_cv,0.17
db6bbe2e7a,main,music,electronics,logreg,uncertainty,2,2000,transfer,0.9155928557793132,0.9156,2000,2000,0,0,10.0,0.9089948900387884,budget_cv,0.417
db6bbe2e7a,main,music,electronics,logreg,uncertainty,2,2000,target_only,0.9035999845759974,0.9036,0,2000,0,0,10.0,0.9019645406949515,budget_cv,0.231
db6bbe2e7a,main,music,electronics,logreg,self_training,2,0,uda_self_training,0.7404854203361018,0.7536,2000,0,0,1000,10.0,0.8899858692961007,source_val_fallback,0.19
db6bbe2e7a,main,music,electronics,logreg,self_training,2,50,transfer,0.7989121021358743,0.8044,2000,50,0,1000,10.0,0.7463624338624338,budget_cv,0.397
db6bbe2e7a,main,music,electronics,logreg,self_training,2,50,target_only,0.659556492431385,0.6864,0,50,0,1000,1.0,0.7004658385093167,budget_cv,0.131
db6bbe2e7a,main,music,electronics,logreg,self_training,2,100,transfer,0.8345396894159551,0.8372,2000,100,0,1000,10.0,0.849518469003763,budget_cv,0.397
db6bbe2e7a,main,music,electronics,logreg,self_training,2,100,target_only,0.644455606186809,0.6788,0,100,0,1000,0.1,0.7959611588276907,budget_cv,0.124
db6bbe2e7a,main,music,electronics,logreg,self_training,2,250,transfer,0.8784764362200219,0.8788,2000,250,0,1000,10.0,0.8427135365414494,budget_cv,0.412
db6bbe2e7a,main,music,electronics,logreg,self_training,2,250,target_only,0.8405549904204797,0.8408,0,250,0,1000,0.01,0.8509871613188512,budget_cv,0.128
db6bbe2e7a,main,music,electronics,logreg,self_training,2,500,transfer,0.8934963250626691,0.8936,2000,500,0,1000,10.0,0.8916755728850173,budget_cv,0.427
db6bbe2e7a,main,music,electronics,logreg,self_training,2,500,target_only,0.8731551679625646,0.8732,0,500,0,1000,1.0,0.8765973697233274,budget_cv,0.172
db6bbe2e7a,main,music,electronics,logreg,self_training,2,1000,transfer,0.9035462791356274,0.9036,2000,1000,0,1000,10.0,0.9059573123356562,budget_cv,0.475
db6bbe2e7a,main,music,electronics,logreg,self_training,2,1000,target_only,0.8931991626814354,0.8932,0,1000,0,1000,10.0,0.908772018481301,budget_cv,0.232
db6bbe2e7a,main,music,electronics,logreg,self_training,2,2000,transfer,0.9163941007677502,0.9164,2000,2000,0,1000,10.0,0.9109708312865356,budget_cv,0.58
db6bbe2e7a,main,music,electronics,logreg,self_training,2,2000,target_only,0.9035992442180747,0.9036,0,2000,0,1000,10.0,0.9104728056511718,budget_cv,0.308
db6bbe2e7a,main,music,electronics,svm,random,2,0,source_only,0.8014627668898926,0.8052,2000,0,0,0,1.0,0.8853282368105249,source_val_fallback,0.044
db6bbe2e7a,main,music,electronics,svm,random,2,50,transfer,0.8339677400524967,0.8348,2000,50,0,0,10.0,0.8335249889429456,budget_cv,0.155
db6bbe2e7a,main,music,electronics,svm,random,2,50,target_only,0.7032522244606731,0.7104,0,50,0,0,0.1,0.7004658385093167,budget_cv,0.039
db6bbe2e7a,main,music,electronics,svm,random,2,100,transfer,0.857749069358348,0.858,2000,100,0,0,10.0,0.8796885909789136,budget_cv,0.157
db6bbe2e7a,main,music,electronics,svm,random,2,100,target_only,0.7610837438423645,0.7672,0,100,0,0,10.0,0.8051531801531802,budget_cv,0.04
db6bbe2e7a,main,music,electronics,svm,random,2,250,transfer,0.878309968847352,0.8784,2000,250,0,0,1.0,0.853829484148633,budget_cv,0.154
db6bbe2e7a,main,music,electronics,svm,random,2,250,target_only,0.8368598198062329,0.838,0,250,0,0,0.01,0.8374792201410072,budget_cv,0.044
db6bbe2e7a,main,music,electronics,svm,random,2,500,transfer,0.8947743922961091,0.8948,2000,500,0,0,1.0,0.9015205195291841,budget_cv,0.168
db6bbe2e7a,main,music,electronics,svm,random,2,500,target_only,0.8725794911642292,0.8728,0,500,0,0,10.0,0.880620196700168,budget_cv,0.055
db6bbe2e7a,main,music,electronics,svm,random,2,1000,transfer,0.8991767057861049,0.8992,2000,1000,0,0,1.0,0.9099476431134761,budget_cv,0.188
db6bbe2e7a,main,music,electronics,svm,random,2,1000,target_only,0.8823908923507036,0.8824,0,1000,0,0,1.0,0.909759739347777,budget_cv,0.076
db6bbe2e7a,main,music,electronics,svm,random,2,2000,transfer,0.9123968462864663,0.9124,2000,2000,0,0,1.0,0.9114588647335449,budget_cv,0.243
db6bbe2e7a,main,music,electronics,svm,random,2,2000,target_only,0.8995995983983935,0.8996,0,2000,0,0,1.0,0.9074738372584236,budget_cv,0.149
db6bbe2e7a,main,music,electronics,svm,uncertainty,2,0,source_only,0.8014627668898926,0.8052,2000,0,0,0,1.0,0.8853282368105249,source_val_fallback,0.043
db6bbe2e7a,main,music,electronics,svm,uncertainty,2,50,transfer,0.8345000674916798,0.836,2000,50,0,0,1.0,0.6794461644306846,budget_cv,0.145
db6bbe2e7a,main,music,electronics,svm,uncertainty,2,50,target_only,0.612849290358462,0.6476,0,50,0,0,0.01,0.614105339105339,budget_cv,0.039
db6bbe2e7a,main,music,electronics,svm,uncertainty,2,100,transfer,0.8549682416606739,0.8556,2000,100,0,0,1.0,0.68108758626,budget_cv,0.152
db6bbe2e7a,main,music,electronics,svm,uncertainty,2,100,target_only,0.6138856793780986,0.6508,0,100,0,0,0.01,0.6013483253307489,budget_cv,0.041
db6bbe2e7a,main,music,electronics,svm,uncertainty,2,250,transfer,0.8843995375981504,0.8844,2000,250,0,0,10.0,0.6162703716920371,budget_cv,0.161
db6bbe2e7a,main,music,electronics,svm,uncertainty,2,250,target_only,0.7062291242148604,0.7136,0,250,0,0,0.1,0.6517414617544202,budget_cv,0.047
db6bbe2e7a,main,music,electronics,svm,uncertainty,2,500,transfer,0.89079788584707,0.8908,2000,500,0,0,10.0,0.6221049801113093,budget_cv,0.18
db6bbe2e7a,main,music,electronics,svm,uncertainty,2,500,target_only,0.7842190016103059,0.7856,0,500,0,0,10.0,0.5897104899390241,budget_cv,0.062
db6bbe2e7a,main,music,electronics,svm,uncertainty,2,1000,transfer,0.905599456252868,0.9056,2000,1000,0,0,10.0,0.814978310247835,budget_cv,0.209
db6bbe2e7a,main,music,electronics,svm,uncertainty,2,1000,target_only,0.881599696895224,0.8816,0,1000,0,0,10.0,0.7368502046427374,budget_cv,0.114
db6bbe2e7a,main,music,electronics,svm,uncertainty,2,2000,transfer,0.9123968462864663,0.9124,2000,2000,0,0,1.0,0.912981268932155,budget_cv,0.234
db6bbe2e7a,main,music,electronics,svm,uncertainty,2,2000,target_only,0.8995995983983935,0.8996,0,2000,0,0,1.0,0.9079779166871106,budget_cv,0.142
db6bbe2e7a,main,music,electronics,svm,self_training,2,0,uda_self_training,0.7879286867177142,0.794,2000,0,0,1000,1.0,0.8853282368105249,source_val_fallback,0.075
db6bbe2e7a,main,music,electronics,svm,self_training,2,50,transfer,0.837068497694116,0.8384,2000,50,0,1000,10.0,0.8335249889429456,budget_cv,0.194
db6bbe2e7a,main,music,electronics,svm,self_training,2,50,target_only,0.6535000164085634,0.6824,0,50,0,1000,0.1,0.7004658385093167,budget_cv,0.052
db6bbe2e7a,main,music,electronics,svm,self_training,2,100,transfer,0.8615596267101799,0.862,2000,100,0,1000,10.0,0.8796885909789136,budget_cv,0.196
db6bbe2e7a,main,music,electronics,svm,self_training,2,100,target_only,0.7112537132772472,0.73,0,100,0,1000,10.0,0.8051531801531802,budget_cv,0.055
db6bbe2e7a,main,music,electronics,svm,self_training,2,250,transfer,0.883495145631068,0.8836,2000,250,0,1000,1.0,0.853829484148633,budget_cv,0.192
db6bbe2e7a,main,music,electronics,svm,self_training,2,250,target_only,0.8306647167843197,0.832,0,250,0,1000,0.01,0.8374792201410072,budget_cv,0.054
db6bbe2e7a,main,music,electronics,svm,self_training,2,500,transfer,0.8955691051640717,0.8956,2000,500,0,1000,1.0,0.9015205195291841,budget_cv,0.202
db6bbe2e7a,main,music,electronics,svm,self_training,2,500,target_only,0.8789393612872771,0.8792,0,500,0,1000,10.0,0.880620196700168,budget_cv,0.072
db6bbe2e7a,main,music,electronics,svm,self_training,2,1000,transfer,0.9003781788362923,0.9004,2000,1000,0,1000,1.0,0.9099476431134761,budget_cv,0.233
db6bbe2e7a,main,music,electronics,svm,self_training,2,1000,target_only,0.8867969389892303,0.8868,0,1000,0,1000,1.0,0.909759739347777,budget_cv,0.093
db6bbe2e7a,main,music,electronics,svm,self_training,2,2000,transfer,0.9127964281416967,0.9128,2000,2000,0,1000,1.0,0.9114588647335449,budget_cv,0.282
db6bbe2e7a,main,music,electronics,svm,self_training,2,2000,target_only,0.8999999359999591,0.9,0,2000,0,1000,1.0,0.9074738372584236,budget_cv,0.178
db6bbe2e7a,main,music,clothing,logreg,random,2,0,source_only,0.8177581936159681,0.8204,2000,0,0,0,10.0,0.8893315626383356,source_val_fallback,0.085
db6bbe2e7a,main,music,clothing,logreg,random,2,50,transfer,0.7943619548108549,0.7996,2000,50,0,0,1.0,0.8358074673864148,budget_cv,0.281
db6bbe2e7a,main,music,clothing,logreg,random,2,50,target_only,0.7666222221439403,0.7668,0,50,0,0,0.01,0.6926482873851295,budget_cv,0.089
db6bbe2e7a,main,music,clothing,logreg,random,2,100,transfer,0.8414045472229289,0.8432,2000,100,0,0,10.0,0.8686872875146868,budget_cv,0.295
db6bbe2e7a,main,music,clothing,logreg,random,2,100,target_only,0.8296139460945031,0.83,0,100,0,0,0.1,0.8605503565062388,budget_cv,0.099
db6bbe2e7a,main,music,clothing,logreg,random,2,250,transfer,0.8684640511044917,0.8692,2000,250,0,0,10.0,0.8513752305519043,budget_cv,0.303
db6bbe2e7a,main,music,clothing,logreg,random,2,250,target_only,0.8485516380912608,0.8496,0,250,0,0,0.01,0.8914733820340818,budget_cv,0.111
db6bbe2e7a,main,music,clothing,logreg,random,2,500,transfer,0.8932652799178222,0.8936,2000,500,0,0,10.0,0.8695073446033105,budget_cv,0.311
db6bbe2e7a,main,music,clothing,logreg,random,2,500,target_only,0.8819636621520577,0.8824,0,500,0,0,10.0,0.883770979815855,budget_cv,0.128
db6bbe2e7a,main,music,clothing,logreg,random,2,1000,transfer,0.9122837795165082,0.9124,2000,1000,0,0,10.0,0.8889704156394984,budget_cv,0.342
db6bbe2e7a,main,music,clothing,logreg,random,2,1000,target_only,0.9106483309028077,0.9108,0,1000,0,0,10.0,0.9039513048257851,budget_cv,0.155
db6bbe2e7a,main,music,clothing,logreg,random,2,2000,transfer,0.9223458781832585,0.9224,2000,2000,0,0,10.0,0.9059623745072888,budget_cv,0.387
db6bbe2e7a,main,music,clothing,logreg,random,2,2000,target_only,0.9187268541687519,0.9188,0,2000,0,0,10.0,0.9029617668917923,budget_cv,0.211
db6bbe2e7a,main,music,clothing,logreg,uncertainty,2,0,source_only,0.8177581936159681,0.8204,2000,0,0,0,10.0,0.8893315626383356,source_val_fallback,0.098
db6bbe2e7a,main,music,clothing,logreg,uncertainty,2,50,transfer,0.8427200121769305,0.8436,2000,50,0,0,10.0,0.8898352600869762,budget_cv,0.311
db6bbe2e7a,main,music,clothing,logreg,uncertainty,2,50,target_only,0.7173515158680475,0.72,0,50,0,0,0.01,0.7043645565384695,budget_cv,0.101
db6bbe2e7a,main,music,clothing,logreg,uncertainty,2,100,transfer,0.8614360289392056,0.8616,2000,100,0,0,10.0,0.7765184554598248,budget_cv,0.309
db6bbe2e7a,main,music,clothing,logreg,uncertainty,2,100,target_only,0.5827471497869683,0.6272,0,100,0,0,0.01,0.5950571434293225,budget_cv,0.106
db6bbe2e7a,main,music,clothing,logreg,uncertainty,2,250,transfer,0.8939714825699521,0.894,2000,250,0,0,10.0,0.6776776004610051,budget_cv,0.305
db6bbe2e7a,main,music,clothing,logreg,uncertainty,2,250,target_only,0.687250086620264,0.6944,0,250,0,0,1.0,0.6736807234916458,budget_cv,0.116
db6bbe2e7a,main,music,clothing,logreg,uncertainty,2,500,transfer,0.9107804573513782,0.9108,2000,500,0,0,10.0,0.7136744000671434,budget_cv,0.325
db6bbe2e7a,main,music,clothing,logreg,uncertainty,2,500,target_only,0.75500696004777,0.7556,0,500,0,0,10.0,0.7395523041410259,budget_cv,0.141
db6bbe2e7a,main,music,clothing,logreg,uncertainty,2,1000,transfer,0.9211671929390135,0.9212,2000,1000,0,0,10.0,0.8009435407446287,budget_cv,0.351
db6bbe2e7a,main,music,clothing,logreg,uncertainty,2,1000,target_only,0.8867411235056432,0.8868,0,1000,0,0,10.0,0.7835481912680127,budget_cv,0.158
db6bbe2e7a,main,music,clothing,logreg,uncertainty,2,2000,transfer,0.9223458781832585,0.9224,2000,2000,0,0,10.0,0.9049773048898949,budget_cv,0.388
db6bbe2e7a,main,music,clothing,logreg,uncertainty,2,2000,target_only,0.9187268541687519,0.9188,0,2000,0,0,10.0,0.9084667466962819,budget_cv,0.212
db6bbe2e7a,main,music,clothing,logreg,self_training,2,0,uda_self_training,0.7943724445201992,0.8008,2000,0,0,1000,10.0,0.8893315626383356,source_val_fallback,0.18
db6bbe2e7a,main,music,clothing,logreg,self_training,2,50,transfer,0.7537689320597221,0.7656,2000,50,0,1000,1.0,0.8358074673864148,budget_cv,0.338
db6bbe2e7a,main,music,clothing,logreg,self_training,2,50,target_only,0.740305236417717,0.7476,0,50,0,1000,0.01,0.6926482873851295,budget_cv,0.108
db6bbe2e7a,main,music,clothing,logreg,self_training,2,100,transfer,0.8453884110944406,0.8476,2000,100,0,1000,10.0,0.8686872875146868,budget_cv,0.391
db6bbe2e7a,main,music,clothing,logreg,self_training,2,100,target_only,0.8211470881545596,0.8212,0,100,0,1000,0.1,0.8605503565062388,budget_cv,0.12
db6bbe2e7a,main,music,clothing,logreg,self_training,2,250,transfer,0.878847712137656,0.8796,2000,250,0,1000,10.0,0.8513752305519043,budget_cv,0.396
db6bbe2e7a,main,music,clothing,logreg,self_training,2,250,target_only,0.8245603822740337,0.8264,0,250,0,1000,0.01,0.8914733820340818,budget_cv,0.129
db6bbe2e7a,main,music,clothing,logreg,self_training,2,500,transfer,0.8952476129700312,0.8956,2000,500,0,1000,10.0,0.8695073446033105,budget_cv,0.404
db6bbe2e7a,main,music,clothing,logreg,self_training,2,500,target_only,0.8884089134143083,0.8888,0,500,0,1000,10.0,0.883770979815855,budget_cv,0.175
db6bbe2e7a,main,music,clothing,logreg,self_training,2,1000,transfer,0.9142839198556253,0.9144,2000,1000,0,1000,10.0,0.8889704156394984,budget_cv,0.453
db6bbe2e7a,main,music,clothing,logreg,self_training,2,1000,target_only,0.9090515575902365,0.9092,0,1000,0,1000,10.0,0.9039513048257851,budget_cv,0.207
db6bbe2e7a,main,music,clothing,logreg,self_training,2,2000,transfer,0.9255449151500246,0.9256,2000,2000,0,1000,10.0,0.9059623745072888,budget_cv,0.516
db6bbe2e7a,main,music,clothing,logreg,self_training,2,2000,target_only,0.9159222987516142,0.916,0,2000,0,1000,10.0,0.9029617668917923,budget_cv,0.28
db6bbe2e7a,main,music,clothing,svm,random,2,0,source_only,0.827736801242236,0.8296,2000,0,0,0,1.0,0.8866664651848271,source_val_fallback,0.043
db6bbe2e7a,main,music,clothing,svm,random,2,50,transfer,0.7899787907348671,0.7956,2000,50,0,0,0.1,0.8358074673864148,budget_cv,0.132
db6bbe2e7a,main,music,clothing,svm,random,2,50,target_only,0.7523727195778631,0.7536,0,50,0,0,0.01,0.620947570947571,budget_cv,0.038
db6bbe2e7a,main,music,clothing,svm,random,2,100,transfer,0.8515515637453677,0.8524,2000,100,0,0,10.0,0.8699436763952892,budget_cv,0.146
db6bbe2e7a,main,music,clothing,svm,random,2,100,target_only,0.8296139460945031,0.83,0,100,0,0,0.01,0.8605503565062388,budget_cv,0.039
db6bbe2e7a,main,music,clothing,svm,random,2,250,transfer,0.8734215669397385,0.874,2000,250,0,0,1.0,0.8597001594111099,budget_cv,0.146
db6bbe2e7a,main,music,clothing,svm,random,2,250,target_only,0.8484402857137803,0.8492,0,250,0,0,0.01,0.8795914873613769,budget_cv,0.043
db6bbe2e7a,main,music,clothing,svm,random,2,500,transfer,0.8932934363107834,0.8936,2000,500,0,0,1.0,0.867482211137545,budget_cv,0.152
db6bbe2e7a,main,music,clothing,svm,random,2,500,target_only,0.8799963075786947,0.8804,0,500,0,0,10.0,0.8898066371258452,budget_cv,0.053
db6bbe2e7a,main,music,clothing,svm,random,2,1000,transfer,0.913909625768747,0.914,2000,1000,0,0,1.0,0.8909651381541531,budget_cv,0.17
db6bbe2e7a,main,music,clothing,svm,random,2,1000,target_only,0.9046220017645732,0.9048,0,1000,0,0,1.0,0.9039454483568771,budget_cv,0.07
db6bbe2e7a,main,music,clothing,svm,random,2,2000,transfer,0.9151543326680152,0.9152,2000,2000,0,0,10.0,0.9089252843151857,budget_cv,0.242
db6bbe2e7a,main,music,clothing,svm,random,2,2000,target_only,0.9099054223161306,0.91,0,2000,0,0,10.0,0.9089502968682769,budget_cv,0.101
db6bbe2e7a,main,music,clothing,svm,uncertainty,2,0,source_only,0.827736801242236,0.8296,2000,0,0,0,1.0,0.8866664651848271,source_val_fallback,0.045
db6bbe2e7a,main,music,clothing,svm,uncertainty,2,50,transfer,0.853668447822338,0.854,2000,50,0,0,10.0,0.7585733107472237,budget_cv,0.148
db6bbe2e7a,main,music,clothing,svm,uncertainty,2,50,target_only,0.5792491016834324,0.6232,0,50,0,0,0.01,0.5089546256212923,budget_cv,0.039
db6bbe2e7a,main,music,clothing,svm,uncertainty,2,100,transfer,0.8633207588431469,0.8636,2000,100,0,0,1.0,0.7032940433344882,budget_cv,0.147
db6bbe2e7a,main,music,clothing,svm,uncertainty,2,100,target_only,0.6174904062458648,0.6448,0,100,0,0,0.01,0.5652130596302659,budget_cv,0.04
db6bbe2e7a,main,music,clothing,svm,uncertainty,2,250,transfer,0.894768868422034,0.8948,2000,250,0,0,1.0,0.6828755917571708,budget_cv,0.154
db6bbe2e7a,main,music,clothing,svm,uncertainty,2,250,target_only,0.7216079145404675,0.7264,0,250,0,0,1.0,0.6587432990287614,budget_cv,0.045
db6bbe2e7a,main,music,clothing,svm,uncertainty,2,500,transfer,0.9075921786019969,0.9076,2000,500,0,0,10.0,0.6311785172875012,budget_cv,0.17
db6bbe2e7a,main,music,clothing,svm,uncertainty,2,500,target_only,0.7563828103710998,0.7564,0,500,0,0,0.1,0.6666551724533286,budget_cv,0.049
db6bbe2e7a,main,music,clothing,svm,uncertainty,2,1000,transfer,0.914749245110569,0.9148,2000,1000,0,0,10.0,0.7967028109326338,budget_cv,0.192
db6bbe2e7a,main,music,clothing,svm,uncertainty,2,1000,target_only,0.9063347190457862,0.9064,0,1000,0,0,10.0,0.767910641791858,budget_cv,0.067
db6bbe2e7a,main,music,clothing,svm,uncertainty,2,2000,transfer,0.921545320226385,0.9216,2000,2000,0,0,1.0,0.9044763355059842,budget_cv,0.229
db6bbe2e7a,main,music,clothing,svm,uncertainty,2,2000,target_only,0.9099054223161306,0.91,0,2000,0,0,10.0,0.9089579434997632,budget_cv,0.108
db6bbe2e7a,main,music,clothing,svm,self_training,2,0,uda_self_training,0.829130040826529,0.832,2000,0,0,1000,1.0,0.8866664651848271,source_val_fallback,0.071
db6bbe2e7a,main,music,clothing,svm,self_training,2,50,transfer,0.7575729512481721,0.7688,2000,50,0,1000,0.1,0.8358074673864148,budget_cv,0.155
db6bbe2e7a,main,music,clothing,svm,self_training,2,50,target_only,0.5784984850185164,0.6244,0,50,0,1000,0.01,0.620947570947571,budget_cv,0.045
db6bbe2e7a,main,music,clothing,svm,self_training,2,100,transfer,0.8525795200569188,0.8536,2000,100,0,1000,10.0,0.8699436763952892,budget_cv,0.207
db6bbe2e7a,main,music,clothing,svm,self_training,2,100,target_only,0.8170981309750278,0.8172,0,100,0,1000,0.01,0.8605503565062388,budget_cv,0.048
db6bbe2e7a,main,music,clothing,svm,self_training,2,250,transfer,0.8802062831724078,0.8808,2000,250,0,1000,1.0,0.8597001594111099,budget_cv,0.183
db6bbe2e7a,main,music,clothing,svm,self_training,2,250,target_only,0.8329987956643918,0.8336,0,250,0,1000,0.01,0.8795914873613769,budget_cv,0.053
db6bbe2e7a,main,music,clothing,svm,self_training,2,500,transfer,0.8932934363107834,0.8936,2000,500,0,1000,1.0,0.867482211137545,budget_cv,0.194
db6bbe2e7a,main,music,clothing,svm,self_training,2,500,target_only,0.8847907583401455,0.8852,0,500,0,1000,10.0,0.8898066371258452,budget_cv,0.078
db6bbe2e7a,main,music,clothing,svm,self_training,2,1000,transfer,0.9131042199954478,0.9132,2000,1000,0,1000,1.0,0.8909651381541531,budget_cv,0.218
db6bbe2e7a,main,music,clothing,svm,self_training,2,1000,target_only,0.907424016758898,0.9076,0,1000,0,1000,1.0,0.9039454483568771,budget_cv,0.086
db6bbe2e7a,main,music,clothing,svm,self_training,2,2000,transfer,0.9151543326680152,0.9152,2000,2000,0,1000,10.0,0.9089252843151857,budget_cv,0.288
db6bbe2e7a,main,music,clothing,svm,self_training,2,2000,target_only,0.9099054223161306,0.91,0,2000,0,1000,10.0,0.9089502968682769,budget_cv,0.151
db6bbe2e7a,main,electronics,books,logreg,random,2,0,source_only,0.8108404475878003,0.8124,2000,0,0,0,1.0,0.9019525450317953,source_val_fallback,0.084
db6bbe2e7a,main,electronics,books,logreg,random,2,50,transfer,0.8141414141414142,0.816,2000,50,0,0,1.0,0.7587690087690088,budget_cv,0.272
db6bbe2e7a,main,electronics,books,logreg,random,2,50,target_only,0.6820050125313284,0.6828,0,50,0,0,0.01,0.6152777777777777,budget_cv,0.101
db6bbe2e7a,main,electronics,books,logreg,random,2,100,transfer,0.827327802349018,0.8284,2000,100,0,0,1.0,0.7783625730994151,budget_cv,0.272
db6bbe2e7a,main,electronics,books,logreg,random,2,100,target_only,0.7596321829240433,0.7628,0,100,0,0,1.0,0.7076585695006748,budget_cv,0.107
db6bbe2e7a,main,electronics,books,logreg,random,2,250,transfer,0.8494681099792394,0.8496,2000,250,0,0,10.0,0.8281275648917431,budget_cv,0.311
db6bbe2e7a,main,electronics,books,logreg,random,2,250,target_only,0.8023271298731565,0.8024,0,250,0,0,10.0,0.8073380540169849,budget_cv,0.124
db6bbe2e7a,main,electronics,books,logreg,random,2,500,transfer,0.8729672964122599,0.8732,2000,500,0,0,10.0,0.8415045561177571,budget_cv,0.319
db6bbe2e7a,main,electronics,books,logreg,random,2,500,target_only,0.8610864867503809,0.8616,0,500,0,0,10.0,0.8274737948819847,budget_cv,0.141
db6bbe2e7a,main,electronics,books,logreg,random,2,1000,transfer,0.8855812536325951,0.8856,2000,1000,0,0,10.0,0.871974559013903,budget_cv,0.403
db6bbe2e7a,main,electronics,books,logreg,random,2,1000,target_only,0.8819794360969455,0.882,0,1000,0,0,10.0,0.8689781507216553,budget_cv,0.191
db6bbe2e7a,main,electronics,books,logreg,random,2,2000,transfer,0.9043998623358018,0.9044,2000,2000,0,0,10.0,0.8949821555734397,budget_cv,0.462
db6bbe2e7a,main,electronics,books,logreg,random,2,2000,target_only,0.9011998577277951,0.9012,0,2000,0,0,10.0,0.8914574255080489,budget_cv,0.267
db6bbe2e7a,main,electronics,books,logreg,uncertainty,2,0,source_only,0.8108404475878003,0.8124,2000,0,0,0,1.0,0.9019525450317953,source_val_fallback,0.083
db6bbe2e7a,main,electronics,books,logreg,uncertainty,2,50,transfer,0.8406448773494071,0.8408,2000,50,0,0,10.0,0.7363922627080521,budget_cv,0.287
db6bbe2e7a,main,electronics,books,logreg,uncertainty,2,50,target_only,0.6359297885587095,0.6512,0,50,0,0,0.1,0.6731552200659752,budget_cv,0.096
db6bbe2e7a,main,electronics,books,logreg,uncertainty,2,100,transfer,0.8503984680803132,0.8504,2000,100,0,0,10.0,0.7146323024988344,budget_cv,0.293
db6bbe2e7a,main,electronics,books,logreg,uncertainty,2,100,target_only,0.6620173727177139,0.6708,0,100,0,0,0.01,0.6590994976585743,budget_cv,0.109
db6bbe2e7a,main,electronics,books,logreg,uncertainty,2,250,transfer,0.8675262174020443,0.8676,2000,250,0,0,10.0,0.612693112039822,budget_cv,0.322
db6bbe2e7a,main,electronics,books,logreg,uncertainty,2,250,target_only,0.6968376728855015,0.7004,0,250,0,0,0.1,0.6291641062036932,budget_cv,0.115
db6bbe2e7a,main,electronics,books,logreg,uncertainty,2,500,transfer,0.8887794286431219,0.8888,2000,500,0,0,10.0,0.6268564661129574,budget_cv,0.327
db6bbe2e7a,main,electronics,books,logreg,uncertainty,2,500,target_only,0.7631561933695257,0.7632,0,500,0,0,1.0,0.6516840842979206,budget_cv,0.145
db6bbe2e7a,main,electronics,books,logreg,uncertainty,2,1000,transfer,0.901998102683268,0.902,2000,1000,0,0,10.0,0.7789572759462281,budget_cv,0.382
db6bbe2e7a,main,electronics,books,logreg,uncertainty,2,1000,target_only,0.8691907701007383,0.8692,0,1000,0,0,10.0,0.7288279337480299,budget_cv,0.171
db6bbe2e7a,main,electronics,books,logreg,uncertainty,2,2000,transfer,0.9043998623358018,0.9044,2000,2000,0,0,10.0,0.8884640322558371,budget_cv,0.474
db6bbe2e7a,main,electronics,books,logreg,uncertainty,2,2000,target_only,0.9011998577277951,0.9012,0,2000,0,0,10.0,0.8839833584095999,budget_cv,0.265
db6bbe2e7a,main,electronics,books,logreg,self_training,2,0,uda_self_training,0.777095304141074,0.784,2000,0,0,1000,1.0,0.9019525450317953,source_val_fallback,0.143
db6bbe2e7a,main,electronics,books,logreg,self_training,2,50,transfer,0.7761390310438167,0.7832,2000,50,0,1000,1.0,0.7587690087690088,budget_cv,0.333
db6bbe2e7a,main,electronics,books,logreg,self_training,2,50,target_only,0.45707150920437273,0.5556,0,50,0,1000,0.01,0.6152777777777777,budget_cv,0.118
db6bbe2e7a,main,electronics,books,logreg,self_training,2,100,transfer,0.8114547855544557,0.8148,2000,100,0,1000,1.0,0.7783625730994151,budget_cv,0.333
db6bbe2e7a,main,electronics,books,logreg,self_training,2,100,target_only,0.6435219229206044,0.674,0,100,0,1000,1.0,0.7076585695006748,budget_cv,0.148
db6bbe2e7a,main,electronics,books,logreg,self_training,2,250,transfer,0.8568421052631578,0.8572,2000,250,0,1000,10.0,0.8281275648917431,budget_cv,0.402
db6bbe2e7a,main,electronics,books,logreg,self_training,2,250,target_only,0.7820192067622629,0.7832,0,250,0,1000,10.0,0.8073380540169849,budget_cv,0.176
db6bbe2e7a,main,electronics,books,logreg,self_training,2,500,transfer,0.8708719942047992,0.8712,2000,500,0,1000,10.0,0.8415045561177571,budget_cv,0.424
db6bbe2e7a,main,electronics,books,logreg,self_training,2,500,target_only,0.8330837922588294,0.8344,0,500,0,1000,10.0,0.8274737948819847,budget_cv,0.207
db6bbe2e7a,main,electronics,books,logreg,self_training,2,1000,transfer,0.8883535372080444,0.8884,2000,1000,0,1000,10.0,0.871974559013903,budget_cv,0.474
db6bbe2e7a,main,electronics,books,logreg,self_training,2,1000,target_only,0.8787369626226498,0.8788,0,1000,0,1000,10.0,0.8689781507216553,budget_cv,0.26
db6bbe2e7a,main,electronics,books,logreg,self_training,2,2000,transfer,0.9063999400959617,0.9064,2000,2000,0,1000,10.0,0.8949821555734397,budget_cv,0.604
db6bbe2e7a,main,electronics,books,logreg,self_training,2,2000,target_only,0.8999997439993446,0.9,0,2000,0,1000,10.0,0.8914574255080489,budget_cv,0.364
db6bbe2e7a,main,electronics,books,svm,random,2,0,source_only,0.8116193811144032,0.8132,2000,0,0,0,0.1,0.9039446721311475,source_val_fallback,0.052
db6bbe2e7a,main,electronics,books,svm,random,2,50,transfer,0.8140808382981832,0.816,2000,50,0,0,0.1,0.7587690087690088,budget_cv,0.176
db6bbe2e7a,main,electronics,books,svm,random,2,50,target_only,0.5669193074776577,0.6116,0,50,0,0,0.01,0.6184343434343434,budget_cv,0.04
db6bbe2e7a,main,electronics,books,svm,random,2,100,transfer,0.8285676756867435,0.8296,2000,100,0,0,0.1,0.7783625730994151,budget_cv,0.206
db6bbe2e7a,main,electronics,books,svm,random,2,100,target_only,0.7587764427641771,0.762,0,100,0,0,0.1,0.7076585695006748,budget_cv,0.041
db6bbe2e7a,main,electronics,books,svm,random,2,250,transfer,0.8470660053512485,0.8472,2000,250,0,0,1.0,0.8400586118871023,budget_cv,0.181
db6bbe2e7a,main,electronics,books,svm,random,2,250,target_only,0.8031274248939129,0.8032,0,250,0,0,1.0,0.8113879546155863,budget_cv,0.047
db6bbe2e7a,main,electronics,books,svm,random,2,500,transfer,0.8714143222813744,0.8716,2000,500,0,0,1.0,0.8354792960407137,budget_cv,0.199
db6bbe2e7a,main,electronics,books,svm,random,2,500,target_only,0.8618894550350609,0.8624,0,500,0,0,1.0,0.8234643835692026,budget_cv,0.057
db6bbe2e7a,main,electronics,books,svm,random,2,1000,transfer,0.8903660397844837,0.8904,2000,1000,0,0,1.0,0.8709687701484689,budget_cv,0.309
db6bbe2e7a,main,electronics,books,svm,random,2,1000,target_only,0.8831873655454574,0.8832,0,1000,0,0,10.0,0.8769854615108086,budget_cv,0.098
db6bbe2e7a,main,electronics,books,svm,random,2,2000,transfer,0.9055999395839613,0.9056,2000,2000,0,0,1.0,0.8954770940933966,budget_cv,0.341
db6bbe2e7a,main,electronics,books,svm,random,2,2000,target_only,0.901597732811764,0.9016,0,2000,0,0,1.0,0.895464810040871,budget_cv,0.158
db6bbe2e7a,main,electronics,books,svm,uncertainty,2,0,source_only,0.8116193811144032,0.8132,2000,0,0,0,0.1,0.9039446721311475,source_val_fallback,0.052
db6bbe2e7a,main,electronics,books,svm,uncertainty,2,50,transfer,0.8240052358040534,0.8248,2000,50,0,0,0.1,0.6959593554020799,budget_cv,0.186
db6bbe2e7a,main,electronics,books,svm,uncertainty,2,50,target_only,0.6709565605017216,0.6712,0,50,0,0,0.1,0.7292755991285403,budget_cv,0.039
db6bbe2e7a,main,electronics,books,svm,uncertainty,2,100,transfer,0.8558933841613379,0.856,2000,100,0,0,1.0,0.6479402036873302,budget_cv,0.212
db6bbe2e7a,main,electronics,books,svm,uncertainty,2,100,target_only,0.6942573527104806,0.6944,0,100,0,0,0.01,0.7770366479925302,budget_cv,0.041
db6bbe2e7a,main,electronics,books,svm,uncertainty,2,250,transfer,0.8531524213845285,0.8532,2000,250,0,0,10.0,0.5541600213151762,budget_cv,0.258
db6bbe2e7a,main,electronics,books,svm,uncertainty,2,250,target_only,0.7228848655995608,0.7236,0,250,0,0,10.0,0.6391643064300317,budget_cv,0.049
db6bbe2e7a,main,electronics,books,svm,uncertainty,2,500,transfer,0.8855953139840609,0.8856,2000,500,0,0,10.0,0.6155430961846053,budget_cv,0.295
db6bbe2e7a,main,electronics,books,svm,uncertainty,2,500,target_only,0.7704102852345686,0.7708,0,500,0,0,0.1,0.6089406481175167,budget_cv,0.061
db6bbe2e7a,main,electronics,books,svm,uncertainty,2,1000,transfer,0.9031994424287884,0.9032,2000,1000,0,0,1.0,0.7655211847414908,budget_cv,0.362
db6bbe2e7a,main,electronics,books,svm,uncertainty,2,1000,target_only,0.8795944324465563,0.8796,0,1000,0,0,1.0,0.6815466291118839,budget_cv,0.095
db6bbe2e7a,main,electronics,books,svm,uncertainty,2,2000,transfer,0.9055999395839613,0.9056,2000,2000,0,0,1.0,0.8949498964058024,budget_cv,0.367
db6bbe2e7a,main,electronics,books,svm,uncertainty,2,2000,target_only,0.901597732811764,0.9016,0,2000,0,0,1.0,0.8909463875087411,budget_cv,0.147
db6bbe2e7a,main,electronics,books,svm,self_training,2,0,uda_self_training,0.7760069932104496,0.7832,2000,0,0,1000,0.1,0.9039446721311475,source_val_fallback,0.08
db6bbe2e7a,main,electronics,books,svm,self_training,2,50,transfer,0.7778561750037492,0.7848,2000,50,0,1000,0.1,0.7587690087690088,budget_cv,0.193
db6bbe2e7a,main,electronics,books,svm,self_training,2,50,target_only,0.3991747918449489,0.5292,0,50,0,1000,0.01,0.6184343434343434,budget_cv,0.055
db6bbe2e7a,main,electronics,books,svm,self_training,2,100,transfer,0.8059538743780515,0.81,2000,100,0,1000,0.1,0.7783625730994151,budget_cv,0.227
db6bbe2e7a,main,electronics,books,svm,self_training,2,100,target_only,0.6440095398428731,0.6752,0,100,0,1000,0.1,0.7076585695006748,budget_cv,0.055
db6bbe2e7a,main,electronics,books,svm,self_training,2,250,transfer,0.8533927325095126,0.8536,2000,250,0,1000,1.0,0.8400586118871023,budget_cv,0.211
db6bbe2e7a,main,electronics,books,svm,self_training,2,250,target_only,0.808249107355468,0.8088,0,250,0,1000,1.0,0.8113879546155863,budget_cv,0.065
db6bbe2e7a,main,electronics,books,svm,self_training,2,500,transfer,0.8745526982071377,0.8748,2000,500,0,1000,1.0,0.8354792960407137,budget_cv,0.226
db6bbe2e7a,main,electronics,books,svm,self_training,2,500,target_only,0.8523381034161157,0.8532,0,500,0,1000,1.0,0.8234643835692026,budget_cv,0.076
db6bbe2e7a,main,electronics,books,svm,self_training,2,1000,transfer,0.8907613907059311,0.8908,2000,1000,0,1000,1.0,0.8709687701484689,budget_cv,0.378
db6bbe2e7a,main,electronics,books,svm,self_training,2,1000,target_only,0.8847834088108688,0.8848,0,1000,0,1000,10.0,0.8769854615108086,budget_cv,0.145
db6bbe2e7a,main,electronics,books,svm,self_training,2,2000,transfer,0.9055999395839613,0.9056,2000,2000,0,1000,1.0,0.8954770940933966,budget_cv,0.467
db6bbe2e7a,main,electronics,books,svm,self_training,2,2000,target_only,0.901998102683268,0.902,0,2000,0,1000,1.0,0.895464810040871,budget_cv,0.198
db6bbe2e7a,main,electronics,music,logreg,random,2,0,source_only,0.8216700730500568,0.8228,2000,0,0,0,10.0,0.8993007067623243,source_val_fallback,0.083
db6bbe2e7a,main,electronics,music,logreg,random,2,50,transfer,0.8192297196370231,0.8212,2000,50,0,0,1.0,0.8784313725490196,budget_cv,0.277
db6bbe2e7a,main,electronics,music,logreg,random,2,50,target_only,0.748473967217882,0.752,0,50,0,0,10.0,0.7349763297131718,budget_cv,0.098
db6bbe2e7a,main,electronics,music,logreg,random,2,100,transfer,0.8121487729785057,0.8148,2000,100,0,0,0.1,0.8493994623026881,budget_cv,0.274
db6bbe2e7a,main,electronics,music,logreg,random,2,100,target_only,0.7739667847233687,0.7772,0,100,0,0,1.0,0.8199601223676175,budget_cv,0.108
db6bbe2e7a,main,electronics,music,logreg,random,2,250,transfer,0.81744078265814,0.82,2000,250,0,0,0.1,0.8666641252103927,budget_cv,0.284
db6bbe2e7a,main,electronics,music,logreg,random,2,250,target_only,0.8101747625237606,0.8128,0,250,0,0,1.0,0.8163264772062945,budget_cv,0.118
db6bbe2e7a,main,electronics,music,logreg,random,2,500,transfer,0.8493769374042857,0.8508,2000,500,0,0,1.0,0.8617313718834048,budget_cv,0.289
db6bbe2e7a,main,electronics,music,logreg,random,2,500,target_only,0.8143518810590289,0.8192,0,500,0,0,0.1,0.8267999168412822,budget_cv,0.132
db6bbe2e7a,main,electronics,music,logreg,random,2,1000,transfer,0.8773427731407537,0.878,2000,1000,0,0,10.0,0.854972078459637,budget_cv,0.344
db6bbe2e7a,main,electronics,music,logreg,random,2,1000,target_only,0.8657699508177874,0.8668,0,1000,0,0,10.0,0.8398339022714617,budget_cv,0.182
db6bbe2e7a,main,electronics,music,logreg,random,2,2000,transfer,0.8911141250935575,0.8916,2000,2000,0,0,10.0,0.8844314607224447,budget_cv,0.397
db6bbe2e7a,main,electronics,music,logreg,random,2,2000,target_only,0.8894458317540839,0.89,0,2000,0,0,10.0,0.868970911364142,budget_cv,0.239
db6bbe2e7a,main,electronics,music,logreg,uncertainty,2,0,source_only,0.8216700730500568,0.8228,2000,0,0,0,10.0,0.8993007067623243,source_val_fallback,0.082
db6bbe2e7a,main,electronics,music,logreg,uncertainty,2,50,transfer,0.8288488502840786,0.8304,2000,50,0,0,10.0,0.7593253968253967,budget_cv,0.291
db6bbe2e7a,main,electronics,music,logreg,uncertainty,2,50,target_only,0.6495778490288162,0.6812,0,50,0,0,0.1,0.6676300794721847,budget_cv,0.095
db6bbe2e7a,main,electronics,music,logreg,uncertainty,2,100,transfer,0.8447472830774538,0.8452,2000,100,0,0,10.0,0.8034754791020561,budget_cv,0.297
db6bbe2e7a,main,electronics,music,logreg,uncertainty,2,100,target_only,0.6873189239403885,0.6884,0,100,0,0,0.1,0.6642030484540854,budget_cv,0.106
db6bbe2e7a,main,electronics,music,logreg,uncertainty,2,250,transfer,0.8628626201034737,0.8632,2000,250,0,0,10.0,0.6425766189303187,budget_cv,0.301
db6bbe2e7a,main,electronics,music,logreg,uncertainty,2,250,target_only,0.7299342768056034,0.73,0,250,0,0,1.0,0.6415713441691681,budget_cv,0.119
db6bbe2e7a,main,electronics,music,logreg,uncertainty,2,500,transfer,0.876109779725594,0.8764,2000,500,0,0,10.0,0.6190305713142316,budget_cv,0.329
db6bbe2e7a,main,electronics,music,logreg,uncertainty,2,500,target_only,0.7707917485029461,0.7708,0,500,0,0,1.0,0.5857294074279821,budget_cv,0.133
db6bbe2e7a,main,electronics,music,logreg,uncertainty,2,1000,transfer,0.8880021657731728,0.8884,2000,1000,0,0,10.0,0.739703309376238,budget_cv,0.344
db6bbe2e7a,main,electronics,music,logreg,uncertainty,2,1000,target_only,0.8676421042498917,0.868,0,1000,0,0,10.0,0.6838003240829352,budget_cv,0.166
db6bbe2e7a,main,electronics,music,logreg,uncertainty,2,2000,transfer,0.8911141250935575,0.8916,2000,2000,0,0,10.0,0.8784526575206811,budget_cv,0.398
db6bbe2e7a,main,electronics,music,logreg,uncertainty,2,2000,target_only,0.8894458317540839,0.89,0,2000,0,0,10.0,0.8734867834724582,budget_cv,0.236
db6bbe2e7a,main,electronics,music,logreg,self_training,2,0,uda_self_training,0.8358705514668817,0.8372,2000,0,0,1000,10.0,0.8993007067623243,source_val_fallback,0.166
db6bbe2e7a,main,electronics,music,logreg,self_training,2,50,transfer,0.8281189598408056,0.8304,2000,50,0,1000,1.0,0.8784313725490196,budget_cv,0.328
db6bbe2e7a,main,electronics,music,logreg,self_training,2,50,target_only,0.6902440526858116,0.7168,0,50,0,1000,10.0,0.7349763297131718,budget_cv,0.147
db6bbe2e7a,main,electronics,music,logreg,self_training,2,100,transfer,0.7858619264158744,0.7928,2000,100,0,1000,0.1,0.8493994623026881,budget_cv,0.31
db6bbe2e7a,main,electronics,music,logreg,self_training,2,100,target_only,0.6565427703152253,0.6944,0,100,0,1000,1.0,0.8199601223676175,budget_cv,0.15
db6bbe2e7a,main,electronics,music,logreg,self_training,2,250,transfer,0.806826323001809,0.8116,2000,250,0,1000,0.1,0.8666641252103927,budget_cv,0.32
db6bbe2e7a,main,electronics,music,logreg,self_training,2,250,target_only,0.7390287068422473,0.7564,0,250,0,1000,1.0,0.8163264772062945,budget_cv,0.155
db6bbe2e7a,main,electronics,music,logreg,self_training,2,500,transfer,0.8511904761904763,0.8528,2000,500,0,1000,1.0,0.8617313718834048,budget_cv,0.358
db6bbe2e7a,main,electronics,music,logreg,self_training,2,500,target_only,0.6154871521440437,0.664,0,500,0,1000,0.1,0.8267999168412822,budget_cv,0.168
db6bbe2e7a,main,electronics,music,logreg,self_training,2,1000,transfer,0.8765090632693546,0.8772,2000,1000,0,1000,10.0,0.854972078459637,budget_cv,0.446
db6bbe2e7a,main,electronics,music,logreg,self_training,2,1000,target_only,0.8599910394265233,0.8616,0,1000,0,1000,10.0,0.8398339022714617,budget_cv,0.239
db6bbe2e7a,main,electronics,music,logreg,self_training,2,2000,transfer,0.8910414172882131,0.8916,2000,2000,0,1000,10.0,0.8844314607224447,budget_cv,0.539
db6bbe2e7a,main,electronics,music,logreg,self_training,2,2000,target_only,0.8885899183931207,0.8892,0,2000,0,1000,10.0,0.868970911364142,budget_cv,0.32
db6bbe2e7a,main,electronics,music,svm,random,2,0,source_only,0.8210199049997788,0.822,2000,0,0,0,1.0,0.8979716587941095,source_val_fallback,0.075
db6bbe2e7a,main,electronics,music,svm,random,2,50,transfer,0.8200688056887047,0.822,2000,50,0,0,0.1,0.8784313725490196,budget_cv,0.203
db6bbe2e7a,main,electronics,music,svm,random,2,50,target_only,0.7498572524126005,0.7532,0,50,0,0,1.0,0.7349763297131718,budget_cv,0.038
db6bbe2e7a,main,electronics,music,svm,random,2,100,transfer,0.8246464646464646,0.8264,2000,100,0,0,0.1,0.8600898692810457,budget_cv,0.222
db6bbe2e7a,main,electronics,music,svm,random,2,100,target_only,0.7768617677616015,0.7788,0,100,0,0,1.0,0.8099432873507825,budget_cv,0.039
db6bbe2e7a,main,electronics,music,svm,random,2,250,transfer,0.8441928375729254,0.8452,2000,250,0,0,1.0,0.8719354745588438,budget_cv,0.244
db6bbe2e7a,main,electronics,music,svm,random,2,250,target_only,0.8100278041357434,0.8128,0,250,0,0,0.1,0.811973765189513,budget_cv,0.044
db6bbe2e7a,main,electronics,music,svm,random,2,500,transfer,0.8600083415719229,0.8608,2000,500,0,0,10.0,0.8679244076380201,budget_cv,0.312
db6bbe2e7a,main,electronics,music,svm,random,2,500,target_only,0.8397306179275064,0.8416,0,500,0,0,10.0,0.8306577432550283,budget_cv,0.053
db6bbe2e7a,main,electronics,music,svm,random,2,1000,transfer,0.87750451064538,0.878,2000,1000,0,0,10.0,0.8569410919822734,budget_cv,0.361
db6bbe2e7a,main,electronics,music,svm,random,2,1000,target_only,0.8695483279960884,0.8704,0,1000,0,0,1.0,0.8399056395041037,budget_cv,0.067
db6bbe2e7a,main,electronics,music,svm,random,2,2000,transfer,0.8963648317832511,0.8968,2000,2000,0,0,1.0,0.8844332389862347,budget_cv,0.311
db6bbe2e7a,main,electronics,music,svm,random,2,2000,target_only,0.8887269739151924,0.8892,0,2000,0,0,10.0,0.8799311112966492,budget_cv,0.116
db6bbe2e7a,main,electronics,music,svm,uncertainty,2,0,source_only,0.8210199049997788,0.822,2000,0,0,0,1.0,0.8979716587941095,source_val_fallback,0.07
db6bbe2e7a,main,electronics,music,svm,uncertainty,2,50,transfer,0.8268097250709594,0.8288,2000,50,0,0,1.0,0.7563928761297182,budget_cv,0.188
db6bbe2e7a,main,electronics,music,svm,uncertainty,2,50,target_only,0.6033813949555173,0.6488,0,50,0,0,0.01,0.5982989232989233,budget_cv,0.037
db6bbe2e7a,main,electronics,music,svm,uncertainty,2,100,transfer,0.8233564405693633,0.8248,2000,100,0,0,0.1,0.6474081214262729,budget_cv,0.218
db6bbe2e7a,main,electronics,music,svm,uncertainty,2,100,target_only,0.652975137888931,0.6624,0,100,0,0,0.1,0.6864496468500918,budget_cv,0.04
db6bbe2e7a,main,electronics,music,svm,uncertainty,2,250,transfer,0.8576665754128993,0.858,2000,250,0,0,1.0,0.6037973954740256,budget_cv,0.257
db6bbe2e7a,main,electronics,music,svm,uncertainty,2,250,target_only,0.7254522274068795,0.7256,0,250,0,0,0.01,0.6020903956989961,budget_cv,0.045
db6bbe2e7a,main,electronics,music,svm,uncertainty,2,500,transfer,0.8715375351264553,0.872,2000,500,0,0,10.0,0.622370109534845,budget_cv,0.281
db6bbe2e7a,main,electronics,music,svm,uncertainty,2,500,target_only,0.8005656071737957,0.8012,0,500,0,0,10.0,0.5509899987487149,budget_cv,0.053
db6bbe2e7a,main,electronics,music,svm,uncertainty,2,1000,transfer,0.8888050176314297,0.8892,2000,1000,0,0,1.0,0.7368285794688383,budget_cv,0.279
db6bbe2e7a,main,electronics,music,svm,uncertainty,2,1000,target_only,0.8736092807862514,0.874,0,1000,0,0,10.0,0.66055368197096,budget_cv,0.076
db6bbe2e7a,main,electronics,music,svm,uncertainty,2,2000,transfer,0.8963648317832511,0.8968,2000,2000,0,0,1.0,0.8829643430199289,budget_cv,0.35
db6bbe2e7a,main,electronics,music,svm,uncertainty,2,2000,target_only,0.8943055019491994,0.8948,0,2000,0,0,1.0,0.8674504163395135,budget_cv,0.112
db6bbe2e7a,main,electronics,music,svm,self_training,2,0,uda_self_training,0.8344429282478067,0.8356,2000,0,0,1000,1.0,0.8979716587941095,source_val_fallback,0.097
db6bbe2e7a,main,electronics,music,svm,self_training,2,50,transfer,0.8267616630880343,0.8296,2000,50,0,1000,0.1,0.8784313725490196,budget_cv,0.243
db6bbe2e7a,main,electronics,music,svm,self_training,2,50,target_only,0.7407614497026381,0.7552,0,50,0,1000,1.0,0.7349763297131718,budget_cv,0.052
db6bbe2e7a,main,electronics,music,svm,self_training,2,100,transfer,0.8355848332732778,0.838,2000,100,0,1000,0.1,0.8600898692810457,budget_cv,0.216
db6bbe2e7a,main,electronics,music,svm,self_training,2,100,target_only,0.7920614559701001,0.7972,0,100,0,1000,1.0,0.8099432873507825,budget_cv,0.05
db6bbe2e7a,main,electronics,music,svm,self_training,2,250,transfer,0.8502025647898068,0.8512,2000,250,0,1000,1.0,0.8719354745588438,budget_cv,0.271
db6bbe2e7a,main,electronics,music,svm,self_training,2,250,target_only,0.7363577592573636,0.7544,0,250,0,1000,0.1,0.811973765189513,budget_cv,0.052
db6bbe2e7a,main,electronics,music,svm,self_training,2,500,transfer,0.861223540156115,0.862,2000,500,0,1000,10.0,0.8679244076380201,budget_cv,0.369
db6bbe2e7a,main,electronics,music,svm,self_training,2,500,target_only,0.8364288463858243,0.8388,0,500,0,1000,10.0,0.8306577432550283,budget_cv,0.078
db6bbe2e7a,main,electronics,music,svm,self_training,2,1000,transfer,0.87750451064538,0.878,2000,1000,0,1000,10.0,0.8569410919822734,budget_cv,0.48
db6bbe2e7a,main,electronics,music,svm,self_training,2,1000,target_only,0.8700616150066083,0.8712,0,1000,0,1000,1.0,0.8399056395041037,budget_cv,0.085
db6bbe2e7a,main,electronics,music,svm,self_training,2,2000,transfer,0.896750244063139,0.8972,2000,2000,0,1000,1.0,0.8844332389862347,budget_cv,0.361
db6bbe2e7a,main,electronics,music,svm,self_training,2,2000,target_only,0.8887269739151924,0.8892,0,2000,0,1000,10.0,0.8799311112966492,budget_cv,0.158
db6bbe2e7a,main,electronics,clothing,logreg,random,2,0,source_only,0.8999815005783469,0.9,2000,0,0,0,10.0,0.9026374146187921,source_val_fallback,0.088
db6bbe2e7a,main,electronics,clothing,logreg,random,2,50,transfer,0.8895276008084658,0.8896,2000,50,0,0,1.0,0.9403508771929824,budget_cv,0.281
db6bbe2e7a,main,electronics,clothing,logreg,random,2,50,target_only,0.7678835332416393,0.768,0,50,0,0,0.01,0.6926482873851295,budget_cv,0.091
db6bbe2e7a,main,electronics,clothing,logreg,random,2,100,transfer,0.8930985890455121,0.8932,2000,100,0,0,1.0,0.95000247573777,budget_cv,0.281
db6bbe2e7a,main,electronics,clothing,logreg,random,2,100,target_only,0.8280361244393136,0.8284,0,100,0,0,0.01,0.8605503565062388,budget_cv,0.097
db6bbe2e7a,main,electronics,clothing,logreg,random,2,250,transfer,0.9014887847784635,0.9016,2000,250,0,0,1.0,0.9117788601767186,budget_cv,0.279
db6bbe2e7a,main,electronics,clothing,logreg,random,2,250,target_only,0.8493972022349132,0.8504,0,250,0,0,0.01,0.8875282963030706,budget_cv,0.108
db6bbe2e7a,main,electronics,clothing,logreg,random,2,500,transfer,0.9115245623028019,0.9116,2000,500,0,0,10.0,0.9117896412930279,budget_cv,0.317
db6bbe2e7a,main,electronics,clothing,logreg,random,2,500,target_only,0.8827434310621325,0.8832,0,500,0,0,10.0,0.8898070693521207,budget_cv,0.127
db6bbe2e7a,main,electronics,clothing,logreg,random,2,1000,transfer,0.9207573484352218,0.9208,2000,1000,0,0,10.0,0.9028687108215273,budget_cv,0.335
db6bbe2e7a,main,electronics,clothing,logreg,random,2,1000,target_only,0.9098409594524741,0.91,0,1000,0,0,10.0,0.905927293096035,budget_cv,0.156
db6bbe2e7a,main,electronics,clothing,logreg,random,2,2000,transfer,0.9287758863640875,0.9288,2000,2000,0,0,10.0,0.9144488615909322,budget_cv,0.38
db6bbe2e7a,main,electronics,clothing,logreg,random,2,2000,target_only,0.9183245187872825,0.9184,0,2000,0,0,10.0,0.9049648355923278,budget_cv,0.217
db6bbe2e7a,main,electronics,clothing,logreg,uncertainty,2,0,source_only,0.8999815005783469,0.9,2000,0,0,0,10.0,0.9026374146187921,source_val_fallback,0.086
db6bbe2e7a,main,electronics,clothing,logreg,uncertainty,2,50,transfer,0.9003406668193976,0.9004,2000,50,0,0,10.0,0.780392156862745,budget_cv,0.296
db6bbe2e7a,main,electronics,clothing,logreg,uncertainty,2,50,target_only,0.6978649174618587,0.7004,0,50,0,0,0.01,0.5294117647058824,budget_cv,0.09
db6bbe2e7a,main,electronics,clothing,logreg,uncertainty,2,100,transfer,0.9047731231662824,0.9048,2000,100,0,0,10.0,0.7174614706872772,budget_cv,0.297
db6bbe2e7a,main,electronics,clothing,logreg,uncertainty,2,100,target_only,0.7218809631286291,0.7224,0,100,0,0,0.1,0.4695109633706125,budget_cv,0.097
db6bbe2e7a,main,electronics,clothing,logreg,uncertainty,2,250,transfer,0.914393370622621,0.9144,2000,250,0,0,10.0,0.6508042966559576,budget_cv,0.301
db6bbe2e7a,main,electronics,clothing,logreg,uncertainty,2,250,target_only,0.7179671036829736,0.718,0,250,0,0,0.01,0.5587428713197777,budget_cv,0.111
db6bbe2e7a,main,electronics,clothing,logreg,uncertainty,2,500,transfer,0.9203742012412022,0.9204,2000,500,0,0,10.0,0.7039323587953533,budget_cv,0.32
db6bbe2e7a,main,electronics,clothing,logreg,uncertainty,2,500,target_only,0.7863950785426096,0.7864,0,500,0,0,10.0,0.6191011511141641,budget_cv,0.129
db6bbe2e7a,main,electronics,clothing,logreg,uncertainty,2,1000,transfer,0.9227848658337034,0.9228,2000,1000,0,0,10.0,0.8201868925780907,budget_cv,0.333
db6bbe2e7a,main,electronics,clothing,logreg,uncertainty,2,1000,target_only,0.8943507082664488,0.8944,0,1000,0,0,10.0,0.7602404941928032,budget_cv,0.153
db6bbe2e7a,main,electronics,clothing,logreg,uncertainty,2,2000,transfer,0.9287758863640875,0.9288,2000,2000,0,0,10.0,0.9139451829126757,budget_cv,0.378
db6bbe2e7a,main,electronics,clothing,logreg,uncertainty,2,2000,target_only,0.9183245187872825,0.9184,0,2000,0,0,10.0,0.9144771444072548,budget_cv,0.212
db6bbe2e7a,main,electronics,clothing,logreg,self_training,2,0,uda_self_training,0.9055961332176166,0.9056,2000,0,0,1000,10.0,0.9026374146187921,source_val_fallback,0.166
db6bbe2e7a,main,electronics,clothing,logreg,self_training,2,50,transfer,0.9019653506335279,0.902,2000,50,0,1000,1.0,0.9403508771929824,budget_cv,0.342
db6bbe2e7a,main,electronics,clothing,logreg,self_training,2,50,target_only,0.7633507256294015,0.7676,0,50,0,1000,0.01,0.6926482873851295,budget_cv,0.107
db6bbe2e7a,main,electronics,clothing,logreg,self_training,2,100,transfer,0.9023189794543186,0.9024,2000,100,0,1000,1.0,0.95000247573777,budget_cv,0.342
db6bbe2e7a,main,electronics,clothing,logreg,self_training,2,100,target_only,0.8295371605788757,0.8296,0,100,0,1000,0.01,0.8605503565062388,budget_cv,0.116
db6bbe2e7a,main,electronics,clothing,logreg,self_training,2,250,transfer,0.902687506757812,0.9028,2000,250,0,1000,1.0,0.9117788601767186,budget_cv,0.339
db6bbe2e7a,main,electronics,clothing,logreg,self_training,2,250,target_only,0.8240227192737599,0.826,0,250,0,1000,0.01,0.8875282963030706,budget_cv,0.128
db6bbe2e7a,main,electronics,clothing,logreg,self_training,2,500,transfer,0.9107238796087096,0.9108,2000,500,0,1000,10.0,0.9117896412930279,budget_cv,0.405
db6bbe2e7a,main,electronics,clothing,logreg,self_training,2,500,target_only,0.887584440144817,0.888,0,500,0,1000,10.0,0.8898070693521207,budget_cv,0.18
db6bbe2e7a,main,electronics,clothing,logreg,self_training,2,1000,transfer,0.9187547496453625,0.9188,2000,1000,0,1000,10.0,0.9028687108215273,budget_cv,0.436
db6bbe2e7a,main,electronics,clothing,logreg,self_training,2,1000,target_only,0.9070391256292489,0.9072,0,1000,0,1000,10.0,0.905927293096035,budget_cv,0.207
db6bbe2e7a,main,electronics,clothing,logreg,self_training,2,2000,transfer,0.9283746847485775,0.9284,2000,2000,0,1000,10.0,0.9144488615909322,budget_cv,0.502
db6bbe2e7a,main,electronics,clothing,logreg,self_training,2,2000,target_only,0.9175197103868791,0.9176,0,2000,0,1000,10.0,0.9049648355923278,budget_cv,0.282
db6bbe2e7a,main,electronics,clothing,svm,random,2,0,source_only,0.8951903407418027,0.8952,2000,0,0,0,10.0,0.9019727702139484,source_val_fallback,0.08
db6bbe2e7a,main,electronics,clothing,svm,random,2,50,transfer,0.8915311179211247,0.8916,2000,50,0,0,0.1,0.9403508771929824,budget_cv,0.237
db6bbe2e7a,main,electronics,clothing,svm,random,2,50,target_only,0.7515966946443282,0.7528,0,50,0,0,0.01,0.620947570947571,budget_cv,0.038
db6bbe2e7a,main,electronics,clothing,svm,random,2,100,transfer,0.8950871305385186,0.8952,2000,100,0,0,0.1,0.95000247573777,budget_cv,0.238
db6bbe2e7a,main,electronics,clothing,svm,random,2,100,target_only,0.8271397492106582,0.8276,0,100,0,0,0.01,0.8605503565062388,budget_cv,0.04
db6bbe2e7a,main,electronics,clothing,svm,random,2,250,transfer,0.9006769347492317,0.9008,2000,250,0,0,0.1,0.9117788601767186,budget_cv,0.262
db6bbe2e7a,main,electronics,clothing,svm,random,2,250,target_only,0.8514214708664007,0.852,0,250,0,0,1.0,0.879659540004123,budget_cv,0.044
db6bbe2e7a,main,electronics,clothing,svm,random,2,500,transfer,0.9155198587588129,0.9156,2000,500,0,0,1.0,0.9118309397283015,budget_cv,0.274
db6bbe2e7a,main,electronics,clothing,svm,random,2,500,target_only,0.87755329482806,0.878,0,500,0,0,10.0,0.8918138196319045,budget_cv,0.054
db6bbe2e7a,main,electronics,clothing,svm,random,2,1000,transfer,0.9195489103400223,0.9196,2000,1000,0,0,1.0,0.9058919050910924,budget_cv,0.291
db6bbe2e7a,main,electronics,clothing,svm,random,2,1000,target_only,0.903005327813134,0.9032,0,1000,0,0,1.0,0.9059576435555655,budget_cv,0.068
db6bbe2e7a,main,electronics,clothing,svm,random,2,2000,transfer,0.9283767940812824,0.9284,2000,2000,0,0,1.0,0.9124403628588604,budget_cv,0.333
db6bbe2e7a,main,electronics,clothing,svm,random,2,2000,target_only,0.9155023206827093,0.9156,0,2000,0,0,1.0,0.9079651979640834,budget_cv,0.118
db6bbe2e7a,main,electronics,clothing,svm,uncertainty,2,0,source_only,0.8951903407418027,0.8952,2000,0,0,0,10.0,0.9019727702139484,source_val_fallback,0.077
db6bbe2e7a,main,electronics,clothing,svm,uncertainty,2,50,transfer,0.8983872536971038,0.8984,2000,50,0,0,1.0,0.7548233328419087,budget_cv,0.246
db6bbe2e7a,main,electronics,clothing,svm,uncertainty,2,50,target_only,0.5475620673170305,0.596,0,50,0,0,10.0,0.5494172494172495,budget_cv,0.038
db6bbe2e7a,main,electronics,clothing,svm,uncertainty,2,100,transfer,0.9051905190519052,0.9052,2000,100,0,0,1.0,0.6721340388007054,budget_cv,0.245
db6bbe2e7a,main,electronics,clothing,svm,uncertainty,2,100,target_only,0.6820855957571064,0.684,0,100,0,0,0.01,0.5173222610722611,budget_cv,0.04
db6bbe2e7a,main,electronics,clothing,svm,uncertainty,2,250,transfer,0.9103930608386313,0.9104,2000,250,0,0,1.0,0.6105229105335669,budget_cv,0.257
db6bbe2e7a,main,electronics,clothing,svm,uncertainty,2,250,target_only,0.6910528917449332,0.6928,0,250,0,0,0.01,0.602722796353006,budget_cv,0.044
db6bbe2e7a,main,electronics,clothing,svm,uncertainty,2,500,transfer,0.9155815089737256,0.9156,2000,500,0,0,10.0,0.6834293632477605,budget_cv,0.286
db6bbe2e7a,main,electronics,clothing,svm,uncertainty,2,500,target_only,0.8215496341687478,0.8216,0,500,0,0,1.0,0.5565111362179961,budget_cv,0.05
db6bbe2e7a,main,electronics,clothing,svm,uncertainty,2,1000,transfer,0.927184901061084,0.9272,2000,1000,0,0,1.0,0.8238277857540911,budget_cv,0.304
db6bbe2e7a,main,electronics,clothing,svm,uncertainty,2,1000,target_only,0.9002953340298512,0.9004,0,1000,0,0,10.0,0.7600630702256771,budget_cv,0.072
db6bbe2e7a,main,electronics,clothing,svm,uncertainty,2,2000,transfer,0.9283767940812824,0.9284,2000,2000,0,0,1.0,0.907926087134272,budget_cv,0.371
db6bbe2e7a,main,electronics,clothing,svm,uncertainty,2,2000,target_only,0.9155023206827093,0.9156,0,2000,0,0,1.0,0.9104426134858375,budget_cv,0.116
db6bbe2e7a,main,electronics,clothing,svm,self_training,2,0,uda_self_training,0.8979881013321394,0.898,2000,0,0,1000,10.0,0.9019727702139484,source_val_fallback,0.186
db6bbe2e7a,main,electronics,clothing,svm,self_training,2,50,transfer,0.899527836873556,0.8996,2000,50,0,1000,0.1,0.9403508771929824,budget_cv,0.262
db6bbe2e7a,main,electronics,clothing,svm,self_training,2,50,target_only,0.5918003565062389,0.6336,0,50,0,1000,0.01,0.5929502059936843,budget_cv,0.044
db6bbe2e7a,main,electronics,clothing,svm,self_training,2,100,transfer,0.901504120170739,0.9016,2000,100,0,1000,0.1,0.95000247573777,budget_cv,0.24
db6bbe2e7a,main,electronics,clothing,svm,self_training,2,100,target_only,0.8256,0.8256,0,100,0,1000,0.01,0.8605503565062388,budget_cv,0.046
db6bbe2e7a,main,electronics,clothing,svm,self_training,2,250,transfer,0.9034721043994451,0.9036,2000,250,0,1000,0.1,0.9117788601767186,budget_cv,0.28
db6bbe2e7a,main,electronics,clothing,svm,self_training,2,250,target_only,0.8706568830783212,0.8712,0,250,0,1000,1.0,0.879659540004123,budget_cv,0.055
db6bbe2e7a,main,electronics,clothing,svm,self_training,2,500,transfer,0.9155198587588129,0.9156,2000,500,0,1000,1.0,0.9118309397283015,budget_cv,0.311
db6bbe2e7a,main,electronics,clothing,svm,self_training,2,500,target_only,0.886011234475854,0.8864,0,500,0,1000,10.0,0.8918138196319045,budget_cv,0.073
db6bbe2e7a,main,electronics,clothing,svm,self_training,2,1000,transfer,0.9191436463557641,0.9192,2000,1000,0,1000,1.0,0.9058919050910924,budget_cv,0.325
db6bbe2e7a,main,electronics,clothing,svm,self_training,2,1000,target_only,0.9070066333130458,0.9072,0,1000,0,1000,1.0,0.9059576435555655,budget_cv,0.085
db6bbe2e7a,main,electronics,clothing,svm,self_training,2,2000,transfer,0.9279734481319193,0.928,2000,2000,0,1000,1.0,0.9124403628588604,budget_cv,0.407
db6bbe2e7a,main,electronics,clothing,svm,self_training,2,2000,target_only,0.9138957242779295,0.914,0,2000,0,1000,1.0,0.9079651979640834,budget_cv,0.145
db6bbe2e7a,main,clothing,books,logreg,random,2,0,source_only,0.7915374484412141,0.7956,2000,0,0,0,10.0,0.9146543768969397,source_val_fallback,0.075
db6bbe2e7a,main,clothing,books,logreg,random,2,50,transfer,0.7966160497407854,0.8004,2000,50,0,0,10.0,0.779148629148629,budget_cv,0.265
db6bbe2e7a,main,clothing,books,logreg,random,2,50,target_only,0.5475321760443838,0.6012,0,50,0,0,0.1,0.6181481481481482,budget_cv,0.1
db6bbe2e7a,main,clothing,books,logreg,random,2,100,transfer,0.8245893126552425,0.8264,2000,100,0,0,10.0,0.7663394901085901,budget_cv,0.263
db6bbe2e7a,main,clothing,books,logreg,random,2,100,target_only,0.757245158074334,0.7604,0,100,0,0,1.0,0.7076585695006748,budget_cv,0.104
db6bbe2e7a,main,clothing,books,logreg,random,2,250,transfer,0.8432406325425372,0.844,2000,250,0,0,10.0,0.8394071206202014,budget_cv,0.269
db6bbe2e7a,main,clothing,books,logreg,random,2,250,target_only,0.8011172329476635,0.8012,0,250,0,0,10.0,0.8075291132281408,budget_cv,0.123
db6bbe2e7a,main,clothing,books,logreg,random,2,500,transfer,0.8610164023139725,0.8616,2000,500,0,0,10.0,0.8529026072212025,budget_cv,0.287
db6bbe2e7a,main,clothing,books,logreg,random,2,500,target_only,0.8594527427114602,0.86,0,500,0,0,10.0,0.8254175716500664,budget_cv,0.145
db6bbe2e7a,main,clothing,books,logreg,random,2,1000,transfer,0.8866980282254029,0.8868,2000,1000,0,0,10.0,0.8689463472777232,budget_cv,0.349
db6bbe2e7a,main,clothing,books,logreg,random,2,1000,target_only,0.8823728234171223,0.8824,0,1000,0,0,10.0,0.8679757876116757,budget_cv,0.186
db6bbe2e7a,main,clothing,books,logreg,random,2,2000,transfer,0.9019954682704528,0.902,2000,2000,0,0,10.0,0.892482039522927,budget_cv,0.419
db6bbe2e7a,main,clothing,books,logreg,random,2,2000,target_only,0.9011998577277951,0.9012,0,2000,0,0,10.0,0.8924537801074971,budget_cv,0.265
db6bbe2e7a,main,clothing,books,logreg,uncertainty,2,0,source_only,0.7915374484412141,0.7956,2000,0,0,0,10.0,0.9146543768969397,source_val_fallback,0.075
db6bbe2e7a,main,clothing,books,logreg,uncertainty,2,50,transfer,0.8114656097088899,0.8136,2000,50,0,0,1.0,0.8541341991341991,budget_cv,0.239
db6bbe2e7a,main,clothing,books,logreg,uncertainty,2,50,target_only,0.6874166444385169,0.688,0,50,0,0,0.01,0.6943630443630444,budget_cv,0.107
db6bbe2e7a,main,clothing,books,logreg,uncertainty,2,100,transfer,0.8491041751153653,0.8492,2000,100,0,0,1.0,0.770959595959596,budget_cv,0.243
db6bbe2e7a,main,clothing,books,logreg,uncertainty,2,100,target_only,0.696470789687069,0.6988,0,100,0,0,0.01,0.5463173400673401,budget_cv,0.111
db6bbe2e7a,main,clothing,books,logreg,uncertainty,2,250,transfer,0.867199235067594,0.8672,2000,250,0,0,10.0,0.6733330599477115,budget_cv,0.274
db6bbe2e7a,main,clothing,books,logreg,uncertainty,2,250,target_only,0.6429527058666131,0.6584,0,250,0,0,0.1,0.6705139056593091,budget_cv,0.12
db6bbe2e7a,main,clothing,books,logreg,uncertainty,2,500,transfer,0.8851999816319971,0.8852,2000,500,0,0,10.0,0.6680805227499503,budget_cv,0.301
db6bbe2e7a,main,clothing,books,logreg,uncertainty,2,500,target_only,0.7358812880398093,0.7404,0,500,0,0,0.1,0.6314886510229122,budget_cv,0.135
db6bbe2e7a,main,clothing,books,logreg,uncertainty,2,1000,transfer,0.899595357289321,0.8996,2000,1000,0,0,10.0,0.7534621064884313,budget_cv,0.347
db6bbe2e7a,main,clothing,books,logreg,uncertainty,2,1000,target_only,0.8719999180799476,0.872,0,1000,0,0,10.0,0.7187652786377211,budget_cv,0.183
db6bbe2e7a,main,clothing,books,logreg,uncertainty,2,2000,transfer,0.9019954682704528,0.902,2000,2000,0,0,10.0,0.8874912577125431,budget_cv,0.423
db6bbe2e7a,main,clothing,books,logreg,uncertainty,2,2000,target_only,0.9011998577277951,0.9012,0,2000,0,0,10.0,0.8809900452603564,budget_cv,0.265
db6bbe2e7a,main,clothing,books,logreg,self_training,2,0,uda_self_training,0.7133379780270783,0.7316,2000,0,0,1000,10.0,0.9146543768969397,source_val_fallback,0.16
db6bbe2e7a,main,clothing,books,logreg,self_training,2,50,transfer,0.7491844720526071,0.7608,2000,50,0,1000,10.0,0.779148629148629,budget_cv,0.336
db6bbe2e7a,main,clothing,books,logreg,self_training,2,50,target_only,0.399518799445396,0.5288,0,50,0,1000,0.1,0.6181481481481482,budget_cv,0.141
db6bbe2e7a,main,clothing,books,logreg,self_training,2,100,transfer,0.808372641509434,0.8128,2000,100,0,1000,10.0,0.7663394901085901,budget_cv,0.346
db6bbe2e7a,main,clothing,books,logreg,self_training,2,100,target_only,0.6449248744993091,0.6752,0,100,0,1000,1.0,0.7076585695006748,budget_cv,0.146
db6bbe2e7a,main,clothing,books,logreg,self_training,2,250,transfer,0.8452662098151511,0.8464,2000,250,0,1000,10.0,0.8394071206202014,budget_cv,0.347
db6bbe2e7a,main,clothing,books,logreg,self_training,2,250,target_only,0.781054236729311,0.7824,0,250,0,1000,10.0,0.8075291132281408,budget_cv,0.171
db6bbe2e7a,main,clothing,books,logreg,self_training,2,500,transfer,0.8637168616895796,0.8644,2000,500,0,1000,10.0,0.8529026072212025,budget_cv,0.37
db6bbe2e7a,main,clothing,books,logreg,self_training,2,500,target_only,0.8335690768926984,0.8348,0,500,0,1000,10.0,0.8254175716500664,budget_cv,0.202
db6bbe2e7a,main,clothing,books,logreg,self_training,2,1000,transfer,0.8862835543596643,0.8864,2000,1000,0,1000,10.0,0.8689463472777232,budget_cv,0.453
db6bbe2e7a,main,clothing,books,logreg,self_training,2,1000,target_only,0.8787455033790387,0.8788,0,1000,0,1000,10.0,0.8679757876116757,budget_cv,0.261
db6bbe2e7a,main,clothing,books,logreg,self_training,2,2000,transfer,0.9047961004482743,0.9048,2000,2000,0,1000,10.0,0.892482039522927,budget_cv,0.568
db6bbe2e7a,main,clothing,books,logreg,self_training,2,2000,target_only,0.8995995983983935,0.8996,0,2000,0,1000,10.0,0.8924537801074971,budget_cv,0.362
db6bbe2e7a,main,clothing,books,svm,random,2,0,source_only,0.7975239702345599,0.8008,2000,0,0,0,1.0,0.9159904415791308,source_val_fallback,0.04
db6bbe2e7a,main,clothing,books,svm,random,2,50,transfer,0.8036832756847714,0.8068,2000,50,0,0,1.0,0.779148629148629,budget_cv,0.127
db6bbe2e7a,main,clothing,books,svm,random,2,50,target_only,0.5698415893733666,0.614,0,50,0,0,0.01,0.6184343434343434,budget_cv,0.039
db6bbe2e7a,main,clothing,books,svm,random,2,100,transfer,0.8239273558037403,0.8248,2000,100,0,0,10.0,0.7789760348583877,budget_cv,0.136
db6bbe2e7a,main,clothing,books,svm,random,2,100,target_only,0.7563894467746206,0.7596,0,100,0,0,0.1,0.7076585695006748,budget_cv,0.04
db6bbe2e7a,main,clothing,books,svm,random,2,250,transfer,0.8383959899749374,0.8388,2000,250,0,0,10.0,0.8321983936915472,budget_cv,0.151
db6bbe2e7a,main,clothing,books,svm,random,2,250,target_only,0.8071643331150529,0.8072,0,250,0,0,10.0,0.8078225625561678,budget_cv,0.046
db6bbe2e7a,main,clothing,books,svm,random,2,500,transfer,0.8623496300134632,0.8628,2000,500,0,0,1.0,0.85308292174757,budget_cv,0.157
db6bbe2e7a,main,clothing,books,svm,random,2,500,target_only,0.8622705680636367,0.8628,0,500,0,0,1.0,0.8254175716500664,budget_cv,0.055
db6bbe2e7a,main,clothing,books,svm,random,2,1000,transfer,0.8907215118186487,0.8908,2000,1000,0,0,1.0,0.8689829119932163,budget_cv,0.193
db6bbe2e7a,main,clothing,books,svm,random,2,1000,target_only,0.8843865148430913,0.8844,0,1000,0,0,10.0,0.8749846693198412,budget_cv,0.096
db6bbe2e7a,main,clothing,books,svm,random,2,2000,transfer,0.9031984511752188,0.9032,2000,2000,0,0,1.0,0.89446105456225,budget_cv,0.261
db6bbe2e7a,main,clothing,books,svm,random,2,2000,target_only,0.9011973283757593,0.9012,0,2000,0,0,1.0,0.8949713340086785,budget_cv,0.149
db6bbe2e7a,main,clothing,books,svm,uncertainty,2,0,source_only,0.7975239702345599,0.8008,2000,0,0,0,1.0,0.9159904415791308,source_val_fallback,0.038
db6bbe2e7a,main,clothing,books,svm,uncertainty,2,50,transfer,0.7797627178369433,0.7864,2000,50,0,0,0.1,0.6307178201915044,budget_cv,0.132
db6bbe2e7a,main,clothing,books,svm,uncertainty,2,50,target_only,0.6567437608977855,0.6568,0,50,0,0,0.01,0.6007625272331155,budget_cv,0.04
db6bbe2e7a,main,clothing,books,svm,uncertainty,2,100,transfer,0.8380391772005344,0.8384,2000,100,0,0,1.0,0.5994368173229961,budget_cv,0.145
db6bbe2e7a,main,clothing,books,svm,uncertainty,2,100,target_only,0.6313124814267789,0.6548,0,100,0,0,0.01,0.5051537357887472,budget_cv,0.041
db6bbe2e7a,main,clothing,books,svm,uncertainty,2,250,transfer,0.8607956345510995,0.8608,2000,250,0,0,1.0,0.6010608902687077,budget_cv,0.149
db6bbe2e7a,main,clothing,books,svm,uncertainty,2,250,target_only,0.6822012581394515,0.6892,0,250,0,0,0.01,0.5606071019356073,budget_cv,0.049
db6bbe2e7a,main,clothing,books,svm,uncertainty,2,500,transfer,0.8871877982322568,0.8872,2000,500,0,0,1.0,0.5954051495064567,budget_cv,0.172
db6bbe2e7a,main,clothing,books,svm,uncertainty,2,500,target_only,0.8010250226107929,0.802,0,500,0,0,1.0,0.6114484145471425,budget_cv,0.061
db6bbe2e7a,main,clothing,books,svm,uncertainty,2,1000,transfer,0.8923991564093863,0.8924,2000,1000,0,0,10.0,0.7318131011728393,budget_cv,0.225
db6bbe2e7a,main,clothing,books,svm,uncertainty,2,1000,target_only,0.8819998300797554,0.882,0,1000,0,0,1.0,0.6718375384440692,budget_cv,0.097
db6bbe2e7a,main,clothing,books,svm,uncertainty,2,2000,transfer,0.9031984511752188,0.9032,2000,2000,0,0,1.0,0.8864598793489793,budget_cv,0.258
db6bbe2e7a,main,clothing,books,svm,uncertainty,2,2000,target_only,0.9011973283757593,0.9012,0,2000,0,0,1.0,0.8819450210421751,budget_cv,0.151
db6bbe2e7a,main,clothing,books,svm,self_training,2,0,uda_self_training,0.7809686055001217,0.7876,2000,0,0,1000,1.0,0.9159904415791308,source_val_fallback,0.072
db6bbe2e7a,main,clothing,books,svm,self_training,2,50,transfer,0.7883347890967838,0.794,2000,50,0,1000,1.0,0.779148629148629,budget_cv,0.164
db6bbe2e7a,main,clothing,books,svm,self_training,2,50,target_only,0.3983784614177758,0.5288,0,50,0,1000,0.01,0.6184343434343434,budget_cv,0.055
db6bbe2e7a,main,clothing,books,svm,self_training,2,100,transfer,0.8324624603145453,0.8336,2000,100,0,1000,10.0,0.7789760348583877,budget_cv,0.189
db6bbe2e7a,main,clothing,books,svm,self_training,2,100,target_only,0.648423151597838,0.6784,0,100,0,1000,0.1,0.7076585695006748,budget_cv,0.058
db6bbe2e7a,main,clothing,books,svm,self_training,2,250,transfer,0.8455361388464013,0.846,2000,250,0,1000,10.0,0.8321983936915472,budget_cv,0.215
db6bbe2e7a,main,clothing,books,svm,self_training,2,250,target_only,0.8218220786548616,0.822,0,250,0,1000,10.0,0.8078225625561678,budget_cv,0.068
db6bbe2e7a,main,clothing,books,svm,self_training,2,500,transfer,0.8691659239357972,0.8696,2000,500,0,1000,1.0,0.85308292174757,budget_cv,0.197
db6bbe2e7a,main,clothing,books,svm,self_training,2,500,target_only,0.8491006641019413,0.85,0,500,0,1000,1.0,0.8254175716500664,budget_cv,0.076
db6bbe2e7a,main,clothing,books,svm,self_training,2,1000,transfer,0.8919246758220609,0.892,2000,1000,0,1000,1.0,0.8689829119932163,budget_cv,0.251
db6bbe2e7a,main,clothing,books,svm,self_training,2,1000,target_only,0.8891782789426728,0.8892,0,1000,0,1000,10.0,0.8749846693198412,budget_cv,0.151
db6bbe2e7a,main,clothing,books,svm,self_training,2,2000,transfer,0.9031990087578496,0.9032,2000,2000,0,1000,1.0,0.89446105456225,budget_cv,0.332
db6bbe2e7a,main,clothing,books,svm,self_training,2,2000,target_only,0.901998102683268,0.902,0,2000,0,1000,1.0,0.8949713340086785,budget_cv,0.196
db6bbe2e7a,main,clothing,music,logreg,random,2,0,source_only,0.8004926108374384,0.8056,2000,0,0,0,10.0,0.9153197468571624,source_val_fallback,0.075
db6bbe2e7a,main,clothing,music,logreg,random,2,50,transfer,0.8150710935299377,0.8188,2000,50,0,0,10.0,0.8571117335823217,budget_cv,0.255
db6bbe2e7a,main,clothing,music,logreg,random,2,50,target_only,0.7459147564741326,0.75,0,50,0,0,1.0,0.7349763297131718,budget_cv,0.091
db6bbe2e7a,main,clothing,music,logreg,random,2,100,transfer,0.8266523691493954,0.8296,2000,100,0,0,10.0,0.8588187547746372,budget_cv,0.256
db6bbe2e7a,main,clothing,music,logreg,random,2,100,target_only,0.7778841779873044,0.78,0,100,0,0,10.0,0.8099896019013665,budget_cv,0.108
db6bbe2e7a,main,clothing,music,logreg,random,2,250,transfer,0.8396167910527554,0.8416,2000,250,0,0,10.0,0.8666214238672719,budget_cv,0.262
db6bbe2e7a,main,clothing,music,logreg,random,2,250,target_only,0.8101747625237606,0.8128,0,250,0,0,1.0,0.8163264772062945,budget_cv,0.114
db6bbe2e7a,main,clothing,music,logreg,random,2,500,transfer,0.8563616262356339,0.858,2000,500,0,0,10.0,0.8533928570502686,budget_cv,0.272
db6bbe2e7a,main,clothing,music,logreg,random,2,500,target_only,0.821806482655695,0.8252,0,500,0,0,1.0,0.8280146156678767,budget_cv,0.131
db6bbe2e7a,main,clothing,music,logreg,random,2,1000,transfer,0.8775192359263155,0.8784,2000,1000,0,0,10.0,0.8568790456964841,budget_cv,0.322
db6bbe2e7a,main,clothing,music,logreg,random,2,1000,target_only,0.8661824729350021,0.8672,0,1000,0,0,10.0,0.8388635526199869,budget_cv,0.177
db6bbe2e7a,main,clothing,music,logreg,random,2,2000,transfer,0.8950251577639152,0.8956,2000,2000,0,0,10.0,0.8829793395304204,budget_cv,0.377
db6bbe2e7a,main,clothing,music,logreg,random,2,2000,target_only,0.8898787476593205,0.8904,0,2000,0,0,10.0,0.8694749803201302,budget_cv,0.236
db6bbe2e7a,main,clothing,music,logreg,uncertainty,2,0,source_only,0.8004926108374384,0.8056,2000,0,0,0,10.0,0.9153197468571624,source_val_fallback,0.072
db6bbe2e7a,main,clothing,music,logreg,uncertainty,2,50,transfer,0.8223739546970233,0.8244,2000,50,0,0,10.0,0.8206349206349207,budget_cv,0.256
db6bbe2e7a,main,clothing,music,logreg,uncertainty,2,50,target_only,0.7044502582576118,0.7048,0,50,0,0,0.01,0.7078063241106719,budget_cv,0.098
db6bbe2e7a,main,clothing,music,logreg,uncertainty,2,100,transfer,0.8382855929397175,0.8388,2000,100,0,0,10.0,0.7052192857819456,budget_cv,0.256
db6bbe2e7a,main,clothing,music,logreg,uncertainty,2,100,target_only,0.6277356482816723,0.6388,0,100,0,0,0.01,0.5998917974527731,budget_cv,0.109
db6bbe2e7a,main,clothing,music,logreg,uncertainty,2,250,transfer,0.8565444425317037,0.8572,2000,250,0,0,10.0,0.6534277398743343,budget_cv,0.269
db6bbe2e7a,main,clothing,music,logreg,uncertainty,2,250,target_only,0.7264564816541322,0.7296,0,250,0,0,0.01,0.6329803833741211,budget_cv,0.114
db6bbe2e7a,main,clothing,music,logreg,uncertainty,2,500,transfer,0.87367399806637,0.874,2000,500,0,0,10.0,0.653088645874038,budget_cv,0.285
db6bbe2e7a,main,clothing,music,logreg,uncertainty,2,500,target_only,0.7659592207346209,0.766,0,500,0,0,0.1,0.6098436666361783,budget_cv,0.127
db6bbe2e7a,main,clothing,music,logreg,uncertainty,2,1000,transfer,0.8883310978129606,0.8888,2000,1000,0,0,10.0,0.7549164157548068,budget_cv,0.323
db6bbe2e7a,main,clothing,music,logreg,uncertainty,2,1000,target_only,0.8688826120059261,0.8692,0,1000,0,0,10.0,0.6710118784203193,budget_cv,0.169
db6bbe2e7a,main,clothing,music,logreg,uncertainty,2,2000,transfer,0.8950251577639152,0.8956,2000,2000,0,0,10.0,0.8824844207766157,budget_cv,0.374
db6bbe2e7a,main,clothing,music,logreg,uncertainty,2,2000,target_only,0.8898787476593205,0.8904,0,2000,0,0,10.0,0.8720024959779046,budget_cv,0.232
db6bbe2e7a,main,clothing,music,logreg,self_training,2,0,uda_self_training,0.7733922664792592,0.7844,2000,0,0,1000,10.0,0.9153197468571624,source_val_fallback,0.149
db6bbe2e7a,main,clothing,music,logreg,self_training,2,50,transfer,0.8070877688688403,0.8132,2000,50,0,1000,10.0,0.8571117335823217,budget_cv,0.325
db6bbe2e7a,main,clothing,music,logreg,self_training,2,50,target_only,0.5923651823892024,0.6516,0,50,0,1000,1.0,0.7349763297131718,budget_cv,0.129
db6bbe2e7a,main,clothing,music,logreg,self_training,2,100,transfer,0.8232317308148189,0.8276,2000,100,0,1000,10.0,0.8588187547746372,budget_cv,0.328
db6bbe2e7a,main,clothing,music,logreg,self_training,2,100,target_only,0.7562000840689365,0.768,0,100,0,1000,10.0,0.8099896019013665,budget_cv,0.151
db6bbe2e7a,main,clothing,music,logreg,self_training,2,250,transfer,0.8463753749211002,0.8484,2000,250,0,1000,10.0,0.8666214238672719,budget_cv,0.346
db6bbe2e7a,main,clothing,music,logreg,self_training,2,250,target_only,0.744841742899292,0.7612,0,250,0,1000,1.0,0.8163264772062945,budget_cv,0.153
db6bbe2e7a,main,clothing,music,logreg,self_training,2,500,transfer,0.8571210928285474,0.8588,2000,500,0,1000,10.0,0.8533928570502686,budget_cv,0.368
db6bbe2e7a,main,clothing,music,logreg,self_training,2,500,target_only,0.7762441288222582,0.7868,0,500,0,1000,1.0,0.8280146156678767,budget_cv,0.169
db6bbe2e7a,main,clothing,music,logreg,self_training,2,1000,transfer,0.8754441885966857,0.8764,2000,1000,0,1000,10.0,0.8568790456964841,budget_cv,0.427
db6bbe2e7a,main,clothing,music,logreg,self_training,2,1000,target_only,0.859277950310559,0.8608,0,1000,0,1000,10.0,0.8388635526199869,budget_cv,0.23
db6bbe2e7a,main,clothing,music,logreg,self_training,2,2000,transfer,0.8930330925049816,0.8936,2000,2000,0,1000,10.0,0.8829793395304204,budget_cv,0.506
db6bbe2e7a,main,clothing,music,logreg,self_training,2,2000,target_only,0.8862035060900828,0.8868,0,2000,0,1000,10.0,0.8694749803201302,budget_cv,0.319
db6bbe2e7a,main,clothing,music,svm,random,2,0,source_only,0.8020644190345324,0.8064,2000,0,0,0,1.0,0.9166583324999167,source_val_fallback,0.039
db6bbe2e7a,main,clothing,music,svm,random,2,50,transfer,0.8143655045513019,0.8176,2000,50,0,0,1.0,0.8373677248677248,budget_cv,0.127
db6bbe2e7a,main,clothing,music,svm,random,2,50,target_only,0.7453223941843026,0.7496,0,50,0,0,0.1,0.7349763297131718,budget_cv,0.039
db6bbe2e7a,main,clothing,music,svm,random,2,100,transfer,0.8292546694589409,0.8316,2000,100,0,0,1.0,0.8585858585858586,budget_cv,0.127
db6bbe2e7a,main,clothing,music,svm,random,2,100,target_only,0.7738784003289279,0.7772,0,100,0,0,0.1,0.809654145138016,budget_cv,0.04
db6bbe2e7a,main,clothing,music,svm,random,2,250,transfer,0.8327861882519686,0.834,2000,250,0,0,10.0,0.875358801316385,budget_cv,0.148
db6bbe2e7a,main,clothing,music,svm,random,2,250,target_only,0.811264053522105,0.814,0,250,0,0,0.1,0.8163264772062945,budget_cv,0.044
db6bbe2e7a,main,clothing,music,svm,random,2,500,transfer,0.8535496419914086,0.8548,2000,500,0,0,10.0,0.8595940995586281,budget_cv,0.158
db6bbe2e7a,main,clothing,music,svm,random,2,500,target_only,0.8397306179275064,0.8416,0,500,0,0,10.0,0.8326306327061861,budget_cv,0.051
db6bbe2e7a,main,clothing,music,svm,random,2,1000,transfer,0.8800009793208667,0.8808,2000,1000,0,0,1.0,0.857955166927976,budget_cv,0.169
db6bbe2e7a,main,clothing,music,svm,random,2,1000,target_only,0.8698906711047241,0.8708,0,1000,0,0,1.0,0.8449048163348586,budget_cv,0.068
db6bbe2e7a,main,clothing,music,svm,random,2,2000,transfer,0.8923020044686631,0.8928,2000,2000,0,0,1.0,0.8789769056118438,budget_cv,0.222
db6bbe2e7a,main,clothing,music,svm,random,2,2000,target_only,0.8891228557324448,0.8896,0,2000,0,0,10.0,0.8789250648072313,budget_cv,0.113
db6bbe2e7a,main,clothing,music,svm,uncertainty,2,0,source_only,0.8020644190345324,0.8064,2000,0,0,0,1.0,0.9166583324999167,source_val_fallback,0.039
db6bbe2e7a,main,clothing,music,svm,uncertainty,2,50,transfer,0.802313720218562,0.808,2000,50,0,0,0.1,0.7568873163300408,budget_cv,0.125
db6bbe2e7a,main,clothing,music,svm,uncertainty,2,50,target_only,0.6901842162239316,0.6916,0,50,0,0,0.01,0.6395433027011975,budget_cv,0.039
db6bbe2e7a,main,clothing,music,svm,uncertainty,2,100,transfer,0.8313262766673157,0.832,2000,100,0,0,1.0,0.7303418803418804,budget_cv,0.127
db6bbe2e7a,main,clothing,music,svm,uncertainty,2,100,target_only,0.6202150665425168,0.638,0,100,0,0,0.01,0.6402657527657527,budget_cv,0.041
db6bbe2e7a,main,clothing,music,svm,uncertainty,2,250,transfer,0.8502823602436007,0.8508,2000,250,0,0,1.0,0.6141852349218908,budget_cv,0.14
db6bbe2e7a,main,clothing,music,svm,uncertainty,2,250,target_only,0.7339417225949172,0.734,0,250,0,0,0.01,0.6348874139862806,budget_cv,0.045
db6bbe2e7a,main,clothing,music,svm,uncertainty,2,500,transfer,0.8529292929292929,0.8544,2000,500,0,0,0.1,0.601369746475188,budget_cv,0.149
db6bbe2e7a,main,clothing,music,svm,uncertainty,2,500,target_only,0.7923593024232749,0.7924,0,500,0,0,10.0,0.5578995698456789,budget_cv,0.059
db6bbe2e7a,main,clothing,music,svm,uncertainty,2,1000,transfer,0.8871318953374467,0.8876,2000,1000,0,0,1.0,0.7409088765960012,budget_cv,0.182
db6bbe2e7a,main,clothing,music,svm,uncertainty,2,1000,target_only,0.8712132482329735,0.8716,0,1000,0,0,1.0,0.672546309853728,budget_cv,0.072
db6bbe2e7a,main,clothing,music,svm,uncertainty,2,2000,transfer,0.8923020044686631,0.8928,2000,2000,0,0,1.0,0.8799819612792654,budget_cv,0.211
db6bbe2e7a,main,clothing,music,svm,uncertainty,2,2000,target_only,0.8947015762289854,0.8952,0,2000,0,0,1.0,0.8699776286210064,budget_cv,0.109
db6bbe2e7a,main,clothing,music,svm,self_training,2,0,uda_self_training,0.7945195585001572,0.802,2000,0,0,1000,1.0,0.9166583324999167,source_val_fallback,0.065
db6bbe2e7a,main,clothing,music,svm,self_training,2,50,transfer,0.8112645211436254,0.816,2000,50,0,1000,1.0,0.8373677248677248,budget_cv,0.151
db6bbe2e7a,main,clothing,music,svm,self_training,2,50,target_only,0.58963714533193,0.6504,0,50,0,1000,0.1,0.7349763297131718,budget_cv,0.05
db6bbe2e7a,main,clothing,music,svm,self_training,2,100,transfer,0.8296113050697893,0.8328,2000,100,0,1000,1.0,0.8585858585858586,budget_cv,0.155
db6bbe2e7a,main,clothing,music,svm,self_training,2,100,target_only,0.6598470945377367,0.6968,0,100,0,1000,0.1,0.809654145138016,budget_cv,0.049
db6bbe2e7a,main,clothing,music,svm,self_training,2,250,transfer,0.8356179219011077,0.8368,2000,250,0,1000,10.0,0.875358801316385,budget_cv,0.2
db6bbe2e7a,main,clothing,music,svm,self_training,2,250,target_only,0.7398857554240462,0.7572,0,250,0,1000,0.1,0.8163264772062945,budget_cv,0.053
db6bbe2e7a,main,clothing,music,svm,self_training,2,500,transfer,0.8523060592932257,0.8536,2000,500,0,1000,10.0,0.8595940995586281,budget_cv,0.21
db6bbe2e7a,main,clothing,music,svm,self_training,2,500,target_only,0.8356808921302263,0.838,0,500,0,1000,10.0,0.8326306327061861,budget_cv,0.082
db6bbe2e7a,main,clothing,music,svm,self_training,2,1000,transfer,0.8791796588806817,0.88,2000,1000,0,1000,1.0,0.857955166927976,budget_cv,0.205
db6bbe2e7a,main,clothing,music,svm,self_training,2,1000,target_only,0.8685063091156913,0.8696,0,1000,0,1000,1.0,0.8449048163348586,budget_cv,0.087
db6bbe2e7a,main,clothing,music,svm,self_training,2,2000,transfer,0.893874022676227,0.8944,2000,2000,0,1000,1.0,0.8789769056118438,budget_cv,0.257
db6bbe2e7a,main,clothing,music,svm,self_training,2,2000,target_only,0.8887152436011265,0.8892,0,2000,0,1000,10.0,0.8789250648072313,budget_cv,0.156
db6bbe2e7a,main,clothing,electronics,logreg,random,2,0,source_only,0.8517291292387087,0.8532,2000,0,0,0,10.0,0.9139797756894843,source_val_fallback,0.076
db6bbe2e7a,main,clothing,electronics,logreg,random,2,50,transfer,0.8697396529864355,0.8704,2000,50,0,0,10.0,0.8987122626828509,budget_cv,0.255
db6bbe2e7a,main,clothing,electronics,logreg,random,2,50,target_only,0.7062330223582483,0.7132,0,50,0,0,1.0,0.7004658385093167,budget_cv,0.091
db6bbe2e7a,main,clothing,electronics,logreg,random,2,100,transfer,0.8731185406897597,0.8736,2000,100,0,0,10.0,0.8999863834422657,budget_cv,0.258
db6bbe2e7a,main,clothing,electronics,logreg,random,2,100,target_only,0.7593465831170749,0.7664,0,100,0,0,0.1,0.7959611588276907,budget_cv,0.097
db6bbe2e7a,main,clothing,electronics,logreg,random,2,250,transfer,0.8867033987859408,0.8868,2000,250,0,0,10.0,0.8670244570244571,budget_cv,0.264
db6bbe2e7a,main,clothing,electronics,logreg,random,2,250,target_only,0.8415602949133938,0.8424,0,250,0,0,0.01,0.8465494098513968,budget_cv,0.111
db6bbe2e7a,main,clothing,electronics,logreg,random,2,500,transfer,0.8947716977958392,0.8948,2000,500,0,0,10.0,0.911676844475236,budget_cv,0.275
db6bbe2e7a,main,clothing,electronics,logreg,random,2,500,target_only,0.8718109775951226,0.872,0,500,0,0,10.0,0.8784456535914673,budget_cv,0.135
db6bbe2e7a,main,clothing,electronics,logreg,random,2,1000,transfer,0.8991790937768855,0.8992,2000,1000,0,0,10.0,0.9189836937687758,budget_cv,0.304
db6bbe2e7a,main,clothing,electronics,logreg,random,2,1000,target_only,0.8891829607720483,0.8892,0,1000,0,0,10.0,0.908772018481301,budget_cv,0.165
db6bbe2e7a,main,clothing,electronics,logreg,random,2,2000,transfer,0.9091923140374601,0.9092,2000,2000,0,0,10.0,0.9159737969811726,budget_cv,0.374
db6bbe2e7a,main,clothing,electronics,logreg,random,2,2000,target_only,0.9043999847039975,0.9044,0,2000,0,0,10.0,0.9079733386536568,budget_cv,0.223
db6bbe2e7a,main,clothing,electronics,logreg,uncertainty,2,0,source_only,0.8517291292387087,0.8532,2000,0,0,0,10.0,0.9139797756894843,source_val_fallback,0.074
db6bbe2e7a,main,clothing,electronics,logreg,uncertainty,2,50,transfer,0.8732781061140266,0.8736,2000,50,0,0,10.0,0.7228905597326648,budget_cv,0.257
db6bbe2e7a,main,clothing,electronics,logreg,uncertainty,2,50,target_only,0.5336984281498257,0.5944,0,50,0,0,0.01,0.5326923076923077,budget_cv,0.104
db6bbe2e7a,main,clothing,electronics,logreg,uncertainty,2,100,transfer,0.8879477208886578,0.888,2000,100,0,0,10.0,0.6089814814814815,budget_cv,0.262
db6bbe2e7a,main,clothing,electronics,logreg,uncertainty,2,100,target_only,0.6497512223345563,0.6672,0,100,0,0,0.01,0.6201052616146956,budget_cv,0.11
db6bbe2e7a,main,clothing,electronics,logreg,uncertainty,2,250,transfer,0.8939999830399973,0.894,2000,250,0,0,10.0,0.6388710841599529,budget_cv,0.267
db6bbe2e7a,main,clothing,electronics,logreg,uncertainty,2,250,target_only,0.7158863545418167,0.716,0,250,0,0,0.01,0.5671115234766414,budget_cv,0.114
db6bbe2e7a,main,clothing,electronics,logreg,uncertainty,2,500,transfer,0.8979998531197886,0.898,2000,500,0,0,10.0,0.7065866238205785,budget_cv,0.283
db6bbe2e7a,main,clothing,electronics,logreg,uncertainty,2,500,target_only,0.7579525587015055,0.758,0,500,0,0,0.01,0.574684907273385,budget_cv,0.127
db6bbe2e7a,main,clothing,electronics,logreg,uncertainty,2,1000,transfer,0.9079952304727477,0.908,2000,1000,0,0,10.0,0.8227502099451535,budget_cv,0.313
db6bbe2e7a,main,clothing,electronics,logreg,uncertainty,2,1000,target_only,0.876746675681767,0.8768,0,1000,0,0,1.0,0.7171356887842548,budget_cv,0.154
db6bbe2e7a,main,clothing,electronics,logreg,uncertainty,2,2000,transfer,0.9091923140374601,0.9092,2000,2000,0,0,10.0,0.9129899461288101,budget_cv,0.374
db6bbe2e7a,main,clothing,electronics,logreg,uncertainty,2,2000,target_only,0.9043999847039975,0.9044,0,2000,0,0,10.0,0.9009759611176881,budget_cv,0.224
db6bbe2e7a,main,clothing,electronics,logreg,self_training,2,0,uda_self_training,0.8425016837706591,0.8448,2000,0,0,1000,10.0,0.9139797756894843,source_val_fallback,0.145
db6bbe2e7a,main,clothing,electronics,logreg,self_training,2,50,transfer,0.8658625185073471,0.8668,2000,50,0,1000,10.0,0.8987122626828509,budget_cv,0.326
db6bbe2e7a,main,clothing,electronics,logreg,self_training,2,50,target_only,0.6515809503476254,0.6804,0,50,0,1000,1.0,0.7004658385093167,budget_cv,0.131
db6bbe2e7a,main,clothing,electronics,logreg,self_training,2,100,transfer,0.8746064571887153,0.8752,2000,100,0,1000,10.0,0.8999863834422657,budget_cv,0.328
db6bbe2e7a,main,clothing,electronics,logreg,self_training,2,100,target_only,0.6437180941576858,0.6784,0,100,0,1000,0.1,0.7959611588276907,budget_cv,0.127
db6bbe2e7a,main,clothing,electronics,logreg,self_training,2,250,transfer,0.8915311179211247,0.8916,2000,250,0,1000,10.0,0.8670244570244571,budget_cv,0.34
db6bbe2e7a,main,clothing,electronics,logreg,self_training,2,250,target_only,0.8385861330828895,0.8388,0,250,0,1000,0.01,0.8465494098513968,budget_cv,0.132
db6bbe2e7a,main,clothing,electronics,logreg,self_training,2,500,transfer,0.8979608006211666,0.898,2000,500,0,1000,10.0,0.911676844475236,budget_cv,0.361
db6bbe2e7a,main,clothing,electronics,logreg,self_training,2,500,target_only,0.8775294569672132,0.8776,0,500,0,1000,10.0,0.8784456535914673,budget_cv,0.187
db6bbe2e7a,main,clothing,electronics,logreg,self_training,2,1000,transfer,0.9015722197433003,0.9016,2000,1000,0,1000,10.0,0.9189836937687758,budget_cv,0.4
db6bbe2e7a,main,clothing,electronics,logreg,self_training,2,1000,target_only,0.8919975116226678,0.892,0,1000,0,1000,10.0,0.908772018481301,budget_cv,0.224
db6bbe2e7a,main,clothing,electronics,logreg,self_training,2,2000,transfer,0.9083859134180472,0.9084,2000,2000,0,1000,10.0,0.9159737969811726,budget_cv,0.496
db6bbe2e7a,main,clothing,electronics,logreg,self_training,2,2000,target_only,0.9031994424287884,0.9032,0,2000,0,1000,10.0,0.9079733386536568,budget_cv,0.305
db6bbe2e7a,main,clothing,electronics,svm,random,2,0,source_only,0.8531246463925561,0.854,2000,0,0,0,10.0,0.9166657407304526,source_val_fallback,0.039
db6bbe2e7a,main,clothing,electronics,svm,random,2,50,transfer,0.8706433316878522,0.8712,2000,50,0,0,1.0,0.8987122626828509,budget_cv,0.128
db6bbe2e7a,main,clothing,electronics,svm,random,2,50,target_only,0.7060838912820302,0.7132,0,50,0,0,0.1,0.7004658385093167,budget_cv,0.038
db6bbe2e7a,main,clothing,electronics,svm,random,2,100,transfer,0.8701665906900791,0.8704,2000,100,0,0,10.0,0.8999863834422657,budget_cv,0.138
db6bbe2e7a,main,clothing,electronics,svm,random,2,100,target_only,0.7624085519133621,0.7684,0,100,0,0,10.0,0.8051531801531802,budget_cv,0.039
db6bbe2e7a,main,clothing,electronics,svm,random,2,250,transfer,0.8831757753287721,0.8832,2000,250,0,0,10.0,0.8825093917774547,budget_cv,0.143
db6bbe2e7a,main,clothing,electronics,svm,random,2,250,target_only,0.8396902977668134,0.8408,0,250,0,0,0.01,0.8420485101007881,budget_cv,0.044
db6bbe2e7a,main,clothing,electronics,svm,random,2,500,transfer,0.8895841001104159,0.8896,2000,500,0,0,1.0,0.9155218403238718,budget_cv,0.154
db6bbe2e7a,main,clothing,electronics,svm,random,2,500,target_only,0.8721745158459522,0.8724,0,500,0,0,10.0,0.882590807709532,budget_cv,0.053
db6bbe2e7a,main,clothing,electronics,svm,random,2,1000,transfer,0.8995825032553673,0.8996,2000,1000,0,0,1.0,0.9179505640572971,budget_cv,0.176
db6bbe2e7a,main,clothing,electronics,svm,random,2,1000,target_only,0.8827945804213987,0.8828,0,1000,0,0,1.0,0.9077613931275456,budget_cv,0.07
db6bbe2e7a,main,clothing,electronics,svm,random,2,2000,transfer,0.9075907590759076,0.9076,2000,2000,0,0,1.0,0.9119683132408954,budget_cv,0.238
db6bbe2e7a,main,clothing,electronics,svm,random,2,2000,target_only,0.9003999840639975,0.9004,0,2000,0,0,1.0,0.9064737481320116,budget_cv,0.139
db6bbe2e7a,main,clothing,electronics,svm,uncertainty,2,0,source_only,0.8531246463925561,0.854,2000,0,0,0,10.0,0.9166657407304526,source_val_fallback,0.041
db6bbe2e7a,main,clothing,electronics,svm,uncertainty,2,50,transfer,0.8775428663997475,0.8776,2000,50,0,0,1.0,0.7845454545454545,budget_cv,0.136
db6bbe2e7a,main,clothing,electronics,svm,uncertainty,2,50,target_only,0.37296682932032105,0.5184,0,50,0,0,0.01,0.4252326217843459,budget_cv,0.039
db6bbe2e7a,main,clothing,electronics,svm,uncertainty,2,100,transfer,0.8827620148928252,0.8828,2000,100,0,0,1.0,0.7250578368999422,budget_cv,0.141
db6bbe2e7a,main,clothing,electronics,svm,uncertainty,2,100,target_only,0.5208672312409064,0.5876,0,100,0,0,0.01,0.49901641568308236,budget_cv,0.042
db6bbe2e7a,main,clothing,electronics,svm,uncertainty,2,250,transfer,0.8959829578478138,0.896,2000,250,0,0,1.0,0.6591078630546772,budget_cv,0.153
db6bbe2e7a,main,clothing,electronics,svm,uncertainty,2,250,target_only,0.7082447413573241,0.7152,0,250,0,0,0.01,0.5652883764272932,budget_cv,0.046
db6bbe2e7a,main,clothing,electronics,svm,uncertainty,2,500,transfer,0.9011942929823626,0.9012,2000,500,0,0,1.0,0.6597855104301639,budget_cv,0.167
db6bbe2e7a,main,clothing,electronics,svm,uncertainty,2,500,target_only,0.7450859579814674,0.7468,0,500,0,0,0.01,0.5679259893260895,budget_cv,0.056
db6bbe2e7a,main,clothing,electronics,svm,uncertainty,2,1000,transfer,0.9059956532390058,0.906,2000,1000,0,0,1.0,0.7918992253799386,budget_cv,0.229
db6bbe2e7a,main,clothing,electronics,svm,uncertainty,2,1000,target_only,0.881198460332046,0.8812,0,1000,0,0,10.0,0.7172336759796222,budget_cv,0.112
db6bbe2e7a,main,clothing,electronics,svm,uncertainty,2,2000,transfer,0.9075907590759076,0.9076,2000,2000,0,0,1.0,0.9119859465853001,budget_cv,0.25
db6bbe2e7a,main,clothing,electronics,svm,uncertainty,2,2000,target_only,0.9003999840639975,0.9004,0,2000,0,0,1.0,0.904977457285631,budget_cv,0.19
db6bbe2e7a,main,clothing,electronics,svm,self_training,2,0,uda_self_training,0.855389321754167,0.8564,2000,0,0,1000,10.0,0.9166657407304526,source_val_fallback,0.08
db6bbe2e7a,main,clothing,electronics,svm,self_training,2,50,transfer,0.8718417426309002,0.8724,2000,50,0,1000,1.0,0.8987122626828509,budget_cv,0.16
db6bbe2e7a,main,clothing,electronics,svm,self_training,2,50,target_only,0.6515785326269197,0.6808,0,50,0,1000,0.1,0.7004658385093167,budget_cv,0.053
db6bbe2e7a,main,clothing,electronics,svm,self_training,2,100,transfer,0.8729843986376234,0.8732,2000,100,0,1000,10.0,0.8999863834422657,budget_cv,0.18
db6bbe2e7a,main,clothing,electronics,svm,self_training,2,100,target_only,0.7168776291307042,0.7348,0,100,0,1000,10.0,0.8051531801531802,budget_cv,0.055
db6bbe2e7a,main,clothing,electronics,svm,self_training,2,250,transfer,0.8839785406708824,0.884,2000,250,0,1000,10.0,0.8825093917774547,budget_cv,0.197
db6bbe2e7a,main,clothing,electronics,svm,self_training,2,250,target_only,0.8302977456284941,0.8316,0,250,0,1000,0.01,0.8420485101007881,budget_cv,0.053
db6bbe2e7a,main,clothing,electronics,svm,self_training,2,500,transfer,0.8895795766384951,0.8896,2000,500,0,1000,1.0,0.9155218403238718,budget_cv,0.185
db6bbe2e7a,main,clothing,electronics,svm,self_training,2,500,target_only,0.8765522353985342,0.8768,0,500,0,1000,10.0,0.882590807709532,budget_cv,0.072
db6bbe2e7a,main,clothing,electronics,svm,self_training,2,1000,transfer,0.8995825032553673,0.8996,2000,1000,0,1000,1.0,0.9179505640572971,budget_cv,0.217
db6bbe2e7a,main,clothing,electronics,svm,self_training,2,1000,target_only,0.8891985640133896,0.8892,0,1000,0,1000,1.0,0.9077613931275456,budget_cv,0.092
db6bbe2e7a,main,clothing,electronics,svm,self_training,2,2000,transfer,0.9075907590759076,0.9076,2000,2000,0,1000,1.0,0.9119683132408954,budget_cv,0.279
db6bbe2e7a,main,clothing,electronics,svm,self_training,2,2000,target_only,0.8987998542717901,0.8988,0,2000,0,1000,1.0,0.9064737481320116,budget_cv,0.163
db6bbe2e7a,main,books,music,logreg,random,3,0,source_only,0.8683868386838685,0.8684,2000,0,0,0,10.0,0.905992939025198,source_val_fallback,0.093
db6bbe2e7a,main,books,music,logreg,random,3,50,transfer,0.8607991982033816,0.8608,2000,50,0,0,1.0,0.9390557055030739,budget_cv,0.321
db6bbe2e7a,main,books,music,logreg,random,3,50,target_only,0.6604465537698199,0.6852,0,50,0,0,0.01,0.6786918632187176,budget_cv,0.094
db6bbe2e7a,main,books,music,logreg,random,3,100,transfer,0.8830975747711114,0.8832,2000,100,0,0,10.0,0.9178645767355444,budget_cv,0.345
db6bbe2e7a,main,books,music,logreg,random,3,100,target_only,0.7550118730007509,0.7584,0,100,0,0,0.01,0.7368531863348936,budget_cv,0.105
db6bbe2e7a,main,books,music,logreg,random,3,250,transfer,0.8814904782403705,0.8816,2000,250,0,0,10.0,0.8677233511090403,budget_cv,0.363
db6bbe2e7a,main,books,music,logreg,random,3,250,target_only,0.8098634363144985,0.81,0,250,0,0,1.0,0.7831171571798059,budget_cv,0.115
db6bbe2e7a,main,books,music,logreg,random,3,500,transfer,0.8739780419340266,0.874,2000,500,0,0,1.0,0.8660092676685308,budget_cv,0.369
db6bbe2e7a,main,books,music,logreg,random,3,500,target_only,0.8503812318217197,0.8504,0,500,0,0,1.0,0.8178132148913555,budget_cv,0.134
db6bbe2e7a,main,books,music,logreg,random,3,1000,transfer,0.8991296974339236,0.8992,2000,1000,0,0,10.0,0.8868428079718074,budget_cv,0.431
db6bbe2e7a,main,books,music,logreg,random,3,1000,target_only,0.8791993041879922,0.8792,0,1000,0,0,10.0,0.8526943460556057,budget_cv,0.178
db6bbe2e7a,main,books,music,logreg,random,3,2000,transfer,0.9034776714617037,0.9036,2000,2000,0,0,10.0,0.8944599535991818,budget_cv,0.495
db6bbe2e7a,main,books,music,logreg,random,3,2000,target_only,0.8963601857289496,0.8964,0,2000,0,0,10.0,0.8779579378921207,budget_cv,0.233
db6bbe2e7a,main,books,music,logreg,uncertainty,3,0,source_only,0.8683868386838685,0.8684,2000,0,0,0,10.0,0.905992939025198,source_val_fallback,0.092
db6bbe2e7a,main,books,music,logreg,uncertainty,3,50,transfer,0.8747348821811531,0.8748,2000,50,0,0,10.0,0.7629650542694021,budget_cv,0.337
db6bbe2e7a,main,books,music,logreg,uncertainty,3,50,target_only,0.4992326065024767,0.5844,0,50,0,0,0.01,0.5365961199294532,budget_cv,0.1
db6bbe2e7a,main,books,music,logreg,uncertainty,3,100,transfer,0.876679955335722,0.8768,2000,100,0,0,10.0,0.6605616605616605,budget_cv,0.347
db6bbe2e7a,main,books,music,logreg,uncertainty,3,100,target_only,0.50614640384105,0.5808,0,100,0,0,0.01,0.4848139851769903,budget_cv,0.101
db6bbe2e7a,main,books,music,logreg,uncertainty,3,250,transfer,0.884650507057146,0.8848,2000,250,0,0,10.0,0.5875932620503717,budget_cv,0.362
db6bbe2e7a,main,books,music,logreg,uncertainty,3,250,target_only,0.6220868415563839,0.644,0,250,0,0,1.0,0.4653500825326439,budget_cv,0.116
db6bbe2e7a,main,books,music,logreg,uncertainty,3,500,transfer,0.8910828225438056,0.8912,2000,500,0,0,10.0,0.6556330608639755,budget_cv,0.388
db6bbe2e7a,main,books,music,logreg,uncertainty,3,500,target_only,0.7321164216408804,0.7332,0,500,0,0,10.0,0.5292601513487243,budget_cv,0.129
db6bbe2e7a,main,books,music,logreg,uncertainty,3,1000,transfer,0.8982681555295664,0.8984,2000,1000,0,0,10.0,0.7908071865619298,budget_cv,0.458
db6bbe2e7a,main,books,music,logreg,uncertainty,3,1000,target_only,0.863523988320535,0.8636,0,1000,0,0,10.0,0.6931278630081573,budget_cv,0.15
db6bbe2e7a,main,books,music,logreg,uncertainty,3,2000,transfer,0.9034776714617037,0.9036,2000,2000,0,0,10.0,0.8944918436176721,budget_cv,0.502
db6bbe2e7a,main,books,music,logreg,uncertainty,3,2000,target_only,0.8963601857289496,0.8964,0,2000,0,0,10.0,0.8824647701335065,budget_cv,0.233
db6bbe2e7a,main,books,music,logreg,self_training,3,0,uda_self_training,0.8496360229425757,0.85,2000,0,0,1000,10.0,0.905992939025198,source_val_fallback,0.206
db6bbe2e7a,main,books,music,logreg,self_training,3,50,transfer,0.8501882020725621,0.8504,2000,50,0,1000,1.0,0.9390557055030739,budget_cv,0.386
db6bbe2e7a,main,books,music,logreg,self_training,3,50,target_only,0.5919387075283145,0.6472,0,50,0,1000,0.01,0.6786918632187176,budget_cv,0.111
db6bbe2e7a,main,books,music,logreg,self_training,3,100,transfer,0.8815447335108668,0.8816,2000,100,0,1000,10.0,0.9178645767355444,budget_cv,0.452
db6bbe2e7a,main,books,music,logreg,self_training,3,100,target_only,0.533093028212911,0.5924,0,100,0,1000,0.01,0.7368531863348936,budget_cv,0.122
db6bbe2e7a,main,books,music,logreg,self_training,3,250,transfer,0.8803420855694155,0.8804,2000,250,0,1000,10.0,0.8677233511090403,budget_cv,0.471
db6bbe2e7a,main,books,music,logreg,self_training,3,250,target_only,0.759268568812814,0.7644,0,250,0,1000,1.0,0.7831171571798059,budget_cv,0.147
db6bbe2e7a,main,books,music,logreg,self_training,3,500,transfer,0.8683994735978944,0.8684,2000,500,0,1000,1.0,0.8660092676685308,budget_cv,0.448
db6bbe2e7a,main,books,music,logreg,self_training,3,500,target_only,0.8085503595124729,0.8108,0,500,0,1000,1.0,0.8178132148913555,budget_cv,0.169
db6bbe2e7a,main,books,music,logreg,self_training,3,1000,transfer,0.8951355041404665,0.8952,2000,1000,0,1000,10.0,0.8868428079718074,budget_cv,0.564
db6bbe2e7a,main,books,music,logreg,self_training,3,1000,target_only,0.8759885711067132,0.876,0,1000,0,1000,10.0,0.8526943460556057,budget_cv,0.247
db6bbe2e7a,main,books,music,logreg,self_training,3,2000,transfer,0.902697856101421,0.9028,2000,2000,0,1000,10.0,0.8944599535991818,budget_cv,0.689
db6bbe2e7a,main,books,music,logreg,self_training,3,2000,target_only,0.8927777663976402,0.8928,0,2000,0,1000,10.0,0.8779579378921207,budget_cv,0.331
db6bbe2e7a,main,books,music,svm,random,3,0,source_only,0.8699939885220292,0.87,2000,0,0,0,1.0,0.9059949446170217,source_val_fallback,0.054
db6bbe2e7a,main,books,music,svm,random,3,50,transfer,0.8607985745774037,0.8608,2000,50,0,0,0.1,0.9390557055030739,budget_cv,0.174
db6bbe2e7a,main,books,music,svm,random,3,50,target_only,0.6218176756381694,0.6592,0,50,0,0,0.01,0.6579365079365079,budget_cv,0.038
db6bbe2e7a,main,books,music,svm,random,3,100,transfer,0.8802615823892419,0.8804,2000,100,0,0,1.0,0.9081552706552708,budget_cv,0.187
db6bbe2e7a,main,books,music,svm,random,3,100,target_only,0.7113616969134327,0.726,0,100,0,0,0.01,0.7318307974668649,budget_cv,0.04
db6bbe2e7a,main,books,music,svm,random,3,250,transfer,0.8695836405718733,0.8696,2000,250,0,0,0.1,0.8637915114885238,budget_cv,0.189
db6bbe2e7a,main,books,music,svm,random,3,250,target_only,0.810708382857303,0.8108,0,250,0,0,0.1,0.7872243244216625,budget_cv,0.045
db6bbe2e7a,main,books,music,svm,random,3,500,transfer,0.8719861540224191,0.872,2000,500,0,0,0.1,0.863996789615451,budget_cv,0.197
db6bbe2e7a,main,books,music,svm,random,3,500,target_only,0.8491704374057315,0.8492,0,500,0,0,0.1,0.8177121374517085,budget_cv,0.051
db6bbe2e7a,main,books,music,svm,random,3,1000,transfer,0.9007221661782838,0.9008,2000,1000,0,0,1.0,0.8838389225279216,budget_cv,0.224
db6bbe2e7a,main,books,music,svm,random,3,1000,target_only,0.8779896730459267,0.878,0,1000,0,0,1.0,0.8567007249684065,budget_cv,0.066
db6bbe2e7a,main,books,music,svm,random,3,2000,transfer,0.9074930619796484,0.9076,2000,2000,0,0,1.0,0.8959570321819225,budget_cv,0.268
db6bbe2e7a,main,books,music,svm,random,3,2000,target_only,0.8923478963818487,0.8924,0,2000,0,0,1.0,0.8784419589090197,budget_cv,0.107
db6bbe2e7a,main,books,music,svm,uncertainty,3,0,source_only,0.8699939885220292,0.87,2000,0,0,0,1.0,0.9059949446170217,source_val_fallback,0.055
db6bbe2e7a,main,books,music,svm,uncertainty,3,50,transfer,0.8787571479263632,0.8788,2000,50,0,0,1.0,0.752201393377864,budget_cv,0.184
db6bbe2e7a,main,books,music,svm,uncertainty,3,50,target_only,0.5515382608283126,0.6128,0,50,0,0,0.01,0.5608974358974359,budget_cv,0.04
db6bbe2e7a,main,books,music,svm,uncertainty,3,100,transfer,0.8811680389557575,0.8812,2000,100,0,0,1.0,0.673788425626661,budget_cv,0.181
db6bbe2e7a,main,books,music,svm,uncertainty,3,100,target_only,0.63008,0.6532,0,100,0,0,0.01,0.5847456620841908,budget_cv,0.04
db6bbe2e7a,main,books,music,svm,uncertainty,3,250,transfer,0.8743176328038343,0.8744,2000,250,0,0,0.1,0.6117413018303033,budget_cv,0.183
db6bbe2e7a,main,books,music,svm,uncertainty,3,250,target_only,0.6732031029012422,0.6852,0,250,0,0,0.01,0.5270598836733592,budget_cv,0.044
db6bbe2e7a,main,books,music,svm,uncertainty,3,500,transfer,0.8926670101322343,0.8928,2000,500,0,0,10.0,0.6468734053188138,budget_cv,0.207
db6bbe2e7a,main,books,music,svm,uncertainty,3,500,target_only,0.788737283948796,0.7892,0,500,0,0,1.0,0.5028603961120258,budget_cv,0.053
db6bbe2e7a,main,books,music,svm,uncertainty,3,1000,transfer,0.9022558704162811,0.9024,2000,1000,0,0,10.0,0.7824512796666072,budget_cv,0.231
db6bbe2e7a,main,books,music,svm,uncertainty,3,1000,target_only,0.8799163064689566,0.88,0,1000,0,0,1.0,0.6883098677090783,budget_cv,0.074
db6bbe2e7a,main,books,music,svm,uncertainty,3,2000,transfer,0.9074930619796484,0.9076,2000,2000,0,0,1.0,0.8884944590135855,budget_cv,0.257
db6bbe2e7a,main,books,music,svm,uncertainty,3,2000,target_only,0.8883378086258922,0.8884,0,2000,0,0,10.0,0.8794797336326748,budget_cv,0.112
db6bbe2e7a,main,books,music,svm,self_training,3,0,uda_self_training,0.8695519116166983,0.8696,2000,0,0,1000,1.0,0.9059949446170217,source_val_fallback,0.094
db6bbe2e7a,main,books,music,svm,self_training,3,50,transfer,0.8494300125069199,0.8496,2000,50,0,1000,0.1,0.9390557055030739,budget_cv,0.203
db6bbe2e7a,main,books,music,svm,self_training,3,50,target_only,0.4216854283797823,0.5536,0,50,0,1000,0.01,0.6579365079365079,budget_cv,0.048
db6bbe2e7a,main,books,music,svm,self_training,3,100,transfer,0.883495145631068,0.8836,2000,100,0,1000,1.0,0.9081552706552708,budget_cv,0.221
db6bbe2e7a,main,books,music,svm,self_training,3,100,target_only,0.7549445286514251,0.7616,0,100,0,1000,0.01,0.7318307974668649,budget_cv,0.049
db6bbe2e7a,main,books,music,svm,self_training,3,250,transfer,0.858382235467617,0.8584,2000,250,0,1000,0.1,0.8637915114885238,budget_cv,0.208
db6bbe2e7a,main,books,music,svm,self_training,3,250,target_only,0.7631847213162708,0.7684,0,250,0,1000,0.1,0.7872243244216625,budget_cv,0.054
db6bbe2e7a,main,books,music,svm,self_training,3,500,transfer,0.8691989745199602,0.8692,2000,500,0,1000,0.1,0.863996789615451,budget_cv,0.226
db6bbe2e7a,main,books,music,svm,self_training,3,500,target_only,0.8091544594403388,0.8116,0,500,0,1000,0.1,0.8177121374517085,budget_cv,0.062
db6bbe2e7a,main,books,music,svm,self_training,3,1000,transfer,0.9011372181790325,0.9012,2000,1000,0,1000,1.0,0.8838389225279216,budget_cv,0.266
db6bbe2e7a,main,books,music,svm,self_training,3,1000,target_only,0.882799831231757,0.8828,0,1000,0,1000,1.0,0.8567007249684065,budget_cv,0.087
db6bbe2e7a,main,books,music,svm,self_training,3,2000,transfer,0.9082989234053342,0.9084,2000,2000,0,1000,1.0,0.8959570321819225,budget_cv,0.304
db6bbe2e7a,main,books,music,svm,self_training,3,2000,target_only,0.8939656448689375,0.894,0,2000,0,1000,1.0,0.8784419589090197,budget_cv,0.129
db6bbe2e7a,main,books,electronics,logreg,random,3,0,source_only,0.8201055219958227,0.8212,2000,0,0,0,10.0,0.9053272742788872,source_val_fallback,0.1
db6bbe2e7a,main,books,electronics,logreg,random,3,50,transfer,0.8398612933909673,0.8404,2000,50,0,0,10.0,0.8973127262600947,budget_cv,0.35
db6bbe2e7a,main,books,electronics,logreg,random,3,50,target_only,0.7475999596159935,0.7476,0,50,0,0,0.01,0.8169506691565515,budget_cv,0.091
db6bbe2e7a,main,books,electronics,logreg,random,3,100,transfer,0.8595692400463397,0.8596,2000,100,0,0,10.0,0.8895306354865178,budget_cv,0.356
db6bbe2e7a,main,books,electronics,logreg,random,3,100,target_only,0.7601742054807525,0.7684,0,100,0,0,10.0,0.764561663870607,budget_cv,0.105
db6bbe2e7a,main,books,electronics,logreg,random,3,250,transfer,0.8739830431582873,0.874,2000,250,0,0,10.0,0.8796630199069223,budget_cv,0.365
db6bbe2e7a,main,books,electronics,logreg,random,3,250,target_only,0.8493972022349132,0.8504,0,250,0,0,0.01,0.8504412120486565,budget_cv,0.113
db6bbe2e7a,main,books,electronics,logreg,random,3,500,transfer,0.8927865511449756,0.8928,2000,500,0,0,10.0,0.8836959524312489,budget_cv,0.399
db6bbe2e7a,main,books,electronics,logreg,random,3,500,target_only,0.8745953194966697,0.8748,0,500,0,0,1.0,0.8655465711086414,budget_cv,0.129
db6bbe2e7a,main,books,electronics,logreg,random,3,1000,transfer,0.9039778150343856,0.904,2000,1000,0,0,10.0,0.8958561239582717,budget_cv,0.434
db6bbe2e7a,main,books,electronics,logreg,random,3,1000,target_only,0.8947052347112401,0.8948,0,1000,0,0,10.0,0.8869494251813529,budget_cv,0.157
db6bbe2e7a,main,books,electronics,logreg,random,3,2000,transfer,0.9191329256138211,0.9192,2000,2000,0,0,10.0,0.9089704785168816,budget_cv,0.505
db6bbe2e7a,main,books,electronics,logreg,random,3,2000,target_only,0.9066476340023132,0.9068,0,2000,0,0,10.0,0.9024801931460175,budget_cv,0.226
db6bbe2e7a,main,books,electronics,logreg,uncertainty,3,0,source_only,0.8201055219958227,0.8212,2000,0,0,0,10.0,0.9053272742788872,source_val_fallback,0.098
db6bbe2e7a,main,books,electronics,logreg,uncertainty,3,50,transfer,0.8104784910023253,0.812,2000,50,0,0,1.0,0.7972883597883597,budget_cv,0.321
db6bbe2e7a,main,books,electronics,logreg,uncertainty,3,50,target_only,0.6143293511261667,0.6332,0,50,0,0,1.0,0.622825354999268,budget_cv,0.096
db6bbe2e7a,main,books,electronics,logreg,uncertainty,3,100,transfer,0.8579752536081886,0.858,2000,100,0,0,10.0,0.7911778640109833,budget_cv,0.336
db6bbe2e7a,main,books,electronics,logreg,uncertainty,3,100,target_only,0.6975329506022631,0.7092,0,100,0,0,0.01,0.6647818870944473,budget_cv,0.109
db6bbe2e7a,main,books,electronics,logreg,uncertainty,3,250,transfer,0.8811739723469029,0.8812,2000,250,0,0,10.0,0.6993003565062388,budget_cv,0.365
db6bbe2e7a,main,books,electronics,logreg,uncertainty,3,250,target_only,0.7259982660188775,0.732,0,250,0,0,1.0,0.6017967375573866,budget_cv,0.112
db6bbe2e7a,main,books,electronics,logreg,uncertainty,3,500,transfer,0.9059544819692731,0.906,2000,500,0,0,10.0,0.6960909307495647,budget_cv,0.407
db6bbe2e7a,main,books,electronics,logreg,uncertainty,3,500,target_only,0.7800565799403529,0.782,0,500,0,0,10.0,0.654251746050646,budget_cv,0.134
db6bbe2e7a,main,books,electronics,logreg,uncertainty,3,1000,transfer,0.913137611958413,0.9132,2000,1000,0,0,10.0,0.7985169117283356,budget_cv,0.459
db6bbe2e7a,main,books,electronics,logreg,uncertainty,3,1000,target_only,0.8845846071772985,0.8848,0,1000,0,0,10.0,0.7375742702758442,budget_cv,0.167
db6bbe2e7a,main,books,electronics,logreg,uncertainty,3,2000,transfer,0.9091459091084468,0.9092,2000,2000,0,0,1.0,0.9029610724737003,budget_cv,0.483
db6bbe2e7a,main,books,electronics,logreg,uncertainty,3,2000,target_only,0.9066476340023132,0.9068,0,2000,0,0,10.0,0.8994976356853358,budget_cv,0.223
db6bbe2e7a,main,books,electronics,logreg,self_training,3,0,uda_self_training,0.8136625834467561,0.816,2000,0,0,1000,10.0,0.9053272742788872,source_val_fallback,0.204
db6bbe2e7a,main,books,electronics,logreg,self_training,3,50,transfer,0.8373167639115107,0.8384,2000,50,0,1000,10.0,0.8973127262600947,budget_cv,0.455
db6bbe2e7a,main,books,electronics,logreg,self_training,3,50,target_only,0.7260403875322431,0.7356,0,50,0,1000,0.01,0.8169506691565515,budget_cv,0.11
db6bbe2e7a,main,books,electronics,logreg,self_training,3,100,transfer,0.8682750404343575,0.8684,2000,100,0,1000,10.0,0.8895306354865178,budget_cv,0.459
db6bbe2e7a,main,books,electronics,logreg,self_training,3,100,target_only,0.767559155140385,0.7796,0,100,0,1000,10.0,0.764561663870607,budget_cv,0.149
db6bbe2e7a,main,books,electronics,logreg,self_training,3,250,transfer,0.8811931377156345,0.8812,2000,250,0,1000,10.0,0.8796630199069223,budget_cv,0.467
db6bbe2e7a,main,books,electronics,logreg,self_training,3,250,target_only,0.8367933150541846,0.8368,0,250,0,1000,0.01,0.8504412120486565,budget_cv,0.13
db6bbe2e7a,main,books,electronics,logreg,self_training,3,500,transfer,0.8947816667576158,0.8948,2000,500,0,1000,10.0,0.8836959524312489,budget_cv,0.518
db6bbe2e7a,main,books,electronics,logreg,self_training,3,500,target_only,0.8695996661751454,0.8696,0,500,0,1000,1.0,0.8655465711086414,budget_cv,0.166
db6bbe2e7a,main,books,electronics,logreg,self_training,3,1000,transfer,0.9055707495953946,0.9056,2000,1000,0,1000,10.0,0.8958561239582717,budget_cv,0.587
db6bbe2e7a,main,books,electronics,logreg,self_training,3,1000,target_only,0.895529377859433,0.8956,0,1000,0,1000,10.0,0.8869494251813529,budget_cv,0.217
db6bbe2e7a,main,books,electronics,logreg,self_training,3,2000,transfer,0.9175353477126067,0.9176,2000,2000,0,1000,10.0,0.9089704785168816,budget_cv,0.66
db6bbe2e7a,main,books,electronics,logreg,self_training,3,2000,target_only,0.9035036425973519,0.9036,0,2000,0,1000,10.0,0.9024801931460175,budget_cv,0.307
db6bbe2e7a,main,books,electronics,svm,random,3,0,source_only,0.8234951372307215,0.8244,2000,0,0,0,1.0,0.9059966158781716,source_val_fallback,0.055
db6bbe2e7a,main,books,electronics,svm,random,3,50,transfer,0.8429873672121735,0.8432,2000,50,0,0,10.0,0.9377889167362851,budget_cv,0.18
db6bbe2e7a,main,books,electronics,svm,random,3,50,target_only,0.7365051983414815,0.7384,0,50,0,0,0.01,0.6733734864169647,budget_cv,0.038
db6bbe2e7a,main,books,electronics,svm,random,3,100,transfer,0.8603994415977664,0.8604,2000,100,0,0,10.0,0.909468151059707,budget_cv,0.185
db6bbe2e7a,main,books,electronics,svm,random,3,100,target_only,0.7556996885774496,0.7652,0,100,0,0,10.0,0.7827795570885002,budget_cv,0.04
db6bbe2e7a,main,books,electronics,svm,random,3,250,transfer,0.867933734430588,0.868,2000,250,0,0,10.0,0.8999652443871647,budget_cv,0.206
db6bbe2e7a,main,books,electronics,svm,random,3,250,target_only,0.8477616766793987,0.8492,0,250,0,0,0.01,0.8503545161286926,budget_cv,0.044
db6bbe2e7a,main,books,electronics,svm,random,3,500,transfer,0.8883805514272807,0.8884,2000,500,0,0,1.0,0.8918528372947722,budget_cv,0.197
db6bbe2e7a,main,books,electronics,svm,random,3,500,target_only,0.8769304481447445,0.8772,0,500,0,0,10.0,0.8655757609861924,budget_cv,0.052
db6bbe2e7a,main,books,electronics,svm,random,3,1000,transfer,0.892,0.892,2000,1000,0,0,0.1,0.894765072399156,budget_cv,0.217
db6bbe2e7a,main,books,electronics,svm,random,3,1000,target_only,0.894312338425984,0.8944,0,1000,0,0,1.0,0.8879480743814528,budget_cv,0.066
db6bbe2e7a,main,books,electronics,svm,random,3,2000,transfer,0.9163399119783793,0.9164,2000,2000,0,0,1.0,0.9069688375013136,budget_cv,0.26
db6bbe2e7a,main,books,electronics,svm,random,3,2000,target_only,0.9082442501199235,0.9084,0,2000,0,0,1.0,0.9049770169651109,budget_cv,0.116
db6bbe2e7a,main,books,electronics,svm,uncertainty,3,0,source_only,0.8234951372307215,0.8244,2000,0,0,0,1.0,0.9059966158781716,source_val_fallback,0.056
db6bbe2e7a,main,books,electronics,svm,uncertainty,3,50,transfer,0.846250333925056,0.8464,2000,50,0,0,10.0,0.8762629770756706,budget_cv,0.181
db6bbe2e7a,main,books,electronics,svm,uncertainty,3,50,target_only,0.6789762592936773,0.6792,0,50,0,0,0.01,0.6439046333783176,budget_cv,0.039
db6bbe2e7a,main,books,electronics,svm,uncertainty,3,100,transfer,0.8603324008820269,0.8604,2000,100,0,0,1.0,0.6620946305156831,budget_cv,0.183
db6bbe2e7a,main,books,electronics,svm,uncertainty,3,100,target_only,0.6786714570331351,0.6884,0,100,0,0,0.01,0.6084988111303901,budget_cv,0.042
db6bbe2e7a,main,books,electronics,svm,uncertainty,3,250,transfer,0.889990688811901,0.89,2000,250,0,0,1.0,0.598095253226305,budget_cv,0.195
db6bbe2e7a,main,books,electronics,svm,uncertainty,3,250,target_only,0.7380260890328474,0.7416,0,250,0,0,10.0,0.5503684762357343,budget_cv,0.047
db6bbe2e7a,main,books,electronics,svm,uncertainty,3,500,transfer,0.8962685348903787,0.8964,2000,500,0,0,10.0,0.6236965392786492,budget_cv,0.21
db6bbe2e7a,main,books,electronics,svm,uncertainty,3,500,target_only,0.804864221859118,0.8068,0,500,0,0,1.0,0.6076922196982463,budget_cv,0.055
db6bbe2e7a,main,books,electronics,svm,uncertainty,3,1000,transfer,0.90993138933514,0.91,2000,1000,0,0,10.0,0.785897332180579,budget_cv,0.234
db6bbe2e7a,main,books,electronics,svm,uncertainty,3,1000,target_only,0.8902381495658238,0.8904,0,1000,0,0,10.0,0.7217237729776121,budget_cv,0.077
db6bbe2e7a,main,books,electronics,svm,uncertainty,3,2000,transfer,0.9163399119783793,0.9164,2000,2000,0,0,1.0,0.9054721531689385,budget_cv,0.278
db6bbe2e7a,main,books,electronics,svm,uncertainty,3,2000,target_only,0.903068731799352,0.9032,0,2000,0,0,0.1,0.9029965006145296,budget_cv,0.111
db6bbe2e7a,main,books,electronics,svm,self_training,3,0,uda_self_training,0.8229916079474591,0.8244,2000,0,0,1000,1.0,0.9059966158781716,source_val_fallback,0.09
db6bbe2e7a,main,books,electronics,svm,self_training,3,50,transfer,0.84566196265709,0.846,2000,50,0,1000,10.0,0.9377889167362851,budget_cv,0.227
db6bbe2e7a,main,books,electronics,svm,self_training,3,50,target_only,0.609464058027308,0.6448,0,50,0,1000,0.01,0.6733734864169647,budget_cv,0.048
db6bbe2e7a,main,books,electronics,svm,self_training,3,100,transfer,0.8663999144959453,0.8664,2000,100,0,1000,10.0,0.909468151059707,budget_cv,0.227
db6bbe2e7a,main,books,electronics,svm,self_training,3,100,target_only,0.6980125279656177,0.7244,0,100,0,1000,10.0,0.7827795570885002,budget_cv,0.053
db6bbe2e7a,main,books,electronics,svm,self_training,3,250,transfer,0.8727361440876574,0.8728,2000,250,0,1000,10.0,0.8999652443871647,budget_cv,0.264
db6bbe2e7a,main,books,electronics,svm,self_training,3,250,target_only,0.8374690059054546,0.8392,0,250,0,1000,0.01,0.8503545161286926,budget_cv,0.052
db6bbe2e7a,main,books,electronics,svm,self_training,3,500,transfer,0.8931683949379585,0.8932,2000,500,0,1000,1.0,0.8918528372947722,budget_cv,0.227
db6bbe2e7a,main,books,electronics,svm,self_training,3,500,target_only,0.8873360780028865,0.8876,0,500,0,1000,10.0,0.8655757609861924,budget_cv,0.07
db6bbe2e7a,main,books,electronics,svm,self_training,3,1000,transfer,0.8947999831679974,0.8948,2000,1000,0,1000,0.1,0.894765072399156,budget_cv,0.239
db6bbe2e7a,main,books,electronics,svm,self_training,3,1000,target_only,0.8971170187026047,0.8972,0,1000,0,1000,1.0,0.8879480743814528,budget_cv,0.084
db6bbe2e7a,main,books,electronics,svm,self_training,3,2000,transfer,0.9159449136586153,0.916,2000,2000,0,1000,1.0,0.9069688375013136,budget_cv,0.302
db6bbe2e7a,main,books,electronics,svm,self_training,3,2000,target_only,0.9070686173284342,0.9072,0,2000,0,1000,1.0,0.9049770169651109,budget_cv,0.141
db6bbe2e7a,main,books,clothing,logreg,random,3,0,source_only,0.8351468262564201,0.8372,2000,0,0,0,10.0,0.9099996399985599,source_val_fallback,0.099
db6bbe2e7a,main,books,clothing,logreg,random,3,50,transfer,0.845476856801866,0.8472,2000,50,0,0,10.0,0.8905067155067155,budget_cv,0.334
db6bbe2e7a,main,books,clothing,logreg,random,3,50,target_only,0.8059863103940614,0.806,0,50,0,0,0.01,0.7316745861637504,budget_cv,0.097
db6bbe2e7a,main,books,clothing,logreg,random,3,100,transfer,0.856668021658552,0.858,2000,100,0,0,10.0,0.8575329036463714,budget_cv,0.346
db6bbe2e7a,main,books,clothing,logreg,random,3,100,target_only,0.7998533662556989,0.8024,0,100,0,0,0.1,0.728888553307158,budget_cv,0.106
db6bbe2e7a,main,books,clothing,logreg,random,3,250,transfer,0.8782697430005102,0.8788,2000,250,0,0,10.0,0.8712409179514443,budget_cv,0.336
db6bbe2e7a,main,books,clothing,logreg,random,3,250,target_only,0.8702464548448052,0.8704,0,250,0,0,0.1,0.8473455304769103,budget_cv,0.112
db6bbe2e7a,main,books,clothing,logreg,random,3,500,transfer,0.8958055481461723,0.896,2000,500,0,0,10.0,0.8935382201810841,budget_cv,0.39
db6bbe2e7a,main,books,clothing,logreg,random,3,500,target_only,0.8970042091213714,0.8972,0,500,0,0,1.0,0.8776493210645562,budget_cv,0.134
db6bbe2e7a,main,books,clothing,logreg,random,3,1000,transfer,0.9127235318496654,0.9128,2000,1000,0,0,10.0,0.9079640737259472,budget_cv,0.429
db6bbe2e7a,main,books,clothing,logreg,random,3,1000,target_only,0.8987578670739615,0.8988,0,1000,0,0,0.1,0.9089786044310942,budget_cv,0.15
db6bbe2e7a,main,books,clothing,logreg,random,3,2000,transfer,0.9259499421609008,0.926,2000,2000,0,0,10.0,0.9184710993693498,budget_cv,0.487
db6bbe2e7a,main,books,clothing,logreg,random,3,2000,target_only,0.9299555189527557,0.93,0,2000,0,0,10.0,0.9084590234637681,budget_cv,0.213
db6bbe2e7a,main,books,clothing,logreg,uncertainty,3,0,source_only,0.8351468262564201,0.8372,2000,0,0,0,10.0,0.9099996399985599,source_val_fallback,0.1
db6bbe2e7a,main,books,clothing,logreg,uncertainty,3,50,transfer,0.8534809386751714,0.8544,2000,50,0,0,10.0,0.8789653873245205,budget_cv,0.342
db6bbe2e7a,main,books,clothing,logreg,uncertainty,3,50,target_only,0.7366051299393344,0.7368,0,50,0,0,1.0,0.7152116402116402,budget_cv,0.094
db6bbe2e7a,main,books,clothing,logreg,uncertainty,3,100,transfer,0.8789570619816798,0.8792,2000,100,0,0,10.0,0.7504827041723773,budget_cv,0.345
db6bbe2e7a,main,books,clothing,logreg,uncertainty,3,100,target_only,0.6336964616636935,0.6616,0,100,0,0,10.0,0.5009359914014038,budget_cv,0.108
db6bbe2e7a,main,books,clothing,logreg,uncertainty,3,250,transfer,0.8951782641648572,0.8952,2000,250,0,0,10.0,0.7202484104132681,budget_cv,0.339
db6bbe2e7a,main,books,clothing,logreg,uncertainty,3,250,target_only,0.7129910933190813,0.7168,0,250,0,0,1.0,0.7179538969583934,budget_cv,0.121
db6bbe2e7a,main,books,clothing,logreg,uncertainty,3,500,transfer,0.9079660726130081,0.908,2000,500,0,0,10.0,0.7336296905015418,budget_cv,0.413
db6bbe2e7a,main,books,clothing,logreg,uncertainty,3,500,target_only,0.7931329750839271,0.7932,0,500,0,0,1.0,0.6469059160101377,budget_cv,0.132
db6bbe2e7a,main,books,clothing,logreg,uncertainty,3,1000,transfer,0.9183529713114754,0.9184,2000,1000,0,0,10.0,0.8363974195150842,budget_cv,0.448
db6bbe2e7a,main,books,clothing,logreg,uncertainty,3,1000,target_only,0.9111699256900416,0.9112,0,1000,0,0,10.0,0.7735274216617896,budget_cv,0.156
db6bbe2e7a,main,books,clothing,logreg,uncertainty,3,2000,transfer,0.9259499421609008,0.926,2000,2000,0,0,10.0,0.918496097770746,budget_cv,0.486
db6bbe2e7a,main,books,clothing,logreg,uncertainty,3,2000,target_only,0.9299555189527557,0.93,0,2000,0,0,10.0,0.9104900007424005,budget_cv,0.211
db6bbe2e7a,main,books,clothing,logreg,self_training,3,0,uda_self_training,0.8365227300263798,0.8396,2000,0,0,1000,10.0,0.9099996399985599,source_val_fallback,0.202
db6bbe2e7a,main,books,clothing,logreg,self_training,3,50,transfer,0.8533069318228972,0.8552,2000,50,0,1000,10.0,0.8905067155067155,budget_cv,0.439
db6bbe2e7a,main,books,clothing,logreg,self_training,3,50,target_only,0.8108974358974359,0.8112,0,50,0,1000,0.01,0.7316745861637504,budget_cv,0.115
db6bbe2e7a,main,books,clothing,logreg,self_training,3,100,transfer,0.8709826413594817,0.872,2000,100,0,1000,10.0,0.8575329036463714,budget_cv,0.446
db6bbe2e7a,main,books,clothing,logreg,self_training,3,100,target_only,0.7055561928798134,0.7228,0,100,0,1000,0.1,0.728888553307158,budget_cv,0.131
db6bbe2e7a,main,books,clothing,logreg,self_training,3,250,transfer,0.8835465582466384,0.884,2000,250,0,1000,10.0,0.8712409179514443,budget_cv,0.444
db6bbe2e7a,main,books,clothing,logreg,self_training,3,250,target_only,0.854958558214346,0.8552,0,250,0,1000,0.1,0.8473455304769103,budget_cv,0.133
db6bbe2e7a,main,books,clothing,logreg,self_training,3,500,transfer,0.8969969438953175,0.8972,2000,500,0,1000,10.0,0.8935382201810841,budget_cv,0.501
db6bbe2e7a,main,books,clothing,logreg,self_training,3,500,target_only,0.8839767285419977,0.8844,0,500,0,1000,1.0,0.8776493210645562,budget_cv,0.167
db6bbe2e7a,main,books,clothing,logreg,self_training,3,1000,transfer,0.9127106156704465,0.9128,2000,1000,0,1000,10.0,0.9079640737259472,budget_cv,0.556
db6bbe2e7a,main,books,clothing,logreg,self_training,3,1000,target_only,0.8818820521419869,0.882,0,1000,0,1000,0.1,0.9089786044310942,budget_cv,0.177
db6bbe2e7a,main,books,clothing,logreg,self_training,3,2000,transfer,0.9271395666421556,0.9272,2000,2000,0,1000,10.0,0.9184710993693498,budget_cv,0.659
db6bbe2e7a,main,books,clothing,logreg,self_training,3,2000,target_only,0.9267441966592471,0.9268,0,2000,0,1000,10.0,0.9084590234637681,budget_cv,0.28
db6bbe2e7a,main,books,clothing,svm,random,3,0,source_only,0.8391090613614535,0.8412,2000,0,0,0,10.0,0.9093307542970112,source_val_fallback,0.054
db6bbe2e7a,main,books,clothing,svm,random,3,50,transfer,0.8541531761721357,0.8556,2000,50,0,0,10.0,0.8937386031207541,budget_cv,0.179
db6bbe2e7a,main,books,clothing,svm,random,3,50,target_only,0.6992,0.718,0,50,0,0,0.01,0.7545678958722437,budget_cv,0.039
db6bbe2e7a,main,books,clothing,svm,random,3,100,transfer,0.8624660823612791,0.8636,2000,100,0,0,1.0,0.8567333053269742,budget_cv,0.176
db6bbe2e7a,main,books,clothing,svm,random,3,100,target_only,0.80441576771852,0.806,0,100,0,0,0.01,0.7674029657240095,budget_cv,0.039
db6bbe2e7a,main,books,clothing,svm,random,3,250,transfer,0.8840415306261165,0.8844,2000,250,0,0,10.0,0.86750350543454,budget_cv,0.185
db6bbe2e7a,main,books,clothing,svm,random,3,250,target_only,0.8735008246465228,0.8736,0,250,0,0,0.01,0.8515617313740941,budget_cv,0.042
db6bbe2e7a,main,books,clothing,svm,random,3,500,transfer,0.8978128094168021,0.898,2000,500,0,0,1.0,0.8956391437316912,budget_cv,0.195
db6bbe2e7a,main,books,clothing,svm,random,3,500,target_only,0.89541551296487,0.8956,0,500,0,0,1.0,0.8856527579352022,budget_cv,0.052
db6bbe2e7a,main,books,clothing,svm,random,3,1000,transfer,0.9131175798609593,0.9132,2000,1000,0,0,1.0,0.9079729407675039,budget_cv,0.253
db6bbe2e7a,main,books,clothing,svm,random,3,1000,target_only,0.8987611080672752,0.8988,0,1000,0,0,0.01,0.9079782649650787,budget_cv,0.077
db6bbe2e7a,main,books,clothing,svm,random,3,2000,transfer,0.9255571209016393,0.9256,2000,2000,0,0,1.0,0.9179768984909408,budget_cv,0.304
db6bbe2e7a,main,books,clothing,svm,random,3,2000,target_only,0.9299609910735884,0.93,0,2000,0,0,1.0,0.906960214044906,budget_cv,0.115
db6bbe2e7a,main,books,clothing,svm,uncertainty,3,0,source_only,0.8391090613614535,0.8412,2000,0,0,0,10.0,0.9093307542970112,source_val_fallback,0.053
db6bbe2e7a,main,books,clothing,svm,uncertainty,3,50,transfer,0.8623539502967359,0.8632,2000,50,0,0,1.0,0.858548331613347,budget_cv,0.179
db6bbe2e7a,main,books,clothing,svm,uncertainty,3,50,target_only,0.7283811953834943,0.73,0,50,0,0,1.0,0.6897885739991002,budget_cv,0.039
db6bbe2e7a,main,books,clothing,svm,uncertainty,3,100,transfer,0.8786096404938368,0.8788,2000,100,0,0,1.0,0.7129934879934879,budget_cv,0.179
db6bbe2e7a,main,books,clothing,svm,uncertainty,3,100,target_only,0.6238906086492024,0.6564,0,100,0,0,0.01,0.6085877786348927,budget_cv,0.039
db6bbe2e7a,main,books,clothing,svm,uncertainty,3,250,transfer,0.8979608006211666,0.898,2000,250,0,0,1.0,0.6355550770966717,budget_cv,0.187
db6bbe2e7a,main,books,clothing,svm,uncertainty,3,250,target_only,0.7518828000339174,0.7528,0,250,0,0,10.0,0.627967934550213,budget_cv,0.044
db6bbe2e7a,main,books,clothing,svm,uncertainty,3,500,transfer,0.9091621969398785,0.9092,2000,500,0,0,1.0,0.6732551368522394,budget_cv,0.2
db6bbe2e7a,main,books,clothing,svm,uncertainty,3,500,target_only,0.8499930636792645,0.85,0,500,0,0,1.0,0.6124938428100853,budget_cv,0.053
db6bbe2e7a,main,books,clothing,svm,uncertainty,3,1000,transfer,0.9239501599768425,0.924,2000,1000,0,0,1.0,0.8321163825250834,budget_cv,0.219
db6bbe2e7a,main,books,clothing,svm,uncertainty,3,1000,target_only,0.9139831406955763,0.914,0,1000,0,0,10.0,0.7691938526359988,budget_cv,0.069
db6bbe2e7a,main,books,clothing,svm,uncertainty,3,2000,transfer,0.9255571209016393,0.9256,2000,2000,0,0,1.0,0.9204952672601542,budget_cv,0.365
db6bbe2e7a,main,books,clothing,svm,uncertainty,3,2000,target_only,0.9299609910735884,0.93,0,2000,0,0,1.0,0.917993796201174,budget_cv,0.134
db6bbe2e7a,main,books,clothing,svm,self_training,3,0,uda_self_training,0.8450571779574285,0.8472,2000,0,0,1000,10.0,0.9093307542970112,source_val_fallback,0.098
db6bbe2e7a,main,books,clothing,svm,self_training,3,50,transfer,0.8593939393939394,0.8608,2000,50,0,1000,10.0,0.8937386031207541,budget_cv,0.269
db6bbe2e7a,main,books,clothing,svm,self_training,3,50,target_only,0.5652230194853254,0.6292,0,50,0,1000,0.01,0.7545678958722437,budget_cv,0.045
db6bbe2e7a,main,books,clothing,svm,self_training,3,100,transfer,0.8705887076915784,0.8716,2000,100,0,1000,1.0,0.8567333053269742,budget_cv,0.212
db6bbe2e7a,main,books,clothing,svm,self_training,3,100,target_only,0.730102089928981,0.7416,0,100,0,1000,0.01,0.7674029657240095,budget_cv,0.046
db6bbe2e7a,main,books,clothing,svm,self_training,3,250,transfer,0.8868552434008521,0.8872,2000,250,0,1000,10.0,0.86750350543454,budget_cv,0.304
db6bbe2e7a,main,books,clothing,svm,self_training,3,250,target_only,0.8518406041956178,0.852,0,250,0,1000,0.01,0.8515617313740941,budget_cv,0.051
db6bbe2e7a,main,books,clothing,svm,self_training,3,500,transfer,0.9002032647079146,0.9004,2000,500,0,1000,1.0,0.8956391437316912,budget_cv,0.228
db6bbe2e7a,main,books,clothing,svm,self_training,3,500,target_only,0.8969586193834229,0.8972,0,500,0,1000,1.0,0.8856527579352022,budget_cv,0.065
db6bbe2e7a,main,books,clothing,svm,self_training,3,1000,transfer,0.914312255749888,0.9144,2000,1000,0,1000,1.0,0.9079729407675039,budget_cv,0.291
db6bbe2e7a,main,books,clothing,svm,self_training,3,1000,target_only,0.8810929836853167,0.8812,0,1000,0,1000,0.01,0.9079782649650787,budget_cv,0.077
db6bbe2e7a,main,books,clothing,svm,self_training,3,2000,transfer,0.9267409121501038,0.9268,2000,2000,0,1000,1.0,0.9179768984909408,budget_cv,0.343
db6bbe2e7a,main,books,clothing,svm,self_training,3,2000,target_only,0.9299496870632363,0.93,0,2000,0,1000,1.0,0.906960214044906,budget_cv,0.14
db6bbe2e7a,main,music,books,logreg,random,3,0,source_only,0.8284107918659414,0.8308,2000,0,0,0,10.0,0.8779804226366985,source_val_fallback,0.086
db6bbe2e7a,main,music,books,logreg,random,3,50,transfer,0.8492443160282961,0.85,2000,50,0,0,10.0,0.7402011974380395,budget_cv,0.296
db6bbe2e7a,main,music,books,logreg,random,3,50,target_only,0.6219719629746685,0.6272,0,50,0,0,0.01,0.5505555555555555,budget_cv,0.099
db6bbe2e7a,main,music,books,logreg,random,3,100,transfer,0.8274975120767939,0.8296,2000,100,0,0,1.0,0.8099432873507825,budget_cv,0.288
db6bbe2e7a,main,music,books,logreg,random,3,100,target_only,0.7322743546447228,0.7332,0,100,0,0,0.01,0.7789583185489883,budget_cv,0.103
db6bbe2e7a,main,music,books,logreg,random,3,250,transfer,0.861991583412287,0.8624,2000,250,0,0,10.0,0.8349048765370468,budget_cv,0.311
db6bbe2e7a,main,music,books,logreg,random,3,250,target_only,0.8271945808220545,0.8272,0,250,0,0,10.0,0.8114668199463521,budget_cv,0.124
db6bbe2e7a,main,music,books,logreg,random,3,500,transfer,0.8714716567375519,0.8716,2000,500,0,0,10.0,0.8612319998642134,budget_cv,0.331
db6bbe2e7a,main,music,books,logreg,random,3,500,target_only,0.8611998001277121,0.8612,0,500,0,0,10.0,0.8272086840272115,budget_cv,0.142
db6bbe2e7a,main,music,books,logreg,random,3,1000,transfer,0.8894752219465688,0.8896,2000,1000,0,0,10.0,0.8846648233943973,budget_cv,0.374
db6bbe2e7a,main,music,books,logreg,random,3,1000,target_only,0.883458864022686,0.8836,0,1000,0,0,10.0,0.8554348442619758,budget_cv,0.192
db6bbe2e7a,main,music,books,logreg,random,3,2000,transfer,0.8987578670739615,0.8988,2000,2000,0,0,10.0,0.8919335398828725,budget_cv,0.485
db6bbe2e7a,main,music,books,logreg,random,3,2000,target_only,0.899152948799792,0.8992,0,2000,0,0,10.0,0.8844835041952912,budget_cv,0.268
db6bbe2e7a,main,music,books,logreg,uncertainty,3,0,source_only,0.8284107918659414,0.8308,2000,0,0,0,10.0,0.8779804226366985,source_val_fallback,0.085
db6bbe2e7a,main,music,books,logreg,uncertainty,3,50,transfer,0.8535207433087875,0.854,2000,50,0,0,10.0,0.7745592571679528,budget_cv,0.296
db6bbe2e7a,main,music,books,logreg,uncertainty,3,50,target_only,0.594335100079719,0.6144,0,50,0,0,0.01,0.6982669504408635,budget_cv,0.111
db6bbe2e7a,main,music,books,logreg,uncertainty,3,100,transfer,0.8695979135666171,0.8696,2000,100,0,0,10.0,0.6784313725490195,budget_cv,0.296
db6bbe2e7a,main,music,books,logreg,uncertainty,3,100,target_only,0.48240021206244676,0.5548,0,100,0,0,0.01,0.5727476809237816,budget_cv,0.116
db6bbe2e7a,main,music,books,logreg,uncertainty,3,250,transfer,0.8779492073421276,0.878,2000,250,0,0,10.0,0.6126842369775565,budget_cv,0.34
db6bbe2e7a,main,music,books,logreg,uncertainty,3,250,target_only,0.5556457927462206,0.5924,0,250,0,0,0.01,0.4749504382991727,budget_cv,0.122
db6bbe2e7a,main,music,books,logreg,uncertainty,3,500,transfer,0.8887974378929691,0.8888,2000,500,0,0,10.0,0.676505220735244,budget_cv,0.372
db6bbe2e7a,main,music,books,logreg,uncertainty,3,500,target_only,0.7195999551359928,0.7196,0,500,0,0,10.0,0.5778462623779943,budget_cv,0.147
db6bbe2e7a,main,music,books,logreg,uncertainty,3,1000,transfer,0.8995548559344512,0.8996,2000,1000,0,0,10.0,0.7848769204554941,budget_cv,0.405
db6bbe2e7a,main,music,books,logreg,uncertainty,3,1000,target_only,0.8554699229306375,0.8556,0,1000,0,0,10.0,0.7004748322837108,budget_cv,0.177
db6bbe2e7a,main,music,books,logreg,uncertainty,3,2000,transfer,0.8987578670739615,0.8988,2000,2000,0,0,10.0,0.8884619506439551,budget_cv,0.478
db6bbe2e7a,main,music,books,logreg,uncertainty,3,2000,target_only,0.899152948799792,0.8992,0,2000,0,0,10.0,0.8864747296426648,budget_cv,0.27
db6bbe2e7a,main,music,books,logreg,self_training,3,0,uda_self_training,0.7813322695921316,0.7888,2000,0,0,1000,10.0,0.8779804226366985,source_val_fallback,0.186
db6bbe2e7a,main,music,books,logreg,self_training,3,50,transfer,0.8490548736387494,0.8504,2000,50,0,1000,10.0,0.7402011974380395,budget_cv,0.391
db6bbe2e7a,main,music,books,logreg,self_training,3,50,target_only,0.4558990689953811,0.5368,0,50,0,1000,0.01,0.5505555555555555,budget_cv,0.12
db6bbe2e7a,main,music,books,logreg,self_training,3,100,transfer,0.783762583862152,0.7904,2000,100,0,1000,1.0,0.8099432873507825,budget_cv,0.341
db6bbe2e7a,main,music,books,logreg,self_training,3,100,target_only,0.7882376758781253,0.7908,0,100,0,1000,0.01,0.7789583185489883,budget_cv,0.12
db6bbe2e7a,main,music,books,logreg,self_training,3,250,transfer,0.8654137422612902,0.866,2000,250,0,1000,10.0,0.8349048765370468,budget_cv,0.412
db6bbe2e7a,main,music,books,logreg,self_training,3,250,target_only,0.8107640002565912,0.8112,0,250,0,1000,10.0,0.8114668199463521,budget_cv,0.178
db6bbe2e7a,main,music,books,logreg,self_training,3,500,transfer,0.8790140882085047,0.8792,2000,500,0,1000,10.0,0.8612319998642134,budget_cv,0.444
db6bbe2e7a,main,music,books,logreg,self_training,3,500,target_only,0.8638605932474854,0.864,0,500,0,1000,10.0,0.8272086840272115,budget_cv,0.201
db6bbe2e7a,main,music,books,logreg,self_training,3,1000,transfer,0.8922869271246183,0.8924,2000,1000,0,1000,10.0,0.8846648233943973,budget_cv,0.513
db6bbe2e7a,main,music,books,logreg,self_training,3,1000,target_only,0.8801805098651914,0.8804,0,1000,0,1000,10.0,0.8554348442619758,budget_cv,0.268
db6bbe2e7a,main,music,books,logreg,self_training,3,2000,transfer,0.900348197006732,0.9004,2000,2000,0,1000,10.0,0.8919335398828725,budget_cv,0.661
db6bbe2e7a,main,music,books,logreg,self_training,3,2000,target_only,0.8959317978630476,0.896,0,2000,0,1000,10.0,0.8844835041952912,budget_cv,0.368
db6bbe2e7a,main,music,books,svm,random,3,0,source_only,0.8360979224304221,0.8372,2000,0,0,0,10.0,0.8853314986373115,source_val_fallback,0.05
db6bbe2e7a,main,music,books,svm,random,3,50,transfer,0.8514031150713449,0.8516,2000,50,0,0,10.0,0.8015284723876054,budget_cv,0.169
db6bbe2e7a,main,music,books,svm,random,3,50,target_only,0.5248407104498193,0.5812,0,50,0,0,0.01,0.5412156683895814,budget_cv,0.038
db6bbe2e7a,main,music,books,svm,random,3,100,transfer,0.8554482553605474,0.8556,2000,100,0,0,10.0,0.839202172096909,budget_cv,0.173
db6bbe2e7a,main,music,books,svm,random,3,100,target_only,0.6772919350283343,0.6936,0,100,0,0,0.01,0.743486580608641,budget_cv,0.04
db6bbe2e7a,main,music,books,svm,random,3,250,transfer,0.8594375097612841,0.8596,2000,250,0,0,10.0,0.8754637486830764,budget_cv,0.189
db6bbe2e7a,main,music,books,svm,random,3,250,target_only,0.8295786223423867,0.8296,0,250,0,0,10.0,0.823116710314778,budget_cv,0.05
db6bbe2e7a,main,music,books,svm,random,3,500,transfer,0.876750700280112,0.8768,2000,500,0,0,10.0,0.859403544571968,budget_cv,0.21
db6bbe2e7a,main,music,books,svm,random,3,500,target_only,0.8591707976566021,0.8592,0,500,0,0,0.1,0.8254400283651154,budget_cv,0.056
db6bbe2e7a,main,music,books,svm,random,3,1000,transfer,0.8870956583235963,0.8872,2000,1000,0,0,1.0,0.883684631562509,budget_cv,0.228
db6bbe2e7a,main,music,books,svm,random,3,1000,target_only,0.8745251800303095,0.8748,0,1000,0,0,0.1,0.8511005184229364,budget_cv,0.077
db6bbe2e7a,main,music,books,svm,random,3,2000,transfer,0.9015695101714707,0.9016,2000,2000,0,0,1.0,0.8924426034864332,budget_cv,0.304
db6bbe2e7a,main,music,books,svm,random,3,2000,target_only,0.9023609443777512,0.9024,0,2000,0,0,1.0,0.8879879634700129,budget_cv,0.133
db6bbe2e7a,main,music,books,svm,uncertainty,3,0,source_only,0.8360979224304221,0.8372,2000,0,0,0,10.0,0.8853314986373115,source_val_fallback,0.048
db6bbe2e7a,main,music,books,svm,uncertainty,3,50,transfer,0.8587316261070358,0.8588,2000,50,0,0,10.0,0.6767787767787768,budget_cv,0.171
db6bbe2e7a,main,music,books,svm,uncertainty,3,50,target_only,0.44173425617721773,0.5404,0,50,0,0,0.01,0.5717813051146384,budget_cv,0.038
db6bbe2e7a,main,music,books,svm,uncertainty,3,100,transfer,0.8673478335376417,0.8676,2000,100,0,0,1.0,0.6773294031358548,budget_cv,0.166
db6bbe2e7a,main,music,books,svm,uncertainty,3,100,target_only,0.6167099323036532,0.6356,0,100,0,0,0.01,0.5503077401573643,budget_cv,0.04
db6bbe2e7a,main,music,books,svm,uncertainty,3,250,transfer,0.8747874787478748,0.8748,2000,250,0,0,1.0,0.5995974373749312,budget_cv,0.182
db6bbe2e7a,main,music,books,svm,uncertainty,3,250,target_only,0.6734449659961403,0.6776,0,250,0,0,10.0,0.511928232755547,budget_cv,0.05
db6bbe2e7a,main,music,books,svm,uncertainty,3,500,transfer,0.8927461843254472,0.8928,2000,500,0,0,1.0,0.6252519162785298,budget_cv,0.213
db6bbe2e7a,main,music,books,svm,uncertainty,3,500,target_only,0.7778498264827023,0.778,0,500,0,0,10.0,0.5166174528486235,budget_cv,0.062
db6bbe2e7a,main,music,books,svm,uncertainty,3,1000,transfer,0.8931683949379585,0.8932,2000,1000,0,0,10.0,0.7738481073829936,budget_cv,0.276
db6bbe2e7a,main,music,books,svm,uncertainty,3,1000,target_only,0.8694917512381469,0.8696,0,1000,0,0,10.0,0.6757878268686669,budget_cv,0.091
db6bbe2e7a,main,music,books,svm,uncertainty,3,2000,transfer,0.9015695101714707,0.9016,2000,2000,0,0,1.0,0.8929550796497189,budget_cv,0.308
db6bbe2e7a,main,music,books,svm,uncertainty,3,2000,target_only,0.9023609443777512,0.9024,0,2000,0,0,1.0,0.8864735822597987,budget_cv,0.133
db6bbe2e7a,main,music,books,svm,self_training,3,0,uda_self_training,0.8366532649745397,0.838,2000,0,0,1000,10.0,0.8853314986373115,source_val_fallback,0.108
db6bbe2e7a,main,music,books,svm,self_training,3,50,transfer,0.8553911848709537,0.8556,2000,50,0,1000,10.0,0.8015284723876054,budget_cv,0.234
db6bbe2e7a,main,music,books,svm,self_training,3,50,target_only,0.37521165468375534,0.5088,0,50,0,1000,0.01,0.5412156683895814,budget_cv,0.058
db6bbe2e7a,main,music,books,svm,self_training,3,100,transfer,0.8585871113809573,0.8588,2000,100,0,1000,10.0,0.839202172096909,budget_cv,0.242
db6bbe2e7a,main,music,books,svm,self_training,3,100,target_only,0.4409797767731962,0.5496,0,100,0,1000,0.01,0.743486580608641,budget_cv,0.053
db6bbe2e7a,main,music,books,svm,self_training,3,250,transfer,0.8598417669612286,0.86,2000,250,0,1000,10.0,0.8754637486830764,budget_cv,0.257
db6bbe2e7a,main,music,books,svm,self_training,3,250,target_only,0.8447712888975945,0.8448,0,250,0,1000,10.0,0.823116710314778,budget_cv,0.068
db6bbe2e7a,main,music,books,svm,self_training,3,500,transfer,0.8771447839516993,0.8772,2000,500,0,1000,10.0,0.859403544571968,budget_cv,0.292
db6bbe2e7a,main,music,books,svm,self_training,3,500,target_only,0.7942169357757145,0.7972,0,500,0,1000,0.1,0.8254400283651154,budget_cv,0.073
db6bbe2e7a,main,music,books,svm,self_training,3,1000,transfer,0.889492427508634,0.8896,2000,1000,0,1000,1.0,0.883684631562509,budget_cv,0.286
db6bbe2e7a,main,music,books,svm,self_training,3,1000,target_only,0.8418141400080448,0.8432,0,1000,0,1000,0.1,0.8511005184229364,budget_cv,0.101
db6bbe2e7a,main,music,books,svm,self_training,3,2000,transfer,0.9011650677815568,0.9012,2000,2000,0,1000,1.0,0.8924426034864332,budget_cv,0.378
db6bbe2e7a,main,music,books,svm,self_training,3,2000,target_only,0.9011521576442998,0.9012,0,2000,0,1000,1.0,0.8879879634700129,budget_cv,0.182
db6bbe2e7a,main,music,electronics,logreg,random,3,0,source_only,0.7628129890453834,0.7672,2000,0,0,0,10.0,0.8793178323793589,source_val_fallback,0.086
db6bbe2e7a,main,music,electronics,logreg,random,3,50,transfer,0.7919735798351978,0.7944,2000,50,0,0,10.0,0.6638347033083876,budget_cv,0.296
db6bbe2e7a,main,music,electronics,logreg,random,3,50,target_only,0.7475989903959616,0.7476,0,50,0,0,0.01,0.7941179463238287,budget_cv,0.093
db6bbe2e7a,main,music,electronics,logreg,random,3,100,transfer,0.8225265664078285,0.8232,2000,100,0,0,10.0,0.7691368788142983,budget_cv,0.294
db6bbe2e7a,main,music,electronics,logreg,random,3,100,target_only,0.7561063018149673,0.7648,0,100,0,0,10.0,0.764561663870607,budget_cv,0.105
db6bbe2e7a,main,music,electronics,logreg,random,3,250,transfer,0.8571495109231406,0.8572,2000,250,0,0,10.0,0.847685451762012,budget_cv,0.3
db6bbe2e7a,main,music,electronics,logreg,random,3,250,target_only,0.8489845722639024,0.85,0,250,0,0,0.01,0.8504412120486565,budget_cv,0.113
db6bbe2e7a,main,music,electronics,logreg,random,3,500,transfer,0.8783999221759502,0.8784,2000,500,0,0,10.0,0.8768898372960626,budget_cv,0.313
db6bbe2e7a,main,music,electronics,logreg,random,3,500,target_only,0.8745787569272196,0.8748,0,500,0,0,0.1,0.8636063444952153,budget_cv,0.127
db6bbe2e7a,main,music,electronics,logreg,random,3,1000,transfer,0.8963796904193222,0.8964,2000,1000,0,0,10.0,0.8936876291765947,budget_cv,0.348
db6bbe2e7a,main,music,electronics,logreg,random,3,1000,target_only,0.894291754756871,0.8944,0,1000,0,0,10.0,0.8899624367157214,budget_cv,0.156
db6bbe2e7a,main,music,electronics,logreg,random,3,2000,transfer,0.9155279757732633,0.9156,2000,2000,0,0,10.0,0.914428582462017,budget_cv,0.416
db6bbe2e7a,main,music,electronics,logreg,random,3,2000,target_only,0.9058401693370395,0.906,0,2000,0,0,10.0,0.9024801052707914,budget_cv,0.226
db6bbe2e7a,main,music,electronics,logreg,uncertainty,3,0,source_only,0.7628129890453834,0.7672,2000,0,0,0,10.0,0.8793178323793589,source_val_fallback,0.086
db6bbe2e7a,main,music,electronics,logreg,uncertainty,3,50,transfer,0.7565356648199446,0.7624,2000,50,0,0,1.0,0.8102036852036852,budget_cv,0.28
db6bbe2e7a,main,music,electronics,logreg,uncertainty,3,50,target_only,0.6841534071540054,0.7004,0,50,0,0,0.1,0.7006974506974507,budget_cv,0.096
db6bbe2e7a,main,music,electronics,logreg,uncertainty,3,100,transfer,0.8447602586262083,0.8448,2000,100,0,0,10.0,0.7887882777687757,budget_cv,0.294
db6bbe2e7a,main,music,electronics,logreg,uncertainty,3,100,target_only,0.6676320748133157,0.6952,0,100,0,0,0.01,0.6973677956030896,budget_cv,0.108
db6bbe2e7a,main,music,electronics,logreg,uncertainty,3,250,transfer,0.8807117457779964,0.8808,2000,250,0,0,10.0,0.7150759797585167,budget_cv,0.305
db6bbe2e7a,main,music,electronics,logreg,uncertainty,3,250,target_only,0.601028168233945,0.6508,0,250,0,0,0.01,0.6426358029796878,budget_cv,0.11
db6bbe2e7a,main,music,electronics,logreg,uncertainty,3,500,transfer,0.8954425951003679,0.8956,2000,500,0,0,10.0,0.7243346927276136,budget_cv,0.329
db6bbe2e7a,main,music,electronics,logreg,uncertainty,3,500,target_only,0.7717773012617316,0.7744,0,500,0,0,1.0,0.6551315251571369,budget_cv,0.139
db6bbe2e7a,main,music,electronics,logreg,uncertainty,3,1000,transfer,0.9115071036971771,0.9116,2000,1000,0,0,10.0,0.7987573442964293,budget_cv,0.354
db6bbe2e7a,main,music,electronics,logreg,uncertainty,3,1000,target_only,0.8789656775517402,0.8792,0,1000,0,0,10.0,0.7361623387692634,budget_cv,0.167
db6bbe2e7a,main,music,electronics,logreg,uncertainty,3,2000,transfer,0.9155279757732633,0.9156,2000,2000,0,0,10.0,0.913958716240522,budget_cv,0.424
db6bbe2e7a,main,music,electronics,logreg,uncertainty,3,2000,target_only,0.9058401693370395,0.906,0,2000,0,0,10.0,0.9014731604702712,budget_cv,0.227
db6bbe2e7a,main,music,electronics,logreg,self_training,3,0,uda_self_training,0.7380191862809602,0.7472,2000,0,0,1000,10.0,0.8793178323793589,source_val_fallback,0.175
db6bbe2e7a,main,music,electronics,logreg,self_training,3,50,transfer,0.7794261812953401,0.784,2000,50,0,1000,10.0,0.6638347033083876,budget_cv,0.378
db6bbe2e7a,main,music,electronics,logreg,self_training,3,50,target_only,0.7278660673589887,0.7372,0,50,0,1000,0.01,0.7941179463238287,budget_cv,0.111
db6bbe2e7a,main,music,electronics,logreg,self_training,3,100,transfer,0.8300460534921589,0.8312,2000,100,0,1000,10.0,0.7691368788142983,budget_cv,0.379
db6bbe2e7a,main,music,electronics,logreg,self_training,3,100,target_only,0.7578856762452351,0.7716,0,100,0,1000,10.0,0.764561663870607,budget_cv,0.148
db6bbe2e7a,main,music,electronics,logreg,self_training,3,250,transfer,0.8619066488946527,0.862,2000,250,0,1000,10.0,0.847685451762012,budget_cv,0.408
db6bbe2e7a,main,music,electronics,logreg,self_training,3,250,target_only,0.835176265382215,0.8352,0,250,0,1000,0.01,0.8504412120486565,budget_cv,0.167
db6bbe2e7a,main,music,electronics,logreg,self_training,3,500,transfer,0.8827990811447961,0.8828,2000,500,0,1000,10.0,0.8768898372960626,budget_cv,0.567
db6bbe2e7a,main,music,electronics,logreg,self_training,3,500,target_only,0.8347803155663891,0.8352,0,500,0,1000,0.1,0.8636063444952153,budget_cv,0.18
db6bbe2e7a,main,music,electronics,logreg,self_training,3,1000,transfer,0.8991834822217272,0.8992,2000,1000,0,1000,10.0,0.8936876291765947,budget_cv,0.499
db6bbe2e7a,main,music,electronics,logreg,self_training,3,1000,target_only,0.893923811838615,0.894,0,1000,0,1000,10.0,0.8899624367157214,budget_cv,0.218
db6bbe2e7a,main,music,electronics,logreg,self_training,3,2000,transfer,0.916734720020496,0.9168,2000,2000,0,1000,10.0,0.914428582462017,budget_cv,0.549
db6bbe2e7a,main,music,electronics,logreg,self_training,3,2000,target_only,0.9031007751937985,0.9032,0,2000,0,1000,10.0,0.9024801052707914,budget_cv,0.308
db6bbe2e7a,main,music,electronics,svm,random,3,0,source_only,0.7737434883213457,0.7772,2000,0,0,0,1.0,0.8806623705120051,source_val_fallback,0.048
db6bbe2e7a,main,music,electronics,svm,random,3,50,transfer,0.8140287101111666,0.8148,2000,50,0,0,10.0,0.6871082621082621,budget_cv,0.161
db6bbe2e7a,main,music,electronics,svm,random,3,50,target_only,0.7361560048718089,0.738,0,50,0,0,0.01,0.677606290649769,budget_cv,0.038
db6bbe2e7a,main,music,electronics,svm,random,3,100,transfer,0.8295874926682525,0.83,2000,100,0,0,1.0,0.7884160086607249,budget_cv,0.156
db6bbe2e7a,main,music,electronics,svm,random,3,100,target_only,0.752957799193101,0.7628,0,100,0,0,10.0,0.7827795570885002,budget_cv,0.04
db6bbe2e7a,main,music,electronics,svm,random,3,250,transfer,0.8599977599641595,0.86,2000,250,0,0,1.0,0.8437147005513627,budget_cv,0.166
db6bbe2e7a,main,music,electronics,svm,random,3,250,target_only,0.846538159336683,0.848,0,250,0,0,0.01,0.8423118804697779,budget_cv,0.045
db6bbe2e7a,main,music,electronics,svm,random,3,500,transfer,0.8807871059333777,0.8808,2000,500,0,0,1.0,0.8871040583176253,budget_cv,0.186
db6bbe2e7a,main,music,electronics,svm,random,3,500,target_only,0.8741651619919157,0.8744,0,500,0,0,0.01,0.8656354806430785,budget_cv,0.053
db6bbe2e7a,main,music,electronics,svm,random,3,1000,transfer,0.9023640074677128,0.9024,2000,1000,0,0,1.0,0.8987134306255511,budget_cv,0.212
db6bbe2e7a,main,music,electronics,svm,random,3,1000,target_only,0.8939045140626565,0.894,0,1000,0,0,1.0,0.8899508011649413,budget_cv,0.07
db6bbe2e7a,main,music,electronics,svm,random,3,2000,transfer,0.9159340923283854,0.916,2000,2000,0,0,1.0,0.9094381073904744,budget_cv,0.26
db6bbe2e7a,main,music,electronics,svm,random,3,2000,target_only,0.9058640677137787,0.906,0,2000,0,0,10.0,0.9024792293312061,budget_cv,0.114
db6bbe2e7a,main,music,electronics,svm,uncertainty,3,0,source_only,0.7737434883213457,0.7772,2000,0,0,0,1.0,0.8806623705120051,source_val_fallback,0.047
db6bbe2e7a,main,music,electronics,svm,uncertainty,3,50,transfer,0.8084465108612438,0.8096,2000,50,0,0,1.0,0.7704439351498175,budget_cv,0.153
db6bbe2e7a,main,music,electronics,svm,uncertainty,3,50,target_only,0.6918088020071607,0.7036,0,50,0,0,0.1,0.5995120651871224,budget_cv,0.038
db6bbe2e7a,main,music,electronics,svm,uncertainty,3,100,transfer,0.8479684747429227,0.848,2000,100,0,0,1.0,0.6873157036200515,budget_cv,0.163
db6bbe2e7a,main,music,electronics,svm,uncertainty,3,100,target_only,0.5639722020114917,0.6272,0,100,0,0,0.01,0.5064021164021164,budget_cv,0.04
db6bbe2e7a,main,music,electronics,svm,uncertainty,3,250,transfer,0.8783151905552093,0.8784,2000,250,0,0,1.0,0.6661809821573372,budget_cv,0.169
db6bbe2e7a,main,music,electronics,svm,uncertainty,3,250,target_only,0.7311006193177315,0.7416,0,250,0,0,0.1,0.5891947490348387,budget_cv,0.045
db6bbe2e7a,main,music,electronics,svm,uncertainty,3,500,transfer,0.8930985890455121,0.8932,2000,500,0,0,10.0,0.6731379964837171,budget_cv,0.197
db6bbe2e7a,main,music,electronics,svm,uncertainty,3,500,target_only,0.8234485816820591,0.8252,0,500,0,0,10.0,0.6304208338080229,budget_cv,0.057
db6bbe2e7a,main,music,electronics,svm,uncertainty,3,1000,transfer,0.9107396600101669,0.9108,2000,1000,0,0,1.0,0.7827769911467134,budget_cv,0.213
db6bbe2e7a,main,music,electronics,svm,uncertainty,3,1000,target_only,0.8902513740207538,0.8904,0,1000,0,0,10.0,0.7297908453222948,budget_cv,0.075
db6bbe2e7a,main,music,electronics,svm,uncertainty,3,2000,transfer,0.9103081555512845,0.9104,2000,2000,0,0,10.0,0.9039828635296137,budget_cv,0.265
db6bbe2e7a,main,music,electronics,svm,uncertainty,3,2000,target_only,0.9082502497275955,0.9084,0,2000,0,0,1.0,0.9004976524738924,budget_cv,0.11
db6bbe2e7a,main,music,electronics,svm,self_training,3,0,uda_self_training,0.7645310547911255,0.77,2000,0,0,1000,1.0,0.8806623705120051,source_val_fallback,0.079
db6bbe2e7a,main,music,electronics,svm,self_training,3,50,transfer,0.8161934754716829,0.8172,2000,50,0,1000,10.0,0.6871082621082621,budget_cv,0.224
db6bbe2e7a,main,music,electronics,svm,self_training,3,50,target_only,0.6143350478092914,0.6484,0,50,0,1000,0.01,0.677606290649769,budget_cv,0.049
db6bbe2e7a,main,music,electronics,svm,self_training,3,100,transfer,0.8342110912699655,0.8348,2000,100,0,1000,1.0,0.7884160086607249,budget_cv,0.19
db6bbe2e7a,main,music,electronics,svm,self_training,3,100,target_only,0.7007971674647453,0.7268,0,100,0,1000,10.0,0.7827795570885002,budget_cv,0.055
db6bbe2e7a,main,music,electronics,svm,self_training,3,250,transfer,0.8659938035534763,0.866,2000,250,0,1000,1.0,0.8437147005513627,budget_cv,0.201
db6bbe2e7a,main,music,electronics,svm,self_training,3,250,target_only,0.8319476728893115,0.8344,0,250,0,1000,0.01,0.8423118804697779,budget_cv,0.052
db6bbe2e7a,main,music,electronics,svm,self_training,3,500,transfer,0.8823908923507036,0.8824,2000,500,0,1000,1.0,0.8871040583176253,budget_cv,0.214
db6bbe2e7a,main,music,electronics,svm,self_training,3,500,target_only,0.8310472135150672,0.8316,0,500,0,1000,0.01,0.8656354806430785,budget_cv,0.063
db6bbe2e7a,main,music,electronics,svm,self_training,3,1000,transfer,0.9023697580562555,0.9024,2000,1000,0,1000,1.0,0.8987134306255511,budget_cv,0.244
db6bbe2e7a,main,music,electronics,svm,self_training,3,1000,target_only,0.8975196554098412,0.8976,0,1000,0,1000,1.0,0.8899508011649413,budget_cv,0.086
db6bbe2e7a,main,music,electronics,svm,self_training,3,2000,transfer,0.9155463685658941,0.9156,2000,2000,0,1000,1.0,0.9094381073904744,budget_cv,0.294
db6bbe2e7a,main,music,electronics,svm,self_training,3,2000,target_only,0.9054663521099591,0.9056,0,2000,0,1000,10.0,0.9024792293312061,budget_cv,0.15
db6bbe2e7a,main,music,clothing,logreg,random,3,0,source_only,0.804636231030749,0.8084,2000,0,0,0,10.0,0.8779661016949152,source_val_fallback,0.088
db6bbe2e7a,main,music,clothing,logreg,random,3,50,transfer,0.8240775365459619,0.8268,2000,50,0,0,10.0,0.7867003367003367,budget_cv,0.29
db6bbe2e7a,main,music,clothing,logreg,random,3,50,target_only,0.8023442136308552,0.8024,0,50,0,0,0.01,0.7316745861637504,budget_cv,0.097
db6bbe2e7a,main,music,clothing,logreg,random,3,100,transfer,0.8400931686020385,0.842,2000,100,0,0,10.0,0.7887449789517659,budget_cv,0.291
db6bbe2e7a,main,music,clothing,logreg,random,3,100,target_only,0.7936809124929816,0.7964,0,100,0,0,0.1,0.7307430436095755,budget_cv,0.108
db6bbe2e7a,main,music,clothing,logreg,random,3,250,transfer,0.8685259906023826,0.8692,2000,250,0,0,10.0,0.8474395859455882,budget_cv,0.295
db6bbe2e7a,main,music,clothing,logreg,random,3,250,target_only,0.8698565506844265,0.87,0,250,0,0,0.1,0.8514991483945732,budget_cv,0.113
db6bbe2e7a,main,music,clothing,logreg,random,3,500,transfer,0.8901950776617354,0.8904,2000,500,0,0,10.0,0.8873979516702337,budget_cv,0.308
db6bbe2e7a,main,music,clothing,logreg,random,3,500,target_only,0.8969969438953175,0.8972,0,500,0,0,10.0,0.8756858647074761,budget_cv,0.143
db6bbe2e7a,main,music,clothing,logreg,random,3,1000,transfer,0.9103412412358564,0.9104,2000,1000,0,0,10.0,0.9029883276024604,budget_cv,0.338
db6bbe2e7a,main,music,clothing,logreg,random,3,1000,target_only,0.9111615649394553,0.9112,0,1000,0,0,10.0,0.9069980690922641,budget_cv,0.157
db6bbe2e7a,main,music,clothing,logreg,random,3,2000,transfer,0.914312255749888,0.9144,2000,2000,0,0,1.0,0.9094766003940892,budget_cv,0.374
db6bbe2e7a,main,music,clothing,logreg,random,3,2000,target_only,0.9287503418382477,0.9288,0,2000,0,0,10.0,0.906460622814888,budget_cv,0.212
db6bbe2e7a,main,music,clothing,logreg,uncertainty,3,0,source_only,0.804636231030749,0.8084,2000,0,0,0,10.0,0.8779661016949152,source_val_fallback,0.085
db6bbe2e7a,main,music,clothing,logreg,uncertainty,3,50,transfer,0.8428484943435128,0.844,2000,50,0,0,10.0,0.8341462630936315,budget_cv,0.292
db6bbe2e7a,main,music,clothing,logreg,uncertainty,3,50,target_only,0.7188035180401149,0.7272,0,50,0,0,1.0,0.6493741765480895,budget_cv,0.096
db6bbe2e7a,main,music,clothing,logreg,uncertainty,3,100,transfer,0.8380573325383909,0.8392,2000,100,0,0,1.0,0.692962863694571,budget_cv,0.28
db6bbe2e7a,main,music,clothing,logreg,uncertainty,3,100,target_only,0.6256916796005129,0.6592,0,100,0,0,0.01,0.5743414855820871,budget_cv,0.103
db6bbe2e7a,main,music,clothing,logreg,uncertainty,3,250,transfer,0.8847855474990782,0.8848,2000,250,0,0,10.0,0.6789807501458555,budget_cv,0.3
db6bbe2e7a,main,music,clothing,logreg,uncertainty,3,250,target_only,0.6771553786593588,0.696,0,250,0,0,10.0,0.5511156057667685,budget_cv,0.122
db6bbe2e7a,main,music,clothing,logreg,uncertainty,3,500,transfer,0.9071866348754221,0.9072,2000,500,0,0,10.0,0.7113823021631385,budget_cv,0.321
db6bbe2e7a,main,music,clothing,logreg,uncertainty,3,500,target_only,0.7891902521572598,0.7892,0,500,0,0,1.0,0.7078372712189607,budget_cv,0.135
db6bbe2e7a,main,music,clothing,logreg,uncertainty,3,1000,transfer,0.9195581831259162,0.9196,2000,1000,0,0,10.0,0.8216238272601887,budget_cv,0.345
db6bbe2e7a,main,music,clothing,logreg,uncertainty,3,1000,target_only,0.9103517477246954,0.9104,0,1000,0,0,10.0,0.7619436528459099,budget_cv,0.162
db6bbe2e7a,main,music,clothing,logreg,uncertainty,3,2000,transfer,0.922358210082995,0.9224,2000,2000,0,0,10.0,0.9104794866572611,budget_cv,0.397
db6bbe2e7a,main,music,clothing,logreg,uncertainty,3,2000,target_only,0.9287503418382477,0.9288,0,2000,0,0,10.0,0.908478470346258,budget_cv,0.212
db6bbe2e7a,main,music,clothing,logreg,self_training,3,0,uda_self_training,0.7917177020408683,0.7988,2000,0,0,1000,10.0,0.8779661016949152,source_val_fallback,0.179
db6bbe2e7a,main,music,clothing,logreg,self_training,3,50,transfer,0.8296076104351078,0.8332,2000,50,0,1000,10.0,0.7867003367003367,budget_cv,0.376
db6bbe2e7a,main,music,clothing,logreg,self_training,3,50,target_only,0.8114802824385599,0.8116,0,50,0,1000,0.01,0.7316745861637504,budget_cv,0.114
db6bbe2e7a,main,music,clothing,logreg,self_training,3,100,transfer,0.8521048358720247,0.854,2000,100,0,1000,10.0,0.7887449789517659,budget_cv,0.371
db6bbe2e7a,main,music,clothing,logreg,self_training,3,100,target_only,0.6883247924894764,0.7092,0,100,0,1000,0.1,0.7307430436095755,budget_cv,0.131
db6bbe2e7a,main,music,clothing,logreg,self_training,3,250,transfer,0.8757773164073159,0.8764,2000,250,0,1000,10.0,0.8474395859455882,budget_cv,0.381
db6bbe2e7a,main,music,clothing,logreg,self_training,3,250,target_only,0.852097829950502,0.8524,0,250,0,1000,0.1,0.8514991483945732,budget_cv,0.132
db6bbe2e7a,main,music,clothing,logreg,self_training,3,500,transfer,0.8929735319936987,0.8932,2000,500,0,1000,10.0,0.8873979516702337,budget_cv,0.395
db6bbe2e7a,main,music,clothing,logreg,self_training,3,500,target_only,0.8921216046979477,0.8924,0,500,0,1000,10.0,0.8756858647074761,budget_cv,0.187
db6bbe2e7a,main,music,clothing,logreg,self_training,3,1000,transfer,0.9123252449968942,0.9124,2000,1000,0,1000,10.0,0.9029883276024604,budget_cv,0.439
db6bbe2e7a,main,music,clothing,logreg,self_training,3,1000,target_only,0.90993138933514,0.91,0,1000,0,1000,10.0,0.9069980690922641,budget_cv,0.209
db6bbe2e7a,main,music,clothing,logreg,self_training,3,2000,transfer,0.9102938453248035,0.9104,2000,2000,0,1000,1.0,0.9094766003940892,budget_cv,0.451
db6bbe2e7a,main,music,clothing,logreg,self_training,3,2000,target_only,0.9251361681023709,0.9252,0,2000,0,1000,10.0,0.906460622814888,budget_cv,0.282
db6bbe2e7a,main,music,clothing,svm,random,3,0,source_only,0.8165806255693896,0.8188,2000,0,0,0,10.0,0.8866648533043195,source_val_fallback,0.047
db6bbe2e7a,main,music,clothing,svm,random,3,50,transfer,0.832672754468365,0.8344,2000,50,0,0,10.0,0.8454325867369347,budget_cv,0.162
db6bbe2e7a,main,music,clothing,svm,random,3,50,target_only,0.6950334011036886,0.7144,0,50,0,0,0.01,0.7545678958722437,budget_cv,0.038
db6bbe2e7a,main,music,clothing,svm,random,3,100,transfer,0.8489031821553933,0.85,2000,100,0,0,10.0,0.8139638122848559,budget_cv,0.164
db6bbe2e7a,main,music,clothing,svm,random,3,100,target_only,0.8039982422755949,0.8056,0,100,0,0,0.01,0.7674029657240095,budget_cv,0.04
db6bbe2e7a,main,music,clothing,svm,random,3,250,transfer,0.8694983516637956,0.87,2000,250,0,0,10.0,0.8716273290825963,budget_cv,0.175
db6bbe2e7a,main,music,clothing,svm,random,3,250,target_only,0.8650191287177589,0.8656,0,250,0,0,10.0,0.8539797178737626,budget_cv,0.044
db6bbe2e7a,main,music,clothing,svm,random,3,500,transfer,0.8878276314515938,0.888,2000,500,0,0,1.0,0.8935345187875553,budget_cv,0.175
db6bbe2e7a,main,music,clothing,svm,random,3,500,target_only,0.8949967136376025,0.8952,0,500,0,0,1.0,0.8836763831728837,budget_cv,0.051
db6bbe2e7a,main,music,clothing,svm,random,3,1000,transfer,0.9067369541810264,0.9068,2000,1000,0,0,1.0,0.9049974204042438,budget_cv,0.21
db6bbe2e7a,main,music,clothing,svm,random,3,1000,target_only,0.9103612186776486,0.9104,0,1000,0,0,1.0,0.9070003456454473,budget_cv,0.074
db6bbe2e7a,main,music,clothing,svm,random,3,2000,transfer,0.9147013948124032,0.9148,2000,2000,0,0,0.1,0.9094719641063899,budget_cv,0.254
db6bbe2e7a,main,music,clothing,svm,random,3,2000,target_only,0.9295566745371073,0.9296,0,2000,0,0,1.0,0.9079548167924628,budget_cv,0.106
db6bbe2e7a,main,music,clothing,svm,uncertainty,3,0,source_only,0.8165806255693896,0.8188,2000,0,0,0,10.0,0.8866648533043195,source_val_fallback,0.047
db6bbe2e7a,main,music,clothing,svm,uncertainty,3,50,transfer,0.8465395100258983,0.8468,2000,50,0,0,10.0,0.8477078477078477,budget_cv,0.163
db6bbe2e7a,main,music,clothing,svm,uncertainty,3,50,target_only,0.5370493577460791,0.5992,0,50,0,0,0.1,0.4599952516619183,budget_cv,0.038
db6bbe2e7a,main,music,clothing,svm,uncertainty,3,100,transfer,0.867083543917839,0.8672,2000,100,0,0,10.0,0.6789707108609547,budget_cv,0.168
db6bbe2e7a,main,music,clothing,svm,uncertainty,3,100,target_only,0.7012219098097516,0.716,0,100,0,0,0.01,0.5929797979797979,budget_cv,0.039
db6bbe2e7a,main,music,clothing,svm,uncertainty,3,250,transfer,0.8875969606218153,0.8876,2000,250,0,0,10.0,0.6695019554491122,budget_cv,0.172
db6bbe2e7a,main,music,clothing,svm,uncertainty,3,250,target_only,0.781535986959031,0.7836,0,250,0,0,1.0,0.6544972242266541,budget_cv,0.043
db6bbe2e7a,main,music,clothing,svm,uncertainty,3,500,transfer,0.9091821997111433,0.9092,2000,500,0,0,10.0,0.6758385671662909,budget_cv,0.188
db6bbe2e7a,main,music,clothing,svm,uncertainty,3,500,target_only,0.801874182180652,0.802,0,500,0,0,0.1,0.6499206544672739,budget_cv,0.05
db6bbe2e7a,main,music,clothing,svm,uncertainty,3,1000,transfer,0.9215548155737705,0.9216,2000,1000,0,0,10.0,0.804504789845257,budget_cv,0.212
db6bbe2e7a,main,music,clothing,svm,uncertainty,3,1000,target_only,0.9199679871948779,0.92,0,1000,0,0,10.0,0.7481797656166997,budget_cv,0.069
db6bbe2e7a,main,music,clothing,svm,uncertainty,3,2000,transfer,0.9239469940970059,0.924,2000,2000,0,0,1.0,0.913492157646108,budget_cv,0.263
db6bbe2e7a,main,music,clothing,svm,uncertainty,3,2000,target_only,0.9295566745371073,0.9296,0,2000,0,0,1.0,0.9184933931044941,budget_cv,0.116
db6bbe2e7a,main,music,clothing,svm,self_training,3,0,uda_self_training,0.8223090284539231,0.8248,2000,0,0,1000,10.0,0.8866648533043195,source_val_fallback,0.096
db6bbe2e7a,main,music,clothing,svm,self_training,3,50,transfer,0.8410407920876659,0.8428,2000,50,0,1000,10.0,0.8454325867369347,budget_cv,0.223
db6bbe2e7a,main,music,clothing,svm,self_training,3,50,target_only,0.5573486627404106,0.6244,0,50,0,1000,0.01,0.7545678958722437,budget_cv,0.047
db6bbe2e7a,main,music,clothing,svm,self_training,3,100,transfer,0.8520647806310151,0.8532,2000,100,0,1000,10.0,0.8139638122848559,budget_cv,0.214
db6bbe2e7a,main,music,clothing,svm,self_training,3,100,target_only,0.7171602927008527,0.7308,0,100,0,1000,0.01,0.7674029657240095,budget_cv,0.046
db6bbe2e7a,main,music,clothing,svm,self_training,3,250,transfer,0.8735386487568488,0.874,2000,250,0,1000,10.0,0.8716273290825963,budget_cv,0.234
db6bbe2e7a,main,music,clothing,svm,self_training,3,250,target_only,0.8731470407016781,0.874,0,250,0,1000,10.0,0.8539797178737626,budget_cv,0.068
db6bbe2e7a,main,music,clothing,svm,self_training,3,500,transfer,0.8877827473989643,0.888,2000,500,0,1000,1.0,0.8935345187875553,budget_cv,0.204
db6bbe2e7a,main,music,clothing,svm,self_training,3,500,target_only,0.8957908480636978,0.896,0,500,0,1000,1.0,0.8836763831728837,budget_cv,0.065
db6bbe2e7a,main,music,clothing,svm,self_training,3,1000,transfer,0.9071229640713193,0.9072,2000,1000,0,1000,1.0,0.9049974204042438,budget_cv,0.226
db6bbe2e7a,main,music,clothing,svm,self_training,3,1000,target_only,0.9119492827868853,0.912,0,1000,0,1000,1.0,0.9070003456454473,budget_cv,0.093
db6bbe2e7a,main,music,clothing,svm,self_training,3,2000,transfer,0.9118700470966468,0.912,2000,2000,0,1000,0.1,0.9094719641063899,budget_cv,0.264
db6bbe2e7a,main,music,clothing,svm,self_training,3,2000,target_only,0.9307502620682279,0.9308,0,2000,0,1000,1.0,0.9079548167924628,budget_cv,0.139
db6bbe2e7a,main,electronics,books,logreg,random,3,0,source_only,0.8275336509922832,0.828,2000,0,0,0,10.0,0.9039890760904352,source_val_fallback,0.081
db6bbe2e7a,main,electronics,books,logreg,random,3,50,transfer,0.8475911968675311,0.8476,2000,50,0,0,10.0,0.7964912280701754,budget_cv,0.268
db6bbe2e7a,main,electronics,books,logreg,random,3,50,target_only,0.6172498801259199,0.624,0,50,0,0,0.01,0.5505555555555555,budget_cv,0.098
db6bbe2e7a,main,electronics,books,logreg,random,3,100,transfer,0.8479781088476741,0.848,2000,100,0,0,10.0,0.7936276658732503,budget_cv,0.271
db6bbe2e7a,main,electronics,books,logreg,random,3,100,target_only,0.73155872755622,0.7328,0,100,0,0,0.01,0.7789583185489883,budget_cv,0.101
db6bbe2e7a,main,electronics,books,logreg,random,3,250,transfer,0.859480187186803,0.8596,2000,250,0,0,10.0,0.8594467393091247,budget_cv,0.295
db6bbe2e7a,main,electronics,books,logreg,random,3,250,target_only,0.8255909586352956,0.8256,0,250,0,0,10.0,0.8114668199463521,budget_cv,0.121
db6bbe2e7a,main,electronics,books,logreg,random,3,500,transfer,0.877987798779878,0.878,2000,500,0,0,10.0,0.8697388689152309,budget_cv,0.318
db6bbe2e7a,main,electronics,books,logreg,random,3,500,target_only,0.8619998012797139,0.862,0,500,0,0,10.0,0.8292513234334563,budget_cv,0.142
db6bbe2e7a,main,electronics,books,logreg,random,3,1000,transfer,0.8923710521181777,0.8924,2000,1000,0,0,10.0,0.8678581099454078,budget_cv,0.338
db6bbe2e7a,main,electronics,books,logreg,random,3,1000,target_only,0.8773625739431539,0.8776,0,1000,0,0,1.0,0.8521337455693168,budget_cv,0.185
db6bbe2e7a,main,electronics,books,logreg,random,3,2000,transfer,0.9091731297787138,0.9092,2000,2000,0,0,10.0,0.8864646554956305,budget_cv,0.453
db6bbe2e7a,main,electronics,books,logreg,random,3,2000,target_only,0.8995582001405704,0.8996,0,2000,0,0,10.0,0.8869826264958535,budget_cv,0.265
db6bbe2e7a,main,electronics,books,logreg,uncertainty,3,0,source_only,0.8275336509922832,0.828,2000,0,0,0,10.0,0.9039890760904352,source_val_fallback,0.08
db6bbe2e7a,main,electronics,books,logreg,uncertainty,3,50,transfer,0.8443728835312265,0.8444,2000,50,0,0,10.0,0.6285473785473785,budget_cv,0.271
db6bbe2e7a,main,electronics,books,logreg,uncertainty,3,50,target_only,0.5353592896815014,0.5764,0,50,0,0,0.1,0.5059903381642512,budget_cv,0.097
db6bbe2e7a,main,electronics,books,logreg,uncertainty,3,100,transfer,0.8503904249871992,0.8504,2000,100,0,0,10.0,0.7041818255315708,budget_cv,0.279
db6bbe2e7a,main,electronics,books,logreg,uncertainty,3,100,target_only,0.6000005765757455,0.6004,0,100,0,0,10.0,0.676305098093716,budget_cv,0.104
db6bbe2e7a,main,electronics,books,logreg,uncertainty,3,250,transfer,0.8659706422094695,0.866,2000,250,0,0,10.0,0.642277535739482,budget_cv,0.292
db6bbe2e7a,main,electronics,books,logreg,uncertainty,3,250,target_only,0.6628547632775963,0.6632,0,250,0,0,0.1,0.6008951310410482,budget_cv,0.114
db6bbe2e7a,main,electronics,books,logreg,uncertainty,3,500,transfer,0.8859776516197175,0.886,2000,500,0,0,10.0,0.6946423689130473,budget_cv,0.326
db6bbe2e7a,main,electronics,books,logreg,uncertainty,3,500,target_only,0.7421961737735927,0.7432,0,500,0,0,1.0,0.6561817965009938,budget_cv,0.129
db6bbe2e7a,main,electronics,books,logreg,uncertainty,3,1000,transfer,0.9079764419691441,0.908,2000,1000,0,0,10.0,0.7739950211810372,budget_cv,0.372
db6bbe2e7a,main,electronics,books,logreg,uncertainty,3,1000,target_only,0.8597932567446654,0.86,0,1000,0,0,10.0,0.6895980446003986,budget_cv,0.175
db6bbe2e7a,main,electronics,books,logreg,uncertainty,3,2000,transfer,0.9091731297787138,0.9092,2000,2000,0,0,10.0,0.8884806974943255,budget_cv,0.448
db6bbe2e7a,main,electronics,books,logreg,uncertainty,3,2000,target_only,0.8995582001405704,0.8996,0,2000,0,0,10.0,0.8864625718240835,budget_cv,0.264
db6bbe2e7a,main,electronics,books,logreg,self_training,3,0,uda_self_training,0.8282209301425331,0.8296,2000,0,0,1000,10.0,0.9039890760904352,source_val_fallback,0.16
db6bbe2e7a,main,electronics,books,logreg,self_training,3,50,transfer,0.8595755324407726,0.8596,2000,50,0,1000,10.0,0.7964912280701754,budget_cv,0.35
db6bbe2e7a,main,electronics,books,logreg,self_training,3,50,target_only,0.42978045124195907,0.5192,0,50,0,1000,0.01,0.5505555555555555,budget_cv,0.122
db6bbe2e7a,main,electronics,books,logreg,self_training,3,100,transfer,0.865184275093847,0.8652,2000,100,0,1000,10.0,0.7936276658732503,budget_cv,0.353
db6bbe2e7a,main,electronics,books,logreg,self_training,3,100,target_only,0.7126395979929397,0.728,0,100,0,1000,0.01,0.7789583185489883,budget_cv,0.119
db6bbe2e7a,main,electronics,books,logreg,self_training,3,250,transfer,0.862944221023042,0.8632,2000,250,0,1000,10.0,0.8594467393091247,budget_cv,0.379
db6bbe2e7a,main,electronics,books,logreg,self_training,3,250,target_only,0.8107926441311085,0.8112,0,250,0,1000,10.0,0.8114668199463521,budget_cv,0.176
db6bbe2e7a,main,electronics,books,logreg,self_training,3,500,transfer,0.8823891609850764,0.8824,2000,500,0,1000,10.0,0.8697388689152309,budget_cv,0.423
db6bbe2e7a,main,electronics,books,logreg,self_training,3,500,target_only,0.8662630533666474,0.8664,0,500,0,1000,10.0,0.8292513234334563,budget_cv,0.199
db6bbe2e7a,main,electronics,books,logreg,self_training,3,1000,transfer,0.8911631521968078,0.8912,2000,1000,0,1000,10.0,0.8678581099454078,budget_cv,0.451
db6bbe2e7a,main,electronics,books,logreg,self_training,3,1000,target_only,0.8418848870348189,0.8432,0,1000,0,1000,1.0,0.8521337455693168,budget_cv,0.241
db6bbe2e7a,main,electronics,books,logreg,self_training,3,2000,transfer,0.9043742805064849,0.9044,2000,2000,0,1000,10.0,0.8864646554956305,budget_cv,0.594
db6bbe2e7a,main,electronics,books,logreg,self_training,3,2000,target_only,0.8963382839607388,0.8964,0,2000,0,1000,10.0,0.8869826264958535,budget_cv,0.371
db6bbe2e7a,main,electronics,books,svm,random,3,0,source_only,0.8151571164510167,0.8164,2000,0,0,0,0.1,0.9019842739212824,source_val_fallback,0.045
db6bbe2e7a,main,electronics,books,svm,random,3,50,transfer,0.8435242657446205,0.8436,2000,50,0,0,1.0,0.775187969924812,budget_cv,0.151
db6bbe2e7a,main,electronics,books,svm,random,3,50,target_only,0.5218240243253716,0.5796,0,50,0,0,0.01,0.5412156683895814,budget_cv,0.039
db6bbe2e7a,main,electronics,books,svm,random,3,100,transfer,0.8479236941927981,0.848,2000,100,0,0,1.0,0.8049785101509239,budget_cv,0.154
db6bbe2e7a,main,electronics,books,svm,random,3,100,target_only,0.6747515582817365,0.6916,0,100,0,0,0.01,0.743486580608641,budget_cv,0.04
db6bbe2e7a,main,electronics,books,svm,random,3,250,transfer,0.8615446178471389,0.8616,2000,250,0,0,1.0,0.8593640540914113,budget_cv,0.156
db6bbe2e7a,main,electronics,books,svm,random,3,250,target_only,0.8275699557890968,0.8276,0,250,0,0,10.0,0.8189663983841456,budget_cv,0.047
db6bbe2e7a,main,electronics,books,svm,random,3,500,transfer,0.8795915039765205,0.8796,2000,500,0,0,1.0,0.8638039530415051,budget_cv,0.17
db6bbe2e7a,main,electronics,books,svm,random,3,500,target_only,0.8575996354550668,0.8576,0,500,0,0,10.0,0.8232099420948112,budget_cv,0.057
db6bbe2e7a,main,electronics,books,svm,random,3,1000,transfer,0.9003647849295855,0.9004,2000,1000,0,0,1.0,0.8708592820972555,budget_cv,0.203
db6bbe2e7a,main,electronics,books,svm,random,3,1000,target_only,0.8838750681533221,0.884,0,1000,0,0,10.0,0.8545451319107723,budget_cv,0.083
db6bbe2e7a,main,electronics,books,svm,random,3,2000,transfer,0.9075726562946382,0.9076,2000,2000,0,0,1.0,0.8924759472521661,budget_cv,0.261
db6bbe2e7a,main,electronics,books,svm,random,3,2000,target_only,0.9011588662737885,0.9012,0,2000,0,0,1.0,0.8859903402724768,budget_cv,0.131
db6bbe2e7a,main,electronics,books,svm,uncertainty,3,0,source_only,0.8151571164510167,0.8164,2000,0,0,0,0.1,0.9019842739212824,source_val_fallback,0.045
db6bbe2e7a,main,electronics,books,svm,uncertainty,3,50,transfer,0.8487836444389825,0.8488,2000,50,0,0,1.0,0.6919055116423537,budget_cv,0.153
db6bbe2e7a,main,electronics,books,svm,uncertainty,3,50,target_only,0.6444566089478867,0.6608,0,50,0,0,0.01,0.4543859649122807,budget_cv,0.039
db6bbe2e7a,main,electronics,books,svm,uncertainty,3,100,transfer,0.8503577649755867,0.8504,2000,100,0,0,1.0,0.7443661601556338,budget_cv,0.157
db6bbe2e7a,main,electronics,books,svm,uncertainty,3,100,target_only,0.6459751871056167,0.6564,0,100,0,0,10.0,0.6240966049909139,budget_cv,0.043
db6bbe2e7a,main,electronics,books,svm,uncertainty,3,250,transfer,0.8815563369280451,0.8816,2000,250,0,0,1.0,0.6357348040170382,budget_cv,0.169
db6bbe2e7a,main,electronics,books,svm,uncertainty,3,250,target_only,0.680429398803944,0.6856,0,250,0,0,0.01,0.6255864983954872,budget_cv,0.051
db6bbe2e7a,main,electronics,books,svm,uncertainty,3,500,transfer,0.8939893989398939,0.894,2000,500,0,0,1.0,0.604289480276995,budget_cv,0.185
db6bbe2e7a,main,electronics,books,svm,uncertainty,3,500,target_only,0.7564446990753286,0.7584,0,500,0,0,1.0,0.5368279580936554,budget_cv,0.061
db6bbe2e7a,main,electronics,books,svm,uncertainty,3,1000,transfer,0.9075644899744686,0.9076,2000,1000,0,0,1.0,0.7739655642222011,budget_cv,0.211
db6bbe2e7a,main,electronics,books,svm,uncertainty,3,1000,target_only,0.8679187647570762,0.868,0,1000,0,0,10.0,0.6879540052254937,budget_cv,0.09
db6bbe2e7a,main,electronics,books,svm,uncertainty,3,2000,transfer,0.9075726562946382,0.9076,2000,2000,0,0,1.0,0.9005003409705763,budget_cv,0.263
db6bbe2e7a,main,electronics,books,svm,uncertainty,3,2000,target_only,0.9011588662737885,0.9012,0,2000,0,0,1.0,0.8934718294057603,budget_cv,0.132
db6bbe2e7a,main,electronics,books,svm,self_training,3,0,uda_self_training,0.7835672373730653,0.79,2000,0,0,1000,0.1,0.9019842739212824,source_val_fallback,0.067
db6bbe2e7a,main,electronics,books,svm,self_training,3,50,transfer,0.8586795044927107,0.8588,2000,50,0,1000,1.0,0.775187969924812,budget_cv,0.175
db6bbe2e7a,main,electronics,books,svm,self_training,3,50,target_only,0.357889616476346,0.5024,0,50,0,1000,0.01,0.5412156683895814,budget_cv,0.055
db6bbe2e7a,main,electronics,books,svm,self_training,3,100,transfer,0.8626892506419979,0.8628,2000,100,0,1000,1.0,0.8049785101509239,budget_cv,0.181
db6bbe2e7a,main,electronics,books,svm,self_training,3,100,target_only,0.4350226190238945,0.5464,0,100,0,1000,0.01,0.743486580608641,budget_cv,0.05
db6bbe2e7a,main,electronics,books,svm,self_training,3,250,transfer,0.8719160589083662,0.872,2000,250,0,1000,1.0,0.8593640540914113,budget_cv,0.19
db6bbe2e7a,main,electronics,books,svm,self_training,3,250,target_only,0.8442947432464346,0.8444,0,250,0,1000,10.0,0.8189663983841456,budget_cv,0.068
db6bbe2e7a,main,electronics,books,svm,self_training,3,500,transfer,0.8839925755248336,0.884,2000,500,0,1000,1.0,0.8638039530415051,budget_cv,0.205
db6bbe2e7a,main,electronics,books,svm,self_training,3,500,target_only,0.8715998151037339,0.8716,0,500,0,1000,10.0,0.8232099420948112,budget_cv,0.082
db6bbe2e7a,main,electronics,books,svm,self_training,3,1000,transfer,0.9023609443777512,0.9024,2000,1000,0,1000,1.0,0.8708592820972555,budget_cv,0.248
db6bbe2e7a,main,electronics,books,svm,self_training,3,1000,target_only,0.8854707010026039,0.8856,0,1000,0,1000,10.0,0.8545451319107723,budget_cv,0.201
db6bbe2e7a,main,electronics,books,svm,self_training,3,2000,transfer,0.907971493249749,0.908,2000,2000,0,1000,1.0,0.8924759472521661,budget_cv,0.329
db6bbe2e7a,main,electronics,books,svm,self_training,3,2000,target_only,0.899152948799792,0.8992,0,2000,0,1000,1.0,0.8859903402724768,budget_cv,0.172
db6bbe2e7a,main,electronics,music,logreg,random,3,0,source_only,0.8319272850205913,0.832,2000,0,0,0,10.0,0.8979716587941095,source_val_fallback,0.079
db6bbe2e7a,main,electronics,music,logreg,random,3,50,transfer,0.8362717734463636,0.8368,2000,50,0,0,10.0,0.8797852474323062,budget_cv,0.269
db6bbe2e7a,main,electronics,music,logreg,random,3,50,target_only,0.6607989195280393,0.6856,0,50,0,0,0.01,0.6786918632187176,budget_cv,0.094
db6bbe2e7a,main,electronics,music,logreg,random,3,100,transfer,0.8404359049920813,0.8412,2000,100,0,0,10.0,0.8314370205817574,budget_cv,0.286
db6bbe2e7a,main,electronics,music,logreg,random,3,100,target_only,0.7101040650340539,0.7256,0,100,0,0,0.1,0.7496896621896623,budget_cv,0.106
db6bbe2e7a,main,electronics,music,logreg,random,3,250,transfer,0.8580393973555868,0.8584,2000,250,0,0,10.0,0.8110597667914741,budget_cv,0.301
db6bbe2e7a,main,electronics,music,logreg,random,3,250,target_only,0.8011564453077802,0.8012,0,250,0,0,0.1,0.7797133414524383,budget_cv,0.114
db6bbe2e7a,main,electronics,music,logreg,random,3,500,transfer,0.8769911999424302,0.8772,2000,500,0,0,10.0,0.8398942465802931,budget_cv,0.302
db6bbe2e7a,main,electronics,music,logreg,random,3,500,target_only,0.8499873029253195,0.85,0,500,0,0,1.0,0.8197505290206945,budget_cv,0.131
db6bbe2e7a,main,electronics,music,logreg,random,3,1000,transfer,0.8870663588464045,0.8872,2000,1000,0,0,10.0,0.8698974799799647,budget_cv,0.326
db6bbe2e7a,main,electronics,music,logreg,random,3,1000,target_only,0.8783992995799657,0.8784,0,1000,0,0,10.0,0.8516945005699559,budget_cv,0.176
db6bbe2e7a,main,electronics,music,logreg,random,3,2000,transfer,0.896274384130157,0.8964,2000,2000,0,0,10.0,0.8829836945350665,budget_cv,0.403
db6bbe2e7a,main,electronics,music,logreg,random,3,2000,target_only,0.8935639650159959,0.8936,0,2000,0,0,10.0,0.877456319800209,budget_cv,0.235
db6bbe2e7a,main,electronics,music,logreg,uncertainty,3,0,source_only,0.8319272850205913,0.832,2000,0,0,0,10.0,0.8979716587941095,source_val_fallback,0.079
db6bbe2e7a,main,electronics,music,logreg,uncertainty,3,50,transfer,0.839510983547308,0.84,2000,50,0,0,10.0,0.6096170571873897,budget_cv,0.287
db6bbe2e7a,main,electronics,music,logreg,uncertainty,3,50,target_only,0.7049843799548663,0.7084,0,50,0,0,0.01,0.6182501708817498,budget_cv,0.103
db6bbe2e7a,main,electronics,music,logreg,uncertainty,3,100,transfer,0.843027338615644,0.8436,2000,100,0,0,10.0,0.5957190175076353,budget_cv,0.288
db6bbe2e7a,main,electronics,music,logreg,uncertainty,3,100,target_only,0.7097609992530272,0.7116,0,100,0,0,0.01,0.5688704700899823,budget_cv,0.106
db6bbe2e7a,main,electronics,music,logreg,uncertainty,3,250,transfer,0.8609547241333713,0.8612,2000,250,0,0,10.0,0.613151600518459,budget_cv,0.308
db6bbe2e7a,main,electronics,music,logreg,uncertainty,3,250,target_only,0.7375111317687717,0.7376,0,250,0,0,1.0,0.5775939878047146,budget_cv,0.114
db6bbe2e7a,main,electronics,music,logreg,uncertainty,3,500,transfer,0.8834171794841799,0.8836,2000,500,0,0,10.0,0.6441713757177225,budget_cv,0.312
db6bbe2e7a,main,electronics,music,logreg,uncertainty,3,500,target_only,0.7703751637777141,0.7704,0,500,0,0,0.01,0.6312264937327033,budget_cv,0.121
db6bbe2e7a,main,electronics,music,logreg,uncertainty,3,1000,transfer,0.8918720457040044,0.892,2000,1000,0,0,10.0,0.7499592512034033,budget_cv,0.339
db6bbe2e7a,main,electronics,music,logreg,uncertainty,3,1000,target_only,0.875499582943619,0.8756,0,1000,0,0,10.0,0.7088207754249766,budget_cv,0.156
db6bbe2e7a,main,electronics,music,logreg,uncertainty,3,2000,transfer,0.896274384130157,0.8964,2000,2000,0,0,10.0,0.8819422865476311,budget_cv,0.406
db6bbe2e7a,main,electronics,music,logreg,uncertainty,3,2000,target_only,0.8935639650159959,0.8936,0,2000,0,0,10.0,0.8774332558092368,budget_cv,0.227
db6bbe2e7a,main,electronics,music,logreg,self_training,3,0,uda_self_training,0.8475629029080517,0.8476,2000,0,0,1000,10.0,0.8979716587941095,source_val_fallback,0.167
db6bbe2e7a,main,electronics,music,logreg,self_training,3,50,transfer,0.8497534349417911,0.8504,2000,50,0,1000,10.0,0.8797852474323062,budget_cv,0.35
db6bbe2e7a,main,electronics,music,logreg,self_training,3,50,target_only,0.5875013370165232,0.6452,0,50,0,1000,0.01,0.6786918632187176,budget_cv,0.113
db6bbe2e7a,main,electronics,music,logreg,self_training,3,100,transfer,0.8483515206923344,0.8492,2000,100,0,1000,10.0,0.8314370205817574,budget_cv,0.382
db6bbe2e7a,main,electronics,music,logreg,self_training,3,100,target_only,0.7109051351593002,0.7284,0,100,0,1000,0.1,0.7496896621896623,budget_cv,0.147
db6bbe2e7a,main,electronics,music,logreg,self_training,3,250,transfer,0.8641124619695275,0.8644,2000,250,0,1000,10.0,0.8110597667914741,budget_cv,0.381
db6bbe2e7a,main,electronics,music,logreg,self_training,3,250,target_only,0.518594439770395,0.5828,0,250,0,1000,0.1,0.7797133414524383,budget_cv,0.142
db6bbe2e7a,main,electronics,music,logreg,self_training,3,500,transfer,0.8782559329408048,0.8784,2000,500,0,1000,10.0,0.8398942465802931,budget_cv,0.393
db6bbe2e7a,main,electronics,music,logreg,self_training,3,500,target_only,0.8052086163073029,0.8076,0,500,0,1000,1.0,0.8197505290206945,budget_cv,0.168
db6bbe2e7a,main,electronics,music,logreg,self_training,3,1000,transfer,0.8867033987859408,0.8868,2000,1000,0,1000,10.0,0.8698974799799647,budget_cv,0.441
db6bbe2e7a,main,electronics,music,logreg,self_training,3,1000,target_only,0.8767921146953406,0.8768,0,1000,0,1000,10.0,0.8516945005699559,budget_cv,0.238
db6bbe2e7a,main,electronics,music,logreg,self_training,3,2000,transfer,0.8982851680232915,0.8984,2000,2000,0,1000,10.0,0.8829836945350665,budget_cv,0.544
db6bbe2e7a,main,electronics,music,logreg,self_training,3,2000,target_only,0.8919750419136837,0.892,0,2000,0,1000,10.0,0.877456319800209,budget_cv,0.316
db6bbe2e7a,main,electronics,music,svm,random,3,0,source_only,0.8353721814395634,0.8356,2000,0,0,0,1.0,0.9013157894736843,source_val_fallback,0.045
db6bbe2e7a,main,electronics,music,svm,random,3,50,transfer,0.8427574567148679,0.8436,2000,50,0,0,1.0,0.8797852474323062,budget_cv,0.152
db6bbe2e7a,main,electronics,music,svm,random,3,50,target_only,0.620042171767926,0.6576,0,50,0,0,0.01,0.6579365079365079,budget_cv,0.039
db6bbe2e7a,main,electronics,music,svm,random,3,100,transfer,0.8418177769770725,0.8428,2000,100,0,0,10.0,0.8704172583482928,budget_cv,0.154
db6bbe2e7a,main,electronics,music,svm,random,3,100,target_only,0.7134791041699098,0.7276,0,100,0,0,0.01,0.7496896621896623,budget_cv,0.04
db6bbe2e7a,main,electronics,music,svm,random,3,250,transfer,0.8418499725579673,0.842,2000,250,0,0,0.1,0.8075798463289604,budget_cv,0.154
db6bbe2e7a,main,electronics,music,svm,random,3,250,target_only,0.8019175660142726,0.802,0,250,0,0,0.01,0.7797854302443277,budget_cv,0.044
db6bbe2e7a,main,electronics,music,svm,random,3,500,transfer,0.8769304481447445,0.8772,2000,500,0,0,1.0,0.8339301018121713,budget_cv,0.172
db6bbe2e7a,main,electronics,music,svm,random,3,500,target_only,0.8475629029080517,0.8476,0,500,0,0,0.1,0.8196938093965606,budget_cv,0.052
db6bbe2e7a,main,electronics,music,svm,random,3,1000,transfer,0.8723509623456948,0.8724,2000,1000,0,0,0.1,0.8737737817178425,budget_cv,0.179
db6bbe2e7a,main,electronics,music,svm,random,3,1000,target_only,0.8795837967956968,0.8796,0,1000,0,0,10.0,0.8567361648947762,budget_cv,0.067
db6bbe2e7a,main,electronics,music,svm,random,3,2000,transfer,0.899875942287532,0.9,2000,2000,0,0,1.0,0.8889922590077748,budget_cv,0.225
db6bbe2e7a,main,electronics,music,svm,random,3,2000,target_only,0.8931482837693443,0.8932,0,2000,0,0,1.0,0.8779444929120085,budget_cv,0.104
db6bbe2e7a,main,electronics,music,svm,uncertainty,3,0,source_only,0.8353721814395634,0.8356,2000,0,0,0,1.0,0.9013157894736843,source_val_fallback,0.048
db6bbe2e7a,main,electronics,music,svm,uncertainty,3,50,transfer,0.8417903785800034,0.842,2000,50,0,0,1.0,0.7146358543417367,budget_cv,0.148
db6bbe2e7a,main,electronics,music,svm,uncertainty,3,50,target_only,0.6782910822287994,0.6784,0,50,0,0,0.01,0.47985347985347987,budget_cv,0.038
db6bbe2e7a,main,electronics,music,svm,uncertainty,3,100,transfer,0.8306855434273569,0.8308,2000,100,0,0,0.1,0.6180624930624931,budget_cv,0.143
db6bbe2e7a,main,electronics,music,svm,uncertainty,3,100,target_only,0.6631462061478925,0.6748,0,100,0,0,0.01,0.5168949716725247,budget_cv,0.04
db6bbe2e7a,main,electronics,music,svm,uncertainty,3,250,transfer,0.8734431910514404,0.8736,2000,250,0,0,1.0,0.5748031029737483,budget_cv,0.159
db6bbe2e7a,main,electronics,music,svm,uncertainty,3,250,target_only,0.7647849462365592,0.7648,0,250,0,0,10.0,0.6160011050833836,budget_cv,0.045
db6bbe2e7a,main,electronics,music,svm,uncertainty,3,500,transfer,0.8834836514349769,0.8836,2000,500,0,0,1.0,0.6058317554847249,budget_cv,0.167
db6bbe2e7a,main,electronics,music,svm,uncertainty,3,500,target_only,0.7906670652130929,0.7908,0,500,0,0,0.01,0.5556489010204081,budget_cv,0.052
db6bbe2e7a,main,electronics,music,svm,uncertainty,3,1000,transfer,0.8942806470793268,0.8944,2000,1000,0,0,1.0,0.757929807458226,budget_cv,0.191
db6bbe2e7a,main,electronics,music,svm,uncertainty,3,1000,target_only,0.8751280737704918,0.8752,0,1000,0,0,10.0,0.709351351763342,budget_cv,0.073
db6bbe2e7a,main,electronics,music,svm,uncertainty,3,2000,transfer,0.899875942287532,0.9,2000,2000,0,0,1.0,0.8844933661181638,budget_cv,0.225
db6bbe2e7a,main,electronics,music,svm,uncertainty,3,2000,target_only,0.8931482837693443,0.8932,0,2000,0,0,1.0,0.8759103562578597,budget_cv,0.105
db6bbe2e7a,main,electronics,music,svm,self_training,3,0,uda_self_training,0.8474152137204239,0.8476,2000,0,0,1000,1.0,0.9013157894736843,source_val_fallback,0.073
db6bbe2e7a,main,electronics,music,svm,self_training,3,50,transfer,0.8491919341894513,0.85,2000,50,0,1000,1.0,0.8797852474323062,budget_cv,0.18
db6bbe2e7a,main,electronics,music,svm,self_training,3,50,target_only,0.4216854283797823,0.5536,0,50,0,1000,0.01,0.6579365079365079,budget_cv,0.046
db6bbe2e7a,main,electronics,music,svm,self_training,3,100,transfer,0.8449574941909399,0.846,2000,100,0,1000,10.0,0.8704172583482928,budget_cv,0.202
db6bbe2e7a,main,electronics,music,svm,self_training,3,100,target_only,0.7530295047418335,0.76,0,100,0,1000,0.01,0.7496896621896623,budget_cv,0.047
db6bbe2e7a,main,electronics,music,svm,self_training,3,250,transfer,0.8535504180295281,0.8536,2000,250,0,1000,0.1,0.8075798463289604,budget_cv,0.174
db6bbe2e7a,main,electronics,music,svm,self_training,3,250,target_only,0.49580878742904505,0.57,0,250,0,1000,0.01,0.7837125487182574,budget_cv,0.057
db6bbe2e7a,main,electronics,music,svm,self_training,3,500,transfer,0.8817914801710216,0.882,2000,500,0,1000,1.0,0.8339301018121713,budget_cv,0.213
db6bbe2e7a,main,electronics,music,svm,self_training,3,500,target_only,0.8054176903858179,0.808,0,500,0,1000,0.1,0.8196938093965606,budget_cv,0.086
db6bbe2e7a,main,electronics,music,svm,self_training,3,1000,transfer,0.8687835402072837,0.8688,2000,1000,0,1000,0.1,0.8737737817178425,budget_cv,0.219
db6bbe2e7a,main,electronics,music,svm,self_training,3,1000,target_only,0.8819916733324704,0.882,0,1000,0,1000,10.0,0.8567361648947762,budget_cv,0.11
db6bbe2e7a,main,electronics,music,svm,self_training,3,2000,transfer,0.8990805759904039,0.8992,2000,2000,0,1000,1.0,0.8889922590077748,budget_cv,0.269
db6bbe2e7a,main,electronics,music,svm,self_training,3,2000,target_only,0.893560762239392,0.8936,0,2000,0,1000,1.0,0.8779444929120085,budget_cv,0.132
db6bbe2e7a,main,electronics,clothing,logreg,random,3,0,source_only,0.8923834528797148,0.8924,2000,0,0,0,10.0,0.9066560461990343,source_val_fallback,0.083
db6bbe2e7a,main,electronics,clothing,logreg,random,3,50,transfer,0.8674085379287692,0.8676,2000,50,0,0,0.01,0.9403508771929824,budget_cv,0.254
db6bbe2e7a,main,electronics,clothing,logreg,random,3,50,target_only,0.8047448911980917,0.8048,0,50,0,0,0.01,0.7316745861637504,budget_cv,0.096
db6bbe2e7a,main,electronics,clothing,logreg,random,3,100,transfer,0.8943431312469623,0.8944,2000,100,0,0,10.0,0.8961770174863884,budget_cv,0.286
db6bbe2e7a,main,electronics,clothing,logreg,random,3,100,target_only,0.7934454100972974,0.7964,0,100,0,0,0.1,0.7307430436095755,budget_cv,0.115
db6bbe2e7a,main,electronics,clothing,logreg,random,3,250,transfer,0.8971695786481473,0.8972,2000,250,0,0,1.0,0.9078456608617884,budget_cv,0.293
db6bbe2e7a,main,electronics,clothing,logreg,random,3,250,target_only,0.8710612825702404,0.8712,0,250,0,0,0.1,0.8431549097871768,budget_cv,0.113
db6bbe2e7a,main,electronics,clothing,logreg,random,3,500,transfer,0.901170762358336,0.9012,2000,500,0,0,1.0,0.9259048009902374,budget_cv,0.29
db6bbe2e7a,main,electronics,clothing,logreg,random,3,500,target_only,0.8990115312801362,0.8992,0,500,0,0,10.0,0.8776765683423227,budget_cv,0.14
db6bbe2e7a,main,electronics,clothing,logreg,random,3,1000,transfer,0.9167846084811847,0.9168,2000,1000,0,0,10.0,0.9260054460354764,budget_cv,0.322
db6bbe2e7a,main,electronics,clothing,logreg,random,3,1000,target_only,0.9103581767109262,0.9104,0,1000,0,0,10.0,0.9069942748177476,budget_cv,0.16
db6bbe2e7a,main,electronics,clothing,logreg,random,3,2000,transfer,0.9315737133577235,0.9316,2000,2000,0,0,10.0,0.9234606903239538,budget_cv,0.388
db6bbe2e7a,main,electronics,clothing,logreg,random,3,2000,target_only,0.9303571668719129,0.9304,0,2000,0,0,10.0,0.9074529013861553,budget_cv,0.211
db6bbe2e7a,main,electronics,clothing,logreg,uncertainty,3,0,source_only,0.8923834528797148,0.8924,2000,0,0,0,10.0,0.9066560461990343,source_val_fallback,0.083
db6bbe2e7a,main,electronics,clothing,logreg,uncertainty,3,50,transfer,0.8963747817668908,0.8964,2000,50,0,0,10.0,0.7735046515232273,budget_cv,0.279
db6bbe2e7a,main,electronics,clothing,logreg,uncertainty,3,50,target_only,0.6824219956750077,0.6916,0,50,0,0,0.01,0.5099972152603732,budget_cv,0.098
db6bbe2e7a,main,electronics,clothing,logreg,uncertainty,3,100,transfer,0.8923979168236698,0.8924,2000,100,0,0,1.0,0.7470949596304323,budget_cv,0.267
db6bbe2e7a,main,electronics,clothing,logreg,uncertainty,3,100,target_only,0.6861903114080092,0.6908,0,100,0,0,0.1,0.6994039290891246,budget_cv,0.104
db6bbe2e7a,main,electronics,clothing,logreg,uncertainty,3,250,transfer,0.9075966734802453,0.9076,2000,250,0,0,10.0,0.6992229509790643,budget_cv,0.293
db6bbe2e7a,main,electronics,clothing,logreg,uncertainty,3,250,target_only,0.7388463352610639,0.7392,0,250,0,0,1.0,0.6221907540702948,budget_cv,0.115
db6bbe2e7a,main,electronics,clothing,logreg,uncertainty,3,500,transfer,0.9211893952450241,0.9212,2000,500,0,0,10.0,0.7278197222118997,budget_cv,0.313
db6bbe2e7a,main,electronics,clothing,logreg,uncertainty,3,500,target_only,0.7788244871991348,0.7804,0,500,0,0,0.01,0.6106834028153734,budget_cv,0.122
db6bbe2e7a,main,electronics,clothing,logreg,uncertainty,3,1000,transfer,0.9227896105699983,0.9228,2000,1000,0,0,1.0,0.8514284979135534,budget_cv,0.334
db6bbe2e7a,main,electronics,clothing,logreg,uncertainty,3,1000,target_only,0.9115602516394968,0.9116,0,1000,0,0,10.0,0.7695784696913041,budget_cv,0.156
db6bbe2e7a,main,electronics,clothing,logreg,uncertainty,3,2000,transfer,0.9315737133577235,0.9316,2000,2000,0,0,10.0,0.9239534341893787,budget_cv,0.387
db6bbe2e7a,main,electronics,clothing,logreg,uncertainty,3,2000,target_only,0.9303571668719129,0.9304,0,2000,0,0,10.0,0.9079674979620086,budget_cv,0.217
db6bbe2e7a,main,electronics,clothing,logreg,self_training,3,0,uda_self_training,0.8947979632885692,0.8948,2000,0,0,1000,10.0,0.9066560461990343,source_val_fallback,0.158
db6bbe2e7a,main,electronics,clothing,logreg,self_training,3,50,transfer,0.8562094833170157,0.8564,2000,50,0,1000,0.01,0.9403508771929824,budget_cv,0.277
db6bbe2e7a,main,electronics,clothing,logreg,self_training,3,50,target_only,0.8062480985092313,0.8064,0,50,0,1000,0.01,0.7316745861637504,budget_cv,0.115
db6bbe2e7a,main,electronics,clothing,logreg,self_training,3,100,transfer,0.9023640074677128,0.9024,2000,100,0,1000,10.0,0.8961770174863884,budget_cv,0.364
db6bbe2e7a,main,electronics,clothing,logreg,self_training,3,100,target_only,0.6938750520412411,0.714,0,100,0,1000,0.1,0.7307430436095755,budget_cv,0.131
db6bbe2e7a,main,electronics,clothing,logreg,self_training,3,250,transfer,0.8999768906608183,0.9,2000,250,0,1000,1.0,0.9078456608617884,budget_cv,0.335
db6bbe2e7a,main,electronics,clothing,logreg,self_training,3,250,target_only,0.8520648143738156,0.8524,0,250,0,1000,0.1,0.8431549097871768,budget_cv,0.133
db6bbe2e7a,main,electronics,clothing,logreg,self_training,3,500,transfer,0.9019682377090177,0.902,2000,500,0,1000,1.0,0.9259048009902374,budget_cv,0.347
db6bbe2e7a,main,electronics,clothing,logreg,self_training,3,500,target_only,0.8936991430626616,0.894,0,500,0,1000,10.0,0.8776765683423227,budget_cv,0.184
db6bbe2e7a,main,electronics,clothing,logreg,self_training,3,1000,transfer,0.9187781545724538,0.9188,2000,1000,0,1000,10.0,0.9260054460354764,budget_cv,0.416
db6bbe2e7a,main,electronics,clothing,logreg,self_training,3,1000,target_only,0.9099231969146173,0.91,0,1000,0,1000,10.0,0.9069942748177476,budget_cv,0.212
db6bbe2e7a,main,electronics,clothing,logreg,self_training,3,2000,transfer,0.9311678856887469,0.9312,2000,2000,0,1000,10.0,0.9234606903239538,budget_cv,0.516
db6bbe2e7a,main,electronics,clothing,logreg,self_training,3,2000,target_only,0.92674738704327,0.9268,0,2000,0,1000,10.0,0.9074529013861553,budget_cv,0.284
db6bbe2e7a,main,electronics,clothing,svm,random,3,0,source_only,0.8911955433694564,0.8912,2000,0,0,0,1.0,0.9053250860963888,source_val_fallback,0.046
db6bbe2e7a,main,electronics,clothing,svm,random,3,50,transfer,0.8689861644581821,0.8692,2000,50,0,0,0.01,0.919047619047619,budget_cv,0.14
db6bbe2e7a,main,electronics,clothing,svm,random,3,50,target_only,0.692204778213023,0.712,0,50,0,0,0.01,0.7545678958722437,budget_cv,0.038
db6bbe2e7a,main,electronics,clothing,svm,random,3,100,transfer,0.8959477907634934,0.896,2000,100,0,0,1.0,0.8967752930396609,budget_cv,0.141
db6bbe2e7a,main,electronics,clothing,svm,random,3,100,target_only,0.8058253681365323,0.8076,0,100,0,0,0.01,0.7552233296419343,budget_cv,0.039
db6bbe2e7a,main,electronics,clothing,svm,random,3,250,transfer,0.9027626452978176,0.9028,2000,250,0,0,1.0,0.9039409061034132,budget_cv,0.15
db6bbe2e7a,main,electronics,clothing,svm,random,3,250,target_only,0.8670207423536926,0.8676,0,250,0,0,10.0,0.8498370963627201,budget_cv,0.042
db6bbe2e7a,main,electronics,clothing,svm,random,3,500,transfer,0.9079538149061673,0.908,2000,500,0,0,10.0,0.929922776353688,budget_cv,0.155
db6bbe2e7a,main,electronics,clothing,svm,random,3,500,target_only,0.8970042091213714,0.8972,0,500,0,0,1.0,0.8836073803779625,budget_cv,0.049
db6bbe2e7a,main,electronics,clothing,svm,random,3,1000,transfer,0.919578369798341,0.9196,2000,1000,0,0,1.0,0.9289911919596738,budget_cv,0.219
db6bbe2e7a,main,electronics,clothing,svm,random,3,1000,target_only,0.9119619112012621,0.912,0,1000,0,0,1.0,0.9060003016272988,budget_cv,0.072
db6bbe2e7a,main,electronics,clothing,svm,random,3,2000,transfer,0.9327791776780776,0.9328,2000,2000,0,0,1.0,0.920955224045609,budget_cv,0.253
db6bbe2e7a,main,electronics,clothing,svm,random,3,2000,target_only,0.9299635922738076,0.93,0,2000,0,0,1.0,0.9079610410317609,budget_cv,0.115
db6bbe2e7a,main,electronics,clothing,svm,uncertainty,3,0,source_only,0.8911955433694564,0.8912,2000,0,0,0,1.0,0.9053250860963888,source_val_fallback,0.045
db6bbe2e7a,main,electronics,clothing,svm,uncertainty,3,50,transfer,0.8737773432334639,0.874,2000,50,0,0,0.01,0.765958602800708,budget_cv,0.138
db6bbe2e7a,main,electronics,clothing,svm,uncertainty,3,50,target_only,0.661217610395638,0.6828,0,50,0,0,0.01,0.6451243201243201,budget_cv,0.04
db6bbe2e7a,main,electronics,clothing,svm,uncertainty,3,100,transfer,0.8895320577968273,0.8896,2000,100,0,0,0.1,0.6644836687281509,budget_cv,0.14
db6bbe2e7a,main,electronics,clothing,svm,uncertainty,3,100,target_only,0.7161179276011068,0.7188,0,100,0,0,0.01,0.5636235628171112,budget_cv,0.04
db6bbe2e7a,main,electronics,clothing,svm,uncertainty,3,250,transfer,0.9123635292063146,0.9124,2000,250,0,0,10.0,0.6277763470387991,budget_cv,0.157
db6bbe2e7a,main,electronics,clothing,svm,uncertainty,3,250,target_only,0.7554943565192467,0.7576,0,250,0,0,0.01,0.5288611833172208,budget_cv,0.043
db6bbe2e7a,main,electronics,clothing,svm,uncertainty,3,500,transfer,0.9051744957323722,0.9052,2000,500,0,0,0.1,0.6931464755517691,budget_cv,0.159
db6bbe2e7a,main,electronics,clothing,svm,uncertainty,3,500,target_only,0.8291172927697006,0.8292,0,500,0,0,0.01,0.5623975677001493,budget_cv,0.051
db6bbe2e7a,main,electronics,clothing,svm,uncertainty,3,1000,transfer,0.9335812539731214,0.9336,2000,1000,0,0,1.0,0.8295008767446225,budget_cv,0.231
db6bbe2e7a,main,electronics,clothing,svm,uncertainty,3,1000,target_only,0.9107628630730965,0.9108,0,1000,0,0,10.0,0.7623934556152928,budget_cv,0.09
db6bbe2e7a,main,electronics,clothing,svm,uncertainty,3,2000,transfer,0.9251836122184203,0.9252,2000,2000,0,0,0.1,0.9254961681028507,budget_cv,0.279
db6bbe2e7a,main,electronics,clothing,svm,uncertainty,3,2000,target_only,0.9299635922738076,0.93,0,2000,0,0,1.0,0.9174936012293685,budget_cv,0.123
db6bbe2e7a,main,electronics,clothing,svm,self_training,3,0,uda_self_training,0.895595172320768,0.8956,2000,0,0,1000,1.0,0.9053250860963888,source_val_fallback,0.075
db6bbe2e7a,main,electronics,clothing,svm,self_training,3,50,transfer,0.8682176342910373,0.8684,2000,50,0,1000,0.01,0.919047619047619,budget_cv,0.155
db6bbe2e7a,main,electronics,clothing,svm,self_training,3,50,target_only,0.558615070699785,0.6252,0,50,0,1000,0.01,0.7545678958722437,budget_cv,0.047
db6bbe2e7a,main,electronics,clothing,svm,self_training,3,100,transfer,0.9007389504841057,0.9008,2000,100,0,1000,1.0,0.8967752930396609,budget_cv,0.179
db6bbe2e7a,main,electronics,clothing,svm,self_training,3,100,target_only,0.715422868146827,0.7296,0,100,0,1000,0.01,0.7552233296419343,budget_cv,0.046
db6bbe2e7a,main,electronics,clothing,svm,self_training,3,250,transfer,0.9067580933574786,0.9068,2000,250,0,1000,1.0,0.9039409061034132,budget_cv,0.18
db6bbe2e7a,main,electronics,clothing,svm,self_training,3,250,target_only,0.8728021335751488,0.8736,0,250,0,1000,10.0,0.8498370963627201,budget_cv,0.071
db6bbe2e7a,main,electronics,clothing,svm,self_training,3,500,transfer,0.907551941801426,0.9076,2000,500,0,1000,10.0,0.929922776353688,budget_cv,0.202
db6bbe2e7a,main,electronics,clothing,svm,self_training,3,500,target_only,0.8973713598102396,0.8976,0,500,0,1000,1.0,0.8836073803779625,budget_cv,0.066
db6bbe2e7a,main,electronics,clothing,svm,self_training,3,1000,transfer,0.9203694091122046,0.9204,2000,1000,0,1000,1.0,0.9289911919596738,budget_cv,0.254
db6bbe2e7a,main,electronics,clothing,svm,self_training,3,1000,target_only,0.9115438267917658,0.9116,0,1000,0,1000,1.0,0.9060003016272988,budget_cv,0.094
db6bbe2e7a,main,electronics,clothing,svm,self_training,3,2000,transfer,0.9327772410627342,0.9328,2000,2000,0,1000,1.0,0.920955224045609,budget_cv,0.302
db6bbe2e7a,main,electronics,clothing,svm,self_training,3,2000,target_only,0.9299496870632363,0.93,0,2000,0,1000,1.0,0.9079610410317609,budget_cv,0.147
db6bbe2e7a,main,clothing,books,logreg,random,3,0,source_only,0.7947835199615423,0.7996,2000,0,0,0,10.0,0.898332474213013,source_val_fallback,0.077
db6bbe2e7a,main,clothing,books,logreg,random,3,50,transfer,0.8385050290016043,0.8392,2000,50,0,0,10.0,0.656140350877193,budget_cv,0.259
db6bbe2e7a,main,clothing,books,logreg,random,3,50,target_only,0.6234100615760994,0.628,0,50,0,0,0.01,0.5505555555555555,budget_cv,0.096
db6bbe2e7a,main,clothing,books,logreg,random,3,100,transfer,0.844786735370127,0.8452,2000,100,0,0,10.0,0.807932927075929,budget_cv,0.267
db6bbe2e7a,main,clothing,books,logreg,random,3,100,target_only,0.7285156262550128,0.7296,0,100,0,0,0.01,0.7917578434819813,budget_cv,0.102
db6bbe2e7a,main,clothing,books,logreg,random,3,250,transfer,0.8566052905176814,0.8572,2000,250,0,0,10.0,0.831170116089349,budget_cv,0.274
db6bbe2e7a,main,clothing,books,logreg,random,3,250,target_only,0.8279960370286932,0.828,0,250,0,0,10.0,0.8037388997184318,budget_cv,0.121
db6bbe2e7a,main,clothing,books,logreg,random,3,500,transfer,0.8786247341160636,0.8788,2000,500,0,0,10.0,0.8353760864303034,budget_cv,0.296
db6bbe2e7a,main,clothing,books,logreg,random,3,500,target_only,0.8627994511978048,0.8628,0,500,0,0,10.0,0.8292202209538821,budget_cv,0.14
db6bbe2e7a,main,clothing,books,logreg,random,3,1000,transfer,0.8894502891595915,0.8896,2000,1000,0,0,10.0,0.8644254781950144,budget_cv,0.334
db6bbe2e7a,main,clothing,books,logreg,random,3,1000,target_only,0.8765432890535263,0.8768,0,1000,0,0,1.0,0.8521827840271382,budget_cv,0.186
db6bbe2e7a,main,clothing,books,logreg,random,3,2000,transfer,0.9035687562770338,0.9036,2000,2000,0,0,10.0,0.8949077925035903,budget_cv,0.434
db6bbe2e7a,main,clothing,books,logreg,random,3,2000,target_only,0.9003617229594921,0.9004,0,2000,0,0,10.0,0.8869784306024938,budget_cv,0.266
db6bbe2e7a,main,clothing,books,logreg,uncertainty,3,0,source_only,0.7947835199615423,0.7996,2000,0,0,0,10.0,0.898332474213013,source_val_fallback,0.075
db6bbe2e7a,main,clothing,books,logreg,uncertainty,3,50,transfer,0.8341170096740382,0.8352,2000,50,0,0,10.0,0.7098812298812298,budget_cv,0.257
db6bbe2e7a,main,clothing,books,logreg,uncertainty,3,50,target_only,0.6447963627147542,0.6448,0,50,0,0,0.01,0.711000481000481,budget_cv,0.102
db6bbe2e7a,main,clothing,books,logreg,uncertainty,3,100,transfer,0.853964460791178,0.854,2000,100,0,0,10.0,0.6534742074836415,budget_cv,0.269
db6bbe2e7a,main,clothing,books,logreg,uncertainty,3,100,target_only,0.6514515388516713,0.6588,0,100,0,0,0.01,0.5991985068072024,budget_cv,0.11
db6bbe2e7a,main,clothing,books,logreg,uncertainty,3,250,transfer,0.860372633036075,0.8604,2000,250,0,0,1.0,0.5749909423820757,budget_cv,0.263
db6bbe2e7a,main,clothing,books,logreg,uncertainty,3,250,target_only,0.719562264298284,0.7196,0,250,0,0,0.01,0.6343630434238577,budget_cv,0.117
db6bbe2e7a,main,clothing,books,logreg,uncertainty,3,500,transfer,0.8875969606218153,0.8876,2000,500,0,0,10.0,0.6537893195175072,budget_cv,0.308
db6bbe2e7a,main,clothing,books,logreg,uncertainty,3,500,target_only,0.7160731666929188,0.7188,0,500,0,0,0.1,0.6383076373633011,budget_cv,0.135
db6bbe2e7a,main,clothing,books,logreg,uncertainty,3,1000,transfer,0.8999717680318093,0.9,2000,1000,0,0,10.0,0.790595193009204,budget_cv,0.364
db6bbe2e7a,main,clothing,books,logreg,uncertainty,3,1000,target_only,0.858399184379302,0.8584,0,1000,0,0,10.0,0.7122103071872182,budget_cv,0.19
db6bbe2e7a,main,clothing,books,logreg,uncertainty,3,2000,transfer,0.9035687562770338,0.9036,2000,2000,0,0,10.0,0.8899293680865373,budget_cv,0.419
db6bbe2e7a,main,clothing,books,logreg,uncertainty,3,2000,target_only,0.9003617229594921,0.9004,0,2000,0,0,10.0,0.8819700755651384,budget_cv,0.268
db6bbe2e7a,main,clothing,books,logreg,self_training,3,0,uda_self_training,0.7160137896507714,0.7348,2000,0,0,1000,10.0,0.898332474213013,source_val_fallback,0.153
db6bbe2e7a,main,clothing,books,logreg,self_training,3,50,transfer,0.8280542751546862,0.8304,2000,50,0,1000,10.0,0.656140350877193,budget_cv,0.348
db6bbe2e7a,main,clothing,books,logreg,self_training,3,50,target_only,0.4471718967555707,0.5292,0,50,0,1000,0.01,0.5505555555555555,budget_cv,0.122
db6bbe2e7a,main,clothing,books,logreg,self_training,3,100,transfer,0.8483827928018601,0.8496,2000,100,0,1000,10.0,0.807932927075929,budget_cv,0.354
db6bbe2e7a,main,clothing,books,logreg,self_training,3,100,target_only,0.7474353280993418,0.7564,0,100,0,1000,0.01,0.7917578434819813,budget_cv,0.122
db6bbe2e7a,main,clothing,books,logreg,self_training,3,250,transfer,0.856307751605127,0.8572,2000,250,0,1000,10.0,0.831170116089349,budget_cv,0.361
db6bbe2e7a,main,clothing,books,logreg,self_training,3,250,target_only,0.812396096299489,0.8128,0,250,0,1000,10.0,0.8037388997184318,budget_cv,0.179
db6bbe2e7a,main,clothing,books,logreg,self_training,3,500,transfer,0.8810057823977984,0.8812,2000,500,0,1000,10.0,0.8353760864303034,budget_cv,0.387
db6bbe2e7a,main,clothing,books,logreg,self_training,3,500,target_only,0.8626558215752569,0.8628,0,500,0,1000,10.0,0.8292202209538821,budget_cv,0.2
db6bbe2e7a,main,clothing,books,logreg,self_training,3,1000,transfer,0.8898666240764215,0.89,2000,1000,0,1000,10.0,0.8644254781950144,budget_cv,0.456
db6bbe2e7a,main,clothing,books,logreg,self_training,3,1000,target_only,0.8414931682345533,0.8428,0,1000,0,1000,1.0,0.8521827840271382,budget_cv,0.236
db6bbe2e7a,main,clothing,books,logreg,self_training,3,2000,transfer,0.9027712358424116,0.9028,2000,2000,0,1000,10.0,0.8949077925035903,budget_cv,0.613
db6bbe2e7a,main,clothing,books,logreg,self_training,3,2000,target_only,0.8959359964752722,0.896,0,2000,0,1000,10.0,0.8869784306024938,budget_cv,0.375
db6bbe2e7a,main,clothing,books,svm,random,3,0,source_only,0.8045531302770654,0.808,2000,0,0,0,1.0,0.9023749195373196,source_val_fallback,0.041
db6bbe2e7a,main,clothing,books,svm,random,3,50,transfer,0.8439324789476919,0.844,2000,50,0,0,10.0,0.6965944272445821,budget_cv,0.141
db6bbe2e7a,main,clothing,books,svm,random,3,50,target_only,0.5269259275556548,0.582,0,50,0,0,0.01,0.5412156683895814,budget_cv,0.038
db6bbe2e7a,main,clothing,books,svm,random,3,100,transfer,0.8511785697140388,0.8512,2000,100,0,0,10.0,0.8165673551335982,budget_cv,0.147
db6bbe2e7a,main,clothing,books,svm,random,3,100,target_only,0.6774063504309935,0.694,0,100,0,0,0.01,0.743486580608641,budget_cv,0.04
db6bbe2e7a,main,clothing,books,svm,random,3,250,transfer,0.8597932567446654,0.86,2000,250,0,0,10.0,0.8353453232836644,budget_cv,0.165
db6bbe2e7a,main,clothing,books,svm,random,3,250,target_only,0.8291665166372608,0.8292,0,250,0,0,10.0,0.823116710314778,budget_cv,0.048
db6bbe2e7a,main,clothing,books,svm,random,3,500,transfer,0.8819201780403553,0.882,2000,500,0,0,1.0,0.8296719603090263,budget_cv,0.163
db6bbe2e7a,main,clothing,books,svm,random,3,500,target_only,0.8607742488050589,0.8608,0,500,0,0,0.1,0.8254085092305264,budget_cv,0.059
db6bbe2e7a,main,clothing,books,svm,random,3,1000,transfer,0.891491647899927,0.8916,2000,1000,0,0,1.0,0.8665388145567525,budget_cv,0.208
db6bbe2e7a,main,clothing,books,svm,random,3,1000,target_only,0.8842785202193855,0.8844,0,1000,0,0,10.0,0.8524951528776369,budget_cv,0.088
db6bbe2e7a,main,clothing,books,svm,random,3,2000,transfer,0.9003705256162984,0.9004,2000,2000,0,0,1.0,0.8984358871530436,budget_cv,0.283
db6bbe2e7a,main,clothing,books,svm,random,3,2000,target_only,0.9011555753617906,0.9012,0,2000,0,0,1.0,0.8864906430986883,budget_cv,0.141
db6bbe2e7a,main,clothing,books,svm,uncertainty,3,0,source_only,0.8045531302770654,0.808,2000,0,0,0,1.0,0.9023749195373196,source_val_fallback,0.042
db6bbe2e7a,main,clothing,books,svm,uncertainty,3,50,transfer,0.8382708480916201,0.8388,2000,50,0,0,10.0,0.6763784146137087,budget_cv,0.143
db6bbe2e7a,main,clothing,books,svm,uncertainty,3,50,target_only,0.6470453354297694,0.6552,0,50,0,0,0.01,0.5783535636476813,budget_cv,0.04
db6bbe2e7a,main,clothing,books,svm,uncertainty,3,100,transfer,0.8583128567394089,0.8584,2000,100,0,0,10.0,0.7000787742723227,budget_cv,0.15
db6bbe2e7a,main,clothing,books,svm,uncertainty,3,100,target_only,0.6310818522588761,0.6476,0,100,0,0,0.01,0.6335673651143824,budget_cv,0.041
db6bbe2e7a,main,clothing,books,svm,uncertainty,3,250,transfer,0.882799981247997,0.8828,2000,250,0,0,10.0,0.6020789811550681,budget_cv,0.163
db6bbe2e7a,main,clothing,books,svm,uncertainty,3,250,target_only,0.6890445909245779,0.6932,0,250,0,0,0.01,0.6498678081508108,budget_cv,0.048
db6bbe2e7a,main,clothing,books,svm,uncertainty,3,500,transfer,0.8923812485087401,0.8924,2000,500,0,0,1.0,0.6457929486421298,budget_cv,0.18
db6bbe2e7a,main,clothing,books,svm,uncertainty,3,500,target_only,0.7549874686716792,0.7556,0,500,0,0,0.1,0.5831221396592823,budget_cv,0.06
db6bbe2e7a,main,clothing,books,svm,uncertainty,3,1000,transfer,0.8979751712376725,0.898,2000,1000,0,0,1.0,0.760844379428729,budget_cv,0.221
db6bbe2e7a,main,clothing,books,svm,uncertainty,3,1000,target_only,0.8751711595447011,0.8752,0,1000,0,0,1.0,0.6858585849794735,budget_cv,0.088
db6bbe2e7a,main,clothing,books,svm,uncertainty,3,2000,transfer,0.9003705256162984,0.9004,2000,2000,0,0,1.0,0.8964605772489319,budget_cv,0.279
db6bbe2e7a,main,clothing,books,svm,uncertainty,3,2000,target_only,0.9011555753617906,0.9012,0,2000,0,0,1.0,0.8879882947979604,budget_cv,0.139
db6bbe2e7a,main,clothing,books,svm,self_training,3,0,uda_self_training,0.7747363170358585,0.7828,2000,0,0,1000,1.0,0.9023749195373196,source_val_fallback,0.069
db6bbe2e7a,main,clothing,books,svm,self_training,3,50,transfer,0.8522808556469306,0.8524,2000,50,0,1000,10.0,0.6965944272445821,budget_cv,0.184
db6bbe2e7a,main,clothing,books,svm,self_training,3,50,target_only,0.37058837582397797,0.5068,0,50,0,1000,0.01,0.5412156683895814,budget_cv,0.057
db6bbe2e7a,main,clothing,books,svm,self_training,3,100,transfer,0.8607643556750528,0.8608,2000,100,0,1000,10.0,0.8165673551335982,budget_cv,0.188
db6bbe2e7a,main,clothing,books,svm,self_training,3,100,target_only,0.4394957528883857,0.5488,0,100,0,1000,0.01,0.743486580608641,budget_cv,0.052
db6bbe2e7a,main,clothing,books,svm,self_training,3,250,transfer,0.8621882329262438,0.8624,2000,250,0,1000,10.0,0.8353453232836644,budget_cv,0.218
db6bbe2e7a,main,clothing,books,svm,self_training,3,250,target_only,0.8459307551185805,0.846,0,250,0,1000,10.0,0.823116710314778,budget_cv,0.068
db6bbe2e7a,main,clothing,books,svm,self_training,3,500,transfer,0.8859320885282262,0.886,2000,500,0,1000,1.0,0.8296719603090263,budget_cv,0.206
db6bbe2e7a,main,clothing,books,svm,self_training,3,500,target_only,0.7913961038961039,0.7944,0,500,0,1000,0.1,0.8254085092305264,budget_cv,0.072
db6bbe2e7a,main,clothing,books,svm,self_training,3,1000,transfer,0.891889294637709,0.892,2000,1000,0,1000,1.0,0.8665388145567525,budget_cv,0.244
db6bbe2e7a,main,clothing,books,svm,self_training,3,1000,target_only,0.8822541081301376,0.8824,0,1000,0,1000,10.0,0.8524951528776369,budget_cv,0.202
db6bbe2e7a,main,clothing,books,svm,self_training,3,2000,transfer,0.9015695101714707,0.9016,2000,2000,0,1000,1.0,0.8984358871530436,budget_cv,0.329
db6bbe2e7a,main,clothing,books,svm,self_training,3,2000,target_only,0.9011521576442998,0.9012,0,2000,0,1000,1.0,0.8864906430986883,budget_cv,0.178
db6bbe2e7a,main,clothing,music,logreg,random,3,0,source_only,0.7835309015100399,0.786,2000,0,0,0,10.0,0.9010518809056873,source_val_fallback,0.076
db6bbe2e7a,main,clothing,music,logreg,random,3,50,transfer,0.8233958455975108,0.8236,2000,50,0,0,10.0,0.8210001499475185,budget_cv,0.256
db6bbe2e7a,main,clothing,music,logreg,random,3,50,target_only,0.6618563026616703,0.6868,0,50,0,0,0.01,0.6786918632187176,budget_cv,0.092
db6bbe2e7a,main,clothing,music,logreg,random,3,100,transfer,0.8351983124307193,0.8352,2000,100,0,0,10.0,0.8277304492821734,budget_cv,0.262
db6bbe2e7a,main,clothing,music,logreg,random,3,100,target_only,0.706391712603159,0.7228,0,100,0,0,0.1,0.7496896621896623,budget_cv,0.103
db6bbe2e7a,main,clothing,music,logreg,random,3,250,transfer,0.842799773631674,0.8428,2000,250,0,0,10.0,0.8317294485740501,budget_cv,0.269
db6bbe2e7a,main,clothing,music,logreg,random,3,250,target_only,0.8015491965943281,0.8016,0,250,0,0,0.1,0.7797133414524383,budget_cv,0.111
db6bbe2e7a,main,clothing,music,logreg,random,3,500,transfer,0.861582636925976,0.8616,2000,500,0,0,10.0,0.8557717644545683,budget_cv,0.284
db6bbe2e7a,main,clothing,music,logreg,random,3,500,target_only,0.8491824086361434,0.8492,0,500,0,0,1.0,0.8138200278490192,budget_cv,0.129
db6bbe2e7a,main,clothing,music,logreg,random,3,1000,transfer,0.8759865867092185,0.876,2000,1000,0,0,10.0,0.8648303198177171,budget_cv,0.315
db6bbe2e7a,main,clothing,music,logreg,random,3,1000,target_only,0.8767987384190814,0.8768,0,1000,0,0,10.0,0.8527086652099988,budget_cv,0.174
db6bbe2e7a,main,clothing,music,logreg,random,3,2000,transfer,0.8939741975607184,0.894,2000,2000,0,0,10.0,0.8799548390154622,budget_cv,0.365
db6bbe2e7a,main,clothing,music,logreg,random,3,2000,target_only,0.8951645068954546,0.8952,0,2000,0,0,10.0,0.8779542010626442,budget_cv,0.231
db6bbe2e7a,main,clothing,music,logreg,uncertainty,3,0,source_only,0.7835309015100399,0.786,2000,0,0,0,10.0,0.9010518809056873,source_val_fallback,0.076
db6bbe2e7a,main,clothing,music,logreg,uncertainty,3,50,transfer,0.8168389235803895,0.8172,2000,50,0,0,10.0,0.6634865134865134,budget_cv,0.26
db6bbe2e7a,main,clothing,music,logreg,uncertainty,3,50,target_only,0.6822104743103805,0.686,0,50,0,0,0.01,0.505026455026455,budget_cv,0.098
db6bbe2e7a,main,clothing,music,logreg,uncertainty,3,100,transfer,0.8339993359973439,0.834,2000,100,0,0,10.0,0.7436930788241636,budget_cv,0.266
db6bbe2e7a,main,clothing,music,logreg,uncertainty,3,100,target_only,0.6884176822001695,0.6896,0,100,0,0,0.01,0.7597097169392417,budget_cv,0.106
db6bbe2e7a,main,clothing,music,logreg,uncertainty,3,250,transfer,0.8483096896568341,0.8484,2000,250,0,0,10.0,0.6058930093776641,budget_cv,0.273
db6bbe2e7a,main,clothing,music,logreg,uncertainty,3,250,target_only,0.6838324055593299,0.686,0,250,0,0,0.01,0.6180957242266083,budget_cv,0.112
db6bbe2e7a,main,clothing,music,logreg,uncertainty,3,500,transfer,0.8743497398959583,0.8744,2000,500,0,0,10.0,0.6684429055408367,budget_cv,0.293
db6bbe2e7a,main,clothing,music,logreg,uncertainty,3,500,target_only,0.7307419779329891,0.734,0,500,0,0,0.1,0.6380646537750975,budget_cv,0.128
db6bbe2e7a,main,clothing,music,logreg,uncertainty,3,1000,transfer,0.8867599764460751,0.8868,2000,1000,0,0,10.0,0.7586524568278158,budget_cv,0.324
db6bbe2e7a,main,clothing,music,logreg,uncertainty,3,1000,target_only,0.8648512296773545,0.8652,0,1000,0,0,10.0,0.6867618821595521,budget_cv,0.167
db6bbe2e7a,main,clothing,music,logreg,uncertainty,3,2000,transfer,0.8939741975607184,0.894,2000,2000,0,0,10.0,0.8874384631345276,budget_cv,0.366
db6bbe2e7a,main,clothing,music,logreg,uncertainty,3,2000,target_only,0.8951645068954546,0.8952,0,2000,0,0,10.0,0.8813607971460901,budget_cv,0.231
db6bbe2e7a,main,clothing,music,logreg,self_training,3,0,uda_self_training,0.7587921496311907,0.7656,2000,0,0,1000,10.0,0.9010518809056873,source_val_fallback,0.148
db6bbe2e7a,main,clothing,music,logreg,self_training,3,50,transfer,0.8217410408010668,0.8224,2000,50,0,1000,10.0,0.8210001499475185,budget_cv,0.329
db6bbe2e7a,main,clothing,music,logreg,self_training,3,50,target_only,0.5847110416637601,0.6428,0,50,0,1000,0.01,0.6786918632187176,budget_cv,0.109
db6bbe2e7a,main,clothing,music,logreg,self_training,3,100,transfer,0.8407550547066404,0.8408,2000,100,0,1000,10.0,0.8277304492821734,budget_cv,0.343
db6bbe2e7a,main,clothing,music,logreg,self_training,3,100,target_only,0.7332597498160413,0.7448,0,100,0,1000,0.1,0.7496896621896623,budget_cv,0.124
db6bbe2e7a,main,clothing,music,logreg,self_training,3,250,transfer,0.8487938065943181,0.8488,2000,250,0,1000,10.0,0.8317294485740501,budget_cv,0.353
db6bbe2e7a,main,clothing,music,logreg,self_training,3,250,target_only,0.517995955409506,0.582,0,250,0,1000,0.1,0.7797133414524383,budget_cv,0.138
db6bbe2e7a,main,clothing,music,logreg,self_training,3,500,transfer,0.8671897151715429,0.8672,2000,500,0,1000,10.0,0.8557717644545683,budget_cv,0.377
db6bbe2e7a,main,clothing,music,logreg,self_training,3,500,target_only,0.8081624063071668,0.8104,0,500,0,1000,1.0,0.8138200278490192,budget_cv,0.177
db6bbe2e7a,main,clothing,music,logreg,self_training,3,1000,transfer,0.8787929990836271,0.8788,2000,1000,0,1000,10.0,0.8648303198177171,budget_cv,0.423
db6bbe2e7a,main,clothing,music,logreg,self_training,3,1000,target_only,0.8763855816142395,0.8764,0,1000,0,1000,10.0,0.8527086652099988,budget_cv,0.236
db6bbe2e7a,main,clothing,music,logreg,self_training,3,2000,transfer,0.8907760755915977,0.8908,2000,2000,0,1000,10.0,0.8799548390154622,budget_cv,0.494
db6bbe2e7a,main,clothing,music,logreg,self_training,3,2000,target_only,0.8919750419136837,0.892,0,2000,0,1000,10.0,0.8779542010626442,budget_cv,0.314
db6bbe2e7a,main,clothing,music,svm,random,3,0,source_only,0.7940769934435081,0.7956,2000,0,0,0,1.0,0.9070348117845081,source_val_fallback,0.042
db6bbe2e7a,main,clothing,music,svm,random,3,50,transfer,0.8287911245318957,0.8288,2000,50,0,0,1.0,0.8607604985313962,budget_cv,0.147
db6bbe2e7a,main,clothing,music,svm,random,3,50,target_only,0.6220283979114674,0.6592,0,50,0,0,0.01,0.6579365079365079,budget_cv,0.042
db6bbe2e7a,main,clothing,music,svm,random,3,100,transfer,0.8318828290565392,0.832,2000,100,0,0,10.0,0.8354306187639521,budget_cv,0.166
db6bbe2e7a,main,clothing,music,svm,random,3,100,target_only,0.7111697348260686,0.7252,0,100,0,0,0.01,0.7574392596131726,budget_cv,0.043
db6bbe2e7a,main,clothing,music,svm,random,3,250,transfer,0.8451868966189298,0.8452,2000,250,0,0,1.0,0.835759633293175,budget_cv,0.161
db6bbe2e7a,main,clothing,music,svm,random,3,250,target_only,0.8142257047747123,0.8148,0,250,0,0,10.0,0.7820251615149388,budget_cv,0.048
db6bbe2e7a,main,clothing,music,svm,random,3,500,transfer,0.8646814392898482,0.8648,2000,500,0,0,10.0,0.8559046811073924,budget_cv,0.179
db6bbe2e7a,main,clothing,music,svm,random,3,500,target_only,0.847160873183535,0.8472,0,500,0,0,0.1,0.8177138472833377,budget_cv,0.053
db6bbe2e7a,main,clothing,music,svm,random,3,1000,transfer,0.8771785995991941,0.8772,2000,1000,0,0,1.0,0.8647994532622173,budget_cv,0.177
db6bbe2e7a,main,clothing,music,svm,random,3,1000,target_only,0.8771913346205709,0.8772,0,1000,0,0,1.0,0.8567007249684065,budget_cv,0.064
db6bbe2e7a,main,clothing,music,svm,random,3,2000,transfer,0.8955457004769359,0.8956,2000,2000,0,0,1.0,0.8809674384323656,budget_cv,0.225
db6bbe2e7a,main,clothing,music,svm,random,3,2000,target_only,0.8919495879997772,0.892,0,2000,0,0,1.0,0.8789396997731225,budget_cv,0.104
db6bbe2e7a,main,clothing,music,svm,uncertainty,3,0,source_only,0.7940769934435081,0.7956,2000,0,0,0,1.0,0.9070348117845081,source_val_fallback,0.041
db6bbe2e7a,main,clothing,music,svm,uncertainty,3,50,transfer,0.8251986295572558,0.8252,2000,50,0,0,10.0,0.7139188783925626,budget_cv,0.141
db6bbe2e7a,main,clothing,music,svm,uncertainty,3,50,target_only,0.52921346379467,0.602,0,50,0,0,0.01,0.6551127214170692,budget_cv,0.038
db6bbe2e7a,main,clothing,music,svm,uncertainty,3,100,transfer,0.8250667428420273,0.8252,2000,100,0,0,10.0,0.6457115918095955,budget_cv,0.145
db6bbe2e7a,main,clothing,music,svm,uncertainty,3,100,target_only,0.7107056871329754,0.7116,0,100,0,0,0.01,0.6151370691177994,budget_cv,0.04
db6bbe2e7a,main,clothing,music,svm,uncertainty,3,250,transfer,0.8546956365940273,0.8548,2000,250,0,0,1.0,0.6148676639091736,budget_cv,0.148
db6bbe2e7a,main,clothing,music,svm,uncertainty,3,250,target_only,0.6362272314885895,0.6664,0,250,0,0,10.0,0.5163220612012137,budget_cv,0.046
db6bbe2e7a,main,clothing,music,svm,uncertainty,3,500,transfer,0.8743819109951834,0.8744,2000,500,0,0,1.0,0.6337843711564637,budget_cv,0.175
db6bbe2e7a,main,clothing,music,svm,uncertainty,3,500,target_only,0.7577411755009849,0.7592,0,500,0,0,0.01,0.5777398990810543,budget_cv,0.056
db6bbe2e7a,main,clothing,music,svm,uncertainty,3,1000,transfer,0.8855542216886755,0.8856,2000,1000,0,0,1.0,0.7477715207952184,budget_cv,0.194
db6bbe2e7a,main,clothing,music,svm,uncertainty,3,1000,target_only,0.8758318465198309,0.876,0,1000,0,0,10.0,0.6608424699914505,budget_cv,0.076
db6bbe2e7a,main,clothing,music,svm,uncertainty,3,2000,transfer,0.8955457004769359,0.8956,2000,2000,0,0,1.0,0.8849759804271802,budget_cv,0.234
db6bbe2e7a,main,clothing,music,svm,uncertainty,3,2000,target_only,0.8919495879997772,0.892,0,2000,0,0,1.0,0.8784707732859088,budget_cv,0.104
db6bbe2e7a,main,clothing,music,svm,self_training,3,0,uda_self_training,0.7912488603809145,0.794,2000,0,0,1000,1.0,0.9070348117845081,source_val_fallback,0.069
db6bbe2e7a,main,clothing,music,svm,self_training,3,50,transfer,0.8319431026568355,0.832,2000,50,0,1000,1.0,0.8607604985313962,budget_cv,0.164
db6bbe2e7a,main,clothing,music,svm,self_training,3,50,target_only,0.427291417881852,0.5564,0,50,0,1000,0.01,0.6579365079365079,budget_cv,0.048
db6bbe2e7a,main,clothing,music,svm,self_training,3,100,transfer,0.836267940269904,0.8364,2000,100,0,1000,10.0,0.8354306187639521,budget_cv,0.189
db6bbe2e7a,main,clothing,music,svm,self_training,3,100,target_only,0.7708958774071544,0.774,0,100,0,1000,0.01,0.7574392596131726,budget_cv,0.048
db6bbe2e7a,main,clothing,music,svm,self_training,3,250,transfer,0.8475870997721248,0.8476,2000,250,0,1000,1.0,0.835759633293175,budget_cv,0.179
db6bbe2e7a,main,clothing,music,svm,self_training,3,250,target_only,0.8319243054462462,0.8324,0,250,0,1000,10.0,0.7820251615149388,budget_cv,0.072
db6bbe2e7a,main,clothing,music,svm,self_training,3,500,transfer,0.8654884307239797,0.8656,2000,500,0,1000,10.0,0.8559046811073924,budget_cv,0.237
db6bbe2e7a,main,clothing,music,svm,self_training,3,500,target_only,0.8084138791628667,0.8108,0,500,0,1000,0.1,0.8177138472833377,budget_cv,0.063
db6bbe2e7a,main,clothing,music,svm,self_training,3,1000,transfer,0.8787836891332098,0.8788,2000,1000,0,1000,1.0,0.8647994532622173,budget_cv,0.214
db6bbe2e7a,main,clothing,music,svm,self_training,3,1000,target_only,0.884399981503997,0.8844,0,1000,0,1000,1.0,0.8567007249684065,budget_cv,0.086
db6bbe2e7a,main,clothing,music,svm,self_training,3,2000,transfer,0.8955457004769359,0.8956,2000,2000,0,1000,1.0,0.8809674384323656,budget_cv,0.271
db6bbe2e7a,main,clothing,music,svm,self_training,3,2000,target_only,0.8931683949379585,0.8932,0,2000,0,1000,1.0,0.8789396997731225,budget_cv,0.144
db6bbe2e7a,main,clothing,electronics,logreg,random,3,0,source_only,0.8526037882191951,0.8532,2000,0,0,0,10.0,0.9063730525594933,source_val_fallback,0.078
db6bbe2e7a,main,clothing,electronics,logreg,random,3,50,transfer,0.8592251785915106,0.8596,2000,50,0,0,10.0,0.8755178544652229,budget_cv,0.262
db6bbe2e7a,main,clothing,electronics,logreg,random,3,50,target_only,0.7475951134413962,0.7476,0,50,0,0,0.01,0.7941179463238287,budget_cv,0.093
db6bbe2e7a,main,clothing,electronics,logreg,random,3,100,transfer,0.8775093765371372,0.8776,2000,100,0,0,10.0,0.8600898692810457,budget_cv,0.259
db6bbe2e7a,main,clothing,electronics,logreg,random,3,100,target_only,0.7564089307445734,0.7648,0,100,0,0,10.0,0.7513428441553263,budget_cv,0.102
db6bbe2e7a,main,clothing,electronics,logreg,random,3,250,transfer,0.8899991375932388,0.89,2000,250,0,0,10.0,0.8956217691900896,budget_cv,0.268
db6bbe2e7a,main,clothing,electronics,logreg,random,3,250,target_only,0.8453629642119027,0.8468,0,250,0,0,0.1,0.8503545161286926,budget_cv,0.114
db6bbe2e7a,main,clothing,electronics,logreg,random,3,500,transfer,0.8975976406496406,0.8976,2000,500,0,0,10.0,0.9115099655055788,budget_cv,0.277
db6bbe2e7a,main,clothing,electronics,logreg,random,3,500,target_only,0.8745953194966697,0.8748,0,500,0,0,0.1,0.8655766865667767,budget_cv,0.126
db6bbe2e7a,main,clothing,electronics,logreg,random,3,1000,transfer,0.9091841762508699,0.9092,2000,1000,0,0,10.0,0.8987928106156894,budget_cv,0.304
db6bbe2e7a,main,clothing,electronics,logreg,random,3,1000,target_only,0.895495646132402,0.8956,0,1000,0,0,10.0,0.8899624367157214,budget_cv,0.16
db6bbe2e7a,main,clothing,electronics,logreg,random,3,2000,transfer,0.920339317678635,0.9204,2000,2000,0,0,10.0,0.9119488098955809,budget_cv,0.363
db6bbe2e7a,main,clothing,electronics,logreg,random,3,2000,target_only,0.9066476340023132,0.9068,0,2000,0,0,10.0,0.9029800016705295,budget_cv,0.225
db6bbe2e7a,main,clothing,electronics,logreg,uncertainty,3,0,source_only,0.8526037882191951,0.8532,2000,0,0,0,10.0,0.9063730525594933,source_val_fallback,0.075
db6bbe2e7a,main,clothing,electronics,logreg,uncertainty,3,50,transfer,0.8705716884584407,0.8708,2000,50,0,0,10.0,0.8986788237562232,budget_cv,0.262
db6bbe2e7a,main,clothing,electronics,logreg,uncertainty,3,50,target_only,0.7252544192705092,0.7288,0,50,0,0,0.01,0.6680588671435354,budget_cv,0.094
db6bbe2e7a,main,clothing,electronics,logreg,uncertainty,3,100,transfer,0.8883978393821704,0.8884,2000,100,0,0,10.0,0.8117826887021108,budget_cv,0.264
db6bbe2e7a,main,clothing,electronics,logreg,uncertainty,3,100,target_only,0.7170975538422529,0.7208,0,100,0,0,0.01,0.6512267749477052,budget_cv,0.108
db6bbe2e7a,main,clothing,electronics,logreg,uncertainty,3,250,transfer,0.9055341610889125,0.9056,2000,250,0,0,10.0,0.7336608358551931,budget_cv,0.277
db6bbe2e7a,main,clothing,electronics,logreg,uncertainty,3,250,target_only,0.7075943390264036,0.7076,0,250,0,0,0.01,0.6162017145026194,budget_cv,0.114
db6bbe2e7a,main,clothing,electronics,logreg,uncertainty,3,500,transfer,0.911540201175995,0.9116,2000,500,0,0,10.0,0.7144313383406894,budget_cv,0.295
db6bbe2e7a,main,clothing,electronics,logreg,uncertainty,3,500,target_only,0.7106728703671237,0.7188,0,500,0,0,0.1,0.6056339526980393,budget_cv,0.13
db6bbe2e7a,main,clothing,electronics,logreg,uncertainty,3,1000,transfer,0.9167487971802177,0.9168,2000,1000,0,0,10.0,0.8190798495931051,budget_cv,0.328
db6bbe2e7a,main,clothing,electronics,logreg,uncertainty,3,1000,target_only,0.8768721647509794,0.8772,0,1000,0,0,1.0,0.7166391877947028,budget_cv,0.16
db6bbe2e7a,main,clothing,electronics,logreg,uncertainty,3,2000,transfer,0.920339317678635,0.9204,2000,2000,0,0,10.0,0.9119457611648233,budget_cv,0.364
db6bbe2e7a,main,clothing,electronics,logreg,uncertainty,3,2000,target_only,0.9066476340023132,0.9068,0,2000,0,0,10.0,0.8984949927357383,budget_cv,0.238
db6bbe2e7a,main,clothing,electronics,logreg,self_training,3,0,uda_self_training,0.8433258672134769,0.8444,2000,0,0,1000,10.0,0.9063730525594933,source_val_fallback,0.147
db6bbe2e7a,main,clothing,electronics,logreg,self_training,3,50,transfer,0.8574520456635306,0.858,2000,50,0,1000,10.0,0.8755178544652229,budget_cv,0.33
db6bbe2e7a,main,clothing,electronics,logreg,self_training,3,50,target_only,0.7023745238620284,0.7156,0,50,0,1000,0.01,0.7941179463238287,budget_cv,0.111
db6bbe2e7a,main,clothing,electronics,logreg,self_training,3,100,transfer,0.8819250176632168,0.882,2000,100,0,1000,10.0,0.8600898692810457,budget_cv,0.336
db6bbe2e7a,main,clothing,electronics,logreg,self_training,3,100,target_only,0.7656738881816024,0.7776,0,100,0,1000,10.0,0.7513428441553263,budget_cv,0.147
db6bbe2e7a,main,clothing,electronics,logreg,self_training,3,250,transfer,0.8919988940686753,0.892,2000,250,0,1000,10.0,0.8956217691900896,budget_cv,0.342
db6bbe2e7a,main,clothing,electronics,logreg,self_training,3,250,target_only,0.841199263164581,0.8428,0,250,0,1000,0.1,0.8503545161286926,budget_cv,0.139
db6bbe2e7a,main,clothing,electronics,logreg,self_training,3,500,transfer,0.899596385469877,0.8996,2000,500,0,1000,10.0,0.9115099655055788,budget_cv,0.356
db6bbe2e7a,main,clothing,electronics,logreg,self_training,3,500,target_only,0.8306063361900652,0.8312,0,500,0,1000,0.1,0.8655766865667767,budget_cv,0.15
db6bbe2e7a,main,clothing,electronics,logreg,self_training,3,1000,transfer,0.9095832765228257,0.9096,2000,1000,0,1000,10.0,0.8987928106156894,budget_cv,0.402
db6bbe2e7a,main,clothing,electronics,logreg,self_training,3,1000,target_only,0.8951355041404665,0.8952,0,1000,0,1000,10.0,0.8899624367157214,budget_cv,0.214
db6bbe2e7a,main,clothing,electronics,logreg,self_training,3,2000,transfer,0.9195422119983456,0.9196,2000,2000,0,1000,10.0,0.9119488098955809,budget_cv,0.489
db6bbe2e7a,main,clothing,electronics,logreg,self_training,3,2000,target_only,0.9038966081268872,0.904,0,2000,0,1000,10.0,0.9029800016705295,budget_cv,0.301
db6bbe2e7a,main,clothing,electronics,svm,random,3,0,source_only,0.8554225228576992,0.856,2000,0,0,0,1.0,0.9104367478469173,source_val_fallback,0.044
db6bbe2e7a,main,clothing,electronics,svm,random,3,50,transfer,0.8685980825575812,0.8688,2000,50,0,0,10.0,0.8973127262600947,budget_cv,0.148
db6bbe2e7a,main,clothing,electronics,svm,random,3,50,target_only,0.7324762242783758,0.7348,0,50,0,0,0.01,0.6314674392477596,budget_cv,0.038
db6bbe2e7a,main,clothing,electronics,svm,random,3,100,transfer,0.8847855474990782,0.8848,2000,100,0,0,10.0,0.8799019607843137,budget_cv,0.147
db6bbe2e7a,main,clothing,electronics,svm,random,3,100,target_only,0.752988095523246,0.7624,0,100,0,0,10.0,0.7689267432356863,budget_cv,0.04
db6bbe2e7a,main,clothing,electronics,svm,random,3,250,transfer,0.8955661634369536,0.8956,2000,250,0,0,10.0,0.9118306069156175,budget_cv,0.157
db6bbe2e7a,main,clothing,electronics,svm,random,3,250,target_only,0.8457786964666365,0.8472,0,250,0,0,0.01,0.8463594814223036,budget_cv,0.043
db6bbe2e7a,main,clothing,electronics,svm,random,3,500,transfer,0.9031878558846422,0.9032,2000,500,0,0,1.0,0.9196652574323894,budget_cv,0.161
db6bbe2e7a,main,clothing,electronics,svm,random,3,500,target_only,0.8773538442595827,0.8776,0,500,0,0,10.0,0.865616685547534,budget_cv,0.051
db6bbe2e7a,main,clothing,electronics,svm,random,3,1000,transfer,0.9123764327653565,0.9124,2000,1000,0,0,1.0,0.9028602888661273,budget_cv,0.183
db6bbe2e7a,main,clothing,electronics,svm,random,3,1000,target_only,0.894312338425984,0.8944,0,1000,0,0,1.0,0.8909480454900104,budget_cv,0.067
db6bbe2e7a,main,clothing,electronics,svm,random,3,2000,transfer,0.9175315974081542,0.9176,2000,2000,0,0,1.0,0.9154601942346056,budget_cv,0.255
db6bbe2e7a,main,clothing,electronics,svm,random,3,2000,target_only,0.906255949141689,0.9064,0,2000,0,0,1.0,0.903977076145195,budget_cv,0.112
db6bbe2e7a,main,clothing,electronics,svm,uncertainty,3,0,source_only,0.8554225228576992,0.856,2000,0,0,0,1.0,0.9104367478469173,source_val_fallback,0.042
db6bbe2e7a,main,clothing,electronics,svm,uncertainty,3,50,transfer,0.8677884615384616,0.868,2000,50,0,0,10.0,0.7349763297131718,budget_cv,0.189
db6bbe2e7a,main,clothing,electronics,svm,uncertainty,3,50,target_only,0.6274518844920415,0.6432,0,50,0,0,0.01,0.6800740322479454,budget_cv,0.039
db6bbe2e7a,main,clothing,electronics,svm,uncertainty,3,100,transfer,0.8943975669199418,0.8944,2000,100,0,0,1.0,0.7631257631257631,budget_cv,0.164
db6bbe2e7a,main,clothing,electronics,svm,uncertainty,3,100,target_only,0.542836934846329,0.6128,0,100,0,0,0.01,0.5294475217997267,budget_cv,0.04
db6bbe2e7a,main,clothing,electronics,svm,uncertainty,3,250,transfer,0.8991790937768855,0.8992,2000,250,0,0,1.0,0.6675926213599167,budget_cv,0.148
db6bbe2e7a,main,clothing,electronics,svm,uncertainty,3,250,target_only,0.6889823685807248,0.7004,0,250,0,0,0.01,0.5640957444710186,budget_cv,0.044
db6bbe2e7a,main,clothing,electronics,svm,uncertainty,3,500,transfer,0.9091459091084468,0.9092,2000,500,0,0,1.0,0.6578703479626646,budget_cv,0.197
db6bbe2e7a,main,clothing,electronics,svm,uncertainty,3,500,target_only,0.7875116665439679,0.7908,0,500,0,0,0.1,0.5553141867811797,budget_cv,0.057
db6bbe2e7a,main,clothing,electronics,svm,uncertainty,3,1000,transfer,0.9171254128715844,0.9172,2000,1000,0,0,10.0,0.8169203407944448,budget_cv,0.246
db6bbe2e7a,main,clothing,electronics,svm,uncertainty,3,1000,target_only,0.8941799620458797,0.8944,0,1000,0,0,10.0,0.7349809959710948,budget_cv,0.08
db6bbe2e7a,main,clothing,electronics,svm,uncertainty,3,2000,transfer,0.9175315974081542,0.9176,2000,2000,0,0,1.0,0.9149588616468106,budget_cv,0.267
db6bbe2e7a,main,clothing,electronics,svm,uncertainty,3,2000,target_only,0.906255949141689,0.9064,0,2000,0,0,1.0,0.9024848891071374,budget_cv,0.113
db6bbe2e7a,main,clothing,electronics,svm,self_training,3,0,uda_self_training,0.8553622981580871,0.856,2000,0,0,1000,1.0,0.9104367478469173,source_val_fallback,0.068
db6bbe2e7a,main,clothing,electronics,svm,self_training,3,50,transfer,0.8682015853947167,0.8684,2000,50,0,1000,10.0,0.8973127262600947,budget_cv,0.181
db6bbe2e7a,main,clothing,electronics,svm,self_training,3,50,target_only,0.5866882253888872,0.6288,0,50,0,1000,0.01,0.6314674392477596,budget_cv,0.048
db6bbe2e7a,main,clothing,electronics,svm,self_training,3,100,transfer,0.8867847657580804,0.8868,2000,100,0,1000,10.0,0.8799019607843137,budget_cv,0.185
db6bbe2e7a,main,clothing,electronics,svm,self_training,3,100,target_only,0.6959433312080079,0.7228,0,100,0,1000,10.0,0.7689267432356863,budget_cv,0.052
db6bbe2e7a,main,clothing,electronics,svm,self_training,3,250,transfer,0.8963664227209616,0.8964,2000,250,0,1000,10.0,0.9118306069156175,budget_cv,0.206
db6bbe2e7a,main,clothing,electronics,svm,self_training,3,250,target_only,0.8395039029254922,0.8412,0,250,0,1000,0.01,0.8463594814223036,budget_cv,0.052
db6bbe2e7a,main,clothing,electronics,svm,self_training,3,500,transfer,0.9027850522296308,0.9028,2000,500,0,1000,1.0,0.9196652574323894,budget_cv,0.197
db6bbe2e7a,main,clothing,electronics,svm,self_training,3,500,target_only,0.8869731505921645,0.8872,0,500,0,1000,10.0,0.865616685547534,budget_cv,0.069
db6bbe2e7a,main,clothing,electronics,svm,self_training,3,1000,transfer,0.9127753817237376,0.9128,2000,1000,0,1000,1.0,0.9028602888661273,budget_cv,0.218
db6bbe2e7a,main,clothing,electronics,svm,self_training,3,1000,target_only,0.8967280235633027,0.8968,0,1000,0,1000,1.0,0.8909480454900104,budget_cv,0.088
db6bbe2e7a,main,clothing,electronics,svm,self_training,3,2000,transfer,0.9171368781883287,0.9172,2000,2000,0,1000,1.0,0.9154601942346056,budget_cv,0.298
db6bbe2e7a,main,clothing,electronics,svm,self_training,3,2000,target_only,0.9066652245842998,0.9068,0,2000,0,1000,1.0,0.903977076145195,budget_cv,0.143
db6bbe2e7a,main,books,music,logreg,random,4,0,source_only,0.8719928142624562,0.8724,2000,0,0,0,10.0,0.8944745634719917,source_val_fallback,0.1
db6bbe2e7a,main,books,music,logreg,random,4,50,transfer,0.8695365730332658,0.87,2000,50,0,0,1.0,0.793670072617441,budget_cv,0.322
db6bbe2e7a,main,books,music,logreg,random,4,50,target_only,0.7150947784703622,0.7264,0,50,0,0,0.1,0.6012265512265512,budget_cv,0.098
db6bbe2e7a,main,books,music,logreg,random,4,100,transfer,0.874712159217073,0.8752,2000,100,0,0,10.0,0.8563568376068377,budget_cv,0.347
db6bbe2e7a,main,books,music,logreg,random,4,100,target_only,0.7309052280958115,0.7436,0,100,0,0,0.01,0.686223378240185,budget_cv,0.102
db6bbe2e7a,main,books,music,logreg,random,4,250,transfer,0.8797410873714673,0.88,2000,250,0,0,10.0,0.8628501745640579,budget_cv,0.354
db6bbe2e7a,main,books,music,logreg,random,4,250,target_only,0.8104522860103721,0.8132,0,250,0,0,10.0,0.7968202554917013,budget_cv,0.121
db6bbe2e7a,main,books,music,logreg,random,4,500,transfer,0.8918660176705345,0.892,2000,500,0,0,10.0,0.8735008861330634,budget_cv,0.407
db6bbe2e7a,main,books,music,logreg,random,4,500,target_only,0.8433048639620362,0.8444,0,500,0,0,10.0,0.8359883026401239,budget_cv,0.139
db6bbe2e7a,main,books,music,logreg,random,4,1000,transfer,0.9007389504841057,0.9008,2000,1000,0,0,10.0,0.8847922762998449,budget_cv,0.431
db6bbe2e7a,main,books,music,logreg,random,4,1000,target_only,0.885835145950753,0.886,0,1000,0,0,10.0,0.8533918157530979,budget_cv,0.175
db6bbe2e7a,main,books,music,logreg,random,4,2000,transfer,0.9091591724984878,0.9092,2000,2000,0,0,10.0,0.8927424042548733,budget_cv,0.514
db6bbe2e7a,main,books,music,logreg,random,4,2000,target_only,0.9039111985732735,0.904,0,2000,0,0,10.0,0.873434769484574,budget_cv,0.232
db6bbe2e7a,main,books,music,logreg,uncertainty,4,0,source_only,0.8719928142624562,0.8724,2000,0,0,0,10.0,0.8944745634719917,source_val_fallback,0.098
db6bbe2e7a,main,books,music,logreg,uncertainty,4,50,transfer,0.876999243084593,0.8772,2000,50,0,0,10.0,0.7727582846003899,budget_cv,0.324
db6bbe2e7a,main,books,music,logreg,uncertainty,4,50,target_only,0.6556817948875633,0.656,0,50,0,0,0.1,0.6703849641930137,budget_cv,0.093
db6bbe2e7a,main,books,music,logreg,uncertainty,4,100,transfer,0.8847761071735836,0.8848,2000,100,0,0,10.0,0.7372721376786417,budget_cv,0.343
db6bbe2e7a,main,books,music,logreg,uncertainty,4,100,target_only,0.6594188073065317,0.6636,0,100,0,0,0.01,0.663051986772917,budget_cv,0.102
db6bbe2e7a,main,books,music,logreg,uncertainty,4,250,transfer,0.8922572451595465,0.8924,2000,250,0,0,10.0,0.7228366585019571,budget_cv,0.353
db6bbe2e7a,main,books,music,logreg,uncertainty,4,250,target_only,0.6437634198711693,0.6496,0,250,0,0,1.0,0.5936616502405976,budget_cv,0.114
db6bbe2e7a,main,books,music,logreg,uncertainty,4,500,transfer,0.8983247766027218,0.8984,2000,500,0,0,10.0,0.6815442434056095,budget_cv,0.36
db6bbe2e7a,main,books,music,logreg,uncertainty,4,500,target_only,0.7354303922172281,0.736,0,500,0,0,1.0,0.5643039735267785,budget_cv,0.126
db6bbe2e7a,main,books,music,logreg,uncertainty,4,1000,transfer,0.9055651875507387,0.9056,2000,1000,0,0,10.0,0.7874201009310701,budget_cv,0.437
db6bbe2e7a,main,books,music,logreg,uncertainty,4,1000,target_only,0.8714370644780369,0.8716,0,1000,0,0,1.0,0.6822825581795818,budget_cv,0.149
db6bbe2e7a,main,books,music,logreg,uncertainty,4,2000,transfer,0.9091591724984878,0.9092,2000,2000,0,0,10.0,0.8917181823830299,budget_cv,0.514
db6bbe2e7a,main,books,music,logreg,uncertainty,4,2000,target_only,0.9039111985732735,0.904,0,2000,0,0,10.0,0.8739240928950197,budget_cv,0.225
db6bbe2e7a,main,books,music,logreg,self_training,4,0,uda_self_training,0.86606658059534,0.8668,2000,0,0,1000,10.0,0.8944745634719917,source_val_fallback,0.203
db6bbe2e7a,main,books,music,logreg,self_training,4,50,transfer,0.8585397682703568,0.86,2000,50,0,1000,1.0,0.793670072617441,budget_cv,0.39
db6bbe2e7a,main,books,music,logreg,self_training,4,50,target_only,0.47925649246073654,0.5768,0,50,0,1000,0.1,0.6012265512265512,budget_cv,0.124
db6bbe2e7a,main,books,music,logreg,self_training,4,100,transfer,0.8635527389191542,0.8644,2000,100,0,1000,10.0,0.8563568376068377,budget_cv,0.448
db6bbe2e7a,main,books,music,logreg,self_training,4,100,target_only,0.46172338756470205,0.5648,0,100,0,1000,0.01,0.686223378240185,budget_cv,0.126
db6bbe2e7a,main,books,music,logreg,self_training,4,250,transfer,0.8780496414980382,0.8784,2000,250,0,1000,10.0,0.8628501745640579,budget_cv,0.459
db6bbe2e7a,main,books,music,logreg,self_training,4,250,target_only,0.7813322695921316,0.7888,0,250,0,1000,10.0,0.7968202554917013,budget_cv,0.173
db6bbe2e7a,main,books,music,logreg,self_training,4,500,transfer,0.885813629573645,0.886,2000,500,0,1000,10.0,0.8735008861330634,budget_cv,0.516
db6bbe2e7a,main,books,music,logreg,self_training,4,500,target_only,0.8398137049569083,0.8416,0,500,0,1000,10.0,0.8359883026401239,budget_cv,0.19
db6bbe2e7a,main,books,music,logreg,self_training,4,1000,transfer,0.9011331660202296,0.9012,2000,1000,0,1000,10.0,0.8847922762998449,budget_cv,0.557
db6bbe2e7a,main,books,music,logreg,self_training,4,1000,target_only,0.8804867030628771,0.8808,0,1000,0,1000,10.0,0.8533918157530979,budget_cv,0.238
db6bbe2e7a,main,books,music,logreg,self_training,4,2000,transfer,0.9091527739780247,0.9092,2000,2000,0,1000,10.0,0.8927424042548733,budget_cv,0.69
db6bbe2e7a,main,books,music,logreg,self_training,4,2000,target_only,0.8994782641570247,0.8996,0,2000,0,1000,10.0,0.873434769484574,budget_cv,0.318
db6bbe2e7a,main,books,music,svm,random,4,0,source_only,0.8700593684307791,0.8704,2000,0,0,0,1.0,0.8984818585300174,source_val_fallback,0.066
db6bbe2e7a,main,books,music,svm,random,4,50,transfer,0.8713816781157007,0.8716,2000,50,0,0,10.0,0.8161021984551396,budget_cv,0.225
db6bbe2e7a,main,books,music,svm,random,4,50,target_only,0.7221807566635152,0.732,0,50,0,0,0.01,0.6012265512265512,budget_cv,0.04
db6bbe2e7a,main,books,music,svm,random,4,100,transfer,0.8677370132621585,0.8684,2000,100,0,0,0.1,0.8450059933291642,budget_cv,0.213
db6bbe2e7a,main,books,music,svm,random,4,100,target_only,0.7311006549398027,0.7436,0,100,0,0,0.01,0.634613072282053,budget_cv,0.041
db6bbe2e7a,main,books,music,svm,random,4,250,transfer,0.8834316753391898,0.8836,2000,250,0,0,1.0,0.8708593278821358,budget_cv,0.221
db6bbe2e7a,main,books,music,svm,random,4,250,target_only,0.8113008166900653,0.814,0,250,0,0,1.0,0.8006993448931787,budget_cv,0.045
db6bbe2e7a,main,books,music,svm,random,4,500,transfer,0.8846989778564387,0.8848,2000,500,0,0,10.0,0.8735630508501112,budget_cv,0.242
db6bbe2e7a,main,books,music,svm,random,4,500,target_only,0.8453703894604458,0.8464,0,500,0,0,1.0,0.8418191329959815,budget_cv,0.052
db6bbe2e7a,main,books,music,svm,random,4,1000,transfer,0.9019591993403975,0.902,2000,1000,0,0,1.0,0.8908129706907034,budget_cv,0.242
db6bbe2e7a,main,books,music,svm,random,4,1000,target_only,0.8842533072715035,0.8844,0,1000,0,0,10.0,0.8585834640512923,budget_cv,0.07
db6bbe2e7a,main,books,music,svm,random,4,2000,transfer,0.9079504552530354,0.908,2000,2000,0,0,10.0,0.8912208672858785,budget_cv,0.304
db6bbe2e7a,main,books,music,svm,random,4,2000,target_only,0.9010909785201641,0.9012,0,2000,0,0,10.0,0.8754735645733732,budget_cv,0.111
db6bbe2e7a,main,books,music,svm,uncertainty,4,0,source_only,0.8700593684307791,0.8704,2000,0,0,0,1.0,0.8984818585300174,source_val_fallback,0.066
db6bbe2e7a,main,books,music,svm,uncertainty,4,50,transfer,0.8731941364968716,0.8732,2000,50,0,0,10.0,0.831678555362766,budget_cv,0.209
db6bbe2e7a,main,books,music,svm,uncertainty,4,50,target_only,0.5650769623172976,0.5984,0,50,0,0,0.01,0.5178919631093545,budget_cv,0.039
db6bbe2e7a,main,books,music,svm,uncertainty,4,100,transfer,0.8779787390154861,0.878,2000,100,0,0,10.0,0.626855600539811,budget_cv,0.213
db6bbe2e7a,main,books,music,svm,uncertainty,4,100,target_only,0.6616621493558608,0.662,0,100,0,0,0.01,0.6768555108701987,budget_cv,0.04
db6bbe2e7a,main,books,music,svm,uncertainty,4,250,transfer,0.8895276008084658,0.8896,2000,250,0,0,1.0,0.5902422051441659,budget_cv,0.218
db6bbe2e7a,main,books,music,svm,uncertainty,4,250,target_only,0.7032699967151187,0.704,0,250,0,0,10.0,0.5529144070273909,budget_cv,0.045
db6bbe2e7a,main,books,music,svm,uncertainty,4,500,transfer,0.9019416199628612,0.902,2000,500,0,0,1.0,0.6434779194474322,budget_cv,0.233
db6bbe2e7a,main,books,music,svm,uncertainty,4,500,target_only,0.8010655202917172,0.8012,0,500,0,0,10.0,0.5130598080916345,budget_cv,0.054
db6bbe2e7a,main,books,music,svm,uncertainty,4,1000,transfer,0.9031514052490978,0.9032,2000,1000,0,0,1.0,0.7933216305754849,budget_cv,0.254
db6bbe2e7a,main,books,music,svm,uncertainty,4,1000,target_only,0.8833863825109388,0.8836,0,1000,0,0,1.0,0.6714029904633741,budget_cv,0.07
db6bbe2e7a,main,books,music,svm,uncertainty,4,2000,transfer,0.9083523578897255,0.9084,2000,2000,0,0,1.0,0.8937593999096233,budget_cv,0.283
db6bbe2e7a,main,books,music,svm,uncertainty,4,2000,target_only,0.9010856550172,0.9012,0,2000,0,0,1.0,0.8825386241641177,budget_cv,0.103
db6bbe2e7a,main,books,music,svm,self_training,4,0,uda_self_training,0.8731908833555169,0.8736,2000,0,0,1000,1.0,0.8984818585300174,source_val_fallback,0.103
db6bbe2e7a,main,books,music,svm,self_training,4,50,transfer,0.870148607704516,0.8704,2000,50,0,1000,10.0,0.8161021984551396,budget_cv,0.282
db6bbe2e7a,main,books,music,svm,self_training,4,50,target_only,0.4699043254025213,0.5716,0,50,0,1000,0.01,0.6012265512265512,budget_cv,0.048
db6bbe2e7a,main,books,music,svm,self_training,4,100,transfer,0.8530735317188746,0.8548,2000,100,0,1000,0.1,0.8450059933291642,budget_cv,0.224
db6bbe2e7a,main,books,music,svm,self_training,4,100,target_only,0.47495744391913874,0.5744,0,100,0,1000,0.01,0.634613072282053,budget_cv,0.052
db6bbe2e7a,main,books,music,svm,self_training,4,250,transfer,0.8822039119199384,0.8824,2000,250,0,1000,1.0,0.8708593278821358,budget_cv,0.258
db6bbe2e7a,main,books,music,svm,self_training,4,250,target_only,0.7921618770062553,0.798,0,250,0,1000,1.0,0.8006993448931787,budget_cv,0.057
db6bbe2e7a,main,books,music,svm,self_training,4,500,transfer,0.8843013507036639,0.8844,2000,500,0,1000,10.0,0.8735630508501112,budget_cv,0.313
db6bbe2e7a,main,books,music,svm,self_training,4,500,target_only,0.8434518322268444,0.8448,0,500,0,1000,1.0,0.8418191329959815,budget_cv,0.067
db6bbe2e7a,main,books,music,svm,self_training,4,1000,transfer,0.9015637124469564,0.9016,2000,1000,0,1000,1.0,0.8908129706907034,budget_cv,0.301
db6bbe2e7a,main,books,music,svm,self_training,4,1000,target_only,0.8866689893516906,0.8868,0,1000,0,1000,10.0,0.8585834640512923,budget_cv,0.129
db6bbe2e7a,main,books,music,svm,self_training,4,2000,transfer,0.9079504552530354,0.908,2000,2000,0,1000,10.0,0.8912208672858785,budget_cv,0.366
db6bbe2e7a,main,books,music,svm,self_training,4,2000,target_only,0.9010909785201641,0.9012,0,2000,0,1000,10.0,0.8754735645733732,budget_cv,0.142
db6bbe2e7a,main,books,electronics,logreg,random,4,0,source_only,0.8224045373820245,0.8244,2000,0,0,0,10.0,0.8971092601665851,source_val_fallback,0.106
db6bbe2e7a,main,books,electronics,logreg,random,4,50,transfer,0.8408110340143405,0.8416,2000,50,0,0,10.0,0.9390557055030739,budget_cv,0.359
db6bbe2e7a,main,books,electronics,logreg,random,4,50,target_only,0.774023831030086,0.7744,0,50,0,0,0.01,0.8160427778848831,budget_cv,0.1
db6bbe2e7a,main,books,electronics,logreg,random,4,100,transfer,0.8415416373880656,0.8424,2000,100,0,0,10.0,0.8896344280713352,budget_cv,0.343
db6bbe2e7a,main,books,electronics,logreg,random,4,100,target_only,0.7881164126952941,0.7888,0,100,0,0,0.01,0.777966566001883,budget_cv,0.107
db6bbe2e7a,main,books,electronics,logreg,random,4,250,transfer,0.8630379245584054,0.8632,2000,250,0,0,10.0,0.8517787481669362,budget_cv,0.374
db6bbe2e7a,main,books,electronics,logreg,random,4,250,target_only,0.854729689169558,0.8548,0,250,0,0,1.0,0.7441032776747063,budget_cv,0.113
db6bbe2e7a,main,books,electronics,logreg,random,4,500,transfer,0.8819047490944296,0.882,2000,500,0,0,10.0,0.8838172621725224,budget_cv,0.389
db6bbe2e7a,main,books,electronics,logreg,random,4,500,target_only,0.8744,0.8744,0,500,0,0,10.0,0.8499123331379762,budget_cv,0.132
db6bbe2e7a,main,books,electronics,logreg,random,4,1000,transfer,0.8987611080672752,0.8988,2000,1000,0,0,10.0,0.9088849326835949,budget_cv,0.438
db6bbe2e7a,main,books,electronics,logreg,random,4,1000,target_only,0.8951731643300685,0.8952,0,1000,0,0,10.0,0.8879455956997296,budget_cv,0.158
db6bbe2e7a,main,books,electronics,logreg,random,4,2000,transfer,0.9015772604102452,0.9016,2000,2000,0,0,10.0,0.9069786799638216,budget_cv,0.504
db6bbe2e7a,main,books,electronics,logreg,random,4,2000,target_only,0.9091801068105958,0.9092,0,2000,0,0,10.0,0.8984873638764408,budget_cv,0.221
db6bbe2e7a,main,books,electronics,logreg,uncertainty,4,0,source_only,0.8224045373820245,0.8244,2000,0,0,0,10.0,0.8971092601665851,source_val_fallback,0.103
db6bbe2e7a,main,books,electronics,logreg,uncertainty,4,50,transfer,0.8284579796492904,0.8304,2000,50,0,0,1.0,0.7723440545808966,budget_cv,0.337
db6bbe2e7a,main,books,electronics,logreg,uncertainty,4,50,target_only,0.7430230558588249,0.7444,0,50,0,0,0.1,0.7781905744754042,budget_cv,0.09
db6bbe2e7a,main,books,electronics,logreg,uncertainty,4,100,transfer,0.856480260984632,0.8568,2000,100,0,0,10.0,0.7950066870798578,budget_cv,0.354
db6bbe2e7a,main,books,electronics,logreg,uncertainty,4,100,target_only,0.611768310338566,0.6456,0,100,0,0,0.01,0.6396863947655821,budget_cv,0.102
db6bbe2e7a,main,books,electronics,logreg,uncertainty,4,250,transfer,0.8763667476004346,0.8764,2000,250,0,0,10.0,0.717899430911428,budget_cv,0.36
db6bbe2e7a,main,books,electronics,logreg,uncertainty,4,250,target_only,0.6833154454542523,0.692,0,250,0,0,0.1,0.6915233438486906,budget_cv,0.119
db6bbe2e7a,main,books,electronics,logreg,uncertainty,4,500,transfer,0.8919665355540531,0.892,2000,500,0,0,10.0,0.7287912574661842,budget_cv,0.383
db6bbe2e7a,main,books,electronics,logreg,uncertainty,4,500,target_only,0.7603360105163597,0.7608,0,500,0,0,0.1,0.6884145913511199,budget_cv,0.13
db6bbe2e7a,main,books,electronics,logreg,uncertainty,4,1000,transfer,0.8959759662872511,0.896,2000,1000,0,0,10.0,0.8099230371351614,budget_cv,0.416
db6bbe2e7a,main,books,electronics,logreg,uncertainty,4,1000,target_only,0.8827995311981248,0.8828,0,1000,0,0,10.0,0.7500325250941705,budget_cv,0.17
db6bbe2e7a,main,books,electronics,logreg,uncertainty,4,2000,transfer,0.9015772604102452,0.9016,2000,2000,0,0,10.0,0.9124830048358152,budget_cv,0.5
db6bbe2e7a,main,books,electronics,logreg,uncertainty,4,2000,target_only,0.9091801068105958,0.9092,0,2000,0,0,10.0,0.9024808749948484,budget_cv,0.223
db6bbe2e7a,main,books,electronics,logreg,self_training,4,0,uda_self_training,0.8173004709080363,0.8208,2000,0,0,1000,10.0,0.8971092601665851,source_val_fallback,0.209
db6bbe2e7a,main,books,electronics,logreg,self_training,4,50,transfer,0.8528077427159997,0.854,2000,50,0,1000,10.0,0.9390557055030739,budget_cv,0.463
db6bbe2e7a,main,books,electronics,logreg,self_training,4,50,target_only,0.6369127587341861,0.674,0,50,0,1000,0.01,0.8160427778848831,budget_cv,0.119
db6bbe2e7a,main,books,electronics,logreg,self_training,4,100,transfer,0.8483607800321475,0.8496,2000,100,0,1000,10.0,0.8896344280713352,budget_cv,0.449
db6bbe2e7a,main,books,electronics,logreg,self_training,4,100,target_only,0.6732202369951689,0.7004,0,100,0,1000,0.01,0.777966566001883,budget_cv,0.125
db6bbe2e7a,main,books,electronics,logreg,self_training,4,250,transfer,0.8774411637482177,0.8776,2000,250,0,1000,10.0,0.8517787481669362,budget_cv,0.48
db6bbe2e7a,main,books,electronics,logreg,self_training,4,250,target_only,0.8291921018427892,0.8292,0,250,0,1000,1.0,0.7441032776747063,budget_cv,0.148
db6bbe2e7a,main,books,electronics,logreg,self_training,4,500,transfer,0.8891054468682177,0.8892,2000,500,0,1000,10.0,0.8838172621725224,budget_cv,0.508
db6bbe2e7a,main,books,electronics,logreg,self_training,4,500,target_only,0.8779913910725541,0.878,0,500,0,1000,10.0,0.8499123331379762,budget_cv,0.185
db6bbe2e7a,main,books,electronics,logreg,self_training,4,1000,transfer,0.9003517702568042,0.9004,2000,1000,0,1000,10.0,0.9088849326835949,budget_cv,0.573
db6bbe2e7a,main,books,electronics,logreg,self_training,4,1000,target_only,0.8903719352154151,0.8904,0,1000,0,1000,10.0,0.8879455956997296,budget_cv,0.216
db6bbe2e7a,main,books,electronics,logreg,self_training,4,2000,transfer,0.9039822405552131,0.904,2000,2000,0,1000,10.0,0.9069786799638216,budget_cv,0.659
db6bbe2e7a,main,books,electronics,logreg,self_training,4,2000,target_only,0.9075857903911306,0.9076,0,2000,0,1000,10.0,0.8984873638764408,budget_cv,0.304
db6bbe2e7a,main,books,electronics,svm,random,4,0,source_only,0.8255655069357093,0.8272,2000,0,0,0,1.0,0.8978081063330031,source_val_fallback,0.061
db6bbe2e7a,main,books,electronics,svm,random,4,50,transfer,0.801870343953083,0.8048,2000,50,0,0,0.01,0.9191726645674013,budget_cv,0.184
db6bbe2e7a,main,books,electronics,svm,random,4,50,target_only,0.7183755506499101,0.7264,0,50,0,0,0.01,0.7564754086493216,budget_cv,0.038
db6bbe2e7a,main,books,electronics,svm,random,4,100,transfer,0.845241684252839,0.846,2000,100,0,0,1.0,0.8800108932461873,budget_cv,0.206
db6bbe2e7a,main,books,electronics,svm,random,4,100,target_only,0.7911353020711696,0.7912,0,100,0,0,0.01,0.7437235851016686,budget_cv,0.04
db6bbe2e7a,main,books,electronics,svm,random,4,250,transfer,0.8642503713292939,0.8644,2000,250,0,0,1.0,0.8596701743946212,budget_cv,0.217
db6bbe2e7a,main,books,electronics,svm,random,4,250,target_only,0.8571857185718572,0.8572,0,250,0,0,0.01,0.7473238499420359,budget_cv,0.047
db6bbe2e7a,main,books,electronics,svm,random,4,500,transfer,0.8827207192061834,0.8828,2000,500,0,0,1.0,0.8857700067947579,budget_cv,0.226
db6bbe2e7a,main,books,electronics,svm,random,4,500,target_only,0.8763955502398086,0.8764,0,500,0,0,10.0,0.8559241559263316,budget_cv,0.055
db6bbe2e7a,main,books,electronics,svm,random,4,1000,transfer,0.8931555356076986,0.8932,2000,1000,0,0,1.0,0.9059496841010534,budget_cv,0.258
db6bbe2e7a,main,books,electronics,svm,random,4,1000,target_only,0.8943729594776263,0.8944,0,1000,0,0,1.0,0.8849467181329432,budget_cv,0.07
db6bbe2e7a,main,books,electronics,svm,random,4,2000,transfer,0.9003705256162984,0.9004,2000,2000,0,0,1.0,0.9039781850962455,budget_cv,0.314
db6bbe2e7a,main,books,electronics,svm,random,4,2000,target_only,0.9087810848457536,0.9088,0,2000,0,0,1.0,0.8984875910422224,budget_cv,0.136
db6bbe2e7a,main,books,electronics,svm,uncertainty,4,0,source_only,0.8255655069357093,0.8272,2000,0,0,0,1.0,0.8978081063330031,source_val_fallback,0.063
db6bbe2e7a,main,books,electronics,svm,uncertainty,4,50,transfer,0.8530532648681668,0.8532,2000,50,0,0,1.0,0.8441923696271522,budget_cv,0.209
db6bbe2e7a,main,books,electronics,svm,uncertainty,4,50,target_only,0.5117348743955655,0.586,0,50,0,0,0.01,0.5329249294766537,budget_cv,0.041
db6bbe2e7a,main,books,electronics,svm,uncertainty,4,100,transfer,0.8422546047606838,0.8428,2000,100,0,0,0.1,0.6491224977349266,budget_cv,0.202
db6bbe2e7a,main,books,electronics,svm,uncertainty,4,100,target_only,0.5839556143136411,0.6272,0,100,0,0,0.01,0.5973815757631924,budget_cv,0.042
db6bbe2e7a,main,books,electronics,svm,uncertainty,4,250,transfer,0.8783389553542384,0.8784,2000,250,0,0,1.0,0.6314170695693667,budget_cv,0.222
db6bbe2e7a,main,books,electronics,svm,uncertainty,4,250,target_only,0.746306308872514,0.7492,0,250,0,0,0.01,0.6616698875254747,budget_cv,0.046
db6bbe2e7a,main,books,electronics,svm,uncertainty,4,500,transfer,0.8883728344129828,0.8884,2000,500,0,0,1.0,0.6581093966342183,budget_cv,0.232
db6bbe2e7a,main,books,electronics,svm,uncertainty,4,500,target_only,0.8046194370989894,0.8048,0,500,0,0,0.01,0.6049746202952945,budget_cv,0.055
db6bbe2e7a,main,books,electronics,svm,uncertainty,4,1000,transfer,0.8955691051640717,0.8956,2000,1000,0,0,1.0,0.8049232874944569,budget_cv,0.261
db6bbe2e7a,main,books,electronics,svm,uncertainty,4,1000,target_only,0.8823993226200983,0.8824,0,1000,0,0,10.0,0.7188150359343206,budget_cv,0.08
db6bbe2e7a,main,books,electronics,svm,uncertainty,4,2000,transfer,0.9003705256162984,0.9004,2000,2000,0,0,1.0,0.9129891355281848,budget_cv,0.315
db6bbe2e7a,main,books,electronics,svm,uncertainty,4,2000,target_only,0.9087810848457536,0.9088,0,2000,0,0,1.0,0.906973548702395,budget_cv,0.106
db6bbe2e7a,main,books,electronics,svm,self_training,4,0,uda_self_training,0.8310037244023327,0.8332,2000,0,0,1000,1.0,0.8978081063330031,source_val_fallback,0.102
db6bbe2e7a,main,books,electronics,svm,self_training,4,50,transfer,0.7433653181189488,0.7568,2000,50,0,1000,0.01,0.9191726645674013,budget_cv,0.229
db6bbe2e7a,main,books,electronics,svm,self_training,4,50,target_only,0.5129819937066082,0.5892,0,50,0,1000,0.01,0.7564754086493216,budget_cv,0.046
db6bbe2e7a,main,books,electronics,svm,self_training,4,100,transfer,0.851908226884323,0.8528,2000,100,0,1000,1.0,0.8800108932461873,budget_cv,0.247
db6bbe2e7a,main,books,electronics,svm,self_training,4,100,target_only,0.7914675735679185,0.7916,0,100,0,1000,0.01,0.7437235851016686,budget_cv,0.05
db6bbe2e7a,main,books,electronics,svm,self_training,4,250,transfer,0.8714370644780369,0.8716,2000,250,0,1000,1.0,0.8596701743946212,budget_cv,0.261
db6bbe2e7a,main,books,electronics,svm,self_training,4,250,target_only,0.8099744301593222,0.81,0,250,0,1000,0.01,0.7473238499420359,budget_cv,0.053
db6bbe2e7a,main,books,electronics,svm,self_training,4,500,transfer,0.8843398752407452,0.8844,2000,500,0,1000,1.0,0.8857700067947579,budget_cv,0.278
db6bbe2e7a,main,books,electronics,svm,self_training,4,500,target_only,0.8823981183698939,0.8824,0,500,0,1000,10.0,0.8559241559263316,budget_cv,0.074
db6bbe2e7a,main,books,electronics,svm,self_training,4,1000,transfer,0.8943577430972389,0.8944,2000,1000,0,1000,1.0,0.9059496841010534,budget_cv,0.317
db6bbe2e7a,main,books,electronics,svm,self_training,4,1000,target_only,0.8975653197146426,0.8976,0,1000,0,1000,1.0,0.8849467181329432,budget_cv,0.092
db6bbe2e7a,main,books,electronics,svm,self_training,4,2000,transfer,0.9003705256162984,0.9004,2000,2000,0,1000,1.0,0.9039781850962455,budget_cv,0.37
db6bbe2e7a,main,books,electronics,svm,self_training,4,2000,target_only,0.9083799315402046,0.9084,0,2000,0,1000,1.0,0.8984875910422224,budget_cv,0.148
db6bbe2e7a,main,books,clothing,logreg,random,4,0,source_only,0.8542025552684467,0.8544,2000,0,0,0,10.0,0.9017921922788621,source_val_fallback,0.098
db6bbe2e7a,main,books,clothing,logreg,random,4,50,transfer,0.8558372460172636,0.856,2000,50,0,0,1.0,0.7986772486772487,budget_cv,0.317
db6bbe2e7a,main,books,clothing,logreg,random,4,50,target_only,0.7773251946096826,0.78,0,50,0,0,0.01,0.679027454027454,budget_cv,0.095
db6bbe2e7a,main,books,clothing,logreg,random,4,100,transfer,0.8763357143577517,0.8764,2000,100,0,0,10.0,0.7976536374102298,budget_cv,0.337
db6bbe2e7a,main,books,clothing,logreg,random,4,100,target_only,0.8336953565018543,0.834,0,100,0,0,1.0,0.7666690161619168,budget_cv,0.096
db6bbe2e7a,main,books,clothing,logreg,random,4,250,transfer,0.8811465825200477,0.8812,2000,250,0,0,10.0,0.8325888356754746,budget_cv,0.356
db6bbe2e7a,main,books,clothing,logreg,random,4,250,target_only,0.8779568650743919,0.878,0,250,0,0,0.1,0.8182627567343669,budget_cv,0.111
db6bbe2e7a,main,books,clothing,logreg,random,4,500,transfer,0.8947962126636559,0.8948,2000,500,0,0,10.0,0.8940092954887741,budget_cv,0.38
db6bbe2e7a,main,books,clothing,logreg,random,4,500,target_only,0.8927931387608807,0.8928,0,500,0,0,0.1,0.8819506545285409,budget_cv,0.127
db6bbe2e7a,main,books,clothing,logreg,random,4,1000,transfer,0.9023969391680122,0.9024,2000,1000,0,0,10.0,0.8909815285714237,budget_cv,0.419
db6bbe2e7a,main,books,clothing,logreg,random,4,1000,target_only,0.9071899616662538,0.9072,0,1000,0,0,1.0,0.8889322420283055,budget_cv,0.146
db6bbe2e7a,main,books,clothing,logreg,random,4,2000,transfer,0.9219978908229678,0.922,2000,2000,0,0,10.0,0.9119494745650009,budget_cv,0.474
db6bbe2e7a,main,books,clothing,logreg,random,4,2000,target_only,0.9187999870079979,0.9188,0,2000,0,0,10.0,0.9139641521583247,budget_cv,0.204
db6bbe2e7a,main,books,clothing,logreg,uncertainty,4,0,source_only,0.8542025552684467,0.8544,2000,0,0,0,10.0,0.9017921922788621,source_val_fallback,0.096
db6bbe2e7a,main,books,clothing,logreg,uncertainty,4,50,transfer,0.8699615294188632,0.87,2000,50,0,0,10.0,0.7156084656084656,budget_cv,0.336
db6bbe2e7a,main,books,clothing,logreg,uncertainty,4,50,target_only,0.7021131889552943,0.7152,0,50,0,0,0.1,0.6142080142080142,budget_cv,0.09
db6bbe2e7a,main,books,clothing,logreg,uncertainty,4,100,transfer,0.8795814844490488,0.8796,2000,100,0,0,10.0,0.7639909797804535,budget_cv,0.333
db6bbe2e7a,main,books,clothing,logreg,uncertainty,4,100,target_only,0.662694923654261,0.6756,0,100,0,0,1.0,0.6615369059656219,budget_cv,0.105
db6bbe2e7a,main,books,clothing,logreg,uncertainty,4,250,transfer,0.8963999834239973,0.8964,2000,250,0,0,10.0,0.67919173099265,budget_cv,0.367
db6bbe2e7a,main,books,clothing,logreg,uncertainty,4,250,target_only,0.7188041482525502,0.7196,0,250,0,0,10.0,0.6937979614813647,budget_cv,0.125
db6bbe2e7a,main,books,clothing,logreg,uncertainty,4,500,transfer,0.9031997521913656,0.9032,2000,500,0,0,10.0,0.6976157520097898,budget_cv,0.396
db6bbe2e7a,main,books,clothing,logreg,uncertainty,4,500,target_only,0.7711998535679063,0.7712,0,500,0,0,1.0,0.6543859554344018,budget_cv,0.129
db6bbe2e7a,main,books,clothing,logreg,uncertainty,4,1000,transfer,0.9167997870074547,0.9168,2000,1000,0,0,10.0,0.8253484692037647,budget_cv,0.418
db6bbe2e7a,main,books,clothing,logreg,uncertainty,4,1000,target_only,0.9011999841919975,0.9012,0,1000,0,0,10.0,0.7772471517955394,budget_cv,0.153
db6bbe2e7a,main,books,clothing,logreg,uncertainty,4,2000,transfer,0.9219978908229678,0.922,2000,2000,0,0,10.0,0.9094557353914677,budget_cv,0.475
db6bbe2e7a,main,books,clothing,logreg,uncertainty,4,2000,target_only,0.9187999870079979,0.9188,0,2000,0,0,10.0,0.908951730233305,budget_cv,0.204
db6bbe2e7a,main,books,clothing,logreg,self_training,4,0,uda_self_training,0.8700699569017234,0.8704,2000,0,0,1000,10.0,0.9017921922788621,source_val_fallback,0.202
db6bbe2e7a,main,books,clothing,logreg,self_training,4,50,transfer,0.8802979372332025,0.8804,2000,50,0,1000,1.0,0.7986772486772487,budget_cv,0.385
db6bbe2e7a,main,books,clothing,logreg,self_training,4,50,target_only,0.5978270284985955,0.6412,0,50,0,1000,0.01,0.679027454027454,budget_cv,0.107
db6bbe2e7a,main,books,clothing,logreg,self_training,4,100,transfer,0.8835588450381903,0.8836,2000,100,0,1000,10.0,0.7976536374102298,budget_cv,0.438
db6bbe2e7a,main,books,clothing,logreg,self_training,4,100,target_only,0.8426448829084261,0.844,0,100,0,1000,1.0,0.7666690161619168,budget_cv,0.122
db6bbe2e7a,main,books,clothing,logreg,self_training,4,250,transfer,0.8923738080899368,0.8924,2000,250,0,1000,10.0,0.8325888356754746,budget_cv,0.467
db6bbe2e7a,main,books,clothing,logreg,self_training,4,250,target_only,0.8658521368593318,0.866,0,250,0,1000,0.1,0.8182627567343669,budget_cv,0.133
db6bbe2e7a,main,books,clothing,logreg,self_training,4,500,transfer,0.8975997378553289,0.8976,2000,500,0,1000,10.0,0.8940092954887741,budget_cv,0.492
db6bbe2e7a,main,books,clothing,logreg,self_training,4,500,target_only,0.8675311373864589,0.8676,0,500,0,1000,0.1,0.8819506545285409,budget_cv,0.153
db6bbe2e7a,main,books,clothing,logreg,self_training,4,1000,transfer,0.909196731082319,0.9092,2000,1000,0,1000,10.0,0.8909815285714237,budget_cv,0.54
db6bbe2e7a,main,books,clothing,logreg,self_training,4,1000,target_only,0.9031984511752188,0.9032,0,1000,0,1000,1.0,0.8889322420283055,budget_cv,0.188
db6bbe2e7a,main,books,clothing,logreg,self_training,4,2000,transfer,0.9223959770074481,0.9224,2000,2000,0,1000,10.0,0.9119494745650009,budget_cv,0.62
db6bbe2e7a,main,books,clothing,logreg,self_training,4,2000,target_only,0.9179989372662269,0.918,0,2000,0,1000,10.0,0.9139641521583247,budget_cv,0.273
db6bbe2e7a,main,books,clothing,svm,random,4,0,source_only,0.8594596620401268,0.8596,2000,0,0,0,1.0,0.8991665772595479,source_val_fallback,0.055
db6bbe2e7a,main,books,clothing,svm,random,4,50,transfer,0.865594494750505,0.8656,2000,50,0,0,10.0,0.8599349051361435,budget_cv,0.204
db6bbe2e7a,main,books,clothing,svm,random,4,50,target_only,0.7616064145621106,0.7668,0,50,0,0,0.01,0.6622529644268774,budget_cv,0.037
db6bbe2e7a,main,books,clothing,svm,random,4,100,transfer,0.8763667476004346,0.8764,2000,100,0,0,1.0,0.7976536374102298,budget_cv,0.199
db6bbe2e7a,main,books,clothing,svm,random,4,100,target_only,0.8304536099432585,0.8308,0,100,0,0,10.0,0.7765836271676093,budget_cv,0.039
db6bbe2e7a,main,books,clothing,svm,random,4,250,transfer,0.8803839044581838,0.8804,2000,250,0,0,10.0,0.8456872079032518,budget_cv,0.211
db6bbe2e7a,main,books,clothing,svm,random,4,250,target_only,0.878767393278096,0.8788,0,250,0,0,0.01,0.8182627567343669,budget_cv,0.041
db6bbe2e7a,main,books,clothing,svm,random,4,500,transfer,0.8927982847725564,0.8928,2000,500,0,0,1.0,0.8980073771346345,budget_cv,0.212
db6bbe2e7a,main,books,clothing,svm,random,4,500,target_only,0.8919916358322788,0.892,0,500,0,0,0.01,0.8819506545285409,budget_cv,0.048
db6bbe2e7a,main,books,clothing,svm,random,4,1000,transfer,0.8955995823983296,0.8956,2000,1000,0,0,10.0,0.8959707497593558,budget_cv,0.3
db6bbe2e7a,main,books,clothing,svm,random,4,1000,target_only,0.9019917045778755,0.902,0,1000,0,0,1.0,0.8909150774524922,budget_cv,0.068
db6bbe2e7a,main,books,clothing,svm,random,4,2000,transfer,0.9179962081446646,0.918,2000,2000,0,0,1.0,0.9084435048439848,budget_cv,0.345
db6bbe2e7a,main,books,clothing,svm,random,4,2000,target_only,0.9195993696590581,0.9196,0,2000,0,0,0.1,0.9144475445619031,budget_cv,0.134
db6bbe2e7a,main,books,clothing,svm,uncertainty,4,0,source_only,0.8594596620401268,0.8596,2000,0,0,0,1.0,0.8991665772595479,source_val_fallback,0.055
db6bbe2e7a,main,books,clothing,svm,uncertainty,4,50,transfer,0.868799244283647,0.8688,2000,50,0,0,1.0,0.6128069914834621,budget_cv,0.188
db6bbe2e7a,main,books,clothing,svm,uncertainty,4,50,target_only,0.6074016143228238,0.6388,0,50,0,0,0.01,0.6026936026936027,budget_cv,0.037
db6bbe2e7a,main,books,clothing,svm,uncertainty,4,100,transfer,0.8763955502398086,0.8764,2000,100,0,0,1.0,0.6547873348948617,budget_cv,0.193
db6bbe2e7a,main,books,clothing,svm,uncertainty,4,100,target_only,0.7253847016060591,0.7256,0,100,0,0,0.1,0.6863536173881002,budget_cv,0.038
db6bbe2e7a,main,books,clothing,svm,uncertainty,4,250,transfer,0.8975997378553289,0.8976,2000,250,0,0,1.0,0.6135808382330507,budget_cv,0.205
db6bbe2e7a,main,books,clothing,svm,uncertainty,4,250,target_only,0.7515012530749716,0.752,0,250,0,0,0.1,0.6399929211230604,budget_cv,0.043
db6bbe2e7a,main,books,clothing,svm,uncertainty,4,500,transfer,0.9011987195354052,0.9012,2000,500,0,0,10.0,0.6469292846000815,budget_cv,0.217
db6bbe2e7a,main,books,clothing,svm,uncertainty,4,500,target_only,0.8051618117150962,0.8052,0,500,0,0,0.1,0.6101762933629928,budget_cv,0.05
db6bbe2e7a,main,books,clothing,svm,uncertainty,4,1000,transfer,0.9139939314118004,0.914,2000,1000,0,0,10.0,0.8137588834127962,budget_cv,0.413
db6bbe2e7a,main,books,clothing,svm,uncertainty,4,1000,target_only,0.9107982730545663,0.9108,0,1000,0,0,1.0,0.7502092620459401,budget_cv,0.098
db6bbe2e7a,main,books,clothing,svm,uncertainty,4,2000,transfer,0.9179962081446646,0.918,2000,2000,0,0,1.0,0.9094577311069818,budget_cv,0.313
db6bbe2e7a,main,books,clothing,svm,uncertainty,4,2000,target_only,0.917999671998688,0.918,0,2000,0,0,1.0,0.9089210982832873,budget_cv,0.115
db6bbe2e7a,main,books,clothing,svm,self_training,4,0,uda_self_training,0.8669785672021073,0.8672,2000,0,0,1000,1.0,0.8991665772595479,source_val_fallback,0.092
db6bbe2e7a,main,books,clothing,svm,self_training,4,50,transfer,0.8695858944103394,0.8696,2000,50,0,1000,10.0,0.8599349051361435,budget_cv,0.272
db6bbe2e7a,main,books,clothing,svm,self_training,4,50,target_only,0.5434555754323196,0.608,0,50,0,1000,0.01,0.6622529644268774,budget_cv,0.045
db6bbe2e7a,main,books,clothing,svm,self_training,4,100,transfer,0.8843480213747267,0.8844,2000,100,0,1000,1.0,0.7976536374102298,budget_cv,0.233
db6bbe2e7a,main,books,clothing,svm,self_training,4,100,target_only,0.8657793637781099,0.8664,0,100,0,1000,10.0,0.7765836271676093,budget_cv,0.051
db6bbe2e7a,main,books,clothing,svm,self_training,4,250,transfer,0.881184012120671,0.8812,2000,250,0,1000,10.0,0.8456872079032518,budget_cv,0.267
db6bbe2e7a,main,books,clothing,svm,self_training,4,250,target_only,0.8647271907631564,0.8648,0,250,0,1000,0.01,0.8182627567343669,budget_cv,0.049
db6bbe2e7a,main,books,clothing,svm,self_training,4,500,transfer,0.8931986158540615,0.8932,2000,500,0,1000,1.0,0.8980073771346345,budget_cv,0.243
db6bbe2e7a,main,books,clothing,svm,self_training,4,500,target_only,0.8646998995737006,0.8648,0,500,0,1000,0.01,0.8819506545285409,budget_cv,0.056
db6bbe2e7a,main,books,clothing,svm,self_training,4,1000,transfer,0.8959997337593184,0.896,2000,1000,0,1000,10.0,0.8959707497593558,budget_cv,0.401
db6bbe2e7a,main,books,clothing,svm,self_training,4,1000,target_only,0.9039950231019975,0.904,0,1000,0,1000,1.0,0.8909150774524922,budget_cv,0.085
db6bbe2e7a,main,books,clothing,svm,self_training,4,2000,transfer,0.918394777265745,0.9184,2000,2000,0,1000,1.0,0.9084435048439848,budget_cv,0.375
db6bbe2e7a,main,books,clothing,svm,self_training,4,2000,target_only,0.9175847564765579,0.9176,0,2000,0,1000,0.1,0.9144475445619031,budget_cv,0.145
db6bbe2e7a,main,music,books,logreg,random,4,0,source_only,0.8237735979305916,0.826,2000,0,0,0,10.0,0.8772075939094968,source_val_fallback,0.086
db6bbe2e7a,main,music,books,logreg,random,4,50,transfer,0.8477864771251262,0.8488,2000,50,0,0,10.0,0.7792386103598918,budget_cv,0.296
db6bbe2e7a,main,music,books,logreg,random,4,50,target_only,0.7371794871794872,0.7376,0,50,0,0,0.1,0.7199074074074074,budget_cv,0.095
db6bbe2e7a,main,music,books,logreg,random,4,100,transfer,0.8541491786308537,0.8548,2000,100,0,0,10.0,0.8333108412055781,budget_cv,0.302
db6bbe2e7a,main,music,books,logreg,random,4,100,target_only,0.7557678746831644,0.758,0,100,0,0,0.1,0.7258241462988156,budget_cv,0.099
db6bbe2e7a,main,music,books,logreg,random,4,250,transfer,0.872506254410161,0.8728,2000,250,0,0,10.0,0.8439501166687323,budget_cv,0.309
db6bbe2e7a,main,music,books,logreg,random,4,250,target_only,0.8380014576660919,0.8384,0,250,0,0,1.0,0.7974449096038247,budget_cv,0.112
db6bbe2e7a,main,music,books,logreg,random,4,500,transfer,0.8823023768834822,0.8824,2000,500,0,0,10.0,0.8632351263324939,budget_cv,0.324
db6bbe2e7a,main,music,books,logreg,random,4,500,target_only,0.8638605932474854,0.864,0,500,0,0,10.0,0.8226422140256237,budget_cv,0.144
db6bbe2e7a,main,music,books,logreg,random,4,1000,transfer,0.9035996143984576,0.9036,2000,1000,0,0,10.0,0.8762579449214462,budget_cv,0.377
db6bbe2e7a,main,music,books,logreg,random,4,1000,target_only,0.8915970687847399,0.8916,0,1000,0,0,10.0,0.8765033379070878,budget_cv,0.186
db6bbe2e7a,main,music,books,logreg,random,4,2000,transfer,0.9103990824866046,0.9104,2000,2000,0,0,10.0,0.9003502290224984,budget_cv,0.483
db6bbe2e7a,main,music,books,logreg,random,4,2000,target_only,0.9039994470368149,0.904,0,2000,0,0,10.0,0.8883747402456708,budget_cv,0.261
db6bbe2e7a,main,music,books,logreg,uncertainty,4,0,source_only,0.8237735979305916,0.826,2000,0,0,0,10.0,0.8772075939094968,source_val_fallback,0.085
db6bbe2e7a,main,music,books,logreg,uncertainty,4,50,transfer,0.8395346601908553,0.8408,2000,50,0,0,10.0,0.7775988173046997,budget_cv,0.296
db6bbe2e7a,main,music,books,logreg,uncertainty,4,50,target_only,0.6844688140375632,0.69,0,50,0,0,0.1,0.6900978291138474,budget_cv,0.094
db6bbe2e7a,main,music,books,logreg,uncertainty,4,100,transfer,0.8509819685771983,0.8516,2000,100,0,0,1.0,0.7014705907012949,budget_cv,0.292
db6bbe2e7a,main,music,books,logreg,uncertainty,4,100,target_only,0.6187380106565765,0.6488,0,100,0,0,0.01,0.5376991921714577,budget_cv,0.108
db6bbe2e7a,main,music,books,logreg,uncertainty,4,250,transfer,0.8951613522809049,0.8952,2000,250,0,0,10.0,0.6553516681350801,budget_cv,0.32
db6bbe2e7a,main,music,books,logreg,uncertainty,4,250,target_only,0.6080553410128269,0.6412,0,250,0,0,0.01,0.5535878686870922,budget_cv,0.114
db6bbe2e7a,main,music,books,logreg,uncertainty,4,500,transfer,0.9043790551882485,0.9044,2000,500,0,0,10.0,0.6854772008833546,budget_cv,0.336
db6bbe2e7a,main,music,books,logreg,uncertainty,4,500,target_only,0.7494322736683869,0.75,0,500,0,0,10.0,0.6073955254435343,budget_cv,0.139
db6bbe2e7a,main,music,books,logreg,uncertainty,4,1000,transfer,0.911199772671418,0.9112,2000,1000,0,0,10.0,0.7938310606385107,budget_cv,0.405
db6bbe2e7a,main,music,books,logreg,uncertainty,4,1000,target_only,0.8707994831979329,0.8708,0,1000,0,0,10.0,0.6956961603097409,budget_cv,0.186
db6bbe2e7a,main,music,books,logreg,uncertainty,4,2000,transfer,0.9103990824866046,0.9104,2000,2000,0,0,10.0,0.8953576466089083,budget_cv,0.483
db6bbe2e7a,main,music,books,logreg,uncertainty,4,2000,target_only,0.9039994470368149,0.904,0,2000,0,0,10.0,0.8833894802616857,budget_cv,0.259
db6bbe2e7a,main,music,books,logreg,self_training,4,0,uda_self_training,0.7620617293121379,0.7704,2000,0,0,1000,10.0,0.8772075939094968,source_val_fallback,0.188
db6bbe2e7a,main,music,books,logreg,self_training,4,50,transfer,0.8206517046365673,0.8232,2000,50,0,1000,10.0,0.7792386103598918,budget_cv,0.395
db6bbe2e7a,main,music,books,logreg,self_training,4,50,target_only,0.8003993935989289,0.8008,0,50,0,1000,0.1,0.7199074074074074,budget_cv,0.118
db6bbe2e7a,main,music,books,logreg,self_training,4,100,transfer,0.8384356434235876,0.84,2000,100,0,1000,10.0,0.8333108412055781,budget_cv,0.403
db6bbe2e7a,main,music,books,logreg,self_training,4,100,target_only,0.5456672979109597,0.608,0,100,0,1000,0.1,0.7258241462988156,budget_cv,0.127
db6bbe2e7a,main,music,books,logreg,self_training,4,250,transfer,0.8650610213338525,0.8656,2000,250,0,1000,10.0,0.8439501166687323,budget_cv,0.411
db6bbe2e7a,main,music,books,logreg,self_training,4,250,target_only,0.7377606658980973,0.748,0,250,0,1000,1.0,0.7974449096038247,budget_cv,0.154
db6bbe2e7a,main,music,books,logreg,self_training,4,500,transfer,0.8834245025831688,0.8836,2000,500,0,1000,10.0,0.8632351263324939,budget_cv,0.449
db6bbe2e7a,main,music,books,logreg,self_training,4,500,target_only,0.845859794068685,0.8464,0,500,0,1000,10.0,0.8226422140256237,budget_cv,0.201
db6bbe2e7a,main,music,books,logreg,self_training,4,1000,transfer,0.9047990251420175,0.9048,2000,1000,0,1000,10.0,0.8762579449214462,budget_cv,0.493
db6bbe2e7a,main,music,books,logreg,self_training,4,1000,target_only,0.8867867948117469,0.8868,0,1000,0,1000,10.0,0.8765033379070878,budget_cv,0.255
db6bbe2e7a,main,music,books,logreg,self_training,4,2000,transfer,0.9123996495985984,0.9124,2000,2000,0,1000,10.0,0.9003502290224984,budget_cv,0.633
db6bbe2e7a,main,music,books,logreg,self_training,4,2000,target_only,0.9035998611838001,0.9036,0,2000,0,1000,10.0,0.8883747402456708,budget_cv,0.36
db6bbe2e7a,main,music,books,svm,random,4,0,source_only,0.8281266909300554,0.83,2000,0,0,0,1.0,0.8792246355052881,source_val_fallback,0.046
db6bbe2e7a,main,music,books,svm,random,4,50,transfer,0.8532389443212614,0.8536,2000,50,0,0,10.0,0.7609621499781682,budget_cv,0.159
db6bbe2e7a,main,music,books,svm,random,4,50,target_only,0.7344140355201569,0.7352,0,50,0,0,0.01,0.698665577342048,budget_cv,0.038
db6bbe2e7a,main,music,books,svm,random,4,100,transfer,0.8587820853521076,0.8592,2000,100,0,0,1.0,0.853509135589919,budget_cv,0.157
db6bbe2e7a,main,music,books,svm,random,4,100,target_only,0.7596463153256756,0.7612,0,100,0,0,0.01,0.7094218608852755,budget_cv,0.041
db6bbe2e7a,main,music,books,svm,random,4,250,transfer,0.8770224203750215,0.8772,2000,250,0,0,1.0,0.8567064448717719,budget_cv,0.167
db6bbe2e7a,main,music,books,svm,random,4,250,target_only,0.8371036483005176,0.8376,0,250,0,0,10.0,0.8016652892066535,budget_cv,0.047
db6bbe2e7a,main,music,books,svm,random,4,500,transfer,0.888345959444371,0.8884,2000,500,0,0,1.0,0.8656390876104082,budget_cv,0.183
db6bbe2e7a,main,music,books,svm,random,4,500,target_only,0.865097236470854,0.8652,0,500,0,0,1.0,0.8245926466384393,budget_cv,0.057
db6bbe2e7a,main,music,books,svm,random,4,1000,transfer,0.9007997460473499,0.9008,2000,1000,0,0,1.0,0.8793687915286496,budget_cv,0.211
db6bbe2e7a,main,music,books,svm,random,4,1000,target_only,0.8919988940686753,0.892,0,1000,0,0,1.0,0.8724505973575128,budget_cv,0.081
db6bbe2e7a,main,music,books,svm,random,4,2000,transfer,0.9083975230690238,0.9084,2000,2000,0,0,1.0,0.8993584949253486,budget_cv,0.276
db6bbe2e7a,main,music,books,svm,random,4,2000,target_only,0.9067981956130671,0.9068,0,2000,0,0,1.0,0.8863770610081131,budget_cv,0.146
db6bbe2e7a,main,music,books,svm,uncertainty,4,0,source_only,0.8281266909300554,0.83,2000,0,0,0,1.0,0.8792246355052881,source_val_fallback,0.045
db6bbe2e7a,main,music,books,svm,uncertainty,4,50,transfer,0.8526624891865509,0.8532,2000,50,0,0,1.0,0.8315132751665258,budget_cv,0.148
db6bbe2e7a,main,music,books,svm,uncertainty,4,50,target_only,0.5627169898965603,0.6108,0,50,0,0,0.01,0.5448020498020497,budget_cv,0.038
db6bbe2e7a,main,music,books,svm,uncertainty,4,100,transfer,0.8743919610855095,0.8744,2000,100,0,0,1.0,0.7494270505034025,budget_cv,0.156
db6bbe2e7a,main,music,books,svm,uncertainty,4,100,target_only,0.4894041769041769,0.5744,0,100,0,0,0.01,0.5037659508247744,budget_cv,0.04
db6bbe2e7a,main,music,books,svm,uncertainty,4,250,transfer,0.8923400377074016,0.8924,2000,250,0,0,1.0,0.6422477095941209,budget_cv,0.168
db6bbe2e7a,main,music,books,svm,uncertainty,4,250,target_only,0.6300355628315228,0.6416,0,250,0,0,0.1,0.5505630297617972,budget_cv,0.048
db6bbe2e7a,main,music,books,svm,uncertainty,4,500,transfer,0.9011973283757593,0.9012,2000,500,0,0,1.0,0.6396703411725747,budget_cv,0.191
db6bbe2e7a,main,music,books,svm,uncertainty,4,500,target_only,0.7832175958390601,0.7836,0,500,0,0,10.0,0.6120721171782028,budget_cv,0.06
db6bbe2e7a,main,music,books,svm,uncertainty,4,1000,transfer,0.906397843406312,0.9064,2000,1000,0,0,1.0,0.7848480852650931,budget_cv,0.229
db6bbe2e7a,main,music,books,svm,uncertainty,4,1000,target_only,0.8907853040705158,0.8908,0,1000,0,0,1.0,0.6888462955765959,budget_cv,0.088
db6bbe2e7a,main,music,books,svm,uncertainty,4,2000,transfer,0.9083975230690238,0.9084,2000,2000,0,0,1.0,0.8924186322671024,budget_cv,0.278
db6bbe2e7a,main,music,books,svm,uncertainty,4,2000,target_only,0.9067981956130671,0.9068,0,2000,0,0,1.0,0.8854299813826648,budget_cv,0.154
db6bbe2e7a,main,music,books,svm,self_training,4,0,uda_self_training,0.8154134186475708,0.8184,2000,0,0,1000,1.0,0.8792246355052881,source_val_fallback,0.077
db6bbe2e7a,main,music,books,svm,self_training,4,50,transfer,0.8542823877263861,0.8548,2000,50,0,1000,10.0,0.7609621499781682,budget_cv,0.208
db6bbe2e7a,main,music,books,svm,self_training,4,50,target_only,0.7878558205358464,0.7892,0,50,0,1000,0.01,0.698665577342048,budget_cv,0.049
db6bbe2e7a,main,music,books,svm,self_training,4,100,transfer,0.8553467691540164,0.856,2000,100,0,1000,1.0,0.853509135589919,budget_cv,0.186
db6bbe2e7a,main,music,books,svm,self_training,4,100,target_only,0.5265058378879631,0.5956,0,100,0,1000,0.01,0.7094218608852755,budget_cv,0.05
db6bbe2e7a,main,music,books,svm,self_training,4,250,transfer,0.8769574388165855,0.8772,2000,250,0,1000,1.0,0.8567064448717719,budget_cv,0.196
db6bbe2e7a,main,music,books,svm,self_training,4,250,target_only,0.835959595959596,0.8376,0,250,0,1000,10.0,0.8016652892066535,budget_cv,0.111
db6bbe2e7a,main,music,books,svm,self_training,4,500,transfer,0.888727076176643,0.8888,2000,500,0,1000,1.0,0.8656390876104082,budget_cv,0.22
db6bbe2e7a,main,music,books,svm,self_training,4,500,target_only,0.866131320204904,0.8664,0,500,0,1000,1.0,0.8245926466384393,budget_cv,0.079
db6bbe2e7a,main,music,books,svm,self_training,4,1000,transfer,0.9019992316739763,0.902,2000,1000,0,1000,1.0,0.8793687915286496,budget_cv,0.258
db6bbe2e7a,main,music,books,svm,self_training,4,1000,target_only,0.8923924072082526,0.8924,0,1000,0,1000,1.0,0.8724505973575128,budget_cv,0.112
db6bbe2e7a,main,music,books,svm,self_training,4,2000,transfer,0.9083975230690238,0.9084,2000,2000,0,1000,1.0,0.8993584949253486,budget_cv,0.338
db6bbe2e7a,main,music,books,svm,self_training,4,2000,target_only,0.906398502376038,0.9064,0,2000,0,1000,1.0,0.8863770610081131,budget_cv,0.183
db6bbe2e7a,main,music,electronics,logreg,random,4,0,source_only,0.759326473888005,0.7688,2000,0,0,0,10.0,0.8758508002506122,source_val_fallback,0.086
db6bbe2e7a,main,music,electronics,logreg,random,4,50,transfer,0.8004209037431242,0.8044,2000,50,0,0,10.0,0.8384920634920635,budget_cv,0.289
db6bbe2e7a,main,music,electronics,logreg,random,4,50,target_only,0.7743867125555277,0.7748,0,50,0,0,0.01,0.8160427778848831,budget_cv,0.099
db6bbe2e7a,main,music,electronics,logreg,random,4,100,transfer,0.8078520134829266,0.8112,2000,100,0,0,10.0,0.8085490409273371,budget_cv,0.291
db6bbe2e7a,main,music,electronics,logreg,random,4,100,target_only,0.7852575408319741,0.786,0,100,0,0,0.01,0.777966566001883,budget_cv,0.106
db6bbe2e7a,main,music,electronics,logreg,random,4,250,transfer,0.8462549971150676,0.8472,2000,250,0,0,10.0,0.7702417931932931,budget_cv,0.3
db6bbe2e7a,main,music,electronics,logreg,random,4,250,target_only,0.8531125490872247,0.8532,0,250,0,0,1.0,0.7449679871948779,budget_cv,0.114
db6bbe2e7a,main,music,electronics,logreg,random,4,500,transfer,0.8780703020968699,0.8784,2000,500,0,0,10.0,0.8413482960970846,budget_cv,0.313
db6bbe2e7a,main,music,electronics,logreg,random,4,500,target_only,0.8735992719318063,0.8736,0,500,0,0,10.0,0.8479246312054558,budget_cv,0.135
db6bbe2e7a,main,music,electronics,logreg,random,4,1000,transfer,0.8926670101322343,0.8928,2000,1000,0,0,10.0,0.8906313167150635,budget_cv,0.348
db6bbe2e7a,main,music,electronics,logreg,random,4,1000,target_only,0.8959759662872511,0.896,0,1000,0,0,10.0,0.886949167301874,budget_cv,0.161
db6bbe2e7a,main,music,electronics,logreg,random,4,2000,transfer,0.904353707194282,0.9044,2000,2000,0,0,10.0,0.8968856303370004,budget_cv,0.42
db6bbe2e7a,main,music,electronics,logreg,random,4,2000,target_only,0.9083799315402046,0.9084,0,2000,0,0,10.0,0.8964874004219587,budget_cv,0.226
db6bbe2e7a,main,music,electronics,logreg,uncertainty,4,0,source_only,0.759326473888005,0.7688,2000,0,0,0,10.0,0.8758508002506122,source_val_fallback,0.084
db6bbe2e7a,main,music,electronics,logreg,uncertainty,4,50,transfer,0.7732562912276335,0.7808,2000,50,0,0,1.0,0.7321308321308321,budget_cv,0.281
db6bbe2e7a,main,music,electronics,logreg,uncertainty,4,50,target_only,0.7065774265302938,0.716,0,50,0,0,0.01,0.5746336996336997,budget_cv,0.106
db6bbe2e7a,main,music,electronics,logreg,uncertainty,4,100,transfer,0.8279178054458953,0.83,2000,100,0,0,10.0,0.7021707934137945,budget_cv,0.293
db6bbe2e7a,main,music,electronics,logreg,uncertainty,4,100,target_only,0.6000259983101098,0.6416,0,100,0,0,0.01,0.6258848667672197,budget_cv,0.107
db6bbe2e7a,main,music,electronics,logreg,uncertainty,4,250,transfer,0.8671978751660027,0.8672,2000,250,0,0,10.0,0.6232147280498165,budget_cv,0.302
db6bbe2e7a,main,music,electronics,logreg,uncertainty,4,250,target_only,0.5162524215449382,0.5864,0,250,0,0,0.01,0.6025453012639441,budget_cv,0.119
db6bbe2e7a,main,music,electronics,logreg,uncertainty,4,500,transfer,0.8927956089081408,0.8928,2000,500,0,0,10.0,0.7079643883126495,budget_cv,0.318
db6bbe2e7a,main,music,electronics,logreg,uncertainty,4,500,target_only,0.739235336441229,0.7412,0,500,0,0,1.0,0.6946804718018735,budget_cv,0.142
db6bbe2e7a,main,music,electronics,logreg,uncertainty,4,1000,transfer,0.9019559350754603,0.902,2000,1000,0,0,10.0,0.8009527669224389,budget_cv,0.364
db6bbe2e7a,main,music,electronics,logreg,uncertainty,4,1000,target_only,0.8728,0.8728,0,1000,0,0,10.0,0.7342639094276784,budget_cv,0.165
db6bbe2e7a,main,music,electronics,logreg,uncertainty,4,2000,transfer,0.904353707194282,0.9044,2000,2000,0,0,10.0,0.9024257384687621,budget_cv,0.423
db6bbe2e7a,main,music,electronics,logreg,uncertainty,4,2000,target_only,0.9083799315402046,0.9084,0,2000,0,0,10.0,0.9029894970884277,budget_cv,0.217
db6bbe2e7a,main,music,electronics,logreg,self_training,4,0,uda_self_training,0.7260215044952958,0.7432,2000,0,0,1000,10.0,0.8758508002506122,source_val_fallback,0.191
db6bbe2e7a,main,music,electronics,logreg,self_training,4,50,transfer,0.7933030177759405,0.8,2000,50,0,1000,10.0,0.8384920634920635,budget_cv,0.393
db6bbe2e7a,main,music,electronics,logreg,self_training,4,50,target_only,0.6448992259513326,0.68,0,50,0,1000,0.01,0.8160427778848831,budget_cv,0.117
db6bbe2e7a,main,music,electronics,logreg,self_training,4,100,transfer,0.8089993599429195,0.8136,2000,100,0,1000,10.0,0.8085490409273371,budget_cv,0.396
db6bbe2e7a,main,music,electronics,logreg,self_training,4,100,target_only,0.6789014775753146,0.7048,0,100,0,1000,0.01,0.777966566001883,budget_cv,0.125
db6bbe2e7a,main,music,electronics,logreg,self_training,4,250,transfer,0.8544833400757397,0.8556,2000,250,0,1000,10.0,0.7702417931932931,budget_cv,0.394
db6bbe2e7a,main,music,electronics,logreg,self_training,4,250,target_only,0.8311998919679309,0.8312,0,250,0,1000,1.0,0.7449679871948779,budget_cv,0.148
db6bbe2e7a,main,music,electronics,logreg,self_training,4,500,transfer,0.8796224961479199,0.88,2000,500,0,1000,10.0,0.8413482960970846,budget_cv,0.424
db6bbe2e7a,main,music,electronics,logreg,self_training,4,500,target_only,0.8759920634920635,0.876,0,500,0,1000,10.0,0.8479246312054558,budget_cv,0.187
db6bbe2e7a,main,music,electronics,logreg,self_training,4,1000,transfer,0.892281268104956,0.8924,2000,1000,0,1000,10.0,0.8906313167150635,budget_cv,0.483
db6bbe2e7a,main,music,electronics,logreg,self_training,4,1000,target_only,0.8919665355540531,0.892,0,1000,0,1000,10.0,0.886949167301874,budget_cv,0.22
db6bbe2e7a,main,music,electronics,logreg,self_training,4,2000,transfer,0.9043742805064849,0.9044,2000,2000,0,1000,10.0,0.8968856303370004,budget_cv,0.58
db6bbe2e7a,main,music,electronics,logreg,self_training,4,2000,target_only,0.9079867500920132,0.908,0,2000,0,1000,10.0,0.8964874004219587,budget_cv,0.313
db6bbe2e7a,main,music,electronics,svm,random,4,0,source_only,0.7699019857085501,0.778,2000,0,0,0,1.0,0.8758728938432956,source_val_fallback,0.047
db6bbe2e7a,main,music,electronics,svm,random,4,50,transfer,0.8106237180682454,0.8128,2000,50,0,0,10.0,0.8397497010500107,budget_cv,0.166
db6bbe2e7a,main,music,electronics,svm,random,4,50,target_only,0.7153743177839563,0.7236,0,50,0,0,0.01,0.7564754086493216,budget_cv,0.039
db6bbe2e7a,main,music,electronics,svm,random,4,100,transfer,0.8162060349012161,0.8188,2000,100,0,0,1.0,0.7984072048588177,budget_cv,0.16
db6bbe2e7a,main,music,electronics,svm,random,4,100,target_only,0.7875428575269604,0.7876,0,100,0,0,0.01,0.7539174353690483,budget_cv,0.041
db6bbe2e7a,main,music,electronics,svm,random,4,250,transfer,0.8507452146989964,0.8512,2000,250,0,0,10.0,0.7792589733750455,budget_cv,0.178
db6bbe2e7a,main,music,electronics,svm,random,4,250,target_only,0.8571879123849042,0.8572,0,250,0,0,0.01,0.743505446123632,budget_cv,0.044
db6bbe2e7a,main,music,electronics,svm,random,4,500,transfer,0.8738177928929374,0.874,2000,500,0,0,10.0,0.8516891821053413,budget_cv,0.199
db6bbe2e7a,main,music,electronics,svm,random,4,500,target_only,0.8752,0.8752,0,500,0,0,1.0,0.855899419004508,budget_cv,0.054
db6bbe2e7a,main,music,electronics,svm,random,4,1000,transfer,0.8914803853399371,0.8916,2000,1000,0,0,1.0,0.8916631113352835,budget_cv,0.235
db6bbe2e7a,main,music,electronics,svm,random,4,1000,target_only,0.8879816469130303,0.888,0,1000,0,0,0.1,0.8869278409516936,budget_cv,0.07
db6bbe2e7a,main,music,electronics,svm,random,4,2000,transfer,0.9019623378517091,0.902,2000,2000,0,0,10.0,0.8994414471460037,budget_cv,0.286
db6bbe2e7a,main,music,electronics,svm,random,4,2000,target_only,0.9075838974182862,0.9076,0,2000,0,0,1.0,0.8969853186293429,budget_cv,0.112
db6bbe2e7a,main,music,electronics,svm,uncertainty,4,0,source_only,0.7699019857085501,0.778,2000,0,0,0,1.0,0.8758728938432956,source_val_fallback,0.049
db6bbe2e7a,main,music,electronics,svm,uncertainty,4,50,transfer,0.8190740183976224,0.8212,2000,50,0,0,1.0,0.7518058431101909,budget_cv,0.159
db6bbe2e7a,main,music,electronics,svm,uncertainty,4,50,target_only,0.44193380622516903,0.5488,0,50,0,0,0.01,0.4116645381013197,budget_cv,0.039
db6bbe2e7a,main,music,electronics,svm,uncertainty,4,100,transfer,0.8360638792034675,0.8376,2000,100,0,0,1.0,0.7444578048026324,budget_cv,0.165
db6bbe2e7a,main,music,electronics,svm,uncertainty,4,100,target_only,0.6240766134499848,0.658,0,100,0,0,0.01,0.5626633986928105,budget_cv,0.04
db6bbe2e7a,main,music,electronics,svm,uncertainty,4,250,transfer,0.8755912217166044,0.8756,2000,250,0,0,1.0,0.6348454746673224,budget_cv,0.174
db6bbe2e7a,main,music,electronics,svm,uncertainty,4,250,target_only,0.6413556413556414,0.6656,0,250,0,0,0.01,0.625161183996663,budget_cv,0.044
db6bbe2e7a,main,music,electronics,svm,uncertainty,4,500,transfer,0.891929174703934,0.892,2000,500,0,0,1.0,0.6890376892376661,budget_cv,0.189
db6bbe2e7a,main,music,electronics,svm,uncertainty,4,500,target_only,0.7447667568838048,0.7452,0,500,0,0,0.01,0.6828199176472113,budget_cv,0.052
db6bbe2e7a,main,music,electronics,svm,uncertainty,4,1000,transfer,0.905143526249788,0.9052,2000,1000,0,0,1.0,0.7874540087713076,budget_cv,0.226
db6bbe2e7a,main,music,electronics,svm,uncertainty,4,1000,target_only,0.8851799937621131,0.8852,0,1000,0,0,10.0,0.7398371670879267,budget_cv,0.079
db6bbe2e7a,main,music,electronics,svm,uncertainty,4,2000,transfer,0.9063530116871441,0.9064,2000,2000,0,0,1.0,0.9129816293560843,budget_cv,0.268
db6bbe2e7a,main,music,electronics,svm,uncertainty,4,2000,target_only,0.9075838974182862,0.9076,0,2000,0,0,1.0,0.9084918499852112,budget_cv,0.116
db6bbe2e7a,main,music,electronics,svm,self_training,4,0,uda_self_training,0.7599714076935489,0.7708,2000,0,0,1000,1.0,0.8758728938432956,source_val_fallback,0.077
db6bbe2e7a,main,music,electronics,svm,self_training,4,50,transfer,0.8138429769160425,0.8164,2000,50,0,1000,10.0,0.8397497010500107,budget_cv,0.223
db6bbe2e7a,main,music,electronics,svm,self_training,4,50,target_only,0.5063784284802796,0.5852,0,50,0,1000,0.01,0.7564754086493216,budget_cv,0.045
db6bbe2e7a,main,music,electronics,svm,self_training,4,100,transfer,0.8166485107947579,0.82,2000,100,0,1000,1.0,0.7984072048588177,budget_cv,0.189
db6bbe2e7a,main,music,electronics,svm,self_training,4,100,target_only,0.7849150210062323,0.7852,0,100,0,1000,0.01,0.7539174353690483,budget_cv,0.049
db6bbe2e7a,main,music,electronics,svm,self_training,4,250,transfer,0.852731544935177,0.8532,2000,250,0,1000,10.0,0.7792589733750455,budget_cv,0.241
db6bbe2e7a,main,music,electronics,svm,self_training,4,250,target_only,0.8103989078977094,0.8104,0,250,0,1000,0.01,0.743505446123632,budget_cv,0.052
db6bbe2e7a,main,music,electronics,svm,self_training,4,500,transfer,0.8758168845452751,0.876,2000,500,0,1000,10.0,0.8516891821053413,budget_cv,0.265
db6bbe2e7a,main,music,electronics,svm,self_training,4,500,target_only,0.8795898084813898,0.8796,0,500,0,1000,1.0,0.855899419004508,budget_cv,0.068
db6bbe2e7a,main,music,electronics,svm,self_training,4,1000,transfer,0.891491647899927,0.8916,2000,1000,0,1000,1.0,0.8916631113352835,budget_cv,0.247
db6bbe2e7a,main,music,electronics,svm,self_training,4,1000,target_only,0.8779069944320785,0.878,0,1000,0,1000,0.1,0.8869278409516936,budget_cv,0.082
db6bbe2e7a,main,music,electronics,svm,self_training,4,2000,transfer,0.9019623378517091,0.902,2000,2000,0,1000,10.0,0.8994414471460037,budget_cv,0.369
db6bbe2e7a,main,music,electronics,svm,self_training,4,2000,target_only,0.9079809189233479,0.908,0,2000,0,1000,1.0,0.8969853186293429,budget_cv,0.135
db6bbe2e7a,main,music,clothing,logreg,random,4,0,source_only,0.791002294330369,0.7948,2000,0,0,0,10.0,0.8785092146087996,source_val_fallback,0.086
db6bbe2e7a,main,music,clothing,logreg,random,4,50,transfer,0.835106780023114,0.836,2000,50,0,0,10.0,0.7746462687639157,budget_cv,0.291
db6bbe2e7a,main,music,clothing,logreg,random,4,50,target_only,0.7790782676828258,0.7812,0,50,0,0,0.01,0.679027454027454,budget_cv,0.091
db6bbe2e7a,main,music,clothing,logreg,random,4,100,transfer,0.8498677628815472,0.8508,2000,100,0,0,10.0,0.7849697619812561,budget_cv,0.294
db6bbe2e7a,main,music,clothing,logreg,random,4,100,target_only,0.8344853632962116,0.8348,0,100,0,0,1.0,0.7666690161619168,budget_cv,0.096
db6bbe2e7a,main,music,clothing,logreg,random,4,250,transfer,0.8815446576640606,0.882,2000,250,0,0,10.0,0.8342212261221436,budget_cv,0.296
db6bbe2e7a,main,music,clothing,logreg,random,4,250,target_only,0.8795458630927084,0.8796,0,250,0,0,0.1,0.8221001072213335,budget_cv,0.112
db6bbe2e7a,main,music,clothing,logreg,random,4,500,transfer,0.9063179195083564,0.9064,2000,500,0,0,10.0,0.8717664834011244,budget_cv,0.307
db6bbe2e7a,main,music,clothing,logreg,random,4,500,target_only,0.8931924636602359,0.8932,0,500,0,0,0.1,0.8859185660103363,budget_cv,0.13
db6bbe2e7a,main,music,clothing,logreg,random,4,1000,transfer,0.9135875566081516,0.9136,2000,1000,0,0,10.0,0.8929144055912529,budget_cv,0.334
db6bbe2e7a,main,music,clothing,logreg,random,4,1000,target_only,0.9063882573430011,0.9064,0,1000,0,0,1.0,0.8909237537725391,budget_cv,0.15
db6bbe2e7a,main,music,clothing,logreg,random,4,2000,transfer,0.924383436948029,0.9244,2000,2000,0,0,10.0,0.9104226681499554,budget_cv,0.389
db6bbe2e7a,main,music,clothing,logreg,random,4,2000,target_only,0.9195996783987136,0.9196,0,2000,0,0,1.0,0.9139416852433091,budget_cv,0.197
db6bbe2e7a,main,music,clothing,logreg,uncertainty,4,0,source_only,0.791002294330369,0.7948,2000,0,0,0,10.0,0.8785092146087996,source_val_fallback,0.084
db6bbe2e7a,main,music,clothing,logreg,uncertainty,4,50,transfer,0.8498000654132762,0.8504,2000,50,0,0,10.0,0.6864265364265364,budget_cv,0.29
db6bbe2e7a,main,music,clothing,logreg,uncertainty,4,50,target_only,0.6044669804091083,0.6416,0,50,0,0,0.01,0.6141414141414142,budget_cv,0.097
db6bbe2e7a,main,music,clothing,logreg,uncertainty,4,100,transfer,0.8743497398959583,0.8744,2000,100,0,0,10.0,0.6567115187495927,budget_cv,0.294
db6bbe2e7a,main,music,clothing,logreg,uncertainty,4,100,target_only,0.5323171218936691,0.602,0,100,0,0,0.01,0.5698462613556953,budget_cv,0.107
db6bbe2e7a,main,music,clothing,logreg,uncertainty,4,250,transfer,0.8943804646107344,0.8944,2000,250,0,0,10.0,0.7470336129507696,budget_cv,0.302
db6bbe2e7a,main,music,clothing,logreg,uncertainty,4,250,target_only,0.6741483528116532,0.6848,0,250,0,0,1.0,0.7228403107019155,budget_cv,0.119
db6bbe2e7a,main,music,clothing,logreg,uncertainty,4,500,transfer,0.9131968750875031,0.9132,2000,500,0,0,10.0,0.7066460275342491,budget_cv,0.323
db6bbe2e7a,main,music,clothing,logreg,uncertainty,4,500,target_only,0.7696568577407175,0.7704,0,500,0,0,10.0,0.7245543651805848,budget_cv,0.134
db6bbe2e7a,main,music,clothing,logreg,uncertainty,4,1000,transfer,0.9183811427792277,0.9184,2000,1000,0,0,10.0,0.822315824422642,budget_cv,0.348
db6bbe2e7a,main,music,clothing,logreg,uncertainty,4,1000,target_only,0.8959957399855099,0.896,0,1000,0,0,10.0,0.7738086560125179,budget_cv,0.161
db6bbe2e7a,main,music,clothing,logreg,uncertainty,4,2000,transfer,0.924383436948029,0.9244,2000,2000,0,0,10.0,0.9114108956472494,budget_cv,0.393
db6bbe2e7a,main,music,clothing,logreg,uncertainty,4,2000,target_only,0.9187999870079979,0.9188,0,2000,0,0,10.0,0.9129086717770626,budget_cv,0.206
db6bbe2e7a,main,music,clothing,logreg,self_training,4,0,uda_self_training,0.7775024756475009,0.7852,2000,0,0,1000,10.0,0.8785092146087996,source_val_fallback,0.172
db6bbe2e7a,main,music,clothing,logreg,self_training,4,50,transfer,0.8392549853224011,0.8412,2000,50,0,1000,10.0,0.7746462687639157,budget_cv,0.371
db6bbe2e7a,main,music,clothing,logreg,self_training,4,50,target_only,0.612623820281647,0.6516,0,50,0,1000,0.01,0.679027454027454,budget_cv,0.108
db6bbe2e7a,main,music,clothing,logreg,self_training,4,100,transfer,0.8593004952783827,0.8604,2000,100,0,1000,10.0,0.7849697619812561,budget_cv,0.372
db6bbe2e7a,main,music,clothing,logreg,self_training,4,100,target_only,0.8420206907758139,0.8432,0,100,0,1000,1.0,0.7666690161619168,budget_cv,0.124
db6bbe2e7a,main,music,clothing,logreg,self_training,4,250,transfer,0.8872310379993678,0.8876,2000,250,0,1000,10.0,0.8342212261221436,budget_cv,0.394
db6bbe2e7a,main,music,clothing,logreg,self_training,4,250,target_only,0.8651031116589178,0.8652,0,250,0,1000,0.1,0.8221001072213335,budget_cv,0.132
db6bbe2e7a,main,music,clothing,logreg,self_training,4,500,transfer,0.90993138933514,0.91,2000,500,0,1000,10.0,0.8717664834011244,budget_cv,0.399
db6bbe2e7a,main,music,clothing,logreg,self_training,4,500,target_only,0.8647167954178538,0.8648,0,500,0,1000,0.1,0.8859185660103363,budget_cv,0.155
db6bbe2e7a,main,music,clothing,logreg,self_training,4,1000,transfer,0.9119855797173808,0.912,2000,1000,0,1000,10.0,0.8929144055912529,budget_cv,0.431
db6bbe2e7a,main,music,clothing,logreg,self_training,4,1000,target_only,0.9023994378207618,0.9024,0,1000,0,1000,1.0,0.8909237537725391,budget_cv,0.189
db6bbe2e7a,main,music,clothing,logreg,self_training,4,2000,transfer,0.9235794459277767,0.9236,2000,2000,0,1000,10.0,0.9104226681499554,budget_cv,0.533
db6bbe2e7a,main,music,clothing,logreg,self_training,4,2000,target_only,0.9139850127486213,0.914,0,2000,0,1000,1.0,0.9139416852433091,budget_cv,0.238
db6bbe2e7a,main,music,clothing,svm,random,4,0,source_only,0.8097812889543636,0.812,2000,0,0,0,10.0,0.8792598696718137,source_val_fallback,0.046
db6bbe2e7a,main,music,clothing,svm,random,4,50,transfer,0.85207601096225,0.8524,2000,50,0,0,10.0,0.8183045440398381,budget_cv,0.159
db6bbe2e7a,main,music,clothing,svm,random,4,50,target_only,0.7651006054531895,0.7696,0,50,0,0,0.01,0.6704573204573204,budget_cv,0.038
db6bbe2e7a,main,music,clothing,svm,random,4,100,transfer,0.8593496327016122,0.86,2000,100,0,0,1.0,0.8067143987289178,budget_cv,0.15
db6bbe2e7a,main,music,clothing,svm,random,4,100,target_only,0.8344968246632912,0.8348,0,100,0,0,0.1,0.7666690161619168,budget_cv,0.039
db6bbe2e7a,main,music,clothing,svm,random,4,250,transfer,0.8840817162131094,0.8844,2000,250,0,0,1.0,0.8385061461687388,budget_cv,0.157
db6bbe2e7a,main,music,clothing,svm,random,4,250,target_only,0.8795609777567932,0.8796,0,250,0,0,0.01,0.8142852441100233,budget_cv,0.042
db6bbe2e7a,main,music,clothing,svm,random,4,500,transfer,0.9083417933724633,0.9084,2000,500,0,0,1.0,0.877835870690293,budget_cv,0.167
db6bbe2e7a,main,music,clothing,svm,random,4,500,target_only,0.8899851964080288,0.89,0,500,0,0,0.01,0.8839015779175999,budget_cv,0.047
db6bbe2e7a,main,music,clothing,svm,random,4,1000,transfer,0.9131926526261183,0.9132,2000,1000,0,0,1.0,0.8889409348787445,budget_cv,0.199
db6bbe2e7a,main,music,clothing,svm,random,4,1000,target_only,0.905188941238106,0.9052,0,1000,0,0,0.1,0.8899321958434889,budget_cv,0.066
db6bbe2e7a,main,music,clothing,svm,random,4,2000,transfer,0.9239805390179886,0.924,2000,2000,0,0,1.0,0.9099232360394026,budget_cv,0.283
db6bbe2e7a,main,music,clothing,svm,random,4,2000,target_only,0.9203993759311073,0.9204,0,2000,0,0,0.1,0.9149477222010339,budget_cv,0.127
db6bbe2e7a,main,music,clothing,svm,uncertainty,4,0,source_only,0.8097812889543636,0.812,2000,0,0,0,10.0,0.8792598696718137,source_val_fallback,0.046
db6bbe2e7a,main,music,clothing,svm,uncertainty,4,50,transfer,0.8610879591042951,0.8612,2000,50,0,0,10.0,0.8063725490196078,budget_cv,0.156
db6bbe2e7a,main,music,clothing,svm,uncertainty,4,50,target_only,0.5237378773043975,0.5928,0,50,0,0,0.01,0.47428096594763264,budget_cv,0.038
db6bbe2e7a,main,music,clothing,svm,uncertainty,4,100,transfer,0.868184856595541,0.8684,2000,100,0,0,10.0,0.7396176285763573,budget_cv,0.162
db6bbe2e7a,main,music,clothing,svm,uncertainty,4,100,target_only,0.6632746926903503,0.676,0,100,0,0,0.1,0.6393200384605845,budget_cv,0.039
db6bbe2e7a,main,music,clothing,svm,uncertainty,4,250,transfer,0.8983739837398375,0.8984,2000,250,0,0,10.0,0.6255564542004503,budget_cv,0.172
db6bbe2e7a,main,music,clothing,svm,uncertainty,4,250,target_only,0.6900948383875449,0.6988,0,250,0,0,0.01,0.6494919932474117,budget_cv,0.044
db6bbe2e7a,main,music,clothing,svm,uncertainty,4,500,transfer,0.9091821997111433,0.9092,2000,500,0,0,10.0,0.6488868694769242,budget_cv,0.191
db6bbe2e7a,main,music,clothing,svm,uncertainty,4,500,target_only,0.7402407487223693,0.7408,0,500,0,0,0.01,0.6323797486271662,budget_cv,0.05
db6bbe2e7a,main,music,clothing,svm,uncertainty,4,1000,transfer,0.9187802343578333,0.9188,2000,1000,0,0,1.0,0.8178310826344098,budget_cv,0.264
db6bbe2e7a,main,music,clothing,svm,uncertainty,4,1000,target_only,0.9063994608608945,0.9064,0,1000,0,0,1.0,0.7494808651727508,budget_cv,0.092
db6bbe2e7a,main,music,clothing,svm,uncertainty,4,2000,transfer,0.9239805390179886,0.924,2000,2000,0,0,1.0,0.9104086490549461,budget_cv,0.271
db6bbe2e7a,main,music,clothing,svm,uncertainty,4,2000,target_only,0.9103990824866046,0.9104,0,2000,0,0,0.01,0.9029676720746894,budget_cv,0.12
db6bbe2e7a,main,music,clothing,svm,self_training,4,0,uda_self_training,0.8146384865134865,0.8176,2000,0,0,1000,10.0,0.8792598696718137,source_val_fallback,0.096
db6bbe2e7a,main,music,clothing,svm,self_training,4,50,transfer,0.8643499456757653,0.8648,2000,50,0,1000,10.0,0.8183045440398381,budget_cv,0.208
db6bbe2e7a,main,music,clothing,svm,self_training,4,50,target_only,0.5396897602353203,0.6056,0,50,0,1000,0.01,0.6704573204573204,budget_cv,0.047
db6bbe2e7a,main,music,clothing,svm,self_training,4,100,transfer,0.8647687932739861,0.8656,2000,100,0,1000,1.0,0.8067143987289178,budget_cv,0.178
db6bbe2e7a,main,music,clothing,svm,self_training,4,100,target_only,0.8434983065548718,0.8448,0,100,0,1000,0.1,0.7666690161619168,budget_cv,0.045
db6bbe2e7a,main,music,clothing,svm,self_training,4,250,transfer,0.8901028380741525,0.8904,2000,250,0,1000,1.0,0.8385061461687388,budget_cv,0.189
db6bbe2e7a,main,music,clothing,svm,self_training,4,250,target_only,0.8651765083548157,0.8652,0,250,0,1000,0.01,0.8142852441100233,budget_cv,0.049
db6bbe2e7a,main,music,clothing,svm,self_training,4,500,transfer,0.9095330689457288,0.9096,2000,500,0,1000,1.0,0.877835870690293,budget_cv,0.197
db6bbe2e7a,main,music,clothing,svm,self_training,4,500,target_only,0.8618620609796117,0.862,0,500,0,1000,0.01,0.8839015779175999,budget_cv,0.056
db6bbe2e7a,main,music,clothing,svm,self_training,4,1000,transfer,0.915187787041334,0.9152,2000,1000,0,1000,1.0,0.8889409348787445,budget_cv,0.228
db6bbe2e7a,main,music,clothing,svm,self_training,4,1000,target_only,0.9031994424287884,0.9032,0,1000,0,1000,0.1,0.8899321958434889,budget_cv,0.077
db6bbe2e7a,main,music,clothing,svm,self_training,4,2000,transfer,0.9235752383772342,0.9236,2000,2000,0,1000,1.0,0.9099232360394026,budget_cv,0.333
db6bbe2e7a,main,music,clothing,svm,self_training,4,2000,target_only,0.916385430997497,0.9164,0,2000,0,1000,0.1,0.9149477222010339,budget_cv,0.142
db6bbe2e7a,main,electronics,books,logreg,random,4,0,source_only,0.8012183661004495,0.8028,2000,0,0,0,1.0,0.8998974950349158,source_val_fallback,0.083
db6bbe2e7a,main,electronics,books,logreg,random,4,50,transfer,0.8299176801571961,0.83,2000,50,0,0,10.0,0.8565189683610736,budget_cv,0.286
db6bbe2e7a,main,electronics,books,logreg,random,4,50,target_only,0.7388910140704104,0.7392,0,50,0,0,0.1,0.7199074074074074,budget_cv,0.096
db6bbe2e7a,main,electronics,books,logreg,random,4,100,transfer,0.833894516373678,0.834,2000,100,0,0,10.0,0.8491611586161086,budget_cv,0.295
db6bbe2e7a,main,electronics,books,logreg,random,4,100,target_only,0.7552299997867351,0.7576,0,100,0,0,0.1,0.7348492813704622,budget_cv,0.1
db6bbe2e7a,main,electronics,books,logreg,random,4,250,transfer,0.8483318342595896,0.8484,2000,250,0,0,10.0,0.8219067315986442,budget_cv,0.301
db6bbe2e7a,main,electronics,books,logreg,random,4,250,target_only,0.8375120421630975,0.838,0,250,0,0,10.0,0.8014857624769937,budget_cv,0.116
db6bbe2e7a,main,electronics,books,logreg,random,4,500,transfer,0.8699908265527215,0.87,2000,500,0,0,10.0,0.8464565360980076,budget_cv,0.307
db6bbe2e7a,main,electronics,books,logreg,random,4,500,target_only,0.8580944830983314,0.8584,0,500,0,0,1.0,0.8205326566535732,budget_cv,0.138
db6bbe2e7a,main,electronics,books,logreg,random,4,1000,transfer,0.8907853040705158,0.8908,2000,1000,0,0,10.0,0.8796435277966719,budget_cv,0.355
db6bbe2e7a,main,electronics,books,logreg,random,4,1000,target_only,0.8923961262605453,0.8924,0,1000,0,0,10.0,0.8755109931672974,budget_cv,0.187
db6bbe2e7a,main,electronics,books,logreg,random,4,2000,transfer,0.9079900482036136,0.908,2000,2000,0,0,10.0,0.8899347679324608,budget_cv,0.449
db6bbe2e7a,main,electronics,books,logreg,random,4,2000,target_only,0.9047990251420175,0.9048,0,2000,0,0,10.0,0.8873847391527661,budget_cv,0.262
db6bbe2e7a,main,electronics,books,logreg,uncertainty,4,0,source_only,0.8012183661004495,0.8028,2000,0,0,0,1.0,0.8998974950349158,source_val_fallback,0.081
db6bbe2e7a,main,electronics,books,logreg,uncertainty,4,50,transfer,0.8265168477382043,0.8268,2000,50,0,0,10.0,0.8161064425770309,budget_cv,0.285
db6bbe2e7a,main,electronics,books,logreg,uncertainty,4,50,target_only,0.6564212739949136,0.67,0,50,0,0,1.0,0.6619612271786185,budget_cv,0.096
db6bbe2e7a,main,electronics,books,logreg,uncertainty,4,100,transfer,0.841999367997472,0.842,2000,100,0,0,10.0,0.6957369253816763,budget_cv,0.286
db6bbe2e7a,main,electronics,books,logreg,uncertainty,4,100,target_only,0.638405391769764,0.6624,0,100,0,0,10.0,0.5383366819534202,budget_cv,0.107
db6bbe2e7a,main,electronics,books,logreg,uncertainty,4,250,transfer,0.8671986401140748,0.8672,2000,250,0,0,10.0,0.6123456068846768,budget_cv,0.306
db6bbe2e7a,main,electronics,books,logreg,uncertainty,4,250,target_only,0.7483661401478183,0.7484,0,250,0,0,1.0,0.5770355835929607,budget_cv,0.113
db6bbe2e7a,main,electronics,books,logreg,uncertainty,4,500,transfer,0.891988317456416,0.892,2000,500,0,0,10.0,0.6547890632046975,budget_cv,0.333
db6bbe2e7a,main,electronics,books,logreg,uncertainty,4,500,target_only,0.7506661349685566,0.7516,0,500,0,0,1.0,0.6668939777452924,budget_cv,0.13
db6bbe2e7a,main,electronics,books,logreg,uncertainty,4,1000,transfer,0.9047880566138217,0.9048,2000,1000,0,0,10.0,0.7796043412246091,budget_cv,0.388
db6bbe2e7a,main,electronics,books,logreg,uncertainty,4,1000,target_only,0.8771999803519969,0.8772,0,1000,0,0,10.0,0.7223771775122687,budget_cv,0.175
db6bbe2e7a,main,electronics,books,logreg,uncertainty,4,2000,transfer,0.9079900482036136,0.908,2000,2000,0,0,10.0,0.8944259929810011,budget_cv,0.461
db6bbe2e7a,main,electronics,books,logreg,uncertainty,4,2000,target_only,0.9047990251420175,0.9048,0,2000,0,0,10.0,0.8869044949255883,budget_cv,0.26
db6bbe2e7a,main,electronics,books,logreg,self_training,4,0,uda_self_training,0.7440373989155151,0.7532,2000,0,0,1000,1.0,0.8998974950349158,source_val_fallback,0.144
db6bbe2e7a,main,electronics,books,logreg,self_training,4,50,transfer,0.8359632422903926,0.8364,2000,50,0,1000,10.0,0.8565189683610736,budget_cv,0.368
db6bbe2e7a,main,electronics,books,logreg,self_training,4,50,target_only,0.7705307334750744,0.7748,0,50,0,1000,0.1,0.7199074074074074,budget_cv,0.118
db6bbe2e7a,main,electronics,books,logreg,self_training,4,100,transfer,0.8405023390852946,0.8408,2000,100,0,1000,10.0,0.8491611586161086,budget_cv,0.373
db6bbe2e7a,main,electronics,books,logreg,self_training,4,100,target_only,0.5077383530894342,0.584,0,100,0,1000,0.1,0.7348492813704622,budget_cv,0.128
db6bbe2e7a,main,electronics,books,logreg,self_training,4,250,transfer,0.8545626229306424,0.8548,2000,250,0,1000,10.0,0.8219067315986442,budget_cv,0.393
db6bbe2e7a,main,electronics,books,logreg,self_training,4,250,target_only,0.815077239317304,0.8176,0,250,0,1000,10.0,0.8014857624769937,budget_cv,0.168
db6bbe2e7a,main,electronics,books,logreg,self_training,4,500,transfer,0.8731512697918032,0.8732,2000,500,0,1000,10.0,0.8464565360980076,budget_cv,0.408
db6bbe2e7a,main,electronics,books,logreg,self_training,4,500,target_only,0.767962807729675,0.7716,0,500,0,1000,1.0,0.8205326566535732,budget_cv,0.186
db6bbe2e7a,main,electronics,books,logreg,self_training,4,1000,transfer,0.8923937846650023,0.8924,2000,1000,0,1000,10.0,0.8796435277966719,budget_cv,0.474
db6bbe2e7a,main,electronics,books,logreg,self_training,4,1000,target_only,0.8895880578443365,0.8896,0,1000,0,1000,10.0,0.8755109931672974,budget_cv,0.258
db6bbe2e7a,main,electronics,books,logreg,self_training,4,2000,transfer,0.9099948012997231,0.91,2000,2000,0,1000,10.0,0.8899347679324608,budget_cv,0.599
db6bbe2e7a,main,electronics,books,logreg,self_training,4,2000,target_only,0.9047994516448414,0.9048,0,2000,0,1000,10.0,0.8873847391527661,budget_cv,0.358
db6bbe2e7a,main,electronics,books,svm,random,4,0,source_only,0.80056197920031,0.8024,2000,0,0,0,0.1,0.9018953113967394,source_val_fallback,0.045
db6bbe2e7a,main,electronics,books,svm,random,4,50,transfer,0.8303648244499979,0.8304,2000,50,0,0,1.0,0.878968253968254,budget_cv,0.138
db6bbe2e7a,main,electronics,books,svm,random,4,50,target_only,0.7353903393418436,0.736,0,50,0,0,0.01,0.698665577342048,budget_cv,0.038
db6bbe2e7a,main,electronics,books,svm,random,4,100,transfer,0.8359948567987092,0.836,2000,100,0,0,10.0,0.8291698668714798,budget_cv,0.149
db6bbe2e7a,main,electronics,books,svm,random,4,100,target_only,0.7603570462519762,0.762,0,100,0,0,0.01,0.7094218608852755,budget_cv,0.041
db6bbe2e7a,main,electronics,books,svm,random,4,250,transfer,0.8455936755169491,0.8456,2000,250,0,0,10.0,0.8590814250613205,budget_cv,0.163
db6bbe2e7a,main,electronics,books,svm,random,4,250,target_only,0.8378916281458655,0.8384,0,250,0,0,10.0,0.8016652892066535,budget_cv,0.046
db6bbe2e7a,main,electronics,books,svm,random,4,500,transfer,0.8655930323427967,0.8656,2000,500,0,0,10.0,0.8366752283897019,budget_cv,0.18
db6bbe2e7a,main,electronics,books,svm,random,4,500,target_only,0.866306821202105,0.8664,0,500,0,0,10.0,0.8246694205745065,budget_cv,0.056
db6bbe2e7a,main,electronics,books,svm,random,4,1000,transfer,0.8887879713069766,0.8888,2000,1000,0,0,10.0,0.8838009567002985,budget_cv,0.21
db6bbe2e7a,main,electronics,books,svm,random,4,1000,target_only,0.8931991626814354,0.8932,0,1000,0,0,1.0,0.8734594589720094,budget_cv,0.085
db6bbe2e7a,main,electronics,books,svm,random,4,2000,transfer,0.9067906790679068,0.9068,2000,2000,0,0,1.0,0.8964613362761984,budget_cv,0.277
db6bbe2e7a,main,electronics,books,svm,random,4,2000,target_only,0.906398502376038,0.9064,0,2000,0,0,1.0,0.887867002011817,budget_cv,0.147
db6bbe2e7a,main,electronics,books,svm,uncertainty,4,0,source_only,0.80056197920031,0.8024,2000,0,0,0,0.1,0.9018953113967394,source_val_fallback,0.047
db6bbe2e7a,main,electronics,books,svm,uncertainty,4,50,transfer,0.8375933478235269,0.8376,2000,50,0,0,1.0,0.7884078884078884,budget_cv,0.152
db6bbe2e7a,main,electronics,books,svm,uncertainty,4,50,target_only,0.7119885939404339,0.7148,0,50,0,0,0.01,0.647323436797121,budget_cv,0.04
db6bbe2e7a,main,electronics,books,svm,uncertainty,4,100,transfer,0.8395525332214282,0.8396,2000,100,0,0,10.0,0.6770123234565432,budget_cv,0.155
db6bbe2e7a,main,electronics,books,svm,uncertainty,4,100,target_only,0.7150130787632907,0.7172,0,100,0,0,0.01,0.5997515342525345,budget_cv,0.043
db6bbe2e7a,main,electronics,books,svm,uncertainty,4,250,transfer,0.8615956596398864,0.8616,2000,250,0,0,10.0,0.6203809964054967,budget_cv,0.168
db6bbe2e7a,main,electronics,books,svm,uncertainty,4,250,target_only,0.7424377806706054,0.7432,0,250,0,0,0.1,0.622641555199353,budget_cv,0.056
db6bbe2e7a,main,electronics,books,svm,uncertainty,4,500,transfer,0.8847997050872449,0.8848,2000,500,0,0,1.0,0.5873327938212861,budget_cv,0.179
db6bbe2e7a,main,electronics,books,svm,uncertainty,4,500,target_only,0.7977980892600115,0.798,0,500,0,0,1.0,0.5533016504379039,budget_cv,0.061
db6bbe2e7a,main,electronics,books,svm,uncertainty,4,1000,transfer,0.8991994193886557,0.8992,2000,1000,0,0,10.0,0.7649323305275665,budget_cv,0.218
db6bbe2e7a,main,electronics,books,svm,uncertainty,4,1000,target_only,0.8835977464523713,0.8836,0,1000,0,0,0.1,0.6751671310579622,budget_cv,0.083
db6bbe2e7a,main,electronics,books,svm,uncertainty,4,2000,transfer,0.9067906790679068,0.9068,2000,2000,0,0,1.0,0.8909430428265507,budget_cv,0.256
db6bbe2e7a,main,electronics,books,svm,uncertainty,4,2000,target_only,0.9071961987563011,0.9072,0,2000,0,0,10.0,0.8893906186679318,budget_cv,0.159
db6bbe2e7a,main,electronics,books,svm,self_training,4,0,uda_self_training,0.7418380861774448,0.752,2000,0,0,1000,0.1,0.9018953113967394,source_val_fallback,0.063
db6bbe2e7a,main,electronics,books,svm,self_training,4,50,transfer,0.8426507321905853,0.8428,2000,50,0,1000,1.0,0.878968253968254,budget_cv,0.171
db6bbe2e7a,main,electronics,books,svm,self_training,4,50,target_only,0.7998519224463028,0.8,0,50,0,1000,0.01,0.698665577342048,budget_cv,0.048
db6bbe2e7a,main,electronics,books,svm,self_training,4,100,transfer,0.8371993487973952,0.8372,2000,100,0,1000,10.0,0.8291698668714798,budget_cv,0.257
db6bbe2e7a,main,electronics,books,svm,self_training,4,100,target_only,0.505683219795442,0.5832,0,100,0,1000,0.01,0.7094218608852755,budget_cv,0.05
db6bbe2e7a,main,electronics,books,svm,self_training,4,250,transfer,0.8491849184918492,0.8492,2000,250,0,1000,10.0,0.8590814250613205,budget_cv,0.23
db6bbe2e7a,main,electronics,books,svm,self_training,4,250,target_only,0.8329227196783054,0.8348,0,250,0,1000,10.0,0.8016652892066535,budget_cv,0.107
db6bbe2e7a,main,electronics,books,svm,self_training,4,500,transfer,0.8691974676629739,0.8692,2000,500,0,1000,10.0,0.8366752283897019,budget_cv,0.221
db6bbe2e7a,main,electronics,books,svm,self_training,4,500,target_only,0.870183902932177,0.8704,0,500,0,1000,10.0,0.8246694205745065,budget_cv,0.122
db6bbe2e7a,main,electronics,books,svm,self_training,4,1000,transfer,0.8891889188918891,0.8892,2000,1000,0,1000,10.0,0.8838009567002985,budget_cv,0.264
db6bbe2e7a,main,electronics,books,svm,self_training,4,1000,target_only,0.8931875413948283,0.8932,0,1000,0,1000,1.0,0.8734594589720094,budget_cv,0.108
db6bbe2e7a,main,electronics,books,svm,self_training,4,2000,transfer,0.9067906790679068,0.9068,2000,2000,0,1000,1.0,0.8964613362761984,budget_cv,0.32
db6bbe2e7a,main,electronics,books,svm,self_training,4,2000,target_only,0.9067974798038538,0.9068,0,2000,0,1000,1.0,0.887867002011817,budget_cv,0.179
db6bbe2e7a,main,electronics,music,logreg,random,4,0,source_only,0.8142516452630302,0.8156,2000,0,0,0,1.0,0.9005517044369958,source_val_fallback,0.083
db6bbe2e7a,main,electronics,music,logreg,random,4,50,transfer,0.8440346417904727,0.8444,2000,50,0,0,10.0,0.854525883473252,budget_cv,0.276
db6bbe2e7a,main,electronics,music,logreg,random,4,50,target_only,0.7119169198457678,0.724,0,50,0,0,0.1,0.5665969215969215,budget_cv,0.097
db6bbe2e7a,main,electronics,music,logreg,random,4,100,transfer,0.8338903837413677,0.8348,2000,100,0,0,10.0,0.8576664076664077,budget_cv,0.28
db6bbe2e7a,main,electronics,music,logreg,random,4,100,target_only,0.7291976715709361,0.7424,0,100,0,0,0.01,0.686223378240185,budget_cv,0.105
db6bbe2e7a,main,electronics,music,logreg,random,4,250,transfer,0.8483643568626922,0.8488,2000,250,0,0,10.0,0.8704668658421246,budget_cv,0.285
db6bbe2e7a,main,electronics,music,logreg,random,4,250,target_only,0.8109859814873343,0.8136,0,250,0,0,10.0,0.8012629642803274,budget_cv,0.121
db6bbe2e7a,main,electronics,music,logreg,random,4,500,transfer,0.8620927647450095,0.8624,2000,500,0,0,10.0,0.8572633942788185,budget_cv,0.309
db6bbe2e7a,main,electronics,music,logreg,random,4,500,target_only,0.8458032475204921,0.8468,0,500,0,0,10.0,0.8359883026401239,budget_cv,0.136
db6bbe2e7a,main,electronics,music,logreg,random,4,1000,transfer,0.8859364711769868,0.886,2000,1000,0,0,10.0,0.8567488942817308,budget_cv,0.338
db6bbe2e7a,main,electronics,music,logreg,random,4,1000,target_only,0.8850339890802319,0.8852,0,1000,0,0,10.0,0.8534106618213494,budget_cv,0.173
db6bbe2e7a,main,electronics,music,logreg,random,4,2000,transfer,0.9023510036395862,0.9024,2000,2000,0,0,10.0,0.8776019830336583,budget_cv,0.409
db6bbe2e7a,main,electronics,music,logreg,random,4,2000,target_only,0.9023144117950384,0.9024,0,2000,0,0,10.0,0.8754438205015127,budget_cv,0.228
db6bbe2e7a,main,electronics,music,logreg,uncertainty,4,0,source_only,0.8142516452630302,0.8156,2000,0,0,0,1.0,0.9005517044369958,source_val_fallback,0.082
db6bbe2e7a,main,electronics,music,logreg,uncertainty,4,50,transfer,0.8547609365014814,0.8548,2000,50,0,0,10.0,0.7885082753503806,budget_cv,0.285
db6bbe2e7a,main,electronics,music,logreg,uncertainty,4,50,target_only,0.6436626449454594,0.6532,0,50,0,0,0.01,0.6189542483660131,budget_cv,0.096
db6bbe2e7a,main,electronics,music,logreg,uncertainty,4,100,transfer,0.8615202356557377,0.8616,2000,100,0,0,10.0,0.8003926561243634,budget_cv,0.277
db6bbe2e7a,main,electronics,music,logreg,uncertainty,4,100,target_only,0.6983844315027835,0.6992,0,100,0,0,0.1,0.5141131358376599,budget_cv,0.105
db6bbe2e7a,main,electronics,music,logreg,uncertainty,4,250,transfer,0.8723288922998553,0.8724,2000,250,0,0,10.0,0.6470041495390385,budget_cv,0.296
db6bbe2e7a,main,electronics,music,logreg,uncertainty,4,250,target_only,0.707193253732566,0.7072,0,250,0,0,10.0,0.5684710946614212,budget_cv,0.115
db6bbe2e7a,main,electronics,music,logreg,uncertainty,4,500,transfer,0.8887715255105306,0.8888,2000,500,0,0,10.0,0.6371876439916389,budget_cv,0.324
db6bbe2e7a,main,electronics,music,logreg,uncertainty,4,500,target_only,0.7543238993710693,0.7544,0,500,0,0,10.0,0.6767509418185916,budget_cv,0.128
db6bbe2e7a,main,electronics,music,logreg,uncertainty,4,1000,transfer,0.8963534170797723,0.8964,2000,1000,0,0,10.0,0.7582302640561576,budget_cv,0.347
db6bbe2e7a,main,electronics,music,logreg,uncertainty,4,1000,target_only,0.8727058226758484,0.8728,0,1000,0,0,10.0,0.7134439513686708,budget_cv,0.159
db6bbe2e7a,main,electronics,music,logreg,uncertainty,4,2000,transfer,0.9023510036395862,0.9024,2000,2000,0,0,10.0,0.881693173767571,budget_cv,0.4
db6bbe2e7a,main,electronics,music,logreg,uncertainty,4,2000,target_only,0.9023144117950384,0.9024,0,2000,0,0,10.0,0.8809704755371194,budget_cv,0.227
db6bbe2e7a,main,electronics,music,logreg,self_training,4,0,uda_self_training,0.8063852035814653,0.8104,2000,0,0,1000,1.0,0.9005517044369958,source_val_fallback,0.137
db6bbe2e7a,main,electronics,music,logreg,self_training,4,50,transfer,0.8486768091470173,0.8492,2000,50,0,1000,10.0,0.854525883473252,budget_cv,0.353
db6bbe2e7a,main,electronics,music,logreg,self_training,4,50,target_only,0.48227211385106117,0.578,0,50,0,1000,0.1,0.5665969215969215,budget_cv,0.123
db6bbe2e7a,main,electronics,music,logreg,self_training,4,100,transfer,0.8371845894730325,0.8384,2000,100,0,1000,10.0,0.8576664076664077,budget_cv,0.361
db6bbe2e7a,main,electronics,music,logreg,self_training,4,100,target_only,0.4631773258756834,0.5656,0,100,0,1000,0.01,0.686223378240185,budget_cv,0.126
db6bbe2e7a,main,electronics,music,logreg,self_training,4,250,transfer,0.8542102864402392,0.8548,2000,250,0,1000,10.0,0.8704668658421246,budget_cv,0.37
db6bbe2e7a,main,electronics,music,logreg,self_training,4,250,target_only,0.7819782474691688,0.7892,0,250,0,1000,10.0,0.8012629642803274,budget_cv,0.172
db6bbe2e7a,main,electronics,music,logreg,self_training,4,500,transfer,0.8636312589241308,0.864,2000,500,0,1000,10.0,0.8572633942788185,budget_cv,0.406
db6bbe2e7a,main,electronics,music,logreg,self_training,4,500,target_only,0.8427899426300491,0.8444,0,500,0,1000,10.0,0.8359883026401239,budget_cv,0.189
db6bbe2e7a,main,electronics,music,logreg,self_training,4,1000,transfer,0.8903449794969124,0.8904,2000,1000,0,1000,10.0,0.8567488942817308,budget_cv,0.442
db6bbe2e7a,main,electronics,music,logreg,self_training,4,1000,target_only,0.8808628131683416,0.8812,0,1000,0,1000,10.0,0.8534106618213494,budget_cv,0.235
db6bbe2e7a,main,electronics,music,logreg,self_training,4,2000,transfer,0.90234375,0.9024,2000,2000,0,1000,10.0,0.8776019830336583,budget_cv,0.544
db6bbe2e7a,main,electronics,music,logreg,self_training,4,2000,target_only,0.8986715804141536,0.8988,0,2000,0,1000,10.0,0.8754438205015127,budget_cv,0.317
db6bbe2e7a,main,electronics,music,svm,random,4,0,source_only,0.8157602473989136,0.8172,2000,0,0,0,0.1,0.9025495528848893,source_val_fallback,0.046
db6bbe2e7a,main,electronics,music,svm,random,4,50,transfer,0.8510069049488136,0.8512,2000,50,0,0,1.0,0.8515647586585802,budget_cv,0.14
db6bbe2e7a,main,electronics,music,svm,random,4,50,target_only,0.7207327971403038,0.7312,0,50,0,0,0.01,0.6012265512265512,budget_cv,0.038
db6bbe2e7a,main,electronics,music,svm,random,4,100,transfer,0.8409485251590515,0.8416,2000,100,0,0,1.0,0.8463155633887341,budget_cv,0.142
db6bbe2e7a,main,electronics,music,svm,random,4,100,target_only,0.730359024233469,0.7428,0,100,0,0,0.01,0.634613072282053,budget_cv,0.039
db6bbe2e7a,main,electronics,music,svm,random,4,250,transfer,0.8533160198143606,0.8536,2000,250,0,0,1.0,0.8746558181905036,budget_cv,0.15
db6bbe2e7a,main,electronics,music,svm,random,4,250,target_only,0.8121848620187491,0.8148,0,250,0,0,1.0,0.805162383236814,budget_cv,0.043
db6bbe2e7a,main,electronics,music,svm,random,4,500,transfer,0.8645281024828071,0.8648,2000,500,0,0,1.0,0.8614823415514355,budget_cv,0.156
db6bbe2e7a,main,electronics,music,svm,random,4,500,target_only,0.8458231105602072,0.8468,0,500,0,0,1.0,0.8400517416889909,budget_cv,0.052
db6bbe2e7a,main,electronics,music,svm,random,4,1000,transfer,0.8899505393704147,0.89,2000,1000,0,0,1.0,0.8617821488368214,budget_cv,0.181
db6bbe2e7a,main,electronics,music,svm,random,4,1000,target_only,0.8834316753391898,0.8836,0,1000,0,0,1.0,0.8604668814438513,budget_cv,0.068
db6bbe2e7a,main,electronics,music,svm,random,4,2000,transfer,0.900750200420563,0.9008,2000,2000,0,0,1.0,0.87967326617091,budget_cv,0.235
db6bbe2e7a,main,electronics,music,svm,random,4,2000,target_only,0.8998974950349158,0.9,0,2000,0,0,10.0,0.8739978751496661,budget_cv,0.11
db6bbe2e7a,main,electronics,music,svm,uncertainty,4,0,source_only,0.8157602473989136,0.8172,2000,0,0,0,0.1,0.9025495528848893,source_val_fallback,0.044
db6bbe2e7a,main,electronics,music,svm,uncertainty,4,50,transfer,0.8249998109193359,0.826,2000,50,0,0,0.1,0.707010582010582,budget_cv,0.141
db6bbe2e7a,main,electronics,music,svm,uncertainty,4,50,target_only,0.6797108577697317,0.6816,0,50,0,0,1.0,0.5943387881468377,budget_cv,0.04
db6bbe2e7a,main,electronics,music,svm,uncertainty,4,100,transfer,0.8346549937651657,0.8356,2000,100,0,0,0.1,0.676009431181845,budget_cv,0.149
db6bbe2e7a,main,electronics,music,svm,uncertainty,4,100,target_only,0.7163505769245233,0.7164,0,100,0,0,1.0,0.6679522726155853,budget_cv,0.042
db6bbe2e7a,main,electronics,music,svm,uncertainty,4,250,transfer,0.8488689868096699,0.8492,2000,250,0,0,0.1,0.5426293460243983,budget_cv,0.158
db6bbe2e7a,main,electronics,music,svm,uncertainty,4,250,target_only,0.7178320084645595,0.718,0,250,0,0,0.1,0.5770929349337655,budget_cv,0.047
db6bbe2e7a,main,electronics,music,svm,uncertainty,4,500,transfer,0.8859525380082175,0.886,2000,500,0,0,10.0,0.6244152587918385,budget_cv,0.2
db6bbe2e7a,main,electronics,music,svm,uncertainty,4,500,target_only,0.7847998622719119,0.7848,0,500,0,0,1.0,0.6107816743574103,budget_cv,0.06
db6bbe2e7a,main,electronics,music,svm,uncertainty,4,1000,transfer,0.8967280235633027,0.8968,2000,1000,0,0,1.0,0.7584396272403234,budget_cv,0.219
db6bbe2e7a,main,electronics,music,svm,uncertainty,4,1000,target_only,0.8829896434614293,0.8832,0,1000,0,0,1.0,0.7022716502552199,budget_cv,0.073
db6bbe2e7a,main,electronics,music,svm,uncertainty,4,2000,transfer,0.900750200420563,0.9008,2000,2000,0,0,1.0,0.8877235948862285,budget_cv,0.236
db6bbe2e7a,main,electronics,music,svm,uncertainty,4,2000,target_only,0.8998974950349158,0.9,0,2000,0,0,10.0,0.8806502409174545,budget_cv,0.109
db6bbe2e7a,main,electronics,music,svm,self_training,4,0,uda_self_training,0.8004173940298327,0.8052,2000,0,0,1000,0.1,0.9025495528848893,source_val_fallback,0.064
db6bbe2e7a,main,electronics,music,svm,self_training,4,50,transfer,0.8557783832949062,0.856,2000,50,0,1000,1.0,0.8515647586585802,budget_cv,0.169
db6bbe2e7a,main,electronics,music,svm,self_training,4,50,target_only,0.4785420291185282,0.5764,0,50,0,1000,0.01,0.6012265512265512,budget_cv,0.048
db6bbe2e7a,main,electronics,music,svm,self_training,4,100,transfer,0.8395212181908129,0.8404,2000,100,0,1000,1.0,0.8463155633887341,budget_cv,0.177
db6bbe2e7a,main,electronics,music,svm,self_training,4,100,target_only,0.47782675040355127,0.576,0,100,0,1000,0.01,0.634613072282053,budget_cv,0.052
db6bbe2e7a,main,electronics,music,svm,self_training,4,250,transfer,0.8584573762632779,0.8588,2000,250,0,1000,1.0,0.8746558181905036,budget_cv,0.18
db6bbe2e7a,main,electronics,music,svm,self_training,4,250,target_only,0.7917215489989462,0.7976,0,250,0,1000,1.0,0.805162383236814,budget_cv,0.056
db6bbe2e7a,main,electronics,music,svm,self_training,4,500,transfer,0.8648938819619942,0.8652,2000,500,0,1000,1.0,0.8614823415514355,budget_cv,0.191
db6bbe2e7a,main,electronics,music,svm,self_training,4,500,target_only,0.8467251455949775,0.848,0,500,0,1000,1.0,0.8400517416889909,budget_cv,0.067
db6bbe2e7a,main,electronics,music,svm,self_training,4,1000,transfer,0.8923478963818487,0.8924,2000,1000,0,1000,1.0,0.8617821488368214,budget_cv,0.22
db6bbe2e7a,main,electronics,music,svm,self_training,4,1000,target_only,0.885835145950753,0.886,0,1000,0,1000,1.0,0.8604668814438513,budget_cv,0.086
db6bbe2e7a,main,electronics,music,svm,self_training,4,2000,transfer,0.9007428278688525,0.9008,2000,2000,0,1000,1.0,0.87967326617091,budget_cv,0.278
db6bbe2e7a,main,electronics,music,svm,self_training,4,2000,target_only,0.8998974950349158,0.9,0,2000,0,1000,10.0,0.8739978751496661,budget_cv,0.139
db6bbe2e7a,main,electronics,clothing,logreg,random,4,0,source_only,0.8847786886662558,0.8848,2000,0,0,0,10.0,0.8985871589993222,source_val_fallback,0.083
db6bbe2e7a,main,electronics,clothing,logreg,random,4,50,transfer,0.8847893821894626,0.8848,2000,50,0,0,10.0,0.9790849673202615,budget_cv,0.275
db6bbe2e7a,main,electronics,clothing,logreg,random,4,50,target_only,0.7784771647146785,0.7808,0,50,0,0,0.01,0.7067330817330818,budget_cv,0.092
db6bbe2e7a,main,electronics,clothing,logreg,random,4,100,transfer,0.8907872614261727,0.8908,2000,100,0,0,10.0,0.9298685383244206,budget_cv,0.282
db6bbe2e7a,main,electronics,clothing,logreg,random,4,100,target_only,0.8353094859331862,0.8356,0,100,0,0,1.0,0.7666690161619168,budget_cv,0.095
db6bbe2e7a,main,electronics,clothing,logreg,random,4,250,transfer,0.8991563710123548,0.8992,2000,250,0,0,10.0,0.8864203694945276,budget_cv,0.285
db6bbe2e7a,main,electronics,clothing,logreg,random,4,250,target_only,0.8795574307783343,0.8796,0,250,0,0,0.1,0.8221001072213335,budget_cv,0.114
db6bbe2e7a,main,electronics,clothing,logreg,random,4,500,transfer,0.9059890345609912,0.906,2000,500,0,0,10.0,0.8918866354623572,budget_cv,0.296
db6bbe2e7a,main,electronics,clothing,logreg,random,4,500,target_only,0.8915908242473642,0.8916,0,500,0,0,0.1,0.8818833150049511,budget_cv,0.13
db6bbe2e7a,main,electronics,clothing,logreg,random,4,1000,transfer,0.9155999864959978,0.9156,2000,1000,0,0,10.0,0.9029497113533614,budget_cv,0.326
db6bbe2e7a,main,electronics,clothing,logreg,random,4,1000,target_only,0.906785667364214,0.9068,0,1000,0,0,1.0,0.8919258200136287,budget_cv,0.149
db6bbe2e7a,main,electronics,clothing,logreg,random,4,2000,transfer,0.9207975162101083,0.9208,2000,2000,0,0,10.0,0.9179540584212238,budget_cv,0.372
db6bbe2e7a,main,electronics,clothing,logreg,random,4,2000,target_only,0.9203996815987264,0.9204,0,2000,0,0,1.0,0.9144425770144303,budget_cv,0.195
db6bbe2e7a,main,electronics,clothing,logreg,uncertainty,4,0,source_only,0.8847786886662558,0.8848,2000,0,0,0,10.0,0.8985871589993222,source_val_fallback,0.08
db6bbe2e7a,main,electronics,clothing,logreg,uncertainty,4,50,transfer,0.8875904856587062,0.8876,2000,50,0,0,10.0,0.7595502235982113,budget_cv,0.28
db6bbe2e7a,main,electronics,clothing,logreg,uncertainty,4,50,target_only,0.6990562694676753,0.7012,0,50,0,0,0.01,0.5479553584816742,budget_cv,0.091
db6bbe2e7a,main,electronics,clothing,logreg,uncertainty,4,100,transfer,0.8943918217026727,0.8944,2000,100,0,0,10.0,0.739129389129389,budget_cv,0.294
db6bbe2e7a,main,electronics,clothing,logreg,uncertainty,4,100,target_only,0.6840667640834752,0.6888,0,100,0,0,1.0,0.6521338245476177,budget_cv,0.103
db6bbe2e7a,main,electronics,clothing,logreg,uncertainty,4,250,transfer,0.9047984767756284,0.9048,2000,250,0,0,10.0,0.6834918820013671,budget_cv,0.29
db6bbe2e7a,main,electronics,clothing,logreg,uncertainty,4,250,target_only,0.6919312036529398,0.6936,0,250,0,0,1.0,0.6808590216463454,budget_cv,0.113
db6bbe2e7a,main,electronics,clothing,logreg,uncertainty,4,500,transfer,0.9119979724332848,0.912,2000,500,0,0,10.0,0.7295323463132691,budget_cv,0.313
db6bbe2e7a,main,electronics,clothing,logreg,uncertainty,4,500,target_only,0.7626492727941953,0.7628,0,500,0,0,1.0,0.6397804868217071,budget_cv,0.128
db6bbe2e7a,main,electronics,clothing,logreg,uncertainty,4,1000,transfer,0.9207975162101083,0.9208,2000,1000,0,0,10.0,0.8221317224525279,budget_cv,0.337
db6bbe2e7a,main,electronics,clothing,logreg,uncertainty,4,1000,target_only,0.9047997562873761,0.9048,0,1000,0,0,10.0,0.7482037275499294,budget_cv,0.157
db6bbe2e7a,main,electronics,clothing,logreg,uncertainty,4,2000,transfer,0.9207975162101083,0.9208,2000,2000,0,0,10.0,0.914453459998092,budget_cv,0.37
db6bbe2e7a,main,electronics,clothing,logreg,uncertainty,4,2000,target_only,0.9192,0.9192,0,2000,0,0,10.0,0.9119575121059528,budget_cv,0.204
db6bbe2e7a,main,electronics,clothing,logreg,self_training,4,0,uda_self_training,0.8939741975607184,0.894,2000,0,0,1000,10.0,0.8985871589993222,source_val_fallback,0.161
db6bbe2e7a,main,electronics,clothing,logreg,self_training,4,50,transfer,0.8943966882801444,0.8944,2000,50,0,1000,10.0,0.9790849673202615,budget_cv,0.354
db6bbe2e7a,main,electronics,clothing,logreg,self_training,4,50,target_only,0.6073941249029193,0.648,0,50,0,1000,0.01,0.7067330817330818,budget_cv,0.108
db6bbe2e7a,main,electronics,clothing,logreg,self_training,4,100,transfer,0.8947986365903302,0.8948,2000,100,0,1000,10.0,0.9298685383244206,budget_cv,0.36
db6bbe2e7a,main,electronics,clothing,logreg,self_training,4,100,target_only,0.8411245222445024,0.8424,0,100,0,1000,1.0,0.7666690161619168,budget_cv,0.122
db6bbe2e7a,main,electronics,clothing,logreg,self_training,4,250,transfer,0.9047802552337253,0.9048,2000,250,0,1000,10.0,0.8864203694945276,budget_cv,0.369
db6bbe2e7a,main,electronics,clothing,logreg,self_training,4,250,target_only,0.8667153589215295,0.8668,0,250,0,1000,0.1,0.8221001072213335,budget_cv,0.131
db6bbe2e7a,main,electronics,clothing,logreg,self_training,4,500,transfer,0.9103870957417868,0.9104,2000,500,0,1000,10.0,0.8918866354623572,budget_cv,0.382
db6bbe2e7a,main,electronics,clothing,logreg,self_training,4,500,target_only,0.8647271907631564,0.8648,0,500,0,1000,0.1,0.8818833150049511,budget_cv,0.15
db6bbe2e7a,main,electronics,clothing,logreg,self_training,4,1000,transfer,0.9139999862399978,0.914,2000,1000,0,1000,10.0,0.9029497113533614,budget_cv,0.423
db6bbe2e7a,main,electronics,clothing,logreg,self_training,4,1000,target_only,0.9039999385599606,0.904,0,1000,0,1000,1.0,0.8919258200136287,budget_cv,0.186
db6bbe2e7a,main,electronics,clothing,logreg,self_training,4,2000,transfer,0.9223982120548058,0.9224,2000,2000,0,1000,10.0,0.9179540584212238,budget_cv,0.485
db6bbe2e7a,main,electronics,clothing,logreg,self_training,4,2000,target_only,0.9159844604858114,0.916,0,2000,0,1000,1.0,0.9144425770144303,budget_cv,0.24
db6bbe2e7a,main,electronics,clothing,svm,random,4,0,source_only,0.8851720554714195,0.8852,2000,0,0,0,1.0,0.8952696107098053,source_val_fallback,0.045
db6bbe2e7a,main,electronics,clothing,svm,random,4,50,transfer,0.8847963872147031,0.8848,2000,50,0,0,1.0,0.9790849673202615,budget_cv,0.143
db6bbe2e7a,main,electronics,clothing,svm,random,4,50,target_only,0.7647212600483628,0.7696,0,50,0,0,0.01,0.6981629481629481,budget_cv,0.037
db6bbe2e7a,main,electronics,clothing,svm,random,4,100,transfer,0.8911943595155973,0.8912,2000,100,0,0,1.0,0.9197860962566845,budget_cv,0.14
db6bbe2e7a,main,electronics,clothing,svm,random,4,100,target_only,0.8357156961551382,0.836,0,100,0,0,0.1,0.7666690161619168,budget_cv,0.038
db6bbe2e7a,main,electronics,clothing,svm,random,4,250,transfer,0.8999874544262833,0.9,2000,250,0,0,10.0,0.886800824251344,budget_cv,0.152
db6bbe2e7a,main,electronics,clothing,svm,random,4,250,target_only,0.8803678237298704,0.8804,0,250,0,0,0.01,0.8186267962776624,budget_cv,0.041
db6bbe2e7a,main,electronics,clothing,svm,random,4,500,transfer,0.9051945240357083,0.9052,2000,500,0,0,10.0,0.89588523777552,budget_cv,0.161
db6bbe2e7a,main,electronics,clothing,svm,random,4,500,target_only,0.8899871681032876,0.89,0,500,0,0,0.01,0.8798971928720816,budget_cv,0.048
db6bbe2e7a,main,electronics,clothing,svm,random,4,1000,transfer,0.9151991316391079,0.9152,2000,1000,0,0,1.0,0.9059580253329672,budget_cv,0.176
db6bbe2e7a,main,electronics,clothing,svm,random,4,1000,target_only,0.9075875649827441,0.9076,0,1000,0,0,0.1,0.8909237537725391,budget_cv,0.066
db6bbe2e7a,main,electronics,clothing,svm,random,4,2000,transfer,0.918799363387009,0.9188,2000,2000,0,0,1.0,0.9194524467470809,budget_cv,0.302
db6bbe2e7a,main,electronics,clothing,svm,random,4,2000,target_only,0.9207995438053723,0.9208,0,2000,0,0,0.1,0.9139416852433091,budget_cv,0.127
db6bbe2e7a,main,electronics,clothing,svm,uncertainty,4,0,source_only,0.8851720554714195,0.8852,2000,0,0,0,1.0,0.8952696107098053,source_val_fallback,0.044
db6bbe2e7a,main,electronics,clothing,svm,uncertainty,4,50,transfer,0.8915998439037752,0.8916,2000,50,0,0,10.0,0.796869845554056,budget_cv,0.144
db6bbe2e7a,main,electronics,clothing,svm,uncertainty,4,50,target_only,0.6253868716357683,0.6504,0,50,0,0,0.01,0.5409749670619236,budget_cv,0.038
db6bbe2e7a,main,electronics,clothing,svm,uncertainty,4,100,transfer,0.8967851370597366,0.8968,2000,100,0,0,1.0,0.7484215960382289,budget_cv,0.148
db6bbe2e7a,main,electronics,clothing,svm,uncertainty,4,100,target_only,0.6926109434346501,0.6928,0,100,0,0,0.1,0.608155188598737,budget_cv,0.039
db6bbe2e7a,main,electronics,clothing,svm,uncertainty,4,250,transfer,0.9039969893455859,0.904,2000,250,0,0,1.0,0.6122291355002493,budget_cv,0.154
db6bbe2e7a,main,electronics,clothing,svm,uncertainty,4,250,target_only,0.7506962497512966,0.7508,0,250,0,0,1.0,0.645922050375921,budget_cv,0.044
db6bbe2e7a,main,electronics,clothing,svm,uncertainty,4,500,transfer,0.9107975879667787,0.9108,2000,500,0,0,1.0,0.6972720858608334,budget_cv,0.167
db6bbe2e7a,main,electronics,clothing,svm,uncertainty,4,500,target_only,0.8227691192913453,0.8228,0,500,0,0,1.0,0.5875049752938574,budget_cv,0.049
db6bbe2e7a,main,electronics,clothing,svm,uncertainty,4,1000,transfer,0.919194828469022,0.9192,2000,1000,0,0,1.0,0.8234023323504136,budget_cv,0.214
db6bbe2e7a,main,electronics,clothing,svm,uncertainty,4,1000,target_only,0.9039925651842479,0.904,0,1000,0,0,10.0,0.7419281660623632,budget_cv,0.083
db6bbe2e7a,main,electronics,clothing,svm,uncertainty,4,2000,transfer,0.918799363387009,0.9188,2000,2000,0,0,1.0,0.9234350840510125,budget_cv,0.275
db6bbe2e7a,main,electronics,clothing,svm,uncertainty,4,2000,target_only,0.9175986815789052,0.9176,0,2000,0,0,1.0,0.9179436104526048,budget_cv,0.131
db6bbe2e7a,main,electronics,clothing,svm,self_training,4,0,uda_self_training,0.8915648670169135,0.8916,2000,0,0,1000,1.0,0.8952696107098053,source_val_fallback,0.071
db6bbe2e7a,main,electronics,clothing,svm,self_training,4,50,transfer,0.889591449961885,0.8896,2000,50,0,1000,1.0,0.9790849673202615,budget_cv,0.177
db6bbe2e7a,main,electronics,clothing,svm,self_training,4,50,target_only,0.5437867098232347,0.6076,0,50,0,1000,0.01,0.6981629481629481,budget_cv,0.045
db6bbe2e7a,main,electronics,clothing,svm,self_training,4,100,transfer,0.8947962126636559,0.8948,2000,100,0,1000,1.0,0.9197860962566845,budget_cv,0.176
db6bbe2e7a,main,electronics,clothing,svm,self_training,4,100,target_only,0.8430365780456835,0.8444,0,100,0,1000,0.1,0.7666690161619168,budget_cv,0.047
db6bbe2e7a,main,electronics,clothing,svm,self_training,4,250,transfer,0.9003883813007949,0.9004,2000,250,0,1000,10.0,0.886800824251344,budget_cv,0.195
db6bbe2e7a,main,electronics,clothing,svm,self_training,4,250,target_only,0.8639616045232607,0.864,0,250,0,1000,0.01,0.8186267962776624,budget_cv,0.049
db6bbe2e7a,main,electronics,clothing,svm,self_training,4,500,transfer,0.9051945240357083,0.9052,2000,500,0,1000,10.0,0.89588523777552,budget_cv,0.202
db6bbe2e7a,main,electronics,clothing,svm,self_training,4,500,target_only,0.8630597732077647,0.8632,0,500,0,1000,0.01,0.8798971928720816,budget_cv,0.056
db6bbe2e7a,main,electronics,clothing,svm,self_training,4,1000,transfer,0.9139999862399978,0.914,2000,1000,0,1000,1.0,0.9059580253329672,budget_cv,0.226
db6bbe2e7a,main,electronics,clothing,svm,self_training,4,1000,target_only,0.9039999385599606,0.904,0,1000,0,1000,0.1,0.8909237537725391,budget_cv,0.078
db6bbe2e7a,main,electronics,clothing,svm,self_training,4,2000,transfer,0.9199974911213216,0.92,2000,2000,0,1000,1.0,0.9194524467470809,budget_cv,0.349
db6bbe2e7a,main,electronics,clothing,svm,self_training,4,2000,target_only,0.9171855704137889,0.9172,0,2000,0,1000,0.1,0.9139416852433091,budget_cv,0.153
db6bbe2e7a,main,clothing,books,logreg,random,4,0,source_only,0.8070318094105368,0.8092,2000,0,0,0,10.0,0.9158468037814618,source_val_fallback,0.075
db6bbe2e7a,main,clothing,books,logreg,random,4,50,transfer,0.7899917117812131,0.7932,2000,50,0,0,0.01,0.793109668109668,budget_cv,0.231
db6bbe2e7a,main,clothing,books,logreg,random,4,50,target_only,0.7360188111633199,0.7364,0,50,0,0,0.1,0.698665577342048,budget_cv,0.095
db6bbe2e7a,main,clothing,books,logreg,random,4,100,transfer,0.840145234882077,0.8408,2000,100,0,0,10.0,0.7580973211644718,budget_cv,0.255
db6bbe2e7a,main,clothing,books,logreg,random,4,100,target_only,0.753843432155376,0.756,0,100,0,0,0.1,0.7469094176166452,budget_cv,0.099
db6bbe2e7a,main,clothing,books,logreg,random,4,250,transfer,0.8616970834199897,0.862,2000,250,0,0,10.0,0.8361098890081369,budget_cv,0.268
db6bbe2e7a,main,clothing,books,logreg,random,4,250,target_only,0.8379884647786923,0.8384,0,250,0,0,1.0,0.8012925239653964,budget_cv,0.114
db6bbe2e7a,main,clothing,books,logreg,random,4,500,transfer,0.8794258909865846,0.8796,2000,500,0,0,10.0,0.8507801409312602,budget_cv,0.288
db6bbe2e7a,main,clothing,books,logreg,random,4,500,target_only,0.8662630533666474,0.8664,0,500,0,0,10.0,0.8224042105648915,budget_cv,0.142
db6bbe2e7a,main,clothing,books,logreg,random,4,1000,transfer,0.900774598297164,0.9008,2000,1000,0,0,10.0,0.8773837863105406,budget_cv,0.334
db6bbe2e7a,main,clothing,books,logreg,random,4,1000,target_only,0.8911943595155973,0.8912,0,1000,0,0,10.0,0.8724970877764546,budget_cv,0.184
db6bbe2e7a,main,clothing,books,logreg,random,4,2000,transfer,0.9083996335985345,0.9084,2000,2000,0,0,10.0,0.8843425199484379,budget_cv,0.438
db6bbe2e7a,main,clothing,books,logreg,random,4,2000,target_only,0.9055984895758332,0.9056,0,2000,0,0,10.0,0.8888691709906666,budget_cv,0.26
db6bbe2e7a,main,clothing,books,logreg,uncertainty,4,0,source_only,0.8070318094105368,0.8092,2000,0,0,0,10.0,0.9158468037814618,source_val_fallback,0.074
db6bbe2e7a,main,clothing,books,logreg,uncertainty,4,50,transfer,0.8192902886843703,0.8212,2000,50,0,0,10.0,0.7295685795685797,budget_cv,0.254
db6bbe2e7a,main,clothing,books,logreg,uncertainty,4,50,target_only,0.6819143002138794,0.6844,0,50,0,0,0.1,0.6791938997821351,budget_cv,0.096
db6bbe2e7a,main,clothing,books,logreg,uncertainty,4,100,transfer,0.8518630978004633,0.852,2000,100,0,0,10.0,0.6503511161241576,budget_cv,0.259
db6bbe2e7a,main,clothing,books,logreg,uncertainty,4,100,target_only,0.7149913264928008,0.7188,0,100,0,0,0.01,0.6250722269584162,budget_cv,0.108
db6bbe2e7a,main,clothing,books,logreg,uncertainty,4,250,transfer,0.8615148260786314,0.8616,2000,250,0,0,1.0,0.6061651390108836,budget_cv,0.268
db6bbe2e7a,main,clothing,books,logreg,uncertainty,4,250,target_only,0.7133408634026399,0.7188,0,250,0,0,0.1,0.651982700379948,budget_cv,0.12
db6bbe2e7a,main,clothing,books,logreg,uncertainty,4,500,transfer,0.8879941936189972,0.888,2000,500,0,0,10.0,0.6399122662073183,budget_cv,0.305
db6bbe2e7a,main,clothing,books,logreg,uncertainty,4,500,target_only,0.7714377001724562,0.772,0,500,0,0,10.0,0.6598713948097955,budget_cv,0.136
db6bbe2e7a,main,clothing,books,logreg,uncertainty,4,1000,transfer,0.9063994608608945,0.9064,2000,1000,0,0,10.0,0.7578265839050577,budget_cv,0.357
db6bbe2e7a,main,clothing,books,logreg,uncertainty,4,1000,target_only,0.8751459831581536,0.8752,0,1000,0,0,10.0,0.6987654462086041,budget_cv,0.177
db6bbe2e7a,main,clothing,books,logreg,uncertainty,4,2000,transfer,0.9083996335985345,0.9084,2000,2000,0,0,10.0,0.8843300500024268,budget_cv,0.428
db6bbe2e7a,main,clothing,books,logreg,uncertainty,4,2000,target_only,0.9055984895758332,0.9056,0,2000,0,0,10.0,0.8823714721914554,budget_cv,0.262
db6bbe2e7a,main,clothing,books,logreg,self_training,4,0,uda_self_training,0.7547463429816371,0.7636,2000,0,0,1000,10.0,0.9158468037814618,source_val_fallback,0.151
db6bbe2e7a,main,clothing,books,logreg,self_training,4,50,transfer,0.6323772788857457,0.6668,2000,50,0,1000,0.01,0.793109668109668,budget_cv,0.262
db6bbe2e7a,main,clothing,books,logreg,self_training,4,50,target_only,0.7967036746333114,0.7976,0,50,0,1000,0.1,0.698665577342048,budget_cv,0.116
db6bbe2e7a,main,clothing,books,logreg,self_training,4,100,transfer,0.8248016455212099,0.8268,2000,100,0,1000,10.0,0.7580973211644718,budget_cv,0.332
db6bbe2e7a,main,clothing,books,logreg,self_training,4,100,target_only,0.5496808374493922,0.6104,0,100,0,1000,0.1,0.7469094176166452,budget_cv,0.125
db6bbe2e7a,main,clothing,books,logreg,self_training,4,250,transfer,0.8577880106133531,0.8584,2000,250,0,1000,10.0,0.8361098890081369,budget_cv,0.349
db6bbe2e7a,main,clothing,books,logreg,self_training,4,250,target_only,0.7333333333333334,0.744,0,250,0,1000,1.0,0.8012925239653964,budget_cv,0.157
db6bbe2e7a,main,clothing,books,logreg,self_training,4,500,transfer,0.8741290047821357,0.8744,2000,500,0,1000,10.0,0.8507801409312602,budget_cv,0.378
db6bbe2e7a,main,clothing,books,logreg,self_training,4,500,target_only,0.8429964784632127,0.8436,0,500,0,1000,10.0,0.8224042105648915,budget_cv,0.201
db6bbe2e7a,main,clothing,books,logreg,self_training,4,1000,transfer,0.9027809450652328,0.9028,2000,1000,0,1000,10.0,0.8773837863105406,budget_cv,0.44
db6bbe2e7a,main,clothing,books,logreg,self_training,4,1000,target_only,0.8891850887455416,0.8892,0,1000,0,1000,10.0,0.8724970877764546,budget_cv,0.255
db6bbe2e7a,main,clothing,books,logreg,self_training,4,2000,transfer,0.9103997706234128,0.9104,2000,2000,0,1000,10.0,0.8843425199484379,budget_cv,0.586
db6bbe2e7a,main,clothing,books,logreg,self_training,4,2000,target_only,0.9051999848319976,0.9052,0,2000,0,1000,10.0,0.8888691709906666,budget_cv,0.357
db6bbe2e7a,main,clothing,books,svm,random,4,0,source_only,0.8102512757573801,0.812,2000,0,0,0,1.0,0.9145475649616532,source_val_fallback,0.057
db6bbe2e7a,main,clothing,books,svm,random,4,50,transfer,0.8319098491200341,0.8324,2000,50,0,0,1.0,0.76561631933822,budget_cv,0.188
db6bbe2e7a,main,clothing,books,svm,random,4,50,target_only,0.7360416582424643,0.7368,0,50,0,0,0.01,0.698665577342048,budget_cv,0.039
db6bbe2e7a,main,clothing,books,svm,random,4,100,transfer,0.8359794252591045,0.836,2000,100,0,0,10.0,0.7838134417930682,budget_cv,0.223
db6bbe2e7a,main,clothing,books,svm,random,4,100,target_only,0.7576175723877938,0.7592,0,100,0,0,0.01,0.7094218608852755,budget_cv,0.04
db6bbe2e7a,main,clothing,books,svm,random,4,250,transfer,0.8523640713203966,0.8524,2000,250,0,0,10.0,0.8424661933508517,budget_cv,0.249
db6bbe2e7a,main,clothing,books,svm,random,4,250,target_only,0.8387640179044136,0.8392,0,250,0,0,1.0,0.7975513925240222,budget_cv,0.047
db6bbe2e7a,main,clothing,books,svm,random,4,500,transfer,0.8723749854971574,0.8724,2000,500,0,0,10.0,0.8603872168103077,budget_cv,0.284
db6bbe2e7a,main,clothing,books,svm,random,4,500,target_only,0.8654884307239797,0.8656,0,500,0,0,1.0,0.8245926466384393,budget_cv,0.056
db6bbe2e7a,main,clothing,books,svm,random,4,1000,transfer,0.8979800040807999,0.898,2000,1000,0,0,1.0,0.8784510387116556,budget_cv,0.297
db6bbe2e7a,main,clothing,books,svm,random,4,1000,target_only,0.8915979013353699,0.8916,0,1000,0,0,1.0,0.8724737875340279,budget_cv,0.082
db6bbe2e7a,main,clothing,books,svm,random,4,2000,transfer,0.9075999852159976,0.9076,2000,2000,0,0,1.0,0.8853660752841858,budget_cv,0.411
db6bbe2e7a,main,clothing,books,svm,random,4,2000,target_only,0.9087978987035861,0.9088,0,2000,0,0,1.0,0.8883819895610928,budget_cv,0.144
db6bbe2e7a,main,clothing,books,svm,uncertainty,4,0,source_only,0.8102512757573801,0.812,2000,0,0,0,1.0,0.9145475649616532,source_val_fallback,0.062
db6bbe2e7a,main,clothing,books,svm,uncertainty,4,50,transfer,0.8226137870490926,0.8228,2000,50,0,0,10.0,0.7441637310058362,budget_cv,0.221
db6bbe2e7a,main,clothing,books,svm,uncertainty,4,50,target_only,0.7127735292084518,0.7128,0,50,0,0,0.01,0.7775988173046997,budget_cv,0.039
db6bbe2e7a,main,clothing,books,svm,uncertainty,4,100,transfer,0.8511884760355841,0.8512,2000,100,0,0,1.0,0.6327542425368512,budget_cv,0.2
db6bbe2e7a,main,clothing,books,svm,uncertainty,4,100,target_only,0.629804097554721,0.66,0,100,0,0,0.01,0.6141256054493466,budget_cv,0.042
db6bbe2e7a,main,clothing,books,svm,uncertainty,4,250,transfer,0.8667887249976838,0.8668,2000,250,0,0,1.0,0.6705974254675887,budget_cv,0.235
db6bbe2e7a,main,clothing,books,svm,uncertainty,4,250,target_only,0.7842343833819728,0.7848,0,250,0,0,10.0,0.6492904556734236,budget_cv,0.05
db6bbe2e7a,main,clothing,books,svm,uncertainty,4,500,transfer,0.8775548618242629,0.8776,2000,500,0,0,10.0,0.6025564113436673,budget_cv,0.308
db6bbe2e7a,main,clothing,books,svm,uncertainty,4,500,target_only,0.772799418366511,0.7728,0,500,0,0,0.01,0.6110976832156562,budget_cv,0.059
db6bbe2e7a,main,clothing,books,svm,uncertainty,4,1000,transfer,0.9011987195354052,0.9012,2000,1000,0,0,10.0,0.7388224315874904,budget_cv,0.393
db6bbe2e7a,main,clothing,books,svm,uncertainty,4,1000,target_only,0.8875697607628548,0.8876,0,1000,0,0,10.0,0.6799440221478967,budget_cv,0.089
db6bbe2e7a,main,clothing,books,svm,uncertainty,4,2000,transfer,0.9075999852159976,0.9076,2000,2000,0,0,1.0,0.8819192229613995,budget_cv,0.417
db6bbe2e7a,main,clothing,books,svm,uncertainty,4,2000,target_only,0.9087978987035861,0.9088,0,2000,0,0,1.0,0.8838822707504498,budget_cv,0.142
db6bbe2e7a,main,clothing,books,svm,self_training,4,0,uda_self_training,0.7956169504286659,0.7996,2000,0,0,1000,1.0,0.9145475649616532,source_val_fallback,0.085
db6bbe2e7a,main,clothing,books,svm,self_training,4,50,transfer,0.8428298663450909,0.8436,2000,50,0,1000,1.0,0.76561631933822,budget_cv,0.216
db6bbe2e7a,main,clothing,books,svm,self_training,4,50,target_only,0.7904773272338776,0.7916,0,50,0,1000,0.01,0.698665577342048,budget_cv,0.048
db6bbe2e7a,main,clothing,books,svm,self_training,4,100,transfer,0.8443073067981754,0.8444,2000,100,0,1000,10.0,0.7838134417930682,budget_cv,0.334
db6bbe2e7a,main,clothing,books,svm,self_training,4,100,target_only,0.5465985639203494,0.608,0,100,0,1000,0.01,0.7094218608852755,budget_cv,0.051
db6bbe2e7a,main,clothing,books,svm,self_training,4,250,transfer,0.8555350716826171,0.8556,2000,250,0,1000,10.0,0.8424661933508517,budget_cv,0.364
db6bbe2e7a,main,clothing,books,svm,self_training,4,250,target_only,0.8369469758022854,0.8384,0,250,0,1000,1.0,0.7975513925240222,budget_cv,0.068
db6bbe2e7a,main,clothing,books,svm,self_training,4,500,transfer,0.8735676333141285,0.8736,2000,500,0,1000,10.0,0.8603872168103077,budget_cv,0.413
db6bbe2e7a,main,clothing,books,svm,self_training,4,500,target_only,0.8661408486830504,0.8664,0,500,0,1000,1.0,0.8245926466384393,budget_cv,0.075
db6bbe2e7a,main,clothing,books,svm,self_training,4,1000,transfer,0.8995864883578735,0.8996,2000,1000,0,1000,1.0,0.8784510387116556,budget_cv,0.344
db6bbe2e7a,main,clothing,books,svm,self_training,4,1000,target_only,0.8943966882801444,0.8944,0,1000,0,1000,1.0,0.8724737875340279,budget_cv,0.113
db6bbe2e7a,main,clothing,books,svm,self_training,4,2000,transfer,0.9079999411199624,0.908,2000,2000,0,1000,1.0,0.8853660752841858,budget_cv,0.47
db6bbe2e7a,main,clothing,books,svm,self_training,4,2000,target_only,0.9079985279764475,0.908,0,2000,0,1000,1.0,0.8883819895610928,budget_cv,0.186
db6bbe2e7a,main,clothing,music,logreg,random,4,0,source_only,0.8185711683483382,0.8204,2000,0,0,0,10.0,0.9165000750385992,source_val_fallback,0.077
db6bbe2e7a,main,clothing,music,logreg,random,4,50,transfer,0.8311039321100689,0.8324,2000,50,0,0,10.0,0.8316931606405292,budget_cv,0.256
db6bbe2e7a,main,clothing,music,logreg,random,4,50,target_only,0.7171304311165525,0.7284,0,50,0,0,0.1,0.6012265512265512,budget_cv,0.096
db6bbe2e7a,main,clothing,music,logreg,random,4,100,transfer,0.7924983137412374,0.7976,2000,100,0,0,0.1,0.8280088523115477,budget_cv,0.243
db6bbe2e7a,main,clothing,music,logreg,random,4,100,target_only,0.7286573461445149,0.7416,0,100,0,0,0.01,0.686223378240185,budget_cv,0.105
db6bbe2e7a,main,clothing,music,logreg,random,4,250,transfer,0.8510274116004714,0.852,2000,250,0,0,10.0,0.8486408601167329,budget_cv,0.271
db6bbe2e7a,main,clothing,music,logreg,random,4,250,target_only,0.8108766233766234,0.8136,0,250,0,0,10.0,0.7923155065093402,budget_cv,0.122
db6bbe2e7a,main,clothing,music,logreg,random,4,500,transfer,0.8649608000493858,0.8656,2000,500,0,0,10.0,0.8488667400890014,budget_cv,0.286
db6bbe2e7a,main,clothing,music,logreg,random,4,500,target_only,0.8457629098055324,0.8468,0,500,0,0,10.0,0.8340460622921256,budget_cv,0.138
db6bbe2e7a,main,clothing,music,logreg,random,4,1000,transfer,0.8858281210866086,0.886,2000,1000,0,0,10.0,0.8657809573103009,budget_cv,0.307
db6bbe2e7a,main,clothing,music,logreg,random,4,1000,target_only,0.8842398064137076,0.8844,0,1000,0,0,10.0,0.8544128363919724,budget_cv,0.173
db6bbe2e7a,main,clothing,music,logreg,random,4,2000,transfer,0.9027077046369267,0.9028,2000,2000,0,0,10.0,0.8815361375720897,budget_cv,0.362
db6bbe2e7a,main,clothing,music,logreg,random,4,2000,target_only,0.9019069450043089,0.902,0,2000,0,0,10.0,0.8739659594732109,budget_cv,0.233
db6bbe2e7a,main,clothing,music,logreg,uncertainty,4,0,source_only,0.8185711683483382,0.8204,2000,0,0,0,10.0,0.9165000750385992,source_val_fallback,0.075
db6bbe2e7a,main,clothing,music,logreg,uncertainty,4,50,transfer,0.81744078265814,0.82,2000,50,0,0,1.0,0.7321661998132587,budget_cv,0.243
db6bbe2e7a,main,clothing,music,logreg,uncertainty,4,50,target_only,0.6831281003640297,0.6908,0,50,0,0,0.1,0.7470326514444161,budget_cv,0.096
db6bbe2e7a,main,clothing,music,logreg,uncertainty,4,100,transfer,0.8530710558008832,0.8536,2000,100,0,0,10.0,0.6520603995478459,budget_cv,0.257
db6bbe2e7a,main,clothing,music,logreg,uncertainty,4,100,target_only,0.7145002938284494,0.7148,0,100,0,0,0.1,0.6800120057833307,budget_cv,0.1
db6bbe2e7a,main,clothing,music,logreg,uncertainty,4,250,transfer,0.8750720738035749,0.8752,2000,250,0,0,10.0,0.6213111381252259,budget_cv,0.266
db6bbe2e7a,main,clothing,music,logreg,uncertainty,4,250,target_only,0.7005077993604889,0.7044,0,250,0,0,1.0,0.6832351422465229,budget_cv,0.115
db6bbe2e7a,main,clothing,music,logreg,uncertainty,4,500,transfer,0.8891203618086654,0.8892,2000,500,0,0,10.0,0.6623261019430161,budget_cv,0.285
db6bbe2e7a,main,clothing,music,logreg,uncertainty,4,500,target_only,0.7447527894759414,0.7448,0,500,0,0,1.0,0.6665456820141052,budget_cv,0.129
db6bbe2e7a,main,clothing,music,logreg,uncertainty,4,1000,transfer,0.902294884929002,0.9024,2000,1000,0,0,10.0,0.7644356566722431,budget_cv,0.318
db6bbe2e7a,main,clothing,music,logreg,uncertainty,4,1000,target_only,0.8771315671976665,0.8772,0,1000,0,0,10.0,0.7366954605312216,budget_cv,0.165
db6bbe2e7a,main,clothing,music,logreg,uncertainty,4,2000,transfer,0.9027077046369267,0.9028,2000,2000,0,0,10.0,0.883008359060153,budget_cv,0.359
db6bbe2e7a,main,clothing,music,logreg,uncertainty,4,2000,target_only,0.9019069450043089,0.902,0,2000,0,0,10.0,0.8794744369547058,budget_cv,0.224
db6bbe2e7a,main,clothing,music,logreg,self_training,4,0,uda_self_training,0.8013136288998357,0.8064,2000,0,0,1000,10.0,0.9165000750385992,source_val_fallback,0.151
db6bbe2e7a,main,clothing,music,logreg,self_training,4,50,transfer,0.825667328399353,0.8284,2000,50,0,1000,10.0,0.8316931606405292,budget_cv,0.337
db6bbe2e7a,main,clothing,music,logreg,self_training,4,50,target_only,0.4828166444043708,0.5788,0,50,0,1000,0.1,0.6012265512265512,budget_cv,0.123
db6bbe2e7a,main,clothing,music,logreg,self_training,4,100,transfer,0.7088771348151344,0.7288,2000,100,0,1000,0.1,0.8280088523115477,budget_cv,0.275
db6bbe2e7a,main,clothing,music,logreg,self_training,4,100,target_only,0.4677840144218201,0.5684,0,100,0,1000,0.01,0.686223378240185,budget_cv,0.125
db6bbe2e7a,main,clothing,music,logreg,self_training,4,250,transfer,0.8514307861249273,0.8528,2000,250,0,1000,10.0,0.8486408601167329,budget_cv,0.355
db6bbe2e7a,main,clothing,music,logreg,self_training,4,250,target_only,0.7813322695921316,0.7888,0,250,0,1000,10.0,0.7923155065093402,budget_cv,0.172
db6bbe2e7a,main,clothing,music,logreg,self_training,4,500,transfer,0.8685259906023826,0.8692,2000,500,0,1000,10.0,0.8488667400890014,budget_cv,0.372
db6bbe2e7a,main,clothing,music,logreg,self_training,4,500,target_only,0.8415384097959016,0.8432,0,500,0,1000,10.0,0.8340460622921256,budget_cv,0.193
db6bbe2e7a,main,clothing,music,logreg,self_training,4,1000,transfer,0.884225708750982,0.8844,2000,1000,0,1000,10.0,0.8657809573103009,budget_cv,0.414
db6bbe2e7a,main,clothing,music,logreg,self_training,4,1000,target_only,0.8821005164478601,0.8824,0,1000,0,1000,10.0,0.8544128363919724,budget_cv,0.241
db6bbe2e7a,main,clothing,music,logreg,self_training,4,2000,transfer,0.9014940233300595,0.9016,2000,2000,0,1000,10.0,0.8815361375720897,budget_cv,0.511
db6bbe2e7a,main,clothing,music,logreg,self_training,4,2000,target_only,0.899881523800004,0.9,0,2000,0,1000,10.0,0.8739659594732109,budget_cv,0.321
db6bbe2e7a,main,clothing,music,svm,random,4,0,source_only,0.8232246915876262,0.8248,2000,0,0,0,1.0,0.9158653846153846,source_val_fallback,0.059
db6bbe2e7a,main,clothing,music,svm,random,4,50,transfer,0.8350269493537563,0.836,2000,50,0,0,1.0,0.8316931606405292,budget_cv,0.188
db6bbe2e7a,main,clothing,music,svm,random,4,50,target_only,0.7195311524851369,0.73,0,50,0,0,0.01,0.6277777777777778,budget_cv,0.038
db6bbe2e7a,main,clothing,music,svm,random,4,100,transfer,0.7914013420147532,0.7964,2000,100,0,0,0.01,0.8280088523115477,budget_cv,0.188
db6bbe2e7a,main,clothing,music,svm,random,4,100,target_only,0.7299882737764611,0.7424,0,100,0,0,0.01,0.6468696964951989,budget_cv,0.039
db6bbe2e7a,main,clothing,music,svm,random,4,250,transfer,0.8331490530254745,0.8356,2000,250,0,0,0.1,0.8342710749726931,budget_cv,0.203
db6bbe2e7a,main,clothing,music,svm,random,4,250,target_only,0.8121487729785057,0.8148,0,250,0,0,1.0,0.8006993448931787,budget_cv,0.044
db6bbe2e7a,main,clothing,music,svm,random,4,500,transfer,0.8674295014192275,0.868,2000,500,0,0,1.0,0.844861947681013,budget_cv,0.203
db6bbe2e7a,main,clothing,music,svm,random,4,500,target_only,0.8453703894604458,0.8464,0,500,0,0,1.0,0.8359436128744088,budget_cv,0.051
db6bbe2e7a,main,clothing,music,svm,random,4,1000,transfer,0.8886357867857628,0.8888,2000,1000,0,0,1.0,0.8637507135832255,budget_cv,0.271
db6bbe2e7a,main,clothing,music,svm,random,4,1000,target_only,0.8842533072715035,0.8844,0,1000,0,0,10.0,0.8605870266867544,budget_cv,0.069
db6bbe2e7a,main,clothing,music,svm,random,4,2000,transfer,0.9067204661382481,0.9068,2000,2000,0,0,1.0,0.8800830036955025,budget_cv,0.329
db6bbe2e7a,main,clothing,music,svm,random,4,2000,target_only,0.8994996443648771,0.8996,0,2000,0,0,10.0,0.8750050684740188,budget_cv,0.11
db6bbe2e7a,main,clothing,music,svm,uncertainty,4,0,source_only,0.8232246915876262,0.8248,2000,0,0,0,1.0,0.9158653846153846,source_val_fallback,0.061
db6bbe2e7a,main,clothing,music,svm,uncertainty,4,50,transfer,0.83750050680535,0.8384,2000,50,0,0,1.0,0.7152419447311088,budget_cv,0.167
db6bbe2e7a,main,clothing,music,svm,uncertainty,4,50,target_only,0.6568860187478449,0.6604,0,50,0,0,0.1,0.5307359307359307,budget_cv,0.038
db6bbe2e7a,main,clothing,music,svm,uncertainty,4,100,transfer,0.8506020536970664,0.8508,2000,100,0,0,1.0,0.5812089145422479,budget_cv,0.187
db6bbe2e7a,main,clothing,music,svm,uncertainty,4,100,target_only,0.6754226142355539,0.6772,0,100,0,0,0.01,0.5717398070339247,budget_cv,0.04
db6bbe2e7a,main,clothing,music,svm,uncertainty,4,250,transfer,0.8737328186442512,0.874,2000,250,0,0,1.0,0.6355682280595841,budget_cv,0.214
db6bbe2e7a,main,clothing,music,svm,uncertainty,4,250,target_only,0.7440146293836594,0.7444,0,250,0,0,0.01,0.6627797551898964,budget_cv,0.045
db6bbe2e7a,main,clothing,music,svm,uncertainty,4,500,transfer,0.8882768542798614,0.8884,2000,500,0,0,1.0,0.567554434521589,budget_cv,0.234
db6bbe2e7a,main,clothing,music,svm,uncertainty,4,500,target_only,0.7903515628250751,0.7904,0,500,0,0,10.0,0.5409053412224764,budget_cv,0.055
db6bbe2e7a,main,clothing,music,svm,uncertainty,4,1000,transfer,0.9023097185494946,0.9024,2000,1000,0,0,1.0,0.7656025332659239,budget_cv,0.279
db6bbe2e7a,main,clothing,music,svm,uncertainty,4,1000,target_only,0.8846989778564387,0.8848,0,1000,0,0,10.0,0.7228105535985305,budget_cv,0.077
db6bbe2e7a,main,clothing,music,svm,uncertainty,4,2000,transfer,0.9067204661382481,0.9068,2000,2000,0,0,1.0,0.8882007595296777,budget_cv,0.316
db6bbe2e7a,main,clothing,music,svm,uncertainty,4,2000,target_only,0.8994996443648771,0.8996,0,2000,0,0,10.0,0.885652388136119,budget_cv,0.112
db6bbe2e7a,main,clothing,music,svm,self_training,4,0,uda_self_training,0.8183895123234295,0.8212,2000,0,0,1000,1.0,0.9158653846153846,source_val_fallback,0.078
db6bbe2e7a,main,clothing,music,svm,self_training,4,50,transfer,0.8335621449864393,0.8352,2000,50,0,1000,1.0,0.8316931606405292,budget_cv,0.205
db6bbe2e7a,main,clothing,music,svm,self_training,4,50,target_only,0.47782675040355127,0.576,0,50,0,1000,0.01,0.6277777777777778,budget_cv,0.048
db6bbe2e7a,main,clothing,music,svm,self_training,4,100,transfer,0.7052714333928068,0.726,2000,100,0,1000,0.01,0.8280088523115477,budget_cv,0.197
db6bbe2e7a,main,clothing,music,svm,self_training,4,100,target_only,0.4811235091145373,0.5776,0,100,0,1000,0.01,0.6468696964951989,budget_cv,0.052
db6bbe2e7a,main,clothing,music,svm,self_training,4,250,transfer,0.8193707760550708,0.8232,2000,250,0,1000,0.1,0.8342710749726931,budget_cv,0.205
db6bbe2e7a,main,clothing,music,svm,self_training,4,250,target_only,0.7926020151183255,0.7984,0,250,0,1000,1.0,0.8006993448931787,budget_cv,0.057
db6bbe2e7a,main,clothing,music,svm,self_training,4,500,transfer,0.8694312424922964,0.87,2000,500,0,1000,1.0,0.844861947681013,budget_cv,0.262
db6bbe2e7a,main,clothing,music,svm,self_training,4,500,target_only,0.84465059780871,0.846,0,500,0,1000,1.0,0.8359436128744088,budget_cv,0.064
db6bbe2e7a,main,clothing,music,svm,self_training,4,1000,transfer,0.887437459691795,0.8876,2000,1000,0,1000,1.0,0.8637507135832255,budget_cv,0.298
db6bbe2e7a,main,clothing,music,svm,self_training,4,1000,target_only,0.8870663588464045,0.8872,0,1000,0,1000,10.0,0.8605870266867544,budget_cv,0.118
db6bbe2e7a,main,clothing,music,svm,self_training,4,2000,transfer,0.9067247679288206,0.9068,2000,2000,0,1000,1.0,0.8800830036955025,budget_cv,0.362
db6bbe2e7a,main,clothing,music,svm,self_training,4,2000,target_only,0.8986936526488046,0.8988,0,2000,0,1000,10.0,0.8750050684740188,budget_cv,0.139
db6bbe2e7a,main,clothing,electronics,logreg,random,4,0,source_only,0.8696786242696373,0.8704,2000,0,0,0,10.0,0.9165375409689391,source_val_fallback,0.075
db6bbe2e7a,main,clothing,electronics,logreg,random,4,50,transfer,0.8677370132621585,0.8684,2000,50,0,0,1.0,0.9007002801120448,budget_cv,0.235
db6bbe2e7a,main,clothing,electronics,logreg,random,4,50,target_only,0.7727680411354769,0.7732,0,50,0,0,0.01,0.8160427778848831,budget_cv,0.099
db6bbe2e7a,main,clothing,electronics,logreg,random,4,100,transfer,0.8800502264603584,0.8804,2000,100,0,0,10.0,0.8697019211725093,budget_cv,0.251
db6bbe2e7a,main,clothing,electronics,logreg,random,4,100,target_only,0.7868428316328129,0.7876,0,100,0,0,0.01,0.777966566001883,budget_cv,0.106
db6bbe2e7a,main,clothing,electronics,logreg,random,4,250,transfer,0.8878908684870199,0.888,2000,250,0,0,10.0,0.8434960209294561,budget_cv,0.265
db6bbe2e7a,main,clothing,electronics,logreg,random,4,250,target_only,0.8514933365740609,0.8516,0,250,0,0,1.0,0.7403576818612393,budget_cv,0.113
db6bbe2e7a,main,clothing,electronics,logreg,random,4,500,transfer,0.8938654893666036,0.894,2000,500,0,0,10.0,0.881874200297784,budget_cv,0.279
db6bbe2e7a,main,clothing,electronics,logreg,random,4,500,target_only,0.8723994895979583,0.8724,0,500,0,0,10.0,0.8518940050828284,budget_cv,0.135
db6bbe2e7a,main,clothing,electronics,logreg,random,4,1000,transfer,0.9099145413304878,0.91,2000,1000,0,0,10.0,0.9038565061606784,budget_cv,0.307
db6bbe2e7a,main,clothing,electronics,logreg,random,4,1000,target_only,0.8951806126061076,0.8952,0,1000,0,0,10.0,0.8869579631432516,budget_cv,0.163
db6bbe2e7a,main,clothing,electronics,logreg,random,4,2000,transfer,0.9111749300122467,0.9112,2000,2000,0,0,10.0,0.9064745377124068,budget_cv,0.367
db6bbe2e7a,main,clothing,electronics,logreg,random,4,2000,target_only,0.9083799315402046,0.9084,0,2000,0,0,10.0,0.8964864163544931,budget_cv,0.223
db6bbe2e7a,main,clothing,electronics,logreg,uncertainty,4,0,source_only,0.8696786242696373,0.8704,2000,0,0,0,10.0,0.9165375409689391,source_val_fallback,0.075
db6bbe2e7a,main,clothing,electronics,logreg,uncertainty,4,50,transfer,0.8802615823892419,0.8804,2000,50,0,0,10.0,0.8192687747035574,budget_cv,0.254
db6bbe2e7a,main,clothing,electronics,logreg,uncertainty,4,50,target_only,0.7231942340836685,0.7244,0,50,0,0,0.01,0.6063695690697979,budget_cv,0.106
db6bbe2e7a,main,clothing,electronics,logreg,uncertainty,4,100,transfer,0.8802615823892419,0.8804,2000,100,0,0,10.0,0.7190918282930415,budget_cv,0.26
db6bbe2e7a,main,clothing,electronics,logreg,uncertainty,4,100,target_only,0.7188279690843932,0.7196,0,100,0,0,0.01,0.4993029535046342,budget_cv,0.107
db6bbe2e7a,main,clothing,electronics,logreg,uncertainty,4,250,transfer,0.8919916358322788,0.892,2000,250,0,0,10.0,0.6470693980505945,budget_cv,0.271
db6bbe2e7a,main,clothing,electronics,logreg,uncertainty,4,250,target_only,0.7203673836516291,0.7204,0,250,0,0,0.01,0.550945937699669,budget_cv,0.114
db6bbe2e7a,main,clothing,electronics,logreg,uncertainty,4,500,transfer,0.9063913730289384,0.9064,2000,500,0,0,10.0,0.6807997270574769,budget_cv,0.294
db6bbe2e7a,main,clothing,electronics,logreg,uncertainty,4,500,target_only,0.760015151475842,0.7632,0,500,0,0,10.0,0.6033623063696226,budget_cv,0.132
db6bbe2e7a,main,clothing,electronics,logreg,uncertainty,4,1000,transfer,0.910786282498797,0.9108,2000,1000,0,0,10.0,0.8185544145150804,budget_cv,0.326
db6bbe2e7a,main,clothing,electronics,logreg,uncertainty,4,1000,target_only,0.8791720839182685,0.8792,0,1000,0,0,10.0,0.7418610870538549,budget_cv,0.164
db6bbe2e7a,main,clothing,electronics,logreg,uncertainty,4,2000,transfer,0.9111749300122467,0.9112,2000,2000,0,0,10.0,0.9094896312052597,budget_cv,0.368
db6bbe2e7a,main,clothing,electronics,logreg,uncertainty,4,2000,target_only,0.9083799315402046,0.9084,0,2000,0,0,10.0,0.9024981082950614,budget_cv,0.224
db6bbe2e7a,main,clothing,electronics,logreg,self_training,4,0,uda_self_training,0.8809409653821376,0.8816,2000,0,0,1000,10.0,0.9165375409689391,source_val_fallback,0.149
db6bbe2e7a,main,clothing,electronics,logreg,self_training,4,50,transfer,0.8801788471435924,0.8808,2000,50,0,1000,1.0,0.9007002801120448,budget_cv,0.283
db6bbe2e7a,main,clothing,electronics,logreg,self_training,4,50,target_only,0.6306336859216521,0.6696,0,50,0,1000,0.01,0.8160427778848831,budget_cv,0.116
db6bbe2e7a,main,clothing,electronics,logreg,self_training,4,100,transfer,0.8868245108892479,0.8872,2000,100,0,1000,10.0,0.8697019211725093,budget_cv,0.33
db6bbe2e7a,main,clothing,electronics,logreg,self_training,4,100,target_only,0.6667994798393981,0.6956,0,100,0,1000,0.01,0.777966566001883,budget_cv,0.127
db6bbe2e7a,main,clothing,electronics,logreg,self_training,4,250,transfer,0.8943073963684022,0.8944,2000,250,0,1000,10.0,0.8434960209294561,budget_cv,0.34
db6bbe2e7a,main,clothing,electronics,logreg,self_training,4,250,target_only,0.8295754588660766,0.8296,0,250,0,1000,1.0,0.7403576818612393,budget_cv,0.147
db6bbe2e7a,main,clothing,electronics,logreg,self_training,4,500,transfer,0.896709500996393,0.8968,2000,500,0,1000,10.0,0.881874200297784,budget_cv,0.36
db6bbe2e7a,main,clothing,electronics,logreg,self_training,4,500,target_only,0.8771913346205709,0.8772,0,500,0,1000,10.0,0.8518940050828284,budget_cv,0.186
db6bbe2e7a,main,clothing,electronics,logreg,self_training,4,1000,transfer,0.9111453508365785,0.9112,2000,1000,0,1000,10.0,0.9038565061606784,budget_cv,0.403
db6bbe2e7a,main,clothing,electronics,logreg,self_training,4,1000,target_only,0.8911662876692684,0.8912,0,1000,0,1000,10.0,0.8869579631432516,budget_cv,0.222
db6bbe2e7a,main,clothing,electronics,logreg,self_training,4,2000,transfer,0.9115660272050111,0.9116,2000,2000,0,1000,10.0,0.9064745377124068,budget_cv,0.49
db6bbe2e7a,main,clothing,electronics,logreg,self_training,4,2000,target_only,0.9067817292189269,0.9068,0,2000,0,1000,10.0,0.8964864163544931,budget_cv,0.308
db6bbe2e7a,main,clothing,electronics,svm,random,4,0,source_only,0.8633706013192839,0.8644,2000,0,0,0,0.1,0.915143216423997,source_val_fallback,0.062
db6bbe2e7a,main,clothing,electronics,svm,random,4,50,transfer,0.8688897811891101,0.8696,2000,50,0,0,0.1,0.9007002801120448,budget_cv,0.188
db6bbe2e7a,main,clothing,electronics,svm,random,4,50,target_only,0.7195079659737663,0.7272,0,50,0,0,0.01,0.7564754086493216,budget_cv,0.038
db6bbe2e7a,main,clothing,electronics,svm,random,4,100,transfer,0.88207123346751,0.8824,2000,100,0,0,1.0,0.8595452069716775,budget_cv,0.186
db6bbe2e7a,main,clothing,electronics,svm,random,4,100,target_only,0.784330122959839,0.7844,0,100,0,0,0.01,0.7437235851016686,budget_cv,0.04
db6bbe2e7a,main,clothing,electronics,svm,random,4,250,transfer,0.8907215118186487,0.8908,2000,250,0,0,1.0,0.8518654086133473,budget_cv,0.187
db6bbe2e7a,main,clothing,electronics,svm,random,4,250,target_only,0.8583890336467657,0.8584,0,250,0,0,0.01,0.743505446123632,budget_cv,0.043
db6bbe2e7a,main,clothing,electronics,svm,random,4,500,transfer,0.8979541365071118,0.898,2000,500,0,0,10.0,0.8920013969517592,budget_cv,0.26
db6bbe2e7a,main,clothing,electronics,svm,random,4,500,target_only,0.8755998208637421,0.8756,0,500,0,0,1.0,0.8538948789391543,budget_cv,0.052
db6bbe2e7a,main,clothing,electronics,svm,random,4,1000,transfer,0.9099428100821145,0.91,2000,1000,0,0,1.0,0.9058793323146282,budget_cv,0.238
db6bbe2e7a,main,clothing,electronics,svm,random,4,1000,target_only,0.8939656448689375,0.894,0,1000,0,0,1.0,0.8849503541270513,budget_cv,0.068
db6bbe2e7a,main,clothing,electronics,svm,random,4,2000,transfer,0.9111699256900416,0.9112,2000,2000,0,0,1.0,0.9054853136697366,budget_cv,0.335
db6bbe2e7a,main,clothing,electronics,svm,random,4,2000,target_only,0.9079764419691441,0.908,0,2000,0,0,1.0,0.8974878165845478,budget_cv,0.109
db6bbe2e7a,main,clothing,electronics,svm,uncertainty,4,0,source_only,0.8633706013192839,0.8644,2000,0,0,0,0.1,0.915143216423997,source_val_fallback,0.063
db6bbe2e7a,main,clothing,electronics,svm,uncertainty,4,50,transfer,0.8745953194966697,0.8748,2000,50,0,0,10.0,0.7286223036223035,budget_cv,0.21
db6bbe2e7a,main,clothing,electronics,svm,uncertainty,4,50,target_only,0.6912250269663476,0.694,0,50,0,0,0.01,0.680645743145743,budget_cv,0.039
db6bbe2e7a,main,clothing,electronics,svm,uncertainty,4,100,transfer,0.8836854855529351,0.884,2000,100,0,0,1.0,0.6970121194259126,budget_cv,0.185
db6bbe2e7a,main,clothing,electronics,svm,uncertainty,4,100,target_only,0.6985509923444779,0.6992,0,100,0,0,0.01,0.6223423825872798,budget_cv,0.04
db6bbe2e7a,main,clothing,electronics,svm,uncertainty,4,250,transfer,0.893981527341324,0.894,2000,250,0,0,1.0,0.5547968600007552,budget_cv,0.199
db6bbe2e7a,main,clothing,electronics,svm,uncertainty,4,250,target_only,0.7021197793937496,0.7084,0,250,0,0,0.01,0.4961166036277446,budget_cv,0.047
db6bbe2e7a,main,clothing,electronics,svm,uncertainty,4,500,transfer,0.9011901190119012,0.9012,2000,500,0,0,1.0,0.6306788673094199,budget_cv,0.247
db6bbe2e7a,main,clothing,electronics,svm,uncertainty,4,500,target_only,0.806876668147948,0.8076,0,500,0,0,10.0,0.5582857217515297,budget_cv,0.056
db6bbe2e7a,main,clothing,electronics,svm,uncertainty,4,1000,transfer,0.9123786764747068,0.9124,2000,1000,0,0,1.0,0.8128824984751963,budget_cv,0.265
db6bbe2e7a,main,clothing,electronics,svm,uncertainty,4,1000,target_only,0.8839997030392397,0.884,0,1000,0,0,1.0,0.7251813755736024,budget_cv,0.075
db6bbe2e7a,main,clothing,electronics,svm,uncertainty,4,2000,transfer,0.9111699256900416,0.9112,2000,2000,0,0,1.0,0.9069859571667872,budget_cv,0.321
db6bbe2e7a,main,clothing,electronics,svm,uncertainty,4,2000,target_only,0.9079764419691441,0.908,0,2000,0,0,1.0,0.9044780685756354,budget_cv,0.113
db6bbe2e7a,main,clothing,electronics,svm,self_training,4,0,uda_self_training,0.8650065217208549,0.8664,2000,0,0,1000,0.1,0.915143216423997,source_val_fallback,0.074
db6bbe2e7a,main,clothing,electronics,svm,self_training,4,50,transfer,0.8793464244071566,0.88,2000,50,0,1000,0.1,0.9007002801120448,budget_cv,0.197
db6bbe2e7a,main,clothing,electronics,svm,self_training,4,50,target_only,0.5083667048054921,0.5864,0,50,0,1000,0.01,0.7564754086493216,budget_cv,0.045
db6bbe2e7a,main,clothing,electronics,svm,self_training,4,100,transfer,0.8864689434390682,0.8868,2000,100,0,1000,1.0,0.8595452069716775,budget_cv,0.232
db6bbe2e7a,main,clothing,electronics,svm,self_training,4,100,target_only,0.787442794038003,0.788,0,100,0,1000,0.01,0.7437235851016686,budget_cv,0.051
db6bbe2e7a,main,clothing,electronics,svm,self_training,4,250,transfer,0.8931363776738119,0.8932,2000,250,0,1000,1.0,0.8518654086133473,budget_cv,0.23
db6bbe2e7a,main,clothing,electronics,svm,self_training,4,250,target_only,0.8107386793321036,0.8108,0,250,0,1000,0.01,0.743505446123632,budget_cv,0.053
db6bbe2e7a,main,clothing,electronics,svm,self_training,4,500,transfer,0.8975556784887414,0.8976,2000,500,0,1000,10.0,0.8920013969517592,budget_cv,0.345
db6bbe2e7a,main,clothing,electronics,svm,self_training,4,500,target_only,0.8807850456761297,0.8808,0,500,0,1000,1.0,0.8538948789391543,budget_cv,0.069
db6bbe2e7a,main,clothing,electronics,svm,self_training,4,1000,transfer,0.9099428100821145,0.91,2000,1000,0,1000,1.0,0.9058793323146282,budget_cv,0.247
db6bbe2e7a,main,clothing,electronics,svm,self_training,4,1000,target_only,0.8971604931750581,0.8972,0,1000,0,1000,1.0,0.8849503541270513,budget_cv,0.091
db6bbe2e7a,main,clothing,electronics,svm,self_training,4,2000,transfer,0.9119675477167903,0.912,2000,2000,0,1000,1.0,0.9054853136697366,budget_cv,0.37
db6bbe2e7a,main,clothing,electronics,svm,self_training,4,2000,target_only,0.9087742524450101,0.9088,0,2000,0,1000,1.0,0.8974878165845478,budget_cv,0.141
