config_hash,experiment,source,target,classifier,strategy,seed,budget,run_type,macro_f1,accuracy,n_source_train,n_target_labeled,n_target_val,n_pseudo,chosen_C,val_score,tuning,fit_seconds
1f7f2e0f41,main,__none__,books,logreg,__none__,0,2000,ceiling,0.8927604672186354,0.8928,0,2000,1500,0,10.0,0.9018376613056526,target_full,6.277
1f7f2e0f41,main,__none__,books,logreg,__none__,1,2000,ceiling,0.8927604672186354,0.8928,0,2000,1500,0,10.0,0.9018376613056526,target_full,5.727
1f7f2e0f41,main,__none__,books,logreg,__none__,2,2000,ceiling,0.8927604672186354,0.8928,0,2000,1500,0,10.0,0.9018376613056526,target_full,5.642
1f7f2e0f41,main,__none__,books,logreg,__none__,3,2000,ceiling,0.8927604672186354,0.8928,0,2000,1500,0,10.0,0.9018376613056526,target_full,5.622
1f7f2e0f41,main,__none__,books,logreg,__none__,4,2000,ceiling,0.8927604672186354,0.8928,0,2000,1500,0,10.0,0.9018376613056526,target_full,5.718
1f7f2e0f41,main,__none__,books,svm,__none__,0,2000,ceiling,0.8915475089943533,0.8916,0,2000,1500,0,1.0,0.903173203328705,target_full,5.597
1f7f2e0f41,main,__none__,books,svm,__none__,1,2000,ceiling,0.8915475089943533,0.8916,0,2000,1500,0,1.0,0.903173203328705,target_full,5.647
1f7f2e0f41,main,__none__,books,svm,__none__,2,2000,ceiling,0.8915475089943533,0.8916,0,2000,1500,0,1.0,0.903173203328705,target_full,5.633
1f7f2e0f41,main,__none__,books,svm,__none__,3,2000,ceiling,0.8915475089943533,0.8916,0,2000,1500,0,1.0,0.903173203328705,target_full,5.629
1f7f2e0f41,main,__none__,books,svm,__none__,4,2000,ceiling,0.8915475089943533,0.8916,0,2000,1500,0,1.0,0.903173203328705,target_full,5.642
1f7f2e0f41,main,__none__,music,logreg,__none__,0,2000,ceiling,0.8991493972015399,0.8992,0,2000,1500,0,10.0,0.8719487795118047,target_full,3.157
1f7f2e0f41,main,__none__,music,logreg,__none__,1,2000,ceiling,0.8991493972015399,0.8992,0,2000,1500,0,10.0,0.8719487795118047,target_full,3.118
1f7f2e0f41,main,__none__,music,logreg,__none__,2,2000,ceiling,0.8991493972015399,0.8992,0,2000,1500,0,10.0,0.8719487795118047,target_full,3.126
1f7f2e0f41,main,__none__,music,logreg,__none__,3,2000,ceiling,0.8991493972015399,0.8992,0,2000,1500,0,10.0,0.8719487795118047,target_full,3.106
1f7f2e0f41,main,__none__,music,logreg,__none__,4,2000,ceiling,0.8991493972015399,0.8992,0,2000,1500,0,10.0,0.8719487795118047,target_full,3.135
1f7f2e0f41,main,__none__,music,svm,__none__,0,2000,ceiling,0.8943755965378241,0.8944,0,2000,1500,0,10.0,0.8779843277647662,target_full,3.239
1f7f2e0f41,main,__none__,music,svm,__none__,1,2000,ceiling,0.8943755965378241,0.8944,0,2000,1500,0,10.0,0.8779843277647662,target_full,3.077
1f7f2e0f41,main,__none__,music,svm,__none__,2,2000,ceiling,0.8943755965378241,0.8944,0,2000,1500,0,10.0,0.8779843277647662,target_full,3.087
1f7f2e0f41,main,__none__,music,svm,__none__,3,2000,ceiling,0.8943755965378241,0.8944,0,2000,1500,0,10.0,0.8779843277647662,target_full,3.141
1f7f2e0f41,main,__none__,music,svm,__none__,4,2000,ceiling,0.8943755965378241,0.8944,0,2000,1500,0,10.0,0.8779843277647662,target_full,3.113
1f7f2e0f41,main,__none__,electronics,logreg,__none__,0,2000,ceiling,0.9067724195526004,0.9068,0,2000,1500,0,10.0,0.9032538294803152,target_full,3.273
1f7f2e0f41,main,__none__,electronics,logreg,__none__,1,2000,ceiling,0.9067724195526004,0.9068,0,2000,1500,0,10.0,0.9032538294803152,target_full,3.342
1f7f2e0f41,main,__none__,electronics,logreg,__none__,2,2000,ceiling,0.9067724195526004,0.9068,0,2000,1500,0,10.0,0.9032538294803152,target_full,3.311
1f7f2e0f41,main,__none__,electronics,logreg,__none__,3,2000,ceiling,0.9067724195526004,0.9068,0,2000,1500,0,10.0,0.9032538294803152,target_full,3.311
1f7f2e0f41,main,__none__,electronics,logreg,__none__,4,2000,ceiling,0.9067724195526004,0.9068,0,2000,1500,0,10.0,0.9032538294803152,target_full,3.327
1f7f2e0f41,main,__none__,electronics,svm,__none__,0,2000,ceiling,0.9075673305973263,0.9076,0,2000,1500,0,10.0,0.9025902974598752,target_full,3.249
1f7f2e0f41,main,__none__,electronics,svm,__none__,1,2000,ceiling,0.9075673305973263,0.9076,0,2000,1500,0,10.0,0.9025902974598752,target_full,3.271
1f7f2e0f41,main,__none__,electronics,svm,__none__,2,2000,ceiling,0.9075673305973263,0.9076,0,2000,1500,0,10.0,0.9025902974598752,target_full,3.268
1f7f2e0f41,main,__none__,electronics,svm,__none__,3,2000,ceiling,0.9075673305973263,0.9076,0,2000,1500,0,10.0,0.9025902974598752,target_full,3.245
1f7f2e0f41,main,__none__,electronics,svm,__none__,4,2000,ceiling,0.9075673305973263,0.9076,0,2000,1500,0,10.0,0.9025902974598752,target_full,3.229
1f7f2e0f41,main,__none__,clothing,logreg,__none__,0,2000,ceiling,0.92557480260517,0.9256,0,2000,1500,0,10.0,0.9199430706280021,target_full,2.264
1f7f2e0f41,main,__none__,clothing,logreg,__none__,1,2000,ceiling,0.92557480260517,0.9256,0,2000,1500,0,10.0,0.9199430706280021,target_full,2.209
1f7f2e0f41,main,__none__,clothing,logreg,__none__,2,2000,ceiling,0.92557480260517,0.9256,0,2000,1500,0,10.0,0.9199430706280021,target_full,2.215
1f7f2e0f41,main,__none__,clothing,logreg,__none__,3,2000,ceiling,0.92557480260517,0.9256,0,2000,1500,0,10.0,0.9199430706280021,target_full,2.194
1f7f2e0f41,main,__none__,clothing,logreg,__none__,4,2000,ceiling,0.92557480260517,0.9256,0,2000,1500,0,10.0,0.9199430706280021,target_full,2.247
1f7f2e0f41,main,__none__,clothing,svm,__none__,0,2000,ceiling,0.9251798763795511,0.9252,0,2000,1500,0,1.0,0.9172908392044979,target_full,2.181
1f7f2e0f41,main,__none__,clothing,svm,__none__,1,2000,ceiling,0.9251798763795511,0.9252,0,2000,1500,0,1.0,0.9172908392044979,target_full,2.191
1f7f2e0f41,main,__none__,clothing,svm,__none__,2,2000,ceiling,0.9251798763795511,0.9252,0,2000,1500,0,1.0,0.9172908392044979,target_full,2.228
1f7f2e0f41,main,__none__,clothing,svm,__none__,3,2000,ceiling,0.9251798763795511,0.9252,0,2000,1500,0,1.0,0.9172908392044979,target_full,2.164
1f7f2e0f41,main,__none__,clothing,svm,__none__,4,2000,ceiling,0.9251798763795511,0.9252,0,2000,1500,0,1.0,0.9172908392044979,target_full,2.17
1f7f2e0f41,main,books,music,logreg,random,0,0,source_only,0.8699458766760375,0.87,2000,0,0,0,10.0,0.8964954932134432,source_val_fallback,0.093
1f7f2e0f41,main,books,music,logreg,random,0,50,transfer,0.8631495514506468,0.8632,2000,50,0,0,1.0,0.9585245164192533,budget_cv,0.312
1f7f2e0f41,main,books,music,logreg,random,0,50,target_only,0.7255956095297524,0.7256,0,50,0,0,0.1,0.7773692810457516,budget_cv,0.092
1f7f2e0f41,main,books,music,logreg,random,0,100,transfer,0.8719815653454097,0.872,2000,100,0,0,10.0,0.9290449661973578,budget_cv,0.334
1f7f2e0f41,main,books,music,logreg,random,0,100,target_only,0.7735233240565926,0.7736,0,100,0,0,10.0,0.8363615486680502,budget_cv,0.103
1f7f2e0f41,main,books,music,logreg,random,0,250,transfer,0.8791826022947304,0.8792,2000,250,0,0,10.0,0.8916098661410334,budget_cv,0.334
1f7f2e0f41,main,books,music,logreg,random,0,250,target_only,0.8058560892552865,0.8072,0,250,0,0,0.1,0.8269922387981582,budget_cv,0.111
1f7f2e0f41,main,books,music,logreg,random,0,500,transfer,0.887181515819552,0.8872,2000,500,0,0,10.0,0.8854177909758403,budget_cv,0.392
1f7f2e0f41,main,books,music,logreg,random,0,500,target_only,0.8571972353384762,0.8572,0,500,0,0,10.0,0.849454068336566,budget_cv,0.138
1f7f2e0f41,main,books,music,logreg,random,0,1000,transfer,0.9027996111984448,0.9028,2000,1000,0,0,10.0,0.875979191817661,budget_cv,0.423
1f7f2e0f41,main,books,music,logreg,random,0,1000,target_only,0.8842958662796516,0.8844,0,1000,0,0,10.0,0.8608395701394936,budget_cv,0.172
1f7f2e0f41,main,books,music,logreg,random,0,2000,transfer,0.9059956532390058,0.906,2000,2000,0,0,10.0,0.9024663883275462,budget_cv,0.497
1f7f2e0f41,main,books,music,logreg,random,0,2000,target_only,0.8971465326535346,0.8972,0,2000,0,0,10.0,0.8863781403743349,budget_cv,0.23
1f7f2e0f41,main,books,music,logreg,random,1,0,source_only,0.8699458766760375,0.87,2000,0,0,0,10.0,0.8964954932134432,source_val_fallback,0.096
1f7f2e0f41,main,books,music,logreg,random,1,50,transfer,0.8715131428845899,0.8716,2000,50,0,0,10.0,0.9407651072124756,budget_cv,0.344
1f7f2e0f41,main,books,music,logreg,random,1,50,target_only,0.6854772917982104,0.702,0,50,0,0,0.01,0.8545428427781369,budget_cv,0.09
1f7f2e0f41,main,books,music,logreg,random,1,100,transfer,0.8593794845324644,0.8596,2000,100,0,0,1.0,0.8987241324809383,budget_cv,0.324
1f7f2e0f41,main,books,music,logreg,random,1,100,target_only,0.7138055541689545,0.7248,0,100,0,0,0.01,0.8501933412938337,budget_cv,0.102
1f7f2e0f41,main,books,music,logreg,random,1,250,transfer,0.8755482081423005,0.8756,2000,250,0,0,10.0,0.8988845064051202,budget_cv,0.345
1f7f2e0f41,main,books,music,logreg,random,1,250,target_only,0.807162120139697,0.8092,0,250,0,0,10.0,0.8306816809508478,budget_cv,0.114
1f7f2e0f41,main,books,music,logreg,random,1,500,transfer,0.8927916977890769,0.8928,2000,500,0,0,10.0,0.873770700386447,budget_cv,0.384
1f7f2e0f41,main,books,music,logreg,random,1,500,target_only,0.8567443093783602,0.8572,0,500,0,0,10.0,0.8231725223148909,budget_cv,0.133
1f7f2e0f41,main,books,music,logreg,random,1,1000,transfer,0.9011964430719506,0.9012,2000,1000,0,0,10.0,0.8938841348446633,budget_cv,0.422
1f7f2e0f41,main,books,music,logreg,random,1,1000,target_only,0.8843398752407452,0.8844,0,1000,0,0,10.0,0.8672626881544779,budget_cv,0.175
1f7f2e0f41,main,books,music,logreg,random,1,2000,transfer,0.9059956532390058,0.906,2000,2000,0,0,10.0,0.9034855245376877,budget_cv,0.514
1f7f2e0f41,main,books,music,logreg,random,1,2000,target_only,0.8971465326535346,0.8972,0,2000,0,0,10.0,0.8853574157302343,budget_cv,0.235
1f7f2e0f41,main,books,music,logreg,random,2,0,source_only,0.8699458766760375,0.87,2000,0,0,0,10.0,0.8964954932134432,source_val_fallback,0.097
1f7f2e0f41,main,books,music,logreg,random,2,50,transfer,0.840964775143469,0.8416,2000,50,0,0,0.01,0.8528221005001191,budget_cv,0.316
1f7f2e0f41,main,books,music,logreg,random,2,50,target_only,0.6858333333333333,0.6984,0,50,0,0,0.1,0.6315727466622608,budget_cv,0.092
1f7f2e0f41,main,books,music,logreg,random,2,100,transfer,0.8719992627157532,0.872,2000,100,0,0,10.0,0.8392090170107411,budget_cv,0.337
1f7f2e0f41,main,books,music,logreg,random,2,100,target_only,0.7766958151995396,0.7768,0,100,0,0,1.0,0.7648847097064415,budget_cv,0.107
1f7f2e0f41,main,books,music,logreg,random,2,250,transfer,0.8707419062423416,0.8708,2000,250,0,0,1.0,0.8638453204533749,budget_cv,0.325
1f7f2e0f41,main,books,music,logreg,random,2,250,target_only,0.8125316327563519,0.8148,0,250,0,0,0.1,0.7788570203805135,budget_cv,0.111
1f7f2e0f41,main,books,music,logreg,random,2,500,transfer,0.8819546516989967,0.882,2000,500,0,0,1.0,0.8838304321927205,budget_cv,0.362
1f7f2e0f41,main,books,music,logreg,random,2,500,target_only,0.856480260984632,0.8568,0,500,0,0,10.0,0.8268746129230283,budget_cv,0.135
1f7f2e0f41,main,books,music,logreg,random,2,1000,transfer,0.893144452212038,0.8932,2000,1000,0,0,10.0,0.8865233595363122,budget_cv,0.427
1f7f2e0f41,main,books,music,logreg,random,2,1000,target_only,0.8721199119158747,0.8724,0,1000,0,0,10.0,0.8672401812249371,budget_cv,0.175
1f7f2e0f41,main,books,music,logreg,random,2,2000,transfer,0.9059956532390058,0.906,2000,2000,0,0,10.0,0.901998789863706,budget_cv,0.499
1f7f2e0f41,main,books,music,logreg,random,2,2000,target_only,0.8971465326535346,0.8972,0,2000,0,0,10.0,0.8848845851269612,budget_cv,0.234
1f7f2e0f41,main,books,music,logreg,random,3,0,source_only,0.8699458766760375,0.87,2000,0,0,0,10.0,0.8964954932134432,source_val_fallback,0.095
1f7f2e0f41,main,books,music,logreg,random,3,50,transfer,0.839452442923738,0.84,2000,50,0,0,0.01,0.798611111111111,budget_cv,0.325
1f7f2e0f41,main,books,music,logreg,random,3,50,target_only,0.6944091362196978,0.698,0,50,0,0,0.1,0.6735841772606479,budget_cv,0.094
1f7f2e0f41,main,books,music,logreg,random,3,100,transfer,0.8731965712352863,0.8732,2000,100,0,0,10.0,0.8381927039821777,budget_cv,0.36
1f7f2e0f41,main,books,music,logreg,random,3,100,target_only,0.7434472587599754,0.7436,0,100,0,0,0.1,0.7454748637346676,budget_cv,0.106
1f7f2e0f41,main,books,music,logreg,random,3,250,transfer,0.8706773193322113,0.8708,2000,250,0,0,1.0,0.839766015971489,budget_cv,0.335
1f7f2e0f41,main,books,music,logreg,random,3,250,target_only,0.7924361642461095,0.794,0,250,0,0,10.0,0.8222117305341716,budget_cv,0.119
1f7f2e0f41,main,books,music,logreg,random,3,500,transfer,0.882786328197321,0.8828,2000,500,0,0,10.0,0.8717352159153703,budget_cv,0.381
1f7f2e0f41,main,books,music,logreg,random,3,500,target_only,0.8477660712557344,0.848,0,500,0,0,10.0,0.835651695524194,budget_cv,0.139
1f7f2e0f41,main,books,music,logreg,random,3,1000,transfer,0.8959869526033346,0.896,2000,1000,0,0,10.0,0.8809697838990568,budget_cv,0.433
1f7f2e0f41,main,books,music,logreg,random,3,1000,target_only,0.885085250727967,0.8852,0,1000,0,0,10.0,0.8418764632458119,budget_cv,0.176
1f7f2e0f41,main,books,music,logreg,random,3,2000,transfer,0.9059956532390058,0.906,2000,2000,0,0,10.0,0.9009662970172817,budget_cv,0.5
1f7f2e0f41,main,books,music,logreg,random,3,2000,target_only,0.8971465326535346,0.8972,0,2000,0,0,10.0,0.8807877817511601,budget_cv,0.23
1f7f2e0f41,main,books,music,logreg,random,4,0,source_only,0.8699458766760375,0.87,2000,0,0,0,10.0,0.8964954932134432,source_val_fallback,0.097
1f7f2e0f41,main,books,music,logreg,random,4,50,transfer,0.84,0.8404,2000,50,0,0,0.01,0.9397331154684095,budget_cv,0.313
1f7f2e0f41,main,books,music,logreg,random,4,50,target_only,0.6679153722100473,0.6844,0,50,0,0,1.0,0.8951963241436927,budget_cv,0.097
1f7f2e0f41,main,books,music,logreg,random,4,100,transfer,0.8731998174077371,0.8732,2000,100,0,0,10.0,0.920523204394172,budget_cv,0.329
1f7f2e0f41,main,books,music,logreg,random,4,100,target_only,0.7667865295899492,0.7668,0,100,0,0,0.1,0.814992008894448,budget_cv,0.099
1f7f2e0f41,main,books,music,logreg,random,4,250,transfer,0.8775746138719325,0.8776,2000,250,0,0,10.0,0.8754501493965096,budget_cv,0.337
1f7f2e0f41,main,books,music,logreg,random,4,250,target_only,0.8171817181718172,0.8172,0,250,0,0,1.0,0.850612854392658,budget_cv,0.113
1f7f2e0f41,main,books,music,logreg,random,4,500,transfer,0.8823872790080975,0.8824,2000,500,0,0,1.0,0.8880198977765513,budget_cv,0.382
1f7f2e0f41,main,books,music,logreg,random,4,500,target_only,0.8546621266798535,0.8548,0,500,0,0,10.0,0.8697735758781784,budget_cv,0.136
1f7f2e0f41,main,books,music,logreg,random,4,1000,transfer,0.8995986987991365,0.8996,2000,1000,0,0,10.0,0.8939641894029036,budget_cv,0.44
1f7f2e0f41,main,books,music,logreg,random,4,1000,target_only,0.8811465825200477,0.8812,0,1000,0,0,10.0,0.8709917610766293,budget_cv,0.175
1f7f2e0f41,main,books,music,logreg,random,4,2000,transfer,0.9059956532390058,0.906,2000,2000,0,0,10.0,0.8944755212079984,budget_cv,0.517
1f7f2e0f41,main,books,music,logreg,random,4,2000,target_only,0.8971465326535346,0.8972,0,2000,0,0,10.0,0.8773945946535943,budget_cv,0.248
1f7f2e0f41,main,books,music,logreg,uncertainty,0,0,source_only,0.8699458766760375,0.87,2000,0,0,0,10.0,0.8964954932134432,source_val_fallback,0.095
1f7f2e0f41,main,books,music,logreg,uncertainty,0,50,transfer,0.8687946258278738,0.8688,2000,50,0,0,1.0,0.8009920634920634,budget_cv,0.335
1f7f2e0f41,main,books,music,logreg,uncertainty,0,50,target_only,0.6767894342184994,0.678,0,50,0,0,0.01,0.616574823811666,budget_cv,0.097
1f7f2e0f41,main,books,music,logreg,uncertainty,0,100,transfer,0.8763998220157436,0.8764,2000,100,0,0,10.0,0.7461166356752095,budget_cv,0.331
1f7f2e0f41,main,books,music,logreg,uncertainty,0,100,target_only,0.6623284140143308,0.668,0,100,0,0,0.01,0.47187134976181627,budget_cv,0.091
1f7f2e0f41,main,books,music,logreg,uncertainty,0,250,transfer,0.8862835543596643,0.8864,2000,250,0,0,10.0,0.6435905844809434,budget_cv,0.342
1f7f2e0f41,main,books,music,logreg,uncertainty,0,250,target_only,0.6583125280071698,0.6584,0,250,0,0,0.01,0.5250456836537104,budget_cv,0.109
1f7f2e0f41,main,books,music,logreg,uncertainty,0,500,transfer,0.8935901932722119,0.8936,2000,500,0,0,10.0,0.6458084070978082,budget_cv,0.398
1f7f2e0f41,main,books,music,logreg,uncertainty,0,500,target_only,0.7376,0.7376,0,500,0,0,10.0,0.579990501425537,budget_cv,0.13
1f7f2e0f41,main,books,music,logreg,uncertainty,0,1000,transfer,0.9047939068100359,0.9048,2000,1000,0,0,10.0,0.793238194759445,budget_cv,0.446
1f7f2e0f41,main,books,music,logreg,uncertainty,0,1000,target_only,0.8763876387638764,0.8764,0,1000,0,0,10.0,0.6973059879236435,budget_cv,0.166
1f7f2e0f41,main,books,music,logreg,uncertainty,0,2000,transfer,0.9059956532390058,0.906,2000,2000,0,0,10.0,0.8954795498729734,budget_cv,0.504
1f7f2e0f41,main,books,music,logreg,uncertainty,0,2000,target_only,0.8971465326535346,0.8972,0,2000,0,0,10.0,0.8853680949453807,budget_cv,0.236
1f7f2e0f41,main,books,music,logreg,uncertainty,1,0,source_only,0.8699458766760375,0.87,2000,0,0,0,10.0,0.8964954932134432,source_val_fallback,0.096
1f7f2e0f41,main,books,music,logreg,uncertainty,1,50,transfer,0.8706957083305111,0.8708,2000,50,0,0,10.0,0.7306064306064307,budget_cv,0.346
1f7f2e0f41,main,books,music,logreg,uncertainty,1,50,target_only,0.6763479696338821,0.6848,0,50,0,0,1.0,0.6039072039072039,budget_cv,0.089
1f7f2e0f41,main,books,music,logreg,uncertainty,1,100,transfer,0.8743014523386334,0.8744,2000,100,0,0,10.0,0.6970355997520684,budget_cv,0.333
1f7f2e0f41,main,books,music,logreg,uncertainty,1,100,target_only,0.6646933307663924,0.6656,0,100,0,0,0.01,0.5344679514034353,budget_cv,0.094
1f7f2e0f41,main,books,music,logreg,uncertainty,1,250,transfer,0.8875373628095904,0.8876,2000,250,0,0,10.0,0.6583453837506439,budget_cv,0.346
1f7f2e0f41,main,books,music,logreg,uncertainty,1,250,target_only,0.6730121543305694,0.6736,0,250,0,0,10.0,0.5608221213484371,budget_cv,0.111
1f7f2e0f41,main,books,music,logreg,uncertainty,1,500,transfer,0.8971749765022816,0.8972,2000,500,0,0,10.0,0.6374673797735022,budget_cv,0.406
1f7f2e0f41,main,books,music,logreg,uncertainty,1,500,target_only,0.6868119474754,0.6872,0,500,0,0,0.01,0.5329296733044441,budget_cv,0.124
1f7f2e0f41,main,books,music,logreg,uncertainty,1,1000,transfer,0.9027931410840349,0.9028,2000,1000,0,0,10.0,0.7934718458865357,budget_cv,0.438
1f7f2e0f41,main,books,music,logreg,uncertainty,1,1000,target_only,0.8783775047032699,0.8784,0,1000,0,0,10.0,0.6728402973805828,budget_cv,0.158
1f7f2e0f41,main,books,music,logreg,uncertainty,1,2000,transfer,0.9059956532390058,0.906,2000,2000,0,0,10.0,0.8994530095193268,budget_cv,0.51
1f7f2e0f41,main,books,music,logreg,uncertainty,1,2000,target_only,0.8971465326535346,0.8972,0,2000,0,0,10.0,0.8813023312184515,budget_cv,0.236
1f7f2e0f41,main,books,music,logreg,uncertainty,2,0,source_only,0.8699458766760375,0.87,2000,0,0,0,10.0,0.8964954932134432,source_val_fallback,0.096
1f7f2e0f41,main,books,music,logreg,uncertainty,2,50,transfer,0.8613116169237666,0.8616,2000,50,0,0,1.0,0.7964556155345628,budget_cv,0.334
1f7f2e0f41,main,books,music,logreg,uncertainty,2,50,target_only,0.6087466666666667,0.6332,0,50,0,0,0.01,0.46060606060606063,budget_cv,0.095
1f7f2e0f41,main,books,music,logreg,uncertainty,2,100,transfer,0.8701007120405414,0.8704,2000,100,0,0,10.0,0.6204719687478307,budget_cv,0.324
1f7f2e0f41,main,books,music,logreg,uncertainty,2,100,target_only,0.602927438301944,0.638,0,100,0,0,0.1,0.4543604760461517,budget_cv,0.102
1f7f2e0f41,main,books,music,logreg,uncertainty,2,250,transfer,0.8851360253606848,0.8852,2000,250,0,0,10.0,0.6264642353298053,budget_cv,0.344
1f7f2e0f41,main,books,music,logreg,uncertainty,2,250,target_only,0.6623375459524994,0.6624,0,250,0,0,10.0,0.5814445858812348,budget_cv,0.112
1f7f2e0f41,main,books,music,logreg,uncertainty,2,500,transfer,0.8963796904193222,0.8964,2000,500,0,0,10.0,0.617720601686683,budget_cv,0.396
1f7f2e0f41,main,books,music,logreg,uncertainty,2,500,target_only,0.7246898759503801,0.7248,0,500,0,0,10.0,0.550663172134188,budget_cv,0.132
1f7f2e0f41,main,books,music,logreg,uncertainty,2,1000,transfer,0.9043932539880014,0.9044,2000,1000,0,0,10.0,0.786439971456781,budget_cv,0.448
1f7f2e0f41,main,books,music,logreg,uncertainty,2,1000,target_only,0.8759796805108548,0.876,0,1000,0,0,10.0,0.6919818651605038,budget_cv,0.166
1f7f2e0f41,main,books,music,logreg,uncertainty,2,2000,transfer,0.9059956532390058,0.906,2000,2000,0,0,10.0,0.9014623597619643,budget_cv,0.513
1f7f2e0f41,main,books,music,logreg,uncertainty,2,2000,target_only,0.8971465326535346,0.8972,0,2000,0,0,10.0,0.8863665205993684,budget_cv,0.233
1f7f2e0f41,main,books,music,logreg,uncertainty,3,0,source_only,0.8699458766760375,0.87,2000,0,0,0,10.0,0.8964954932134432,source_val_fallback,0.095
1f7f2e0f41,main,books,music,logreg,uncertainty,3,50,transfer,0.8683109782212776,0.8684,2000,50,0,0,10.0,0.7791388192703982,budget_cv,0.351
1f7f2e0f41,main,books,music,logreg,uncertainty,3,50,target_only,0.6672078335090443,0.6756,0,50,0,0,0.01,0.6877420824789245,budget_cv,0.087
1f7f2e0f41,main,books,music,logreg,uncertainty,3,100,transfer,0.8711732864926871,0.8712,2000,100,0,0,10.0,0.6976059008317073,budget_cv,0.337
1f7f2e0f41,main,books,music,logreg,uncertainty,3,100,target_only,0.6622838616714697,0.6664,0,100,0,0,0.1,0.4975444308777642,budget_cv,0.102
1f7f2e0f41,main,books,music,logreg,uncertainty,3,250,transfer,0.8851270510825194,0.8852,2000,250,0,0,10.0,0.591390206583248,budget_cv,0.34
1f7f2e0f41,main,books,music,logreg,uncertainty,3,250,target_only,0.6711071732885889,0.6712,0,250,0,0,10.0,0.6151764901764901,budget_cv,0.115
1f7f2e0f41,main,books,music,logreg,uncertainty,3,500,transfer,0.8959807606014809,0.896,2000,500,0,0,10.0,0.6591308156526897,budget_cv,0.408
1f7f2e0f41,main,books,music,logreg,uncertainty,3,500,target_only,0.7199983871907102,0.72,0,500,0,0,1.0,0.5770441103614029,budget_cv,0.126
1f7f2e0f41,main,books,music,logreg,uncertainty,3,1000,transfer,0.9039960676789321,0.904,2000,1000,0,0,10.0,0.8096985381001902,budget_cv,0.441
1f7f2e0f41,main,books,music,logreg,uncertainty,3,1000,target_only,0.8795898084813898,0.8796,0,1000,0,0,10.0,0.6983786471363507,budget_cv,0.162
1f7f2e0f41,main,books,music,logreg,uncertainty,3,2000,transfer,0.9059956532390058,0.906,2000,2000,0,0,10.0,0.896971948473066,budget_cv,0.511
1f7f2e0f41,main,books,music,logreg,uncertainty,3,2000,target_only,0.8971465326535346,0.8972,0,2000,0,0,10.0,0.8838035907278717,budget_cv,0.237
1f7f2e0f41,main,books,music,logreg,uncertainty,4,0,source_only,0.8699458766760375,0.87,2000,0,0,0,10.0,0.8964954932134432,source_val_fallback,0.094
1f7f2e0f41,main,books,music,logreg,uncertainty,4,50,transfer,0.8381939652050375,0.8388,2000,50,0,0,0.01,0.7728578925947347,budget_cv,0.309
1f7f2e0f41,main,books,music,logreg,uncertainty,4,50,target_only,0.6552902358076489,0.6628,0,50,0,0,0.01,0.6905854379538591,budget_cv,0.085
1f7f2e0f41,main,books,music,logreg,uncertainty,4,100,transfer,0.8743864136344988,0.8744,2000,100,0,0,10.0,0.706809395602499,budget_cv,0.33
1f7f2e0f41,main,books,music,logreg,uncertainty,4,100,target_only,0.6289588113738858,0.6404,0,100,0,0,0.01,0.5894084853552489,budget_cv,0.101
1f7f2e0f41,main,books,music,logreg,uncertainty,4,250,transfer,0.8847875386201771,0.8848,2000,250,0,0,10.0,0.5993647345092341,budget_cv,0.343
1f7f2e0f41,main,books,music,logreg,uncertainty,4,250,target_only,0.6080685618729097,0.6088,0,250,0,0,0.1,0.57126035762122,budget_cv,0.111
1f7f2e0f41,main,books,music,logreg,uncertainty,4,500,transfer,0.8923789062656281,0.8924,2000,500,0,0,10.0,0.6671794786138244,budget_cv,0.393
1f7f2e0f41,main,books,music,logreg,uncertainty,4,500,target_only,0.6761403831512094,0.6772,0,500,0,0,0.1,0.6009226841804707,budget_cv,0.124
1f7f2e0f41,main,books,music,logreg,uncertainty,4,1000,transfer,0.902392441270652,0.9024,2000,1000,0,0,10.0,0.7769304553756499,budget_cv,0.436
1f7f2e0f41,main,books,music,logreg,uncertainty,4,1000,target_only,0.8751865001718586,0.8752,0,1000,0,0,10.0,0.7022599667682746,budget_cv,0.151
1f7f2e0f41,main,books,music,logreg,uncertainty,4,2000,transfer,0.9059956532390058,0.906,2000,2000,0,0,10.0,0.8984831186307156,budget_cv,0.511
1f7f2e0f41,main,books,music,logreg,uncertainty,4,2000,target_only,0.8971465326535346,0.8972,0,2000,0,0,10.0,0.8818520408075013,budget_cv,0.237
1f7f2e0f41,main,books,music,logreg,self_training,0,0,uda_self_training,0.8718109775951226,0.872,2000,0,0,1000,10.0,0.8964954932134432,source_val_fallback,0.196
1f7f2e0f41,main,books,music,logreg,self_training,0,50,transfer,0.8641783172823356,0.8644,2000,50,0,1000,1.0,0.9585245164192533,budget_cv,0.379
1f7f2e0f41,main,books,music,logreg,self_training,0,50,target_only,0.5781775478578823,0.6308,0,50,0,1000,0.1,0.7773692810457516,budget_cv,0.115
1f7f2e0f41,main,books,music,logreg,self_training,0,100,transfer,0.8698950625616597,0.87,2000,100,0,1000,10.0,0.9290449661973578,budget_cv,0.434
1f7f2e0f41,main,books,music,logreg,self_training,0,100,target_only,0.8018015114648963,0.8032,0,100,0,1000,10.0,0.8363615486680502,budget_cv,0.145
1f7f2e0f41,main,books,music,logreg,self_training,0,250,transfer,0.8803377947992485,0.8804,2000,250,0,1000,10.0,0.8916098661410334,budget_cv,0.441
1f7f2e0f41,main,books,music,logreg,self_training,0,250,target_only,0.6210365190057694,0.6568,0,250,0,1000,0.1,0.8269922387981582,budget_cv,0.14
1f7f2e0f41,main,books,music,logreg,self_training,0,500,transfer,0.895199396348523,0.8952,2000,500,0,1000,10.0,0.8854177909758403,budget_cv,0.51
1f7f2e0f41,main,books,music,logreg,self_training,0,500,target_only,0.8568971944634847,0.8572,0,500,0,1000,10.0,0.849454068336566,budget_cv,0.192
1f7f2e0f41,main,books,music,logreg,self_training,0,1000,transfer,0.9047961004482743,0.9048,2000,1000,0,1000,10.0,0.875979191817661,budget_cv,0.571
1f7f2e0f41,main,books,music,logreg,self_training,0,1000,target_only,0.8777413005920528,0.878,0,1000,0,1000,10.0,0.8608395701394936,budget_cv,0.24
1f7f2e0f41,main,books,music,logreg,self_training,0,2000,transfer,0.905589788591534,0.9056,2000,2000,0,1000,10.0,0.9024663883275462,budget_cv,0.672
1f7f2e0f41,main,books,music,logreg,self_training,0,2000,target_only,0.895097884084283,0.8952,0,2000,0,1000,10.0,0.8863781403743349,budget_cv,0.317
1f7f2e0f41,main,books,music,logreg,self_training,1,0,uda_self_training,0.8718109775951226,0.872,2000,0,0,1000,10.0,0.8964954932134432,source_val_fallback,0.194
1f7f2e0f41,main,books,music,logreg,self_training,1,50,transfer,0.8712884356388448,0.8716,2000,50,0,1000,10.0,0.9407651072124756,budget_cv,0.437
1f7f2e0f41,main,books,music,logreg,self_training,1,50,target_only,0.46293930980696174,0.5584,0,50,0,1000,0.01,0.8545428427781369,budget_cv,0.112
1f7f2e0f41,main,books,music,logreg,self_training,1,100,transfer,0.8525420070455187,0.8532,2000,100,0,1000,1.0,0.8987241324809383,budget_cv,0.391
1f7f2e0f41,main,books,music,logreg,self_training,1,100,target_only,0.45975553135450525,0.5556,0,100,0,1000,0.01,0.8501933412938337,budget_cv,0.123
1f7f2e0f41,main,books,music,logreg,self_training,1,250,transfer,0.8786849156583902,0.8788,2000,250,0,1000,10.0,0.8988845064051202,budget_cv,0.452
1f7f2e0f41,main,books,music,logreg,self_training,1,250,target_only,0.779815057818508,0.786,0,250,0,1000,10.0,0.8306816809508478,budget_cv,0.168
1f7f2e0f41,main,books,music,logreg,self_training,1,500,transfer,0.8931766014027712,0.8932,2000,500,0,1000,10.0,0.873770700386447,budget_cv,0.494
1f7f2e0f41,main,books,music,logreg,self_training,1,500,target_only,0.8497090318505645,0.8508,0,500,0,1000,10.0,0.8231725223148909,budget_cv,0.189
1f7f2e0f41,main,books,music,logreg,self_training,1,1000,transfer,0.9031925032274499,0.9032,2000,1000,0,1000,10.0,0.8938841348446633,budget_cv,0.561
1f7f2e0f41,main,books,music,logreg,self_training,1,1000,target_only,0.8830275170555495,0.8832,0,1000,0,1000,10.0,0.8672626881544779,budget_cv,0.24
1f7f2e0f41,main,books,music,logreg,self_training,1,2000,transfer,0.905589788591534,0.9056,2000,2000,0,1000,10.0,0.9034855245376877,budget_cv,0.683
1f7f2e0f41,main,books,music,logreg,self_training,1,2000,target_only,0.895097884084283,0.8952,0,2000,0,1000,10.0,0.8853574157302343,budget_cv,0.324
1f7f2e0f41,main,books,music,logreg,self_training,2,0,uda_self_training,0.8718109775951226,0.872,2000,0,0,1000,10.0,0.8964954932134432,source_val_fallback,0.25
1f7f2e0f41,main,books,music,logreg,self_training,2,50,transfer,0.759062809329285,0.7652,2000,50,0,1000,0.01,0.8528221005001191,budget_cv,0.395
1f7f2e0f41,main,books,music,logreg,self_training,2,50,target_only,0.44393739111679575,0.5512,0,50,0,1000,0.1,0.6315727466622608,budget_cv,0.118
1f7f2e0f41,main,books,music,logreg,self_training,2,100,transfer,0.8775846442177707,0.8776,2000,100,0,1000,10.0,0.8392090170107411,budget_cv,0.433
1f7f2e0f41,main,books,music,logreg,self_training,2,100,target_only,0.7677186212568103,0.7744,0,100,0,1000,1.0,0.7648847097064415,budget_cv,0.14
1f7f2e0f41,main,books,music,logreg,self_training,2,250,transfer,0.8721745158459522,0.8724,2000,250,0,1000,1.0,0.8638453204533749,budget_cv,0.424
1f7f2e0f41,main,books,music,logreg,self_training,2,250,target_only,0.5781486613160424,0.6268,0,250,0,1000,0.1,0.7788570203805135,budget_cv,0.167
1f7f2e0f41,main,books,music,logreg,self_training,2,500,transfer,0.8758530895120049,0.876,2000,500,0,1000,1.0,0.8838304321927205,budget_cv,0.49
1f7f2e0f41,main,books,music,logreg,self_training,2,500,target_only,0.8457424348142972,0.8468,0,500,0,1000,10.0,0.8268746129230283,budget_cv,0.194
1f7f2e0f41,main,books,music,logreg,self_training,2,1000,transfer,0.8955336596952528,0.8956,2000,1000,0,1000,10.0,0.8865233595363122,budget_cv,0.559
1f7f2e0f41,main,books,music,logreg,self_training,2,1000,target_only,0.8678655213191149,0.8684,0,1000,0,1000,10.0,0.8672401812249371,budget_cv,0.24
1f7f2e0f41,main,books,music,logreg,self_training,2,2000,transfer,0.905589788591534,0.9056,2000,2000,0,1000,10.0,0.901998789863706,budget_cv,0.675
1f7f2e0f41,main,books,music,logreg,self_training,2,2000,target_only,0.895097884084283,0.8952,0,2000,0,1000,10.0,0.8848845851269612,budget_cv,0.322
1f7f2e0f41,main,books,music,logreg,self_training,3,0,uda_self_training,0.8718109775951226,0.872,2000,0,0,1000,10.0,0.8964954932134432,source_val_fallback,0.205
1f7f2e0f41,main,books,music,logreg,self_training,3,50,transfer,0.7606724147834245,0.766,2000,50,0,1000,0.01,0.798611111111111,budget_cv,0.371
1f7f2e0f41,main,books,music,logreg,self_training,3,50,target_only,0.47676942246238907,0.562,0,50,0,1000,0.1,0.6735841772606479,budget_cv,0.123
1f7f2e0f41,main,books,music,logreg,self_training,3,100,transfer,0.8779760833123292,0.878,2000,100,0,1000,10.0,0.8381927039821777,budget_cv,0.463
1f7f2e0f41,main,books,music,logreg,self_training,3,100,target_only,0.5525848530366921,0.6084,0,100,0,1000,0.1,0.7454748637346676,budget_cv,0.136
1f7f2e0f41,main,books,music,logreg,self_training,3,250,transfer,0.8664661654135338,0.8668,2000,250,0,1000,1.0,0.839766015971489,budget_cv,0.427
1f7f2e0f41,main,books,music,logreg,self_training,3,250,target_only,0.7807881773399015,0.7864,0,250,0,1000,10.0,0.8222117305341716,budget_cv,0.167
1f7f2e0f41,main,books,music,logreg,self_training,3,500,transfer,0.8875568038217561,0.8876,2000,500,0,1000,10.0,0.8717352159153703,budget_cv,0.506
1f7f2e0f41,main,books,music,logreg,self_training,3,500,target_only,0.8344429282478067,0.8356,0,500,0,1000,10.0,0.835651695524194,budget_cv,0.193
1f7f2e0f41,main,books,music,logreg,self_training,3,1000,transfer,0.8987611080672752,0.8988,2000,1000,0,1000,10.0,0.8809697838990568,budget_cv,0.563
1f7f2e0f41,main,books,music,logreg,self_training,3,1000,target_only,0.8776743004855007,0.878,0,1000,0,1000,10.0,0.8418764632458119,budget_cv,0.246
1f7f2e0f41,main,books,music,logreg,self_training,3,2000,transfer,0.905589788591534,0.9056,2000,2000,0,1000,10.0,0.9009662970172817,budget_cv,0.672
1f7f2e0f41,main,books,music,logreg,self_training,3,2000,target_only,0.895097884084283,0.8952,0,2000,0,1000,10.0,0.8807877817511601,budget_cv,0.32
1f7f2e0f41,main,books,music,logreg,self_training,4,0,uda_self_training,0.8718109775951226,0.872,2000,0,0,1000,10.0,0.8964954932134432,source_val_fallback,0.193
1f7f2e0f41,main,books,music,logreg,self_training,4,50,transfer,0.766454902808557,0.7708,2000,50,0,1000,0.01,0.9397331154684095,budget_cv,0.345
1f7f2e0f41,main,books,music,logreg,self_training,4,50,target_only,0.6316506716541952,0.6628,0,50,0,1000,1.0,0.8951963241436927,budget_cv,0.124
1f7f2e0f41,main,books,music,logreg,self_training,4,100,transfer,0.8799972351362975,0.88,2000,100,0,1000,10.0,0.920523204394172,budget_cv,0.423
1f7f2e0f41,main,books,music,logreg,self_training,4,100,target_only,0.5910723344401402,0.6368,0,100,0,1000,0.1,0.814992008894448,budget_cv,0.119
1f7f2e0f41,main,books,music,logreg,self_training,4,250,transfer,0.8795898084813898,0.8796,2000,250,0,1000,10.0,0.8754501493965096,budget_cv,0.454
1f7f2e0f41,main,books,music,logreg,self_training,4,250,target_only,0.8153684252373021,0.8172,0,250,0,1000,1.0,0.850612854392658,budget_cv,0.145
1f7f2e0f41,main,books,music,logreg,self_training,4,500,transfer,0.8783045907991865,0.8784,2000,500,0,1000,1.0,0.8880198977765513,budget_cv,0.459
1f7f2e0f41,main,books,music,logreg,self_training,4,500,target_only,0.8541334247591272,0.8548,0,500,0,1000,10.0,0.8697735758781784,budget_cv,0.188
1f7f2e0f41,main,books,music,logreg,self_training,4,1000,transfer,0.9027955052641634,0.9028,2000,1000,0,1000,10.0,0.8939641894029036,budget_cv,0.574
1f7f2e0f41,main,books,music,logreg,self_training,4,1000,target_only,0.8797672293560332,0.88,0,1000,0,1000,10.0,0.8709917610766293,budget_cv,0.231
1f7f2e0f41,main,books,music,logreg,self_training,4,2000,transfer,0.905589788591534,0.9056,2000,2000,0,1000,10.0,0.8944755212079984,budget_cv,0.677
1f7f2e0f41,main,books,music,logreg,self_training,4,2000,target_only,0.895097884084283,0.8952,0,2000,0,1000,10.0,0.8773945946535943,budget_cv,0.321
1f7f2e0f41,main,books,music,svm,random,0,0,source_only,0.8683822895208779,0.8684,2000,0,0,0,1.0,0.8931387984526498,source_val_fallback,0.059
1f7f2e0f41,main,books,music,svm,random,0,50,transfer,0.8627472729923927,0.8628,2000,50,0,0,0.1,0.9585245164192533,budget_cv,0.191
1f7f2e0f41,main,books,music,svm,random,0,50,target_only,0.7130975351674343,0.7168,0,50,0,0,0.1,0.8160427778848831,budget_cv,0.038
1f7f2e0f41,main,books,music,svm,random,0,100,transfer,0.8671958352613938,0.8672,2000,100,0,0,10.0,0.9189626268099899,budget_cv,0.203
1f7f2e0f41,main,books,music,svm,random,0,100,target_only,0.7747451819874884,0.7748,0,100,0,0,1.0,0.8363615486680502,budget_cv,0.04
1f7f2e0f41,main,books,music,svm,random,0,250,transfer,0.8767921146953406,0.8768,2000,250,0,0,10.0,0.9156665305304897,budget_cv,0.214
1f7f2e0f41,main,books,music,svm,random,0,250,target_only,0.8049439141211578,0.8064,0,250,0,0,0.01,0.8347356436275944,budget_cv,0.044
1f7f2e0f41,main,books,music,svm,random,0,500,transfer,0.8871858485928474,0.8872,2000,500,0,0,1.0,0.8833077970245728,budget_cv,0.215
1f7f2e0f41,main,books,music,svm,random,0,500,target_only,0.8507850785078508,0.8508,0,500,0,0,10.0,0.8452508809302178,budget_cv,0.054
1f7f2e0f41,main,books,music,svm,random,0,1000,transfer,0.9027999844479975,0.9028,2000,1000,0,0,1.0,0.8819810252472337,budget_cv,0.236
1f7f2e0f41,main,books,music,svm,random,0,1000,target_only,0.8835515388083905,0.8836,0,1000,0,0,10.0,0.8678652720191944,budget_cv,0.081
1f7f2e0f41,main,books,music,svm,random,0,2000,transfer,0.9055926890978437,0.9056,2000,2000,0,0,1.0,0.9034713620880406,budget_cv,0.277
1f7f2e0f41,main,books,music,svm,random,0,2000,target_only,0.8959807606014809,0.896,0,2000,0,0,10.0,0.8879488470676092,budget_cv,0.12
1f7f2e0f41,main,books,music,svm,random,1,0,source_only,0.8683822895208779,0.8684,2000,0,0,0,1.0,0.8931387984526498,source_val_fallback,0.061
1f7f2e0f41,main,books,music,svm,random,1,50,transfer,0.8719445981109267,0.872,2000,50,0,0,1.0,0.9605091159270726,budget_cv,0.203
1f7f2e0f41,main,books,music,svm,random,1,50,target_only,0.6748306696651956,0.694,0,50,0,0,0.01,0.8309553191906133,budget_cv,0.039
1f7f2e0f41,main,books,music,svm,random,1,100,transfer,0.8691869186918693,0.8692,2000,100,0,0,10.0,0.9189258696752404,budget_cv,0.211
1f7f2e0f41,main,books,music,svm,random,1,100,target_only,0.7116469109330305,0.7236,0,100,0,0,0.01,0.8400698051940668,budget_cv,0.04
1f7f2e0f41,main,books,music,svm,random,1,250,transfer,0.8743960610604748,0.8744,2000,250,0,0,10.0,0.9113494148963257,budget_cv,0.221
1f7f2e0f41,main,books,music,svm,random,1,250,target_only,0.8087151171998028,0.8108,0,250,0,0,1.0,0.8352088259730422,budget_cv,0.043
1f7f2e0f41,main,books,music,svm,random,1,500,transfer,0.8911993733083903,0.8912,2000,500,0,0,10.0,0.8916528442066718,budget_cv,0.218
1f7f2e0f41,main,books,music,svm,random,1,500,target_only,0.8576209071224681,0.858,0,500,0,0,10.0,0.8215590851686834,budget_cv,0.053
1f7f2e0f41,main,books,music,svm,random,1,1000,transfer,0.8935993871324699,0.8936,2000,1000,0,0,10.0,0.8988849918247478,budget_cv,0.234
1f7f2e0f41,main,books,music,svm,random,1,1000,target_only,0.883953581432573,0.884,0,1000,0,0,1.0,0.8663130797346151,budget_cv,0.068
1f7f2e0f41,main,books,music,svm,random,1,2000,transfer,0.9019973500083442,0.902,2000,2000,0,0,10.0,0.9064830882014489,budget_cv,0.276
1f7f2e0f41,main,books,music,svm,random,1,2000,target_only,0.8959807606014809,0.896,0,2000,0,0,10.0,0.8913786946981733,budget_cv,0.111
1f7f2e0f41,main,books,music,svm,random,2,0,source_only,0.8683822895208779,0.8684,2000,0,0,0,1.0,0.8931387984526498,source_val_fallback,0.058
1f7f2e0f41,main,books,music,svm,random,2,50,transfer,0.848506708988602,0.8488,2000,50,0,0,0.01,0.8338001867413632,budget_cv,0.187
1f7f2e0f41,main,books,music,svm,random,2,50,target_only,0.6903754409452165,0.7016,0,50,0,0,0.01,0.6315727466622608,budget_cv,0.038
1f7f2e0f41,main,books,music,svm,random,2,100,transfer,0.8695979135666171,0.8696,2000,100,0,0,1.0,0.8491137882585251,budget_cv,0.191
1f7f2e0f41,main,books,music,svm,random,2,100,target_only,0.7686215538847119,0.7692,0,100,0,0,10.0,0.769108569316299,budget_cv,0.039
1f7f2e0f41,main,books,music,svm,random,2,250,transfer,0.8715378243069646,0.8716,2000,250,0,0,0.1,0.859835086719368,budget_cv,0.189
1f7f2e0f41,main,books,music,svm,random,2,250,target_only,0.8111977098687362,0.8136,0,250,0,0,0.01,0.7786881219139284,budget_cv,0.042
1f7f2e0f41,main,books,music,svm,random,2,500,transfer,0.8815563369280451,0.8816,2000,500,0,0,0.1,0.881760783418339,budget_cv,0.198
1f7f2e0f41,main,books,music,svm,random,2,500,target_only,0.8593518967458597,0.8596,0,500,0,0,1.0,0.8269655214819026,budget_cv,0.049
1f7f2e0f41,main,books,music,svm,random,2,1000,transfer,0.8955630878177583,0.8956,2000,1000,0,0,1.0,0.8895028885146213,budget_cv,0.226
1f7f2e0f41,main,books,music,svm,random,2,1000,target_only,0.8777413005920528,0.878,0,1000,0,0,1.0,0.867262720132825,budget_cv,0.066
1f7f2e0f41,main,books,music,svm,random,2,2000,transfer,0.9055926890978437,0.9056,2000,2000,0,0,1.0,0.9039904219460446,budget_cv,0.27
1f7f2e0f41,main,books,music,svm,random,2,2000,target_only,0.8959807606014809,0.896,0,2000,0,0,10.0,0.8844260831869608,budget_cv,0.111
1f7f2e0f41,main,books,music,svm,random,3,0,source_only,0.8683822895208779,0.8684,2000,0,0,0,1.0,0.8931387984526498,source_val_fallback,0.057
1f7f2e0f41,main,books,music,svm,random,3,50,transfer,0.8453525641025641,0.8456,2000,50,0,0,0.01,0.798611111111111,budget_cv,0.184
1f7f2e0f41,main,books,music,svm,random,3,50,target_only,0.6917496258702582,0.6968,0,50,0,0,0.01,0.6702111613876319,budget_cv,0.037
1f7f2e0f41,main,books,music,svm,random,3,100,transfer,0.8699869986998701,0.87,2000,100,0,0,10.0,0.827403185382812,budget_cv,0.201
1f7f2e0f41,main,books,music,svm,random,3,100,target_only,0.7427548217843871,0.7432,0,100,0,0,0.01,0.7365954715219422,budget_cv,0.04
1f7f2e0f41,main,books,music,svm,random,3,250,transfer,0.8779835814707226,0.878,2000,250,0,0,1.0,0.8357057398054525,budget_cv,0.199
1f7f2e0f41,main,books,music,svm,random,3,250,target_only,0.7931243068857747,0.7948,0,250,0,0,1.0,0.8222117305341716,budget_cv,0.043
1f7f2e0f41,main,books,music,svm,random,3,500,transfer,0.8811899439168531,0.8812,2000,500,0,0,10.0,0.8796985518295748,budget_cv,0.224
1f7f2e0f41,main,books,music,svm,random,3,500,target_only,0.8506106699386535,0.8508,0,500,0,0,1.0,0.8376914683700258,budget_cv,0.05
1f7f2e0f41,main,books,music,svm,random,3,1000,transfer,0.8935956416774831,0.8936,2000,1000,0,0,10.0,0.8899276942957407,budget_cv,0.235
1f7f2e0f41,main,books,music,svm,random,3,1000,target_only,0.8855425698398429,0.8856,0,1000,0,0,10.0,0.8479138252949237,budget_cv,0.067
1f7f2e0f41,main,books,music,svm,random,3,2000,transfer,0.9019973500083442,0.902,2000,2000,0,0,10.0,0.8994469779627625,budget_cv,0.289
1f7f2e0f41,main,books,music,svm,random,3,2000,target_only,0.899575560708454,0.8996,0,2000,0,0,1.0,0.8893546949052874,budget_cv,0.11
1f7f2e0f41,main,books,music,svm,random,4,0,source_only,0.8683822895208779,0.8684,2000,0,0,0,1.0,0.8931387984526498,source_val_fallback,0.06
1f7f2e0f41,main,books,music,svm,random,4,50,transfer,0.8478518929466701,0.848,2000,50,0,0,0.01,0.9397331154684095,budget_cv,0.181
1f7f2e0f41,main,books,music,svm,random,4,50,target_only,0.6708130782604957,0.6864,0,50,0,0,0.1,0.8951963241436927,budget_cv,0.037
1f7f2e0f41,main,books,music,svm,random,4,100,transfer,0.873999495997984,0.874,2000,100,0,0,1.0,0.920095152756443,budget_cv,0.196
1f7f2e0f41,main,books,music,svm,random,4,100,target_only,0.765999063996256,0.766,0,100,0,0,0.01,0.814992008894448,budget_cv,0.039
1f7f2e0f41,main,books,music,svm,random,4,250,transfer,0.8783623215127118,0.8784,2000,250,0,0,1.0,0.8876108389906343,budget_cv,0.218
1f7f2e0f41,main,books,music,svm,random,4,250,target_only,0.8139273456864189,0.8144,0,250,0,0,1.0,0.8499803022357174,budget_cv,0.044
1f7f2e0f41,main,books,music,svm,random,4,500,transfer,0.890398246371942,0.8904,2000,500,0,0,1.0,0.8899598759724082,budget_cv,0.225
1f7f2e0f41,main,books,music,svm,random,4,500,target_only,0.8547395484104665,0.8548,0,500,0,0,10.0,0.8718273193059396,budget_cv,0.051
1f7f2e0f41,main,books,music,svm,random,4,1000,transfer,0.8911999303679554,0.8912,2000,1000,0,0,10.0,0.8958843937835778,budget_cv,0.234
1f7f2e0f41,main,books,music,svm,random,4,1000,target_only,0.8783887923110993,0.8784,0,1000,0,0,10.0,0.8769718509186557,budget_cv,0.069
1f7f2e0f41,main,books,music,svm,random,4,2000,transfer,0.9055926890978437,0.9056,2000,2000,0,0,1.0,0.8949796280301124,budget_cv,0.28
1f7f2e0f41,main,books,music,svm,random,4,2000,target_only,0.899575560708454,0.8996,0,2000,0,0,1.0,0.8859179983040463,budget_cv,0.121
1f7f2e0f41,main,books,music,svm,uncertainty,0,0,source_only,0.8683822895208779,0.8684,2000,0,0,0,1.0,0.8931387984526498,source_val_fallback,0.062
1f7f2e0f41,main,books,music,svm,uncertainty,0,50,transfer,0.8751920122887864,0.8752,2000,50,0,0,1.0,0.7984878454305698,budget_cv,0.192
1f7f2e0f41,main,books,music,svm,uncertainty,0,50,target_only,0.6845099357738959,0.6908,0,50,0,0,0.01,0.6106283809070187,budget_cv,0.038
1f7f2e0f41,main,books,music,svm,uncertainty,0,100,transfer,0.8807266421139658,0.8808,2000,100,0,0,10.0,0.6987180729116212,budget_cv,0.21
1f7f2e0f41,main,books,music,svm,uncertainty,0,100,target_only,0.6978717138866304,0.7032,0,100,0,0,10.0,0.5606900654676186,budget_cv,0.039
1f7f2e0f41,main,books,music,svm,uncertainty,0,250,transfer,0.882784227445645,0.8828,2000,250,0,0,10.0,0.5993033389374853,budget_cv,0.225
1f7f2e0f41,main,books,music,svm,uncertainty,0,250,target_only,0.7043893580168886,0.7044,0,250,0,0,0.01,0.5310007228307881,budget_cv,0.044
1f7f2e0f41,main,books,music,svm,uncertainty,0,500,transfer,0.8959983359733756,0.896,2000,500,0,0,1.0,0.633155949704359,budget_cv,0.214
1f7f2e0f41,main,books,music,svm,uncertainty,0,500,target_only,0.7847950416777603,0.7848,0,500,0,0,10.0,0.5228863110576537,budget_cv,0.056
1f7f2e0f41,main,books,music,svm,uncertainty,0,1000,transfer,0.9027973716409292,0.9028,2000,1000,0,0,1.0,0.8031493444286969,budget_cv,0.238
1f7f2e0f41,main,books,music,svm,uncertainty,0,1000,target_only,0.8811817305028822,0.8812,0,1000,0,0,10.0,0.693785390286127,budget_cv,0.08
1f7f2e0f41,main,books,music,svm,uncertainty,0,2000,transfer,0.9055926890978437,0.9056,2000,2000,0,0,1.0,0.9044583985271668,budget_cv,0.285
1f7f2e0f41,main,books,music,svm,uncertainty,0,2000,target_only,0.899575560708454,0.8996,0,2000,0,0,1.0,0.8858604138912104,budget_cv,0.12
1f7f2e0f41,main,books,music,svm,uncertainty,1,0,source_only,0.8683822895208779,0.8684,2000,0,0,0,1.0,0.8931387984526498,source_val_fallback,0.059
1f7f2e0f41,main,books,music,svm,uncertainty,1,50,transfer,0.8702005449654157,0.8704,2000,50,0,0,1.0,0.7888167388167387,budget_cv,0.192
1f7f2e0f41,main,books,music,svm,uncertainty,1,50,target_only,0.490430027342779,0.5736,0,50,0,0,0.01,0.5342456925790259,budget_cv,0.038
1f7f2e0f41,main,books,music,svm,uncertainty,1,100,transfer,0.8733548149216883,0.8736,2000,100,0,0,1.0,0.6931444991789819,budget_cv,0.203
1f7f2e0f41,main,books,music,svm,uncertainty,1,100,target_only,0.6212635349028639,0.654,0,100,0,0,0.01,0.4955746837742189,budget_cv,0.04
1f7f2e0f41,main,books,music,svm,uncertainty,1,250,transfer,0.8883828377451317,0.8884,2000,250,0,0,1.0,0.663692727268863,budget_cv,0.227
1f7f2e0f41,main,books,music,svm,uncertainty,1,250,target_only,0.7251424611465229,0.7256,0,250,0,0,1.0,0.5980839092681198,budget_cv,0.044
1f7f2e0f41,main,books,music,svm,uncertainty,1,500,transfer,0.8955926330161856,0.8956,2000,500,0,0,1.0,0.6412163713678999,budget_cv,0.222
1f7f2e0f41,main,books,music,svm,uncertainty,1,500,target_only,0.7851958413914893,0.7852,0,500,0,0,1.0,0.5263971672886402,budget_cv,0.053
1f7f2e0f41,main,books,music,svm,uncertainty,1,1000,transfer,0.8999983999743996,0.9,2000,1000,0,0,10.0,0.7889343804945265,budget_cv,0.25
1f7f2e0f41,main,books,music,svm,uncertainty,1,1000,target_only,0.8795898084813898,0.8796,0,1000,0,0,10.0,0.6704608775755873,budget_cv,0.081
1f7f2e0f41,main,books,music,svm,uncertainty,1,2000,transfer,0.9019973500083442,0.902,2000,2000,0,0,10.0,0.9004618787719781,budget_cv,0.283
1f7f2e0f41,main,books,music,svm,uncertainty,1,2000,target_only,0.8959807606014809,0.896,0,2000,0,0,10.0,0.8834009067944334,budget_cv,0.118
1f7f2e0f41,main,books,music,svm,uncertainty,2,0,source_only,0.8683822895208779,0.8684,2000,0,0,0,1.0,0.8931387984526498,source_val_fallback,0.057
1f7f2e0f41,main,books,music,svm,uncertainty,2,50,transfer,0.8682876968218182,0.8684,2000,50,0,0,10.0,0.7552940695355556,budget_cv,0.194
1f7f2e0f41,main,books,music,svm,uncertainty,2,50,target_only,0.5183715937440031,0.5888,0,50,0,0,0.01,0.5887328720662054,budget_cv,0.038
1f7f2e0f41,main,books,music,svm,uncertainty,2,100,transfer,0.8774411637482177,0.8776,2000,100,0,0,1.0,0.6428066516088294,budget_cv,0.197
1f7f2e0f41,main,books,music,svm,uncertainty,2,100,target_only,0.6096713867741018,0.6408,0,100,0,0,0.01,0.5625408954175174,budget_cv,0.04
1f7f2e0f41,main,books,music,svm,uncertainty,2,250,transfer,0.8859180617886991,0.886,2000,250,0,0,1.0,0.575113177466853,budget_cv,0.207
1f7f2e0f41,main,books,music,svm,uncertainty,2,250,target_only,0.708187750546279,0.7112,0,250,0,0,1.0,0.5249156567384841,budget_cv,0.044
1f7f2e0f41,main,books,music,svm,uncertainty,2,500,transfer,0.8947995791983168,0.8948,2000,500,0,0,1.0,0.6253542432273289,budget_cv,0.227
1f7f2e0f41,main,books,music,svm,uncertainty,2,500,target_only,0.764399962303994,0.7644,0,500,0,0,0.01,0.5228189528901219,budget_cv,0.054
1f7f2e0f41,main,books,music,svm,uncertainty,2,1000,transfer,0.9011980871949681,0.9012,2000,1000,0,0,1.0,0.795323527460606,budget_cv,0.255
1f7f2e0f41,main,books,music,svm,uncertainty,2,1000,target_only,0.8823756094063666,0.8824,0,1000,0,0,10.0,0.688421805724002,budget_cv,0.083
1f7f2e0f41,main,books,music,svm,uncertainty,2,2000,transfer,0.9055926890978437,0.9056,2000,2000,0,0,1.0,0.9004790635303975,budget_cv,0.289
1f7f2e0f41,main,books,music,svm,uncertainty,2,2000,target_only,0.899575560708454,0.8996,0,2000,0,0,1.0,0.8819150361474325,budget_cv,0.121
1f7f2e0f41,main,books,music,svm,uncertainty,3,0,source_only,0.8683822895208779,0.8684,2000,0,0,0,1.0,0.8931387984526498,source_val_fallback,0.059
1f7f2e0f41,main,books,music,svm,uncertainty,3,50,transfer,0.8654097216480772,0.8656,2000,50,0,0,0.1,0.6991959064327485,budget_cv,0.19
1f7f2e0f41,main,books,music,svm,uncertainty,3,50,target_only,0.6693319716171673,0.6784,0,50,0,0,1.0,0.6811777192211975,budget_cv,0.037
1f7f2e0f41,main,books,music,svm,uncertainty,3,100,transfer,0.848450830713965,0.8488,2000,100,0,0,0.01,0.6336257309941521,budget_cv,0.199
1f7f2e0f41,main,books,music,svm,uncertainty,3,100,target_only,0.6472007032829548,0.6636,0,100,0,0,0.01,0.658989372192639,budget_cv,0.039
1f7f2e0f41,main,books,music,svm,uncertainty,3,250,transfer,0.8895795766384951,0.8896,2000,250,0,0,10.0,0.6423757292840947,budget_cv,0.213
1f7f2e0f41,main,books,music,svm,uncertainty,3,250,target_only,0.7123867007610432,0.7124,0,250,0,0,1.0,0.5789332618600911,budget_cv,0.045
1f7f2e0f41,main,books,music,svm,uncertainty,3,500,transfer,0.8907922943042861,0.8908,2000,500,0,0,1.0,0.6348429593581018,budget_cv,0.226
1f7f2e0f41,main,books,music,svm,uncertainty,3,500,target_only,0.7775538735712237,0.7776,0,500,0,0,1.0,0.5095581503582466,budget_cv,0.053
1f7f2e0f41,main,books,music,svm,uncertainty,3,1000,transfer,0.9019999843199975,0.902,2000,1000,0,0,10.0,0.7893302331903612,budget_cv,0.252
1f7f2e0f41,main,books,music,svm,uncertainty,3,1000,target_only,0.8799923195084485,0.88,0,1000,0,0,10.0,0.6610098221891483,budget_cv,0.081
1f7f2e0f41,main,books,music,svm,uncertainty,3,2000,transfer,0.9019973500083442,0.902,2000,2000,0,0,10.0,0.8999887320154127,budget_cv,0.285
1f7f2e0f41,main,books,music,svm,uncertainty,3,2000,target_only,0.8959807606014809,0.896,0,2000,0,0,10.0,0.8879639168359756,budget_cv,0.114
1f7f2e0f41,main,books,music,svm,uncertainty,4,0,source_only,0.8683822895208779,0.8684,2000,0,0,0,1.0,0.8931387984526498,source_val_fallback,0.059
1f7f2e0f41,main,books,music,svm,uncertainty,4,50,transfer,0.8727918586789555,0.8728,2000,50,0,0,10.0,0.7496434937611408,budget_cv,0.212
1f7f2e0f41,main,books,music,svm,uncertainty,4,50,target_only,0.5835354921465206,0.616,0,50,0,0,0.01,0.46441724941724943,budget_cv,0.039
1f7f2e0f41,main,books,music,svm,uncertainty,4,100,transfer,0.8745871191595462,0.8748,2000,100,0,0,1.0,0.68173754429852,budget_cv,0.208
1f7f2e0f41,main,books,music,svm,uncertainty,4,100,target_only,0.5835027559410861,0.6224,0,100,0,0,0.01,0.49464596949891065,budget_cv,0.04
1f7f2e0f41,main,books,music,svm,uncertainty,4,250,transfer,0.8855677026283898,0.8856,2000,250,0,0,10.0,0.6037284202605459,budget_cv,0.229
1f7f2e0f41,main,books,music,svm,uncertainty,4,250,target_only,0.7069581680580074,0.7076,0,250,0,0,1.0,0.6117519998371063,budget_cv,0.045
1f7f2e0f41,main,books,music,svm,uncertainty,4,500,transfer,0.8915949873522152,0.8916,2000,500,0,0,10.0,0.6311724142168884,budget_cv,0.224
1f7f2e0f41,main,books,music,svm,uncertainty,4,500,target_only,0.767146201458385,0.7672,0,500,0,0,0.1,0.4880867764378225,budget_cv,0.054
1f7f2e0f41,main,books,music,svm,uncertainty,4,1000,transfer,0.9023969391680122,0.9024,2000,1000,0,0,1.0,0.7846795357721549,budget_cv,0.238
1f7f2e0f41,main,books,music,svm,uncertainty,4,1000,target_only,0.8843798543458212,0.8844,0,1000,0,0,10.0,0.6623010198264622,budget_cv,0.082
1f7f2e0f41,main,books,music,svm,uncertainty,4,2000,transfer,0.9019973500083442,0.902,2000,2000,0,0,10.0,0.8979693849148979,budget_cv,0.286
1f7f2e0f41,main,books,music,svm,uncertainty,4,2000,target_only,0.8959807606014809,0.896,0,2000,0,0,10.0,0.8829375577957155,budget_cv,0.118
1f7f2e0f41,main,books,music,svm,self_training,0,0,uda_self_training,0.8715687449697758,0.8716,2000,0,0,1000,1.0,0.8931387984526498,source_val_fallback,0.096
1f7f2e0f41,main,books,music,svm,self_training,0,50,transfer,0.8641321555661969,0.8644,2000,50,0,1000,0.1,0.9585245164192533,budget_cv,0.211
1f7f2e0f41,main,books,music,svm,self_training,0,50,target_only,0.7863604852353492,0.7864,0,50,0,1000,0.1,0.8160427778848831,budget_cv,0.046
1f7f2e0f41,main,books,music,svm,self_training,0,100,transfer,0.8691989745199602,0.8692,2000,100,0,1000,10.0,0.9189626268099899,budget_cv,0.309
1f7f2e0f41,main,books,music,svm,self_training,0,100,target_only,0.8034323986003425,0.8036,0,100,0,1000,1.0,0.8363615486680502,budget_cv,0.05
1f7f2e0f41,main,books,music,svm,self_training,0,250,transfer,0.8767904586531181,0.8768,2000,250,0,1000,10.0,0.9156665305304897,budget_cv,0.307
1f7f2e0f41,main,books,music,svm,self_training,0,250,target_only,0.5977761490194676,0.64,0,250,0,1000,0.01,0.8347356436275944,budget_cv,0.053
1f7f2e0f41,main,books,music,svm,self_training,0,500,transfer,0.8891985640133896,0.8892,2000,500,0,1000,1.0,0.8833077970245728,budget_cv,0.252
1f7f2e0f41,main,books,music,svm,self_training,0,500,target_only,0.8639999129599443,0.864,0,500,0,1000,10.0,0.8452508809302178,budget_cv,0.071
1f7f2e0f41,main,books,music,svm,self_training,0,1000,transfer,0.9015997480953551,0.9016,2000,1000,0,1000,1.0,0.8819810252472337,budget_cv,0.282
1f7f2e0f41,main,books,music,svm,self_training,0,1000,target_only,0.887143373058866,0.8872,0,1000,0,1000,10.0,0.8678652720191944,budget_cv,0.12
1f7f2e0f41,main,books,music,svm,self_training,0,2000,transfer,0.9055926890978437,0.9056,2000,2000,0,1000,1.0,0.9034713620880406,budget_cv,0.33
1f7f2e0f41,main,books,music,svm,self_training,0,2000,target_only,0.8959807606014809,0.896,0,2000,0,1000,10.0,0.8879488470676092,budget_cv,0.151
1f7f2e0f41,main,books,music,svm,self_training,1,0,uda_self_training,0.8715687449697758,0.8716,2000,0,0,1000,1.0,0.8931387984526498,source_val_fallback,0.098
1f7f2e0f41,main,books,music,svm,self_training,1,50,transfer,0.8710870516311571,0.8712,2000,50,0,1000,1.0,0.9605091159270726,budget_cv,0.234
1f7f2e0f41,main,books,music,svm,self_training,1,50,target_only,0.4719655049907776,0.566,0,50,0,1000,0.01,0.8309553191906133,budget_cv,0.05
1f7f2e0f41,main,books,music,svm,self_training,1,100,transfer,0.8687879074935546,0.8688,2000,100,0,1000,10.0,0.9189258696752404,budget_cv,0.252
1f7f2e0f41,main,books,music,svm,self_training,1,100,target_only,0.4723985162192963,0.566,0,100,0,1000,0.01,0.8400698051940668,budget_cv,0.051
1f7f2e0f41,main,books,music,svm,self_training,1,250,transfer,0.8739965928678711,0.874,2000,250,0,1000,10.0,0.9113494148963257,budget_cv,0.262
1f7f2e0f41,main,books,music,svm,self_training,1,250,target_only,0.7933503836317135,0.798,0,250,0,1000,1.0,0.8352088259730422,budget_cv,0.056
1f7f2e0f41,main,books,music,svm,self_training,1,500,transfer,0.8919997235192922,0.892,2000,500,0,1000,10.0,0.8916528442066718,budget_cv,0.277
1f7f2e0f41,main,books,music,svm,self_training,1,500,target_only,0.8598888521147309,0.8604,0,500,0,1000,10.0,0.8215590851686834,budget_cv,0.071
1f7f2e0f41,main,books,music,svm,self_training,1,1000,transfer,0.8935993871324699,0.8936,2000,1000,0,1000,10.0,0.8988849918247478,budget_cv,0.289
1f7f2e0f41,main,books,music,svm,self_training,1,1000,target_only,0.8866980282254029,0.8868,0,1000,0,1000,1.0,0.8663130797346151,budget_cv,0.091
1f7f2e0f41,main,books,music,svm,self_training,1,2000,transfer,0.9011964430719506,0.9012,2000,2000,0,1000,10.0,0.9064830882014489,budget_cv,0.349
1f7f2e0f41,main,books,music,svm,self_training,1,2000,target_only,0.8959807606014809,0.896,0,2000,0,1000,10.0,0.8913786946981733,budget_cv,0.148
1f7f2e0f41,main,books,music,svm,self_training,2,0,uda_self_training,0.8715687449697758,0.8716,2000,0,0,1000,1.0,0.8931387984526498,source_val_fallback,0.106
1f7f2e0f41,main,books,music,svm,self_training,2,50,transfer,0.8083087809167947,0.8108,2000,50,0,1000,0.01,0.8338001867413632,budget_cv,0.217
1f7f2e0f41,main,books,music,svm,self_training,2,50,target_only,0.44271297842569746,0.5508,0,50,0,1000,0.01,0.6315727466622608,budget_cv,0.052
1f7f2e0f41,main,books,music,svm,self_training,2,100,transfer,0.8723998162557354,0.8724,2000,100,0,1000,1.0,0.8491137882585251,budget_cv,0.251
1f7f2e0f41,main,books,music,svm,self_training,2,100,target_only,0.7998963639963894,0.8008,0,100,0,1000,10.0,0.769108569316299,budget_cv,0.054
1f7f2e0f41,main,books,music,svm,self_training,2,250,transfer,0.8701203743611846,0.8704,2000,250,0,1000,0.1,0.859835086719368,budget_cv,0.234
1f7f2e0f41,main,books,music,svm,self_training,2,250,target_only,0.5583833649322378,0.6136,0,250,0,1000,0.01,0.7786881219139284,budget_cv,0.057
1f7f2e0f41,main,books,music,svm,self_training,2,500,transfer,0.8758168845452751,0.876,2000,500,0,1000,0.1,0.881760783418339,budget_cv,0.24
1f7f2e0f41,main,books,music,svm,self_training,2,500,target_only,0.8555071986313642,0.856,0,500,0,1000,1.0,0.8269655214819026,budget_cv,0.07
1f7f2e0f41,main,books,music,svm,self_training,2,1000,transfer,0.8963601857289496,0.8964,2000,1000,0,1000,1.0,0.8895028885146213,budget_cv,0.279
1f7f2e0f41,main,books,music,svm,self_training,2,1000,target_only,0.8784764362200219,0.8788,0,1000,0,1000,1.0,0.867262720132825,budget_cv,0.093
1f7f2e0f41,main,books,music,svm,self_training,2,2000,transfer,0.9055926890978437,0.9056,2000,2000,0,1000,1.0,0.9039904219460446,budget_cv,0.351
1f7f2e0f41,main,books,music,svm,self_training,2,2000,target_only,0.8959807606014809,0.896,0,2000,0,1000,10.0,0.8844260831869608,budget_cv,0.156
1f7f2e0f41,main,books,music,svm,self_training,3,0,uda_self_training,0.8715687449697758,0.8716,2000,0,0,1000,1.0,0.8931387984526498,source_val_fallback,0.093
1f7f2e0f41,main,books,music,svm,self_training,3,50,transfer,0.811747474669128,0.8136,2000,50,0,1000,0.01,0.798611111111111,budget_cv,0.202
1f7f2e0f41,main,books,music,svm,self_training,3,50,target_only,0.4644215995618436,0.558,0,50,0,1000,0.01,0.6702111613876319,budget_cv,0.049
1f7f2e0f41,main,books,music,svm,self_training,3,100,transfer,0.8703880549631454,0.8704,2000,100,0,1000,10.0,0.827403185382812,budget_cv,0.249
1f7f2e0f41,main,books,music,svm,self_training,3,100,target_only,0.5198256976606281,0.588,0,100,0,1000,0.01,0.7365954715219422,budget_cv,0.05
1f7f2e0f41,main,books,music,svm,self_training,3,250,transfer,0.8787534219145627,0.8788,2000,250,0,1000,1.0,0.8357057398054525,budget_cv,0.242
1f7f2e0f41,main,books,music,svm,self_training,3,250,target_only,0.7916311213873739,0.796,0,250,0,1000,1.0,0.8222117305341716,budget_cv,0.056
1f7f2e0f41,main,books,music,svm,self_training,3,500,transfer,0.8803880388038804,0.8804,2000,500,0,1000,10.0,0.8796985518295748,budget_cv,0.26
1f7f2e0f41,main,books,music,svm,self_training,3,500,target_only,0.8526624891865509,0.8532,0,500,0,1000,1.0,0.8376914683700258,budget_cv,0.064
1f7f2e0f41,main,books,music,svm,self_training,3,1000,transfer,0.8931950613396363,0.8932,2000,1000,0,1000,10.0,0.8899276942957407,budget_cv,0.285
1f7f2e0f41,main,books,music,svm,self_training,3,1000,target_only,0.8847379613603226,0.8848,0,1000,0,1000,10.0,0.8479138252949237,budget_cv,0.093
1f7f2e0f41,main,books,music,svm,self_training,3,2000,transfer,0.9011964430719506,0.9012,2000,2000,0,1000,10.0,0.8994469779627625,budget_cv,0.353
1f7f2e0f41,main,books,music,svm,self_training,3,2000,target_only,0.9003552156481209,0.9004,0,2000,0,1000,1.0,0.8893546949052874,budget_cv,0.138
1f7f2e0f41,main,books,music,svm,self_training,4,0,uda_self_training,0.8715687449697758,0.8716,2000,0,0,1000,1.0,0.8931387984526498,source_val_fallback,0.103
1f7f2e0f41,main,books,music,svm,self_training,4,50,transfer,0.8179880625940663,0.8192,2000,50,0,1000,0.01,0.9397331154684095,budget_cv,0.206
1f7f2e0f41,main,books,music,svm,self_training,4,50,target_only,0.6451375339331811,0.6728,0,50,0,1000,0.1,0.8951963241436927,budget_cv,0.045
1f7f2e0f41,main,books,music,svm,self_training,4,100,transfer,0.8775996866551978,0.8776,2000,100,0,1000,1.0,0.920095152756443,budget_cv,0.233
1f7f2e0f41,main,books,music,svm,self_training,4,100,target_only,0.569273583548879,0.6224,0,100,0,1000,0.01,0.814992008894448,budget_cv,0.048
1f7f2e0f41,main,books,music,svm,self_training,4,250,transfer,0.8795676085039832,0.8796,2000,250,0,1000,1.0,0.8876108389906343,budget_cv,0.237
1f7f2e0f41,main,books,music,svm,self_training,4,250,target_only,0.835418591788613,0.8356,0,250,0,1000,1.0,0.8499803022357174,budget_cv,0.054
1f7f2e0f41,main,books,music,svm,self_training,4,500,transfer,0.8947951353270576,0.8948,2000,500,0,1000,1.0,0.8899598759724082,budget_cv,0.25
1f7f2e0f41,main,books,music,svm,self_training,4,500,target_only,0.8630597732077647,0.8632,0,500,0,1000,10.0,0.8718273193059396,budget_cv,0.069
1f7f2e0f41,main,books,music,svm,self_training,4,1000,transfer,0.8907999825279973,0.8908,2000,1000,0,1000,10.0,0.8958843937835778,budget_cv,0.291
1f7f2e0f41,main,books,music,svm,self_training,4,1000,target_only,0.8803839044581838,0.8804,0,1000,0,1000,10.0,0.8769718509186557,budget_cv,0.094
1f7f2e0f41,main,books,music,svm,self_training,4,2000,transfer,0.9055926890978437,0.9056,2000,2000,0,1000,1.0,0.8949796280301124,budget_cv,0.337
1f7f2e0f41,main,books,music,svm,self_training,4,2000,target_only,0.9003552156481209,0.9004,0,2000,0,1000,1.0,0.8859179983040463,budget_cv,0.146
1f7f2e0f41,main,books,electronics,logreg,random,0,0,source_only,0.8356933643843486,0.836,2000,0,0,0,10.0,0.8971688034188035,source_val_fallback,0.1
1f7f2e0f41,main,books,electronics,logreg,random,0,50,transfer,0.8503654284285842,0.8504,2000,50,0,0,10.0,0.779016167870657,budget_cv,0.351
1f7f2e0f41,main,books,electronics,logreg,random,0,50,target_only,0.757572357638875,0.758,0,50,0,0,0.01,0.7276269423008553,budget_cv,0.095
1f7f2e0f41,main,books,electronics,logreg,random,0,100,transfer,0.8555916589742223,0.8556,2000,100,0,0,10.0,0.8179526509267889,budget_cv,0.352
1f7f2e0f41,main,books,electronics,logreg,random,0,100,target_only,0.7982628627678914,0.7988,0,100,0,0,1.0,0.7691368788142983,budget_cv,0.101
1f7f2e0f41,main,books,electronics,logreg,random,0,250,transfer,0.8711986810744943,0.8712,2000,250,0,0,10.0,0.8720369289452462,budget_cv,0.373
1f7f2e0f41,main,books,electronics,logreg,random,0,250,target_only,0.8523742776941454,0.8524,0,250,0,0,10.0,0.8276763886519983,budget_cv,0.118
1f7f2e0f41,main,books,electronics,logreg,random,0,500,transfer,0.8831853467698989,0.8832,2000,500,0,0,10.0,0.8880007287467833,budget_cv,0.389
1f7f2e0f41,main,books,electronics,logreg,random,0,500,target_only,0.8815271344487714,0.8816,0,500,0,0,10.0,0.8639692931023554,budget_cv,0.132
1f7f2e0f41,main,books,electronics,logreg,random,0,1000,transfer,0.8955979787768691,0.8956,2000,1000,0,0,10.0,0.895762807388718,budget_cv,0.444
1f7f2e0f41,main,books,electronics,logreg,random,0,1000,target_only,0.8963796904193222,0.8964,0,1000,0,0,10.0,0.8896719677448939,budget_cv,0.171
1f7f2e0f41,main,books,electronics,logreg,random,0,2000,transfer,0.9095812507681593,0.9096,2000,2000,0,0,10.0,0.9104364031337072,budget_cv,0.516
1f7f2e0f41,main,books,electronics,logreg,random,0,2000,target_only,0.9063735748777735,0.9064,0,2000,0,0,10.0,0.9069636378274343,budget_cv,0.232
1f7f2e0f41,main,books,electronics,logreg,random,1,0,source_only,0.8356933643843486,0.836,2000,0,0,0,10.0,0.8971688034188035,source_val_fallback,0.098
1f7f2e0f41,main,books,electronics,logreg,random,1,50,transfer,0.8458612751476329,0.846,2000,50,0,0,10.0,0.8965958605664488,budget_cv,0.369
1f7f2e0f41,main,books,electronics,logreg,random,1,50,target_only,0.7430818019476093,0.7452,0,50,0,0,0.01,0.8029049897470949,budget_cv,0.089
1f7f2e0f41,main,books,electronics,logreg,random,1,100,transfer,0.8318802814267916,0.8324,2000,100,0,0,1.0,0.8987192556125357,budget_cv,0.328
1f7f2e0f41,main,books,electronics,logreg,random,1,100,target_only,0.8131868184619107,0.8132,0,100,0,0,1.0,0.7655279771520038,budget_cv,0.099
1f7f2e0f41,main,books,electronics,logreg,random,1,250,transfer,0.8699458766760375,0.87,2000,250,0,0,10.0,0.8778397574593226,budget_cv,0.391
1f7f2e0f41,main,books,electronics,logreg,random,1,250,target_only,0.8464973910969128,0.8468,0,250,0,0,0.01,0.8337344812227361,budget_cv,0.11
1f7f2e0f41,main,books,electronics,logreg,random,1,500,transfer,0.8855926779313876,0.8856,2000,500,0,0,10.0,0.8998675999309014,budget_cv,0.394
1f7f2e0f41,main,books,electronics,logreg,random,1,500,target_only,0.8855988285320042,0.8856,0,500,0,0,10.0,0.8717028083336738,budget_cv,0.133
1f7f2e0f41,main,books,electronics,logreg,random,1,1000,transfer,0.8971897189718971,0.8972,2000,1000,0,0,10.0,0.9098591431722355,budget_cv,0.436
1f7f2e0f41,main,books,electronics,logreg,random,1,1000,target_only,0.8935866515095654,0.8936,0,1000,0,0,10.0,0.8998592891559722,budget_cv,0.163
1f7f2e0f41,main,books,electronics,logreg,random,1,2000,transfer,0.9095812507681593,0.9096,2000,2000,0,0,10.0,0.9104080955183269,budget_cv,0.516
1f7f2e0f41,main,books,electronics,logreg,random,1,2000,target_only,0.9063735748777735,0.9064,0,2000,0,0,10.0,0.9059482045715734,budget_cv,0.225
1f7f2e0f41,main,books,electronics,logreg,random,2,0,source_only,0.8356933643843486,0.836,2000,0,0,0,10.0,0.8971688034188035,source_val_fallback,0.1
1f7f2e0f41,main,books,electronics,logreg,random,2,50,transfer,0.8248645994476647,0.8256,2000,50,0,0,1.0,0.8503552003552004,budget_cv,0.323
1f7f2e0f41,main,books,electronics,logreg,random,2,50,target_only,0.754473398396278,0.7552,0,50,0,0,0.01,0.7535492829610476,budget_cv,0.097
1f7f2e0f41,main,books,electronics,logreg,random,2,100,transfer,0.853457349522319,0.8536,2000,100,0,0,10.0,0.8890673533610128,budget_cv,0.352
1f7f2e0f41,main,books,electronics,logreg,random,2,100,target_only,0.7674851190476191,0.7712,0,100,0,0,0.1,0.7831936211176979,budget_cv,0.097
1f7f2e0f41,main,books,electronics,logreg,random,2,250,transfer,0.8675769266036915,0.8676,2000,250,0,0,10.0,0.8872886415909672,budget_cv,0.37
1f7f2e0f41,main,books,electronics,logreg,random,2,250,target_only,0.857168714235166,0.8572,0,250,0,0,10.0,0.842924482924483,budget_cv,0.115
1f7f2e0f41,main,books,electronics,logreg,random,2,500,transfer,0.8835588450381903,0.8836,2000,500,0,0,10.0,0.8858016662544616,budget_cv,0.403
1f7f2e0f41,main,books,electronics,logreg,random,2,500,target_only,0.8714064100659697,0.8716,0,500,0,0,10.0,0.854688536386694,budget_cv,0.132
1f7f2e0f41,main,books,electronics,logreg,random,2,1000,transfer,0.8856,0.8856,2000,1000,0,0,1.0,0.8847078776923561,budget_cv,0.422
1f7f2e0f41,main,books,electronics,logreg,random,2,1000,target_only,0.8847988203399202,0.8848,0,1000,0,0,0.01,0.8728640342206541,budget_cv,0.146
1f7f2e0f41,main,books,electronics,logreg,random,2,2000,transfer,0.9095812507681593,0.9096,2000,2000,0,0,10.0,0.9079162878066002,budget_cv,0.501
1f7f2e0f41,main,books,electronics,logreg,random,2,2000,target_only,0.900787554790873,0.9008,0,2000,0,0,1.0,0.9029098759967275,budget_cv,0.21
1f7f2e0f41,main,books,electronics,logreg,random,3,0,source_only,0.8356933643843486,0.836,2000,0,0,0,10.0,0.8971688034188035,source_val_fallback,0.098
1f7f2e0f41,main,books,electronics,logreg,random,3,50,transfer,0.8253110547501659,0.826,2000,50,0,0,1.0,0.9180483259430628,budget_cv,0.324
1f7f2e0f41,main,books,electronics,logreg,random,3,50,target_only,0.7454844006568144,0.752,0,50,0,0,0.1,0.6391414141414141,budget_cv,0.097
1f7f2e0f41,main,books,electronics,logreg,random,3,100,transfer,0.8398104380800063,0.84,2000,100,0,0,1.0,0.8994456217534964,budget_cv,0.335
1f7f2e0f41,main,books,electronics,logreg,random,3,100,target_only,0.815453861539686,0.816,0,100,0,0,0.1,0.6813934765689152,budget_cv,0.1
1f7f2e0f41,main,books,electronics,logreg,random,3,250,transfer,0.8691974676629739,0.8692,2000,250,0,0,10.0,0.8959228135698724,budget_cv,0.373
1f7f2e0f41,main,books,electronics,logreg,random,3,250,target_only,0.8647978367653882,0.8648,0,250,0,0,10.0,0.8478180378668919,budget_cv,0.116
1f7f2e0f41,main,books,electronics,logreg,random,3,500,transfer,0.8831988039557526,0.8832,2000,500,0,0,10.0,0.9079400927029034,budget_cv,0.395
1f7f2e0f41,main,books,electronics,logreg,random,3,500,target_only,0.8806521232067381,0.8808,0,500,0,0,0.01,0.8999970963894914,budget_cv,0.124
1f7f2e0f41,main,books,electronics,logreg,random,3,1000,transfer,0.8987995951983808,0.8988,2000,1000,0,0,10.0,0.8967540985390624,budget_cv,0.44
1f7f2e0f41,main,books,electronics,logreg,random,3,1000,target_only,0.8983958382935364,0.8984,0,1000,0,0,10.0,0.8898194183571547,budget_cv,0.165
1f7f2e0f41,main,books,electronics,logreg,random,3,2000,transfer,0.9095812507681593,0.9096,2000,2000,0,0,10.0,0.9069425536039653,budget_cv,0.506
1f7f2e0f41,main,books,electronics,logreg,random,3,2000,target_only,0.9063735748777735,0.9064,0,2000,0,0,10.0,0.9059071272501181,budget_cv,0.223
1f7f2e0f41,main,books,electronics,logreg,random,4,0,source_only,0.8356933643843486,0.836,2000,0,0,0,10.0,0.8971688034188035,source_val_fallback,0.098
1f7f2e0f41,main,books,electronics,logreg,random,4,50,transfer,0.8390878506684019,0.8392,2000,50,0,0,1.0,0.8780200091732601,budget_cv,0.332
1f7f2e0f41,main,books,electronics,logreg,random,4,50,target_only,0.7372286978830749,0.7444,0,50,0,0,0.01,0.654374718848403,budget_cv,0.096
1f7f2e0f41,main,books,electronics,logreg,random,4,100,transfer,0.8559941015183983,0.856,2000,100,0,0,10.0,0.8261257983668849,budget_cv,0.353
1f7f2e0f41,main,books,electronics,logreg,random,4,100,target_only,0.7897958497292571,0.792,0,100,0,0,0.01,0.8971780832477569,budget_cv,0.104
1f7f2e0f41,main,books,electronics,logreg,random,4,250,transfer,0.8743497398959583,0.8744,2000,250,0,0,10.0,0.8597056146777344,budget_cv,0.371
1f7f2e0f41,main,books,electronics,logreg,random,4,250,target_only,0.8438453135690474,0.8444,0,250,0,0,0.1,0.8382038314870838,budget_cv,0.113
1f7f2e0f41,main,books,electronics,logreg,random,4,500,transfer,0.8879170765699295,0.888,2000,500,0,0,10.0,0.8679067881983505,budget_cv,0.398
1f7f2e0f41,main,books,electronics,logreg,random,4,500,target_only,0.8756941878130902,0.876,0,500,0,0,10.0,0.8575721483932375,budget_cv,0.136
1f7f2e0f41,main,books,electronics,logreg,random,4,1000,transfer,0.8995614155133836,0.8996,2000,1000,0,0,10.0,0.8999828328129708,budget_cv,0.438
1f7f2e0f41,main,books,electronics,logreg,random,4,1000,target_only,0.8947373308172754,0.8948,0,1000,0,0,10.0,0.8929606179864646,budget_cv,0.16
1f7f2e0f41,main,books,electronics,logreg,random,4,2000,transfer,0.9095812507681593,0.9096,2000,2000,0,0,10.0,0.9089190640775939,budget_cv,0.525
1f7f2e0f41,main,books,electronics,logreg,random,4,2000,target_only,0.9063735748777735,0.9064,0,2000,0,0,10.0,0.9074551192146864,budget_cv,0.225
1f7f2e0f41,main,books,electronics,logreg,uncertainty,0,0,source_only,0.8356933643843486,0.836,2000,0,0,0,10.0,0.8971688034188035,source_val_fallback,0.097
1f7f2e0f41,main,books,electronics,logreg,uncertainty,0,50,transfer,0.8531435836390908,0.8532,2000,50,0,0,10.0,0.6952785275153696,budget_cv,0.349
1f7f2e0f41,main,books,electronics,logreg,uncertainty,0,50,target_only,0.7279862091820606,0.7292,0,50,0,0,0.1,0.53118568463837,budget_cv,0.087
1f7f2e0f41,main,books,electronics,logreg,uncertainty,0,100,transfer,0.8611973127799755,0.8612,2000,100,0,0,10.0,0.6972034450729462,budget_cv,0.349
1f7f2e0f41,main,books,electronics,logreg,uncertainty,0,100,target_only,0.7195187624875126,0.724,0,100,0,0,1.0,0.6880563300684636,budget_cv,0.097
1f7f2e0f41,main,books,electronics,logreg,uncertainty,0,250,transfer,0.877901520250173,0.878,2000,250,0,0,10.0,0.6481786765619284,budget_cv,0.359
1f7f2e0f41,main,books,electronics,logreg,uncertainty,0,250,target_only,0.7237171511972011,0.73,0,250,0,0,0.1,0.6823159106177975,budget_cv,0.116
1f7f2e0f41,main,books,electronics,logreg,uncertainty,0,500,transfer,0.8943755965378241,0.8944,2000,500,0,0,10.0,0.6579295416697536,budget_cv,0.413
1f7f2e0f41,main,books,electronics,logreg,uncertainty,0,500,target_only,0.8008877601499568,0.8012,0,500,0,0,10.0,0.6537522833900422,budget_cv,0.133
1f7f2e0f41,main,books,electronics,logreg,uncertainty,0,1000,transfer,0.9071940604198669,0.9072,2000,1000,0,0,10.0,0.8097333810819691,budget_cv,0.453
1f7f2e0f41,main,books,electronics,logreg,uncertainty,0,1000,target_only,0.8927461843254472,0.8928,0,1000,0,0,10.0,0.7497925375283189,budget_cv,0.165
1f7f2e0f41,main,books,electronics,logreg,uncertainty,0,2000,transfer,0.9095812507681593,0.9096,2000,2000,0,0,10.0,0.9074363202632352,budget_cv,0.516
1f7f2e0f41,main,books,electronics,logreg,uncertainty,0,2000,target_only,0.900787554790873,0.9008,0,2000,0,0,1.0,0.9029247767954566,budget_cv,0.211
1f7f2e0f41,main,books,electronics,logreg,uncertainty,1,0,source_only,0.8356933643843486,0.836,2000,0,0,0,10.0,0.8971688034188035,source_val_fallback,0.098
1f7f2e0f41,main,books,electronics,logreg,uncertainty,1,50,transfer,0.8352139788583144,0.8356,2000,50,0,0,1.0,0.7993163054695561,budget_cv,0.325
1f7f2e0f41,main,books,electronics,logreg,uncertainty,1,50,target_only,0.7375186937905885,0.7376,0,50,0,0,0.01,0.6106283809070187,budget_cv,0.087
1f7f2e0f41,main,books,electronics,logreg,uncertainty,1,100,transfer,0.8663978623657979,0.8664,2000,100,0,0,10.0,0.6803213317847465,budget_cv,0.355
1f7f2e0f41,main,books,electronics,logreg,uncertainty,1,100,target_only,0.716822980381496,0.724,0,100,0,0,0.1,0.6113037350246652,budget_cv,0.091
1f7f2e0f41,main,books,electronics,logreg,uncertainty,1,250,transfer,0.8843118734126909,0.8844,2000,250,0,0,10.0,0.6634561351541606,budget_cv,0.372
1f7f2e0f41,main,books,electronics,logreg,uncertainty,1,250,target_only,0.7351004173187272,0.74,0,250,0,0,0.1,0.6433408972359762,budget_cv,0.114
1f7f2e0f41,main,books,electronics,logreg,uncertainty,1,500,transfer,0.8947716977958392,0.8948,2000,500,0,0,10.0,0.6777893819760178,budget_cv,0.399
1f7f2e0f41,main,books,electronics,logreg,uncertainty,1,500,target_only,0.8108469950961282,0.8112,0,500,0,0,10.0,0.6341853868583316,budget_cv,0.131
1f7f2e0f41,main,books,electronics,logreg,uncertainty,1,1000,transfer,0.9059945702463774,0.906,2000,1000,0,0,10.0,0.8076894653861508,budget_cv,0.464
1f7f2e0f41,main,books,electronics,logreg,uncertainty,1,1000,target_only,0.8903449794969124,0.8904,0,1000,0,0,1.0,0.7479366889508459,budget_cv,0.162
1f7f2e0f41,main,books,electronics,logreg,uncertainty,1,2000,transfer,0.9095812507681593,0.9096,2000,2000,0,0,10.0,0.9109437009396597,budget_cv,0.509
1f7f2e0f41,main,books,electronics,logreg,uncertainty,1,2000,target_only,0.9063735748777735,0.9064,0,2000,0,0,10.0,0.9099596629623093,budget_cv,0.226
1f7f2e0f41,main,books,electronics,logreg,uncertainty,2,0,source_only,0.8356933643843486,0.836,2000,0,0,0,10.0,0.8971688034188035,source_val_fallback,0.097
1f7f2e0f41,main,books,electronics,logreg,uncertainty,2,50,transfer,0.8437083222192585,0.844,2000,50,0,0,10.0,0.6836707152496627,budget_cv,0.343
1f7f2e0f41,main,books,electronics,logreg,uncertainty,2,50,target_only,0.7128472462853022,0.7136,0,50,0,0,0.1,0.5943705417389628,budget_cv,0.093
1f7f2e0f41,main,books,electronics,logreg,uncertainty,2,100,transfer,0.8647968849202285,0.8648,2000,100,0,0,10.0,0.6636737321772711,budget_cv,0.353
1f7f2e0f41,main,books,electronics,logreg,uncertainty,2,100,target_only,0.6707449988593209,0.6908,0,100,0,0,0.01,0.5628117913832199,budget_cv,0.102
1f7f2e0f41,main,books,electronics,logreg,uncertainty,2,250,transfer,0.8779531144684543,0.878,2000,250,0,0,10.0,0.6551306429150061,budget_cv,0.362
1f7f2e0f41,main,books,electronics,logreg,uncertainty,2,250,target_only,0.7084208070912059,0.7144,0,250,0,0,1.0,0.6938100611097865,budget_cv,0.113
1f7f2e0f41,main,books,electronics,logreg,uncertainty,2,500,transfer,0.8915908242473642,0.8916,2000,500,0,0,10.0,0.6696210028512549,budget_cv,0.406
1f7f2e0f41,main,books,electronics,logreg,uncertainty,2,500,target_only,0.7988782051282052,0.7992,0,500,0,0,10.0,0.6757945240780944,budget_cv,0.133
1f7f2e0f41,main,books,electronics,logreg,uncertainty,2,1000,transfer,0.9055961332176166,0.9056,2000,1000,0,0,10.0,0.8266336876157693,budget_cv,0.473
1f7f2e0f41,main,books,electronics,logreg,uncertainty,2,1000,target_only,0.8987436042378163,0.8988,0,1000,0,0,10.0,0.758540484373881,budget_cv,0.174
1f7f2e0f41,main,books,electronics,logreg,uncertainty,2,2000,transfer,0.9095812507681593,0.9096,2000,2000,0,0,10.0,0.9054295661834922,budget_cv,0.508
1f7f2e0f41,main,books,electronics,logreg,uncertainty,2,2000,target_only,0.9063735748777735,0.9064,0,2000,0,0,10.0,0.9074690444477568,budget_cv,0.229
1f7f2e0f41,main,books,electronics,logreg,uncertainty,3,0,source_only,0.8356933643843486,0.836,2000,0,0,0,10.0,0.8971688034188035,source_val_fallback,0.098
1f7f2e0f41,main,books,electronics,logreg,uncertainty,3,50,transfer,0.8506655990391352,0.8508,2000,50,0,0,10.0,0.7355889724310777,budget_cv,0.341
1f7f2e0f41,main,books,electronics,logreg,uncertainty,3,50,target_only,0.7226779855908472,0.7244,0,50,0,0,1.0,0.6871054641952474,budget_cv,0.094
1f7f2e0f41,main,books,electronics,logreg,uncertainty,3,100,transfer,0.8429176035509598,0.8432,2000,100,0,0,1.0,0.7292297979797979,budget_cv,0.334
1f7f2e0f41,main,books,electronics,logreg,uncertainty,3,100,target_only,0.7367939357322792,0.7368,0,100,0,0,10.0,0.7072171756735918,budget_cv,0.098
1f7f2e0f41,main,books,electronics,logreg,uncertainty,3,250,transfer,0.8762886597938144,0.8764,2000,250,0,0,10.0,0.678774045185496,budget_cv,0.37
1f7f2e0f41,main,books,electronics,logreg,uncertainty,3,250,target_only,0.7386223235292919,0.7436,0,250,0,0,0.1,0.6527909931230296,budget_cv,0.11
1f7f2e0f41,main,books,electronics,logreg,uncertainty,3,500,transfer,0.8951849066265543,0.8952,2000,500,0,0,10.0,0.6814611930131865,budget_cv,0.411
1f7f2e0f41,main,books,electronics,logreg,uncertainty,3,500,target_only,0.8010112312944552,0.8012,0,500,0,0,10.0,0.6527896929345027,budget_cv,0.135
1f7f2e0f41,main,books,electronics,logreg,uncertainty,3,1000,transfer,0.9059945702463774,0.906,2000,1000,0,0,10.0,0.7956415004284271,budget_cv,0.466
1f7f2e0f41,main,books,electronics,logreg,uncertainty,3,1000,target_only,0.8931555356076986,0.8932,0,1000,0,0,10.0,0.7539802186808523,budget_cv,0.173
1f7f2e0f41,main,books,electronics,logreg,uncertainty,3,2000,transfer,0.9095812507681593,0.9096,2000,2000,0,0,10.0,0.907929240950495,budget_cv,0.516
1f7f2e0f41,main,books,electronics,logreg,uncertainty,3,2000,target_only,0.9063735748777735,0.9064,0,2000,0,0,10.0,0.9059674408795234,budget_cv,0.243
1f7f2e0f41,main,books,electronics,logreg,uncertainty,4,0,source_only,0.8356933643843486,0.836,2000,0,0,0,10.0,0.8971688034188035,source_val_fallback,0.098
1f7f2e0f41,main,books,electronics,logreg,uncertainty,4,50,transfer,0.8490979902414032,0.8492,2000,50,0,0,10.0,0.6761118482480711,budget_cv,0.346
1f7f2e0f41,main,books,electronics,logreg,uncertainty,4,50,target_only,0.723267118113478,0.7264,0,50,0,0,0.01,0.5235690235690236,budget_cv,0.091
1f7f2e0f41,main,books,electronics,logreg,uncertainty,4,100,transfer,0.8611935815912128,0.8612,2000,100,0,0,10.0,0.6829880278156141,budget_cv,0.355
1f7f2e0f41,main,books,electronics,logreg,uncertainty,4,100,target_only,0.6974092210945562,0.7104,0,100,0,0,0.01,0.5982142857142857,budget_cv,0.095
1f7f2e0f41,main,books,electronics,logreg,uncertainty,4,250,transfer,0.8755352982694524,0.8756,2000,250,0,0,10.0,0.6665142868940316,budget_cv,0.363
1f7f2e0f41,main,books,electronics,logreg,uncertainty,4,250,target_only,0.6731304378725952,0.6924,0,250,0,0,0.01,0.6789961397841879,budget_cv,0.114
1f7f2e0f41,main,books,electronics,logreg,uncertainty,4,500,transfer,0.8947628049657871,0.8948,2000,500,0,0,10.0,0.6713613195899798,budget_cv,0.406
1f7f2e0f41,main,books,electronics,logreg,uncertainty,4,500,target_only,0.8087971315070834,0.8096,0,500,0,0,10.0,0.6397975373423872,budget_cv,0.13
1f7f2e0f41,main,books,electronics,logreg,uncertainty,4,1000,transfer,0.9071940604198669,0.9072,2000,1000,0,0,10.0,0.7987011899568669,budget_cv,0.463
1f7f2e0f41,main,books,electronics,logreg,uncertainty,4,1000,target_only,0.8907391460747978,0.8908,0,1000,0,0,1.0,0.7399306453817615,budget_cv,0.162
1f7f2e0f41,main,books,electronics,logreg,uncertainty,4,2000,transfer,0.9095812507681593,0.9096,2000,2000,0,0,10.0,0.9054290517617719,budget_cv,0.51
1f7f2e0f41,main,books,electronics,logreg,uncertainty,4,2000,target_only,0.9063735748777735,0.9064,0,2000,0,0,10.0,0.8989528841221676,budget_cv,0.233
1f7f2e0f41,main,books,electronics,logreg,self_training,0,0,uda_self_training,0.8406203635014837,0.8416,2000,0,0,1000,10.0,0.8971688034188035,source_val_fallback,0.204
1f7f2e0f41,main,books,electronics,logreg,self_training,0,50,transfer,0.8642279279067118,0.8644,2000,50,0,1000,10.0,0.779016167870657,budget_cv,0.449
1f7f2e0f41,main,books,electronics,logreg,self_training,0,50,target_only,0.666797428637971,0.6896,0,50,0,1000,0.01,0.7276269423008553,budget_cv,0.111
1f7f2e0f41,main,books,electronics,logreg,self_training,0,100,transfer,0.8711398790219564,0.8712,2000,100,0,1000,10.0,0.8179526509267889,budget_cv,0.46
1f7f2e0f41,main,books,electronics,logreg,self_training,0,100,target_only,0.8232259461019518,0.8236,0,100,0,1000,1.0,0.7691368788142983,budget_cv,0.132
1f7f2e0f41,main,books,electronics,logreg,self_training,0,250,transfer,0.8831973088659962,0.8832,2000,250,0,1000,10.0,0.8720369289452462,budget_cv,0.482
1f7f2e0f41,main,books,electronics,logreg,self_training,0,250,target_only,0.8651818588709297,0.8652,0,250,0,1000,10.0,0.8276763886519983,budget_cv,0.165
1f7f2e0f41,main,books,electronics,logreg,self_training,0,500,transfer,0.8911930363543268,0.8912,2000,500,0,1000,10.0,0.8880007287467833,budget_cv,0.502
1f7f2e0f41,main,books,electronics,logreg,self_training,0,500,target_only,0.887173932665403,0.8872,0,500,0,1000,10.0,0.8639692931023554,budget_cv,0.179
1f7f2e0f41,main,books,electronics,logreg,self_training,0,1000,transfer,0.8995980562183683,0.8996,2000,1000,0,1000,10.0,0.895762807388718,budget_cv,0.579
1f7f2e0f41,main,books,electronics,logreg,self_training,0,1000,target_only,0.8919988940686753,0.892,0,1000,0,1000,10.0,0.8896719677448939,budget_cv,0.232
1f7f2e0f41,main,books,electronics,logreg,self_training,0,2000,transfer,0.9091923140374601,0.9092,2000,2000,0,1000,10.0,0.9104364031337072,budget_cv,0.685
1f7f2e0f41,main,books,electronics,logreg,self_training,0,2000,target_only,0.9051834791694104,0.9052,0,2000,0,1000,10.0,0.9069636378274343,budget_cv,0.343
1f7f2e0f41,main,books,electronics,logreg,self_training,1,0,uda_self_training,0.8406203635014837,0.8416,2000,0,0,1000,10.0,0.8971688034188035,source_val_fallback,0.204
1f7f2e0f41,main,books,electronics,logreg,self_training,1,50,transfer,0.8531654637467938,0.8536,2000,50,0,1000,10.0,0.8965958605664488,budget_cv,0.445
1f7f2e0f41,main,books,electronics,logreg,self_training,1,50,target_only,0.5041151392942924,0.578,0,50,0,1000,0.01,0.8029049897470949,budget_cv,0.109
1f7f2e0f41,main,books,electronics,logreg,self_training,1,100,transfer,0.8438401541378173,0.8448,2000,100,0,1000,1.0,0.8987192556125357,budget_cv,0.403
1f7f2e0f41,main,books,electronics,logreg,self_training,1,100,target_only,0.8044222778961438,0.8056,0,100,0,1000,1.0,0.7655279771520038,budget_cv,0.129
1f7f2e0f41,main,books,electronics,logreg,self_training,1,250,transfer,0.8799308401639344,0.88,2000,250,0,1000,10.0,0.8778397574593226,budget_cv,0.501
1f7f2e0f41,main,books,electronics,logreg,self_training,1,250,target_only,0.7167744599609585,0.7296,0,250,0,1000,0.01,0.8337344812227361,budget_cv,0.129
1f7f2e0f41,main,books,electronics,logreg,self_training,1,500,transfer,0.8983994147806291,0.8984,2000,500,0,1000,10.0,0.8998675999309014,budget_cv,0.511
1f7f2e0f41,main,books,electronics,logreg,self_training,1,500,target_only,0.881999527998112,0.882,0,500,0,1000,10.0,0.8717028083336738,budget_cv,0.183
1f7f2e0f41,main,books,electronics,logreg,self_training,1,1000,transfer,0.9027955052641634,0.9028,2000,1000,0,1000,10.0,0.9098591431722355,budget_cv,0.57
1f7f2e0f41,main,books,electronics,logreg,self_training,1,1000,target_only,0.8983921314866623,0.8984,0,1000,0,1000,10.0,0.8998592891559722,budget_cv,0.227
1f7f2e0f41,main,books,electronics,logreg,self_training,1,2000,transfer,0.9091923140374601,0.9092,2000,2000,0,1000,10.0,0.9104080955183269,budget_cv,0.665
1f7f2e0f41,main,books,electronics,logreg,self_training,1,2000,target_only,0.9051834791694104,0.9052,0,2000,0,1000,10.0,0.9059482045715734,budget_cv,0.311
1f7f2e0f41,main,books,electronics,logreg,self_training,2,0,uda_self_training,0.8406203635014837,0.8416,2000,0,0,1000,10.0,0.8971688034188035,source_val_fallback,0.208
1f7f2e0f41,main,books,electronics,logreg,self_training,2,50,transfer,0.824258028735513,0.8264,2000,50,0,1000,1.0,0.8503552003552004,budget_cv,0.391
1f7f2e0f41,main,books,electronics,logreg,self_training,2,50,target_only,0.5477698172219527,0.6056,0,50,0,1000,0.01,0.7535492829610476,budget_cv,0.114
1f7f2e0f41,main,books,electronics,logreg,self_training,2,100,transfer,0.8604455092648141,0.8608,2000,100,0,1000,10.0,0.8890673533610128,budget_cv,0.46
1f7f2e0f41,main,books,electronics,logreg,self_training,2,100,target_only,0.5966866919457262,0.6384,0,100,0,1000,0.1,0.7831936211176979,budget_cv,0.124
1f7f2e0f41,main,books,electronics,logreg,self_training,2,250,transfer,0.8735271516393442,0.8736,2000,250,0,1000,10.0,0.8872886415909672,budget_cv,0.479
1f7f2e0f41,main,books,electronics,logreg,self_training,2,250,target_only,0.8538147306370201,0.854,0,250,0,1000,10.0,0.842924482924483,budget_cv,0.161
1f7f2e0f41,main,books,electronics,logreg,self_training,2,500,transfer,0.8839572219903145,0.884,2000,500,0,1000,10.0,0.8858016662544616,budget_cv,0.522
1f7f2e0f41,main,books,electronics,logreg,self_training,2,500,target_only,0.865725672177285,0.866,0,500,0,1000,10.0,0.854688536386694,budget_cv,0.185
1f7f2e0f41,main,books,electronics,logreg,self_training,2,1000,transfer,0.8895929339477726,0.8896,2000,1000,0,1000,1.0,0.8847078776923561,budget_cv,0.546
1f7f2e0f41,main,books,electronics,logreg,self_training,2,1000,target_only,0.8279276897475136,0.8288,0,1000,0,1000,0.01,0.8728640342206541,budget_cv,0.176
1f7f2e0f41,main,books,electronics,logreg,self_training,2,2000,transfer,0.9091923140374601,0.9092,2000,2000,0,1000,10.0,0.9079162878066002,budget_cv,0.699
1f7f2e0f41,main,books,electronics,logreg,self_training,2,2000,target_only,0.8979972418454194,0.898,0,2000,0,1000,1.0,0.9029098759967275,budget_cv,0.266
1f7f2e0f41,main,books,electronics,logreg,self_training,3,0,uda_self_training,0.8406203635014837,0.8416,2000,0,0,1000,10.0,0.8971688034188035,source_val_fallback,0.208
1f7f2e0f41,main,books,electronics,logreg,self_training,3,50,transfer,0.8314740516111323,0.8332,2000,50,0,1000,1.0,0.9180483259430628,budget_cv,0.394
1f7f2e0f41,main,books,electronics,logreg,self_training,3,50,target_only,0.5158554754074266,0.5868,0,50,0,1000,0.1,0.6391414141414141,budget_cv,0.119
1f7f2e0f41,main,books,electronics,logreg,self_training,3,100,transfer,0.8514508673342225,0.852,2000,100,0,1000,1.0,0.8994456217534964,budget_cv,0.407
1f7f2e0f41,main,books,electronics,logreg,self_training,3,100,target_only,0.792795407636739,0.7944,0,100,0,1000,0.1,0.6813934765689152,budget_cv,0.122
1f7f2e0f41,main,books,electronics,logreg,self_training,3,250,transfer,0.881198460332046,0.8812,2000,250,0,1000,10.0,0.8959228135698724,budget_cv,0.486
1f7f2e0f41,main,books,electronics,logreg,self_training,3,250,target_only,0.8755995023980097,0.8756,0,250,0,1000,10.0,0.8478180378668919,budget_cv,0.16
1f7f2e0f41,main,books,electronics,logreg,self_training,3,500,transfer,0.8883998392957686,0.8884,2000,500,0,1000,10.0,0.9079400927029034,budget_cv,0.515
1f7f2e0f41,main,books,electronics,logreg,self_training,3,500,target_only,0.8284527401360325,0.8292,0,500,0,1000,0.01,0.8999970963894914,budget_cv,0.145
1f7f2e0f41,main,books,electronics,logreg,self_training,3,1000,transfer,0.9019998588797968,0.902,2000,1000,0,1000,10.0,0.8967540985390624,budget_cv,0.577
1f7f2e0f41,main,books,electronics,logreg,self_training,3,1000,target_only,0.8975934459805428,0.8976,0,1000,0,1000,10.0,0.8898194183571547,budget_cv,0.224
1f7f2e0f41,main,books,electronics,logreg,self_training,3,2000,transfer,0.9091923140374601,0.9092,2000,2000,0,1000,10.0,0.9069425536039653,budget_cv,0.68
1f7f2e0f41,main,books,electronics,logreg,self_training,3,2000,target_only,0.9051834791694104,0.9052,0,2000,0,1000,10.0,0.9059071272501181,budget_cv,0.311
1f7f2e0f41,main,books,electronics,logreg,self_training,4,0,uda_self_training,0.8406203635014837,0.8416,2000,0,0,1000,10.0,0.8971688034188035,source_val_fallback,0.212
1f7f2e0f41,main,books,electronics,logreg,self_training,4,50,transfer,0.8437357142707937,0.8444,2000,50,0,1000,1.0,0.8780200091732601,budget_cv,0.416
1f7f2e0f41,main,books,electronics,logreg,self_training,4,50,target_only,0.6356056377026225,0.6732,0,50,0,1000,0.01,0.654374718848403,budget_cv,0.114
1f7f2e0f41,main,books,electronics,logreg,self_training,4,100,transfer,0.880399827775752,0.8804,2000,100,0,1000,10.0,0.8261257983668849,budget_cv,0.466
1f7f2e0f41,main,books,electronics,logreg,self_training,4,100,target_only,0.803494357527238,0.8064,0,100,0,1000,0.01,0.8971780832477569,budget_cv,0.121
1f7f2e0f41,main,books,electronics,logreg,self_training,4,250,transfer,0.883568684633419,0.8836,2000,250,0,1000,10.0,0.8597056146777344,budget_cv,0.494
1f7f2e0f41,main,books,electronics,logreg,self_training,4,250,target_only,0.8107539450800747,0.8108,0,250,0,1000,0.1,0.8382038314870838,budget_cv,0.137
1f7f2e0f41,main,books,electronics,logreg,self_training,4,500,transfer,0.8935386782786885,0.8936,2000,500,0,1000,10.0,0.8679067881983505,budget_cv,0.518
1f7f2e0f41,main,books,electronics,logreg,self_training,4,500,target_only,0.8827053948632809,0.8828,0,500,0,1000,10.0,0.8575721483932375,budget_cv,0.187
1f7f2e0f41,main,books,electronics,logreg,self_training,4,1000,transfer,0.9027684969930257,0.9028,2000,1000,0,1000,10.0,0.8999828328129708,budget_cv,0.572
1f7f2e0f41,main,books,electronics,logreg,self_training,4,1000,target_only,0.8971912982714857,0.8972,0,1000,0,1000,10.0,0.8929606179864646,budget_cv,0.223
1f7f2e0f41,main,books,electronics,logreg,self_training,4,2000,transfer,0.9091923140374601,0.9092,2000,2000,0,1000,10.0,0.9089190640775939,budget_cv,0.689
1f7f2e0f41,main,books,electronics,logreg,self_training,4,2000,target_only,0.9051834791694104,0.9052,0,2000,0,1000,10.0,0.9074551192146864,budget_cv,0.309
1f7f2e0f41,main,books,electronics,svm,random,0,0,source_only,0.8442199182254686,0.8444,2000,0,0,0,1.0,0.8984818585300174,source_val_fallback,0.055
1f7f2e0f41,main,books,electronics,svm,random,0,50,transfer,0.8443993775975104,0.8444,2000,50,0,0,10.0,0.8208462332301342,budget_cv,0.194
1f7f2e0f41,main,books,electronics,svm,random,0,50,target_only,0.7009350316639236,0.7152,0,50,0,0,0.01,0.5903275701330621,budget_cv,0.038
1f7f2e0f41,main,books,electronics,svm,random,0,100,transfer,0.8527864327976467,0.8528,2000,100,0,0,10.0,0.8279183796425175,budget_cv,0.194
1f7f2e0f41,main,books,electronics,svm,random,0,100,target_only,0.7979028085735402,0.7984,0,100,0,0,0.1,0.7691368788142983,budget_cv,0.038
1f7f2e0f41,main,books,electronics,svm,random,0,250,transfer,0.8671897151715429,0.8672,2000,250,0,0,10.0,0.8680808820660677,budget_cv,0.196
1f7f2e0f41,main,books,electronics,svm,random,0,250,target_only,0.8531480966632847,0.8532,0,250,0,0,10.0,0.8277626928750793,budget_cv,0.045
1f7f2e0f41,main,books,electronics,svm,random,0,500,transfer,0.8827743228876853,0.8828,2000,500,0,0,1.0,0.8820028175465078,budget_cv,0.203
1f7f2e0f41,main,books,electronics,svm,random,0,500,target_only,0.8795416981819201,0.8796,0,500,0,0,1.0,0.8639792508306853,budget_cv,0.051
1f7f2e0f41,main,books,electronics,svm,random,0,1000,transfer,0.8971972202128345,0.8972,2000,1000,0,0,1.0,0.8847156051163241,budget_cv,0.224
1f7f2e0f41,main,books,electronics,svm,random,0,1000,target_only,0.8931909596828276,0.8932,0,1000,0,0,1.0,0.8867028913737759,budget_cv,0.069
1f7f2e0f41,main,books,electronics,svm,random,0,2000,transfer,0.9099878879702052,0.91,2000,2000,0,0,1.0,0.913442189559652,budget_cv,0.286
1f7f2e0f41,main,books,electronics,svm,random,0,2000,target_only,0.9095719890193186,0.9096,0,2000,0,0,1.0,0.9089658436562614,budget_cv,0.111
1f7f2e0f41,main,books,electronics,svm,random,1,0,source_only,0.8442199182254686,0.8444,2000,0,0,0,1.0,0.8984818585300174,source_val_fallback,0.057
1f7f2e0f41,main,books,electronics,svm,random,1,50,transfer,0.8483211512672748,0.8484,2000,50,0,0,1.0,0.8965958605664488,budget_cv,0.192
1f7f2e0f41,main,books,electronics,svm,random,1,50,target_only,0.7318149869088386,0.7356,0,50,0,0,0.01,0.8220779220779221,budget_cv,0.039
1f7f2e0f41,main,books,electronics,svm,random,1,100,transfer,0.8298195894991622,0.8304,2000,100,0,0,0.1,0.8987192556125357,budget_cv,0.192
1f7f2e0f41,main,books,electronics,svm,random,1,100,target_only,0.8115949055262455,0.8116,0,100,0,0,0.1,0.7655279771520038,budget_cv,0.04
1f7f2e0f41,main,books,electronics,svm,random,1,250,transfer,0.8691889281508787,0.8692,2000,250,0,0,10.0,0.8819360419416419,budget_cv,0.227
1f7f2e0f41,main,books,electronics,svm,random,1,250,target_only,0.8384705588886517,0.8392,0,250,0,0,0.01,0.8155561322477567,budget_cv,0.044
1f7f2e0f41,main,books,electronics,svm,random,1,500,transfer,0.887181515819552,0.8872,2000,500,0,0,10.0,0.9036972950248144,budget_cv,0.266
1f7f2e0f41,main,books,electronics,svm,random,1,500,target_only,0.8823996989432292,0.8824,0,500,0,0,10.0,0.8756551094368433,budget_cv,0.055
1f7f2e0f41,main,books,electronics,svm,random,1,1000,transfer,0.8995899589958996,0.8996,2000,1000,0,0,1.0,0.910885328821054,budget_cv,0.248
1f7f2e0f41,main,books,electronics,svm,random,1,1000,target_only,0.8911993733083903,0.8912,0,1000,0,0,0.1,0.8917892322215565,budget_cv,0.067
1f7f2e0f41,main,books,electronics,svm,random,1,2000,transfer,0.9099878879702052,0.91,2000,2000,0,0,1.0,0.9113978286355647,budget_cv,0.296
1f7f2e0f41,main,books,electronics,svm,random,1,2000,target_only,0.9031878558846422,0.9032,0,2000,0,0,0.1,0.9034262344094887,budget_cv,0.106
1f7f2e0f41,main,books,electronics,svm,random,2,0,source_only,0.8442199182254686,0.8444,2000,0,0,0,1.0,0.8984818585300174,source_val_fallback,0.059
1f7f2e0f41,main,books,electronics,svm,random,2,50,transfer,0.8498648783905515,0.85,2000,50,0,0,1.0,0.8721500721500721,budget_cv,0.227
1f7f2e0f41,main,books,electronics,svm,random,2,50,target_only,0.6731894399791112,0.69,0,50,0,0,0.01,0.7564754086493216,budget_cv,0.04
1f7f2e0f41,main,books,electronics,svm,random,2,100,transfer,0.8558995677627479,0.856,2000,100,0,0,1.0,0.8890673533610128,budget_cv,0.21
1f7f2e0f41,main,books,electronics,svm,random,2,100,target_only,0.7685847587400534,0.7724,0,100,0,0,0.01,0.7831936211176979,budget_cv,0.041
1f7f2e0f41,main,books,electronics,svm,random,2,250,transfer,0.8719763207402842,0.872,2000,250,0,0,1.0,0.8913237188813771,budget_cv,0.204
1f7f2e0f41,main,books,electronics,svm,random,2,250,target_only,0.8575558765083072,0.8576,0,250,0,0,1.0,0.842924482924483,budget_cv,0.045
1f7f2e0f41,main,books,electronics,svm,random,2,500,transfer,0.8839607137392436,0.884,2000,500,0,0,1.0,0.8879764471509671,budget_cv,0.235
1f7f2e0f41,main,books,electronics,svm,random,2,500,target_only,0.8713983320083222,0.8716,0,500,0,0,1.0,0.8567560260558933,budget_cv,0.054
1f7f2e0f41,main,books,electronics,svm,random,2,1000,transfer,0.8999922554002582,0.9,2000,1000,0,0,1.0,0.8837927715744346,budget_cv,0.262
1f7f2e0f41,main,books,electronics,svm,random,2,1000,target_only,0.9007892693673747,0.9008,0,1000,0,0,1.0,0.8749534393161325,budget_cv,0.075
1f7f2e0f41,main,books,electronics,svm,random,2,2000,transfer,0.9099878879702052,0.91,2000,2000,0,0,1.0,0.9054185711791223,budget_cv,0.289
1f7f2e0f41,main,books,electronics,svm,random,2,2000,target_only,0.9031878558846422,0.9032,0,2000,0,0,0.1,0.9019016714250302,budget_cv,0.11
1f7f2e0f41,main,books,electronics,svm,random,3,0,source_only,0.8442199182254686,0.8444,2000,0,0,0,1.0,0.8984818585300174,source_val_fallback,0.056
1f7f2e0f41,main,books,electronics,svm,random,3,50,transfer,0.8256679728446938,0.8264,2000,50,0,0,0.1,0.9180483259430628,budget_cv,0.172
1f7f2e0f41,main,books,electronics,svm,random,3,50,target_only,0.7494103773584906,0.7552,0,50,0,0,0.01,0.6213276489592279,budget_cv,0.038
1f7f2e0f41,main,books,electronics,svm,random,3,100,transfer,0.8389723455432352,0.8392,2000,100,0,0,0.1,0.9096956895225397,budget_cv,0.184
1f7f2e0f41,main,books,electronics,svm,random,3,100,target_only,0.8200057694364504,0.8204,0,100,0,0,0.01,0.6940305562205138,budget_cv,0.039
1f7f2e0f41,main,books,electronics,svm,random,3,250,transfer,0.8715998151037339,0.8716,2000,250,0,0,1.0,0.9000142950705604,budget_cv,0.192
1f7f2e0f41,main,books,electronics,svm,random,3,250,target_only,0.8667844617396172,0.8668,0,250,0,0,1.0,0.8558491895701198,budget_cv,0.043
1f7f2e0f41,main,books,electronics,svm,random,3,500,transfer,0.885999543998176,0.886,2000,500,0,0,1.0,0.9119505571573087,budget_cv,0.221
1f7f2e0f41,main,books,electronics,svm,random,3,500,target_only,0.8839759412511778,0.884,0,500,0,0,0.1,0.8980092512041172,budget_cv,0.053
1f7f2e0f41,main,books,electronics,svm,random,3,1000,transfer,0.8992,0.8992,2000,1000,0,0,1.0,0.8958059141746851,budget_cv,0.26
1f7f2e0f41,main,books,electronics,svm,random,3,1000,target_only,0.8987980407300685,0.8988,0,1000,0,0,1.0,0.8927902264925631,budget_cv,0.068
1f7f2e0f41,main,books,electronics,svm,random,3,2000,transfer,0.9099878879702052,0.91,2000,2000,0,0,1.0,0.9064189505197664,budget_cv,0.291
1f7f2e0f41,main,books,electronics,svm,random,3,2000,target_only,0.9095719890193186,0.9096,0,2000,0,0,1.0,0.9049326799961243,budget_cv,0.113
1f7f2e0f41,main,books,electronics,svm,random,4,0,source_only,0.8442199182254686,0.8444,2000,0,0,0,1.0,0.8984818585300174,source_val_fallback,0.058
1f7f2e0f41,main,books,electronics,svm,random,4,50,transfer,0.8459928787107116,0.846,2000,50,0,0,10.0,0.9171957671957672,budget_cv,0.191
1f7f2e0f41,main,books,electronics,svm,random,4,50,target_only,0.6259630778018326,0.6664,0,50,0,0,0.01,0.6267340067340067,budget_cv,0.039
1f7f2e0f41,main,books,electronics,svm,random,4,100,transfer,0.8555716920516421,0.8556,2000,100,0,0,1.0,0.8445564423258847,budget_cv,0.193
1f7f2e0f41,main,books,electronics,svm,random,4,100,target_only,0.7182237638400364,0.7336,0,100,0,0,0.01,0.7723387723387724,budget_cv,0.039
1f7f2e0f41,main,books,electronics,svm,random,4,250,transfer,0.8711155342765435,0.8712,2000,250,0,0,10.0,0.8714723131129452,budget_cv,0.201
1f7f2e0f41,main,books,electronics,svm,random,4,250,target_only,0.8459167950693374,0.8464,0,250,0,0,0.01,0.8384750358891746,budget_cv,0.044
1f7f2e0f41,main,books,electronics,svm,random,4,500,transfer,0.889920936813657,0.89,2000,500,0,0,1.0,0.8739200153483319,budget_cv,0.202
1f7f2e0f41,main,books,electronics,svm,random,4,500,target_only,0.8752574869974983,0.8756,0,500,0,0,1.0,0.8556030904104736,budget_cv,0.052
1f7f2e0f41,main,books,electronics,svm,random,4,1000,transfer,0.9019453875030237,0.902,2000,1000,0,0,1.0,0.8949739936937617,budget_cv,0.246
1f7f2e0f41,main,books,electronics,svm,random,4,1000,target_only,0.8951177723335095,0.8952,0,1000,0,0,1.0,0.8989403278107848,budget_cv,0.068
1f7f2e0f41,main,books,electronics,svm,random,4,2000,transfer,0.905589788591534,0.9056,2000,2000,0,0,0.1,0.9084184153337759,budget_cv,0.292
1f7f2e0f41,main,books,electronics,svm,random,4,2000,target_only,0.9095719890193186,0.9096,0,2000,0,0,1.0,0.9074625752395743,budget_cv,0.112
1f7f2e0f41,main,books,electronics,svm,uncertainty,0,0,source_only,0.8442199182254686,0.8444,2000,0,0,0,1.0,0.8984818585300174,source_val_fallback,0.057
1f7f2e0f41,main,books,electronics,svm,uncertainty,0,50,transfer,0.8496,0.8496,2000,50,0,0,1.0,0.6792328042328042,budget_cv,0.188
1f7f2e0f41,main,books,electronics,svm,uncertainty,0,50,target_only,0.6871214189945304,0.6988,0,50,0,0,0.01,0.5061342166605325,budget_cv,0.04
1f7f2e0f41,main,books,electronics,svm,uncertainty,0,100,transfer,0.8575704658117907,0.8576,2000,100,0,0,1.0,0.7166201182330214,budget_cv,0.233
1f7f2e0f41,main,books,electronics,svm,uncertainty,0,100,target_only,0.7536591036139451,0.754,0,100,0,0,0.01,0.7240883036423833,budget_cv,0.039
1f7f2e0f41,main,books,electronics,svm,uncertainty,0,250,transfer,0.8787929990836271,0.8788,2000,250,0,0,10.0,0.6501221982429111,budget_cv,0.22
1f7f2e0f41,main,books,electronics,svm,uncertainty,0,250,target_only,0.7698337595103804,0.7716,0,250,0,0,10.0,0.7404712433001629,budget_cv,0.047
1f7f2e0f41,main,books,electronics,svm,uncertainty,0,500,transfer,0.8943826956608572,0.8944,2000,500,0,0,1.0,0.6357668451529773,budget_cv,0.233
1f7f2e0f41,main,books,electronics,svm,uncertainty,0,500,target_only,0.8198819578398899,0.82,0,500,0,0,0.1,0.6391061384694559,budget_cv,0.053
1f7f2e0f41,main,books,electronics,svm,uncertainty,0,1000,transfer,0.905990599059906,0.906,2000,1000,0,0,10.0,0.8075308868896437,budget_cv,0.253
1f7f2e0f41,main,books,electronics,svm,uncertainty,0,1000,target_only,0.8999717680318093,0.9,0,1000,0,0,1.0,0.7468348629679968,budget_cv,0.075
1f7f2e0f41,main,books,electronics,svm,uncertainty,0,2000,transfer,0.9099878879702052,0.91,2000,2000,0,0,1.0,0.9084369741495838,budget_cv,0.298
1f7f2e0f41,main,books,electronics,svm,uncertainty,0,2000,target_only,0.9095719890193186,0.9096,0,2000,0,0,1.0,0.9064515157400906,budget_cv,0.111
1f7f2e0f41,main,books,electronics,svm,uncertainty,1,0,source_only,0.8442199182254686,0.8444,2000,0,0,0,1.0,0.8984818585300174,source_val_fallback,0.059
1f7f2e0f41,main,books,electronics,svm,uncertainty,1,50,transfer,0.8522598477819999,0.8524,2000,50,0,0,10.0,0.6548172845386468,budget_cv,0.249
1f7f2e0f41,main,books,electronics,svm,uncertainty,1,50,target_only,0.6866970586923031,0.6944,0,50,0,0,0.01,0.5481659242528808,budget_cv,0.04
1f7f2e0f41,main,books,electronics,svm,uncertainty,1,100,transfer,0.8599910394265233,0.86,2000,100,0,0,1.0,0.6556553420588508,budget_cv,0.236
1f7f2e0f41,main,books,electronics,svm,uncertainty,1,100,target_only,0.728247915756359,0.7364,0,100,0,0,0.1,0.5665621938493063,budget_cv,0.039
1f7f2e0f41,main,books,electronics,svm,uncertainty,1,250,transfer,0.8859596935941039,0.886,2000,250,0,0,1.0,0.6472153804294837,budget_cv,0.231
1f7f2e0f41,main,books,electronics,svm,uncertainty,1,250,target_only,0.777018372229261,0.7796,0,250,0,0,0.1,0.6410647419021134,budget_cv,0.045
1f7f2e0f41,main,books,electronics,svm,uncertainty,1,500,transfer,0.8903955106001142,0.8904,2000,500,0,0,10.0,0.6635681435614522,budget_cv,0.275
1f7f2e0f41,main,books,electronics,svm,uncertainty,1,500,target_only,0.8278800392721711,0.828,0,500,0,0,0.1,0.6430749149515692,budget_cv,0.054
1f7f2e0f41,main,books,electronics,svm,uncertainty,1,1000,transfer,0.9063882573430011,0.9064,2000,1000,0,0,10.0,0.795769409113396,budget_cv,0.273
1f7f2e0f41,main,books,electronics,svm,uncertainty,1,1000,target_only,0.8959706387530817,0.896,0,1000,0,0,10.0,0.7358397079683434,budget_cv,0.079
1f7f2e0f41,main,books,electronics,svm,uncertainty,1,2000,transfer,0.9099878879702052,0.91,2000,2000,0,0,1.0,0.9089181992790261,budget_cv,0.287
1f7f2e0f41,main,books,electronics,svm,uncertainty,1,2000,target_only,0.9031878558846422,0.9032,0,2000,0,0,0.1,0.9069173665911133,budget_cv,0.105
1f7f2e0f41,main,books,electronics,svm,uncertainty,2,0,source_only,0.8442199182254686,0.8444,2000,0,0,0,1.0,0.8984818585300174,source_val_fallback,0.056
1f7f2e0f41,main,books,electronics,svm,uncertainty,2,50,transfer,0.8081635326420585,0.8088,2000,50,0,0,0.01,0.657692843219159,budget_cv,0.2
1f7f2e0f41,main,books,electronics,svm,uncertainty,2,50,target_only,0.617767384051922,0.6468,0,50,0,0,0.01,0.49805029109376936,budget_cv,0.038
1f7f2e0f41,main,books,electronics,svm,uncertainty,2,100,transfer,0.8627335630445135,0.8628,2000,100,0,0,10.0,0.6420934815671657,budget_cv,0.233
1f7f2e0f41,main,books,electronics,svm,uncertainty,2,100,target_only,0.6314946312960357,0.666,0,100,0,0,0.01,0.4709074560873976,budget_cv,0.039
1f7f2e0f41,main,books,electronics,svm,uncertainty,2,250,transfer,0.8739941734905822,0.874,2000,250,0,0,1.0,0.6537110539743112,budget_cv,0.227
1f7f2e0f41,main,books,electronics,svm,uncertainty,2,250,target_only,0.7825344186513918,0.7836,0,250,0,0,0.01,0.610033776228664,budget_cv,0.045
1f7f2e0f41,main,books,electronics,svm,uncertainty,2,500,transfer,0.8959807606014809,0.896,2000,500,0,0,1.0,0.6548826088169547,budget_cv,0.213
1f7f2e0f41,main,books,electronics,svm,uncertainty,2,500,target_only,0.8309294871794872,0.8312,0,500,0,0,1.0,0.5946129883242081,budget_cv,0.058
1f7f2e0f41,main,books,electronics,svm,uncertainty,2,1000,transfer,0.9071961987563011,0.9072,2000,1000,0,0,1.0,0.7974522283332761,budget_cv,0.254
1f7f2e0f41,main,books,electronics,svm,uncertainty,2,1000,target_only,0.8987611080672752,0.8988,0,1000,0,0,1.0,0.7397909419066632,budget_cv,0.075
1f7f2e0f41,main,books,electronics,svm,uncertainty,2,2000,transfer,0.9099878879702052,0.91,2000,2000,0,0,1.0,0.9044329812243949,budget_cv,0.273
1f7f2e0f41,main,books,electronics,svm,uncertainty,2,2000,target_only,0.9031878558846422,0.9032,0,2000,0,0,0.1,0.9069301555086317,budget_cv,0.105
1f7f2e0f41,main,books,electronics,svm,uncertainty,3,0,source_only,0.8442199182254686,0.8444,2000,0,0,0,1.0,0.8984818585300174,source_val_fallback,0.059
1f7f2e0f41,main,books,electronics,svm,uncertainty,3,50,transfer,0.8535924102305463,0.8536,2000,50,0,0,1.0,0.7205882352941178,budget_cv,0.196
1f7f2e0f41,main,books,electronics,svm,uncertainty,3,50,target_only,0.7319023405213066,0.7388,0,50,0,0,1.0,0.7121031746031745,budget_cv,0.039
1f7f2e0f41,main,books,electronics,svm,uncertainty,3,100,transfer,0.8603962251139271,0.8604,2000,100,0,0,1.0,0.6049708510688547,budget_cv,0.231
1f7f2e0f41,main,books,electronics,svm,uncertainty,3,100,target_only,0.6996999982271945,0.71,0,100,0,0,0.01,0.6608222679111034,budget_cv,0.04
1f7f2e0f41,main,books,electronics,svm,uncertainty,3,250,transfer,0.8807828327279128,0.8808,2000,250,0,0,1.0,0.6392770801389018,budget_cv,0.215
1f7f2e0f41,main,books,electronics,svm,uncertainty,3,250,target_only,0.7878872022707639,0.7888,0,250,0,0,0.1,0.6499403346223729,budget_cv,0.046
1f7f2e0f41,main,books,electronics,svm,uncertainty,3,500,transfer,0.8943780982424516,0.8944,2000,500,0,0,1.0,0.6476097238647566,budget_cv,0.273
1f7f2e0f41,main,books,electronics,svm,uncertainty,3,500,target_only,0.8251025891380463,0.8252,0,500,0,0,0.1,0.6073337258988202,budget_cv,0.055
1f7f2e0f41,main,books,electronics,svm,uncertainty,3,1000,transfer,0.9063961659869588,0.9064,2000,1000,0,0,1.0,0.8075315751636044,budget_cv,0.258
1f7f2e0f41,main,books,electronics,svm,uncertainty,3,1000,target_only,0.8975682707475467,0.8976,0,1000,0,0,1.0,0.7349003082589726,budget_cv,0.078
1f7f2e0f41,main,books,electronics,svm,uncertainty,3,2000,transfer,0.9099878879702052,0.91,2000,2000,0,0,1.0,0.9104178598878687,budget_cv,0.298
1f7f2e0f41,main,books,electronics,svm,uncertainty,3,2000,target_only,0.9031878558846422,0.9032,0,2000,0,0,0.1,0.9059278755679657,budget_cv,0.109
1f7f2e0f41,main,books,electronics,svm,uncertainty,4,0,source_only,0.8442199182254686,0.8444,2000,0,0,0,1.0,0.8984818585300174,source_val_fallback,0.061
1f7f2e0f41,main,books,electronics,svm,uncertainty,4,50,transfer,0.8095685279879741,0.81,2000,50,0,0,0.01,0.776991088833194,budget_cv,0.191
1f7f2e0f41,main,books,electronics,svm,uncertainty,4,50,target_only,0.643987341772152,0.6688,0,50,0,0,0.01,0.616064491064491,budget_cv,0.038
1f7f2e0f41,main,books,electronics,svm,uncertainty,4,100,transfer,0.8583869489412144,0.8584,2000,100,0,0,1.0,0.6985045936421649,budget_cv,0.191
1f7f2e0f41,main,books,electronics,svm,uncertainty,4,100,target_only,0.6556485136545518,0.6812,0,100,0,0,0.01,0.7100837568228874,budget_cv,0.04
1f7f2e0f41,main,books,electronics,svm,uncertainty,4,250,transfer,0.884,0.884,2000,250,0,0,1.0,0.6643347277264674,budget_cv,0.211
1f7f2e0f41,main,books,electronics,svm,uncertainty,4,250,target_only,0.773245406789685,0.7748,0,250,0,0,0.01,0.6696096927088657,budget_cv,0.045
1f7f2e0f41,main,books,electronics,svm,uncertainty,4,500,transfer,0.8931482837693443,0.8932,2000,500,0,0,1.0,0.6433193677024999,budget_cv,0.234
1f7f2e0f41,main,books,electronics,svm,uncertainty,4,500,target_only,0.8261142223145329,0.8268,0,500,0,0,10.0,0.6396598896349658,budget_cv,0.057
1f7f2e0f41,main,books,electronics,svm,uncertainty,4,1000,transfer,0.906787457320257,0.9068,2000,1000,0,0,10.0,0.7945650241329448,budget_cv,0.261
1f7f2e0f41,main,books,electronics,svm,uncertainty,4,1000,target_only,0.8979608006211666,0.898,0,1000,0,0,1.0,0.7368804851869649,budget_cv,0.075
1f7f2e0f41,main,books,electronics,svm,uncertainty,4,2000,transfer,0.9099878879702052,0.91,2000,2000,0,0,1.0,0.9084221330195673,budget_cv,0.321
1f7f2e0f41,main,books,electronics,svm,uncertainty,4,2000,target_only,0.9095719890193186,0.9096,0,2000,0,0,1.0,0.9089429297691157,budget_cv,0.112
1f7f2e0f41,main,books,electronics,svm,self_training,0,0,uda_self_training,0.8479162276033572,0.8484,2000,0,0,1000,1.0,0.8984818585300174,source_val_fallback,0.092
1f7f2e0f41,main,books,electronics,svm,self_training,0,50,transfer,0.854794772611814,0.8548,2000,50,0,1000,10.0,0.8208462332301342,budget_cv,0.252
1f7f2e0f41,main,books,electronics,svm,self_training,0,50,target_only,0.5948880968341105,0.6488,0,50,0,1000,0.01,0.5903275701330621,budget_cv,0.047
1f7f2e0f41,main,books,electronics,svm,self_training,0,100,transfer,0.8623977983647738,0.8624,2000,100,0,1000,10.0,0.8279183796425175,budget_cv,0.255
1f7f2e0f41,main,books,electronics,svm,self_training,0,100,target_only,0.8170425212439312,0.8176,0,100,0,1000,0.1,0.7691368788142983,budget_cv,0.049
1f7f2e0f41,main,books,electronics,svm,self_training,0,250,transfer,0.8727947896745851,0.8728,2000,250,0,1000,10.0,0.8680808820660677,budget_cv,0.253
1f7f2e0f41,main,books,electronics,svm,self_training,0,250,target_only,0.8667767871873995,0.8668,0,250,0,1000,10.0,0.8277626928750793,budget_cv,0.061
1f7f2e0f41,main,books,electronics,svm,self_training,0,500,transfer,0.8839854471344886,0.884,2000,500,0,1000,1.0,0.8820028175465078,budget_cv,0.252
1f7f2e0f41,main,books,electronics,svm,self_training,0,500,target_only,0.8903772686304232,0.8904,0,500,0,1000,1.0,0.8639792508306853,budget_cv,0.066
1f7f2e0f41,main,books,electronics,svm,self_training,0,1000,transfer,0.8979980252417687,0.898,2000,1000,0,1000,1.0,0.8847156051163241,budget_cv,0.282
1f7f2e0f41,main,books,electronics,svm,self_training,0,1000,target_only,0.8935884905311358,0.8936,0,1000,0,1000,1.0,0.8867028913737759,budget_cv,0.092
1f7f2e0f41,main,books,electronics,svm,self_training,0,2000,transfer,0.90958865880136,0.9096,2000,2000,0,1000,1.0,0.913442189559652,budget_cv,0.34
1f7f2e0f41,main,books,electronics,svm,self_training,0,2000,target_only,0.9095791091573797,0.9096,0,2000,0,1000,1.0,0.9089658436562614,budget_cv,0.145
1f7f2e0f41,main,books,electronics,svm,self_training,1,0,uda_self_training,0.8479162276033572,0.8484,2000,0,0,1000,1.0,0.8984818585300174,source_val_fallback,0.099
1f7f2e0f41,main,books,electronics,svm,self_training,1,50,transfer,0.8602065482297022,0.8604,2000,50,0,1000,1.0,0.8965958605664488,budget_cv,0.238
1f7f2e0f41,main,books,electronics,svm,self_training,1,50,target_only,0.4863860408198859,0.5684,0,50,0,1000,0.01,0.8220779220779221,budget_cv,0.05
1f7f2e0f41,main,books,electronics,svm,self_training,1,100,transfer,0.8429126033393397,0.844,2000,100,0,1000,0.1,0.8987192556125357,budget_cv,0.221
1f7f2e0f41,main,books,electronics,svm,self_training,1,100,target_only,0.8021366023106898,0.8036,0,100,0,1000,0.1,0.7655279771520038,budget_cv,0.051
1f7f2e0f41,main,books,electronics,svm,self_training,1,250,transfer,0.8715871587158717,0.8716,2000,250,0,1000,10.0,0.8819360419416419,budget_cv,0.304
1f7f2e0f41,main,books,electronics,svm,self_training,1,250,target_only,0.7201525783359444,0.7324,0,250,0,1000,0.01,0.8155561322477567,budget_cv,0.055
1f7f2e0f41,main,books,electronics,svm,self_training,1,500,transfer,0.8875804120109887,0.8876,2000,500,0,1000,10.0,0.9036972950248144,budget_cv,0.335
1f7f2e0f41,main,books,electronics,svm,self_training,1,500,target_only,0.8839999257599525,0.884,0,500,0,1000,10.0,0.8756551094368433,budget_cv,0.076
1f7f2e0f41,main,books,electronics,svm,self_training,1,1000,transfer,0.9003915691424123,0.9004,2000,1000,0,1000,1.0,0.910885328821054,budget_cv,0.282
1f7f2e0f41,main,books,electronics,svm,self_training,1,1000,target_only,0.8823667992054078,0.8824,0,1000,0,1000,0.1,0.8917892322215565,budget_cv,0.08
1f7f2e0f41,main,books,electronics,svm,self_training,1,2000,transfer,0.90958865880136,0.9096,2000,2000,0,1000,1.0,0.9113978286355647,budget_cv,0.328
1f7f2e0f41,main,books,electronics,svm,self_training,1,2000,target_only,0.9023977512441886,0.9024,0,2000,0,1000,0.1,0.9034262344094887,budget_cv,0.125
1f7f2e0f41,main,books,electronics,svm,self_training,2,0,uda_self_training,0.8479162276033572,0.8484,2000,0,0,1000,1.0,0.8984818585300174,source_val_fallback,0.099
1f7f2e0f41,main,books,electronics,svm,self_training,2,50,transfer,0.8589367421055871,0.8592,2000,50,0,1000,1.0,0.8721500721500721,budget_cv,0.265
1f7f2e0f41,main,books,electronics,svm,self_training,2,50,target_only,0.3830542871638762,0.5136,0,50,0,1000,0.01,0.7564754086493216,budget_cv,0.05
1f7f2e0f41,main,books,electronics,svm,self_training,2,100,transfer,0.8637991636948179,0.864,2000,100,0,1000,1.0,0.8890673533610128,budget_cv,0.245
1f7f2e0f41,main,books,electronics,svm,self_training,2,100,target_only,0.5833901846188195,0.6292,0,100,0,1000,0.01,0.7831936211176979,budget_cv,0.051
1f7f2e0f41,main,books,electronics,svm,self_training,2,250,transfer,0.8755697186467299,0.8756,2000,250,0,1000,1.0,0.8913237188813771,budget_cv,0.237
1f7f2e0f41,main,books,electronics,svm,self_training,2,250,target_only,0.8598901538806425,0.86,0,250,0,1000,1.0,0.842924482924483,budget_cv,0.057
1f7f2e0f41,main,books,electronics,svm,self_training,2,500,transfer,0.8835515388083905,0.8836,2000,500,0,1000,1.0,0.8879764471509671,budget_cv,0.269
1f7f2e0f41,main,books,electronics,svm,self_training,2,500,target_only,0.8717141997627995,0.872,0,500,0,1000,1.0,0.8567560260558933,budget_cv,0.069
1f7f2e0f41,main,books,electronics,svm,self_training,2,1000,transfer,0.9019954682704528,0.902,2000,1000,0,1000,1.0,0.8837927715744346,budget_cv,0.322
1f7f2e0f41,main,books,electronics,svm,self_training,2,1000,target_only,0.9003929717280852,0.9004,0,1000,0,1000,1.0,0.8749534393161325,budget_cv,0.093
1f7f2e0f41,main,books,electronics,svm,self_training,2,2000,transfer,0.90958865880136,0.9096,2000,2000,0,1000,1.0,0.9054185711791223,budget_cv,0.328
1f7f2e0f41,main,books,electronics,svm,self_training,2,2000,target_only,0.9023977512441886,0.9024,0,2000,0,1000,0.1,0.9019016714250302,budget_cv,0.126
1f7f2e0f41,main,books,electronics,svm,self_training,3,0,uda_self_training,0.8479162276033572,0.8484,2000,0,0,1000,1.0,0.8984818585300174,source_val_fallback,0.1
1f7f2e0f41,main,books,electronics,svm,self_training,3,50,transfer,0.8284874012669927,0.8304,2000,50,0,1000,0.1,0.9180483259430628,budget_cv,0.218
1f7f2e0f41,main,books,electronics,svm,self_training,3,50,target_only,0.5051303219719306,0.5804,0,50,0,1000,0.01,0.60340113103271,budget_cv,0.049
1f7f2e0f41,main,books,electronics,svm,self_training,3,100,transfer,0.8473104785514618,0.848,2000,100,0,1000,0.1,0.9096956895225397,budget_cv,0.22
1f7f2e0f41,main,books,electronics,svm,self_training,3,100,target_only,0.790147663263905,0.7924,0,100,0,1000,0.01,0.6940305562205138,budget_cv,0.047
1f7f2e0f41,main,books,electronics,svm,self_training,3,250,transfer,0.8784,0.8784,2000,250,0,1000,1.0,0.9000142950705604,budget_cv,0.225
1f7f2e0f41,main,books,electronics,svm,self_training,3,250,target_only,0.8795837967956968,0.8796,0,250,0,1000,1.0,0.8558491895701198,budget_cv,0.056
1f7f2e0f41,main,books,electronics,svm,self_training,3,500,transfer,0.8879993548762841,0.888,2000,500,0,1000,1.0,0.9119505571573087,budget_cv,0.273
1f7f2e0f41,main,books,electronics,svm,self_training,3,500,target_only,0.8751935300325969,0.8752,0,500,0,1000,0.1,0.8980092512041172,budget_cv,0.065
1f7f2e0f41,main,books,electronics,svm,self_training,3,1000,transfer,0.8991999354879587,0.8992,2000,1000,0,1000,1.0,0.8958059141746851,budget_cv,0.314
1f7f2e0f41,main,books,electronics,svm,self_training,3,1000,target_only,0.8987998542717901,0.8988,0,1000,0,1000,1.0,0.8927902264925631,budget_cv,0.093
1f7f2e0f41,main,books,electronics,svm,self_training,3,2000,transfer,0.90958865880136,0.9096,2000,2000,0,1000,1.0,0.9064189505197664,budget_cv,0.359
1f7f2e0f41,main,books,electronics,svm,self_training,3,2000,target_only,0.9095791091573797,0.9096,0,2000,0,1000,1.0,0.9049326799961243,budget_cv,0.146
1f7f2e0f41,main,books,electronics,svm,self_training,4,0,uda_self_training,0.8479162276033572,0.8484,2000,0,0,1000,1.0,0.8984818585300174,source_val_fallback,0.099
1f7f2e0f41,main,books,electronics,svm,self_training,4,50,transfer,0.8571961385835873,0.8572,2000,50,0,1000,10.0,0.9171957671957672,budget_cv,0.248
1f7f2e0f41,main,books,electronics,svm,self_training,4,50,target_only,0.42325664244447647,0.5524,0,50,0,1000,0.01,0.6267340067340067,budget_cv,0.048
1f7f2e0f41,main,books,electronics,svm,self_training,4,100,transfer,0.8675938775408975,0.8676,2000,100,0,1000,1.0,0.8445564423258847,budget_cv,0.227
1f7f2e0f41,main,books,electronics,svm,self_training,4,100,target_only,0.530527633066555,0.6096,0,100,0,1000,0.01,0.7723387723387724,budget_cv,0.049
1f7f2e0f41,main,books,electronics,svm,self_training,4,250,transfer,0.8767241804399377,0.8768,2000,250,0,1000,10.0,0.8714723131129452,budget_cv,0.255
1f7f2e0f41,main,books,electronics,svm,self_training,4,250,target_only,0.81191224577739,0.812,0,250,0,1000,0.01,0.8384750358891746,budget_cv,0.054
1f7f2e0f41,main,books,electronics,svm,self_training,4,500,transfer,0.8915354245303484,0.8916,2000,500,0,1000,1.0,0.8739200153483319,budget_cv,0.253
1f7f2e0f41,main,books,electronics,svm,self_training,4,500,target_only,0.8809392283354696,0.8812,0,500,0,1000,1.0,0.8556030904104736,budget_cv,0.072
1f7f2e0f41,main,books,electronics,svm,self_training,4,1000,transfer,0.9039645975092259,0.904,2000,1000,0,1000,1.0,0.8949739936937617,budget_cv,0.304
1f7f2e0f41,main,books,electronics,svm,self_training,4,1000,target_only,0.8991658615941013,0.8992,0,1000,0,1000,1.0,0.8989403278107848,budget_cv,0.094
1f7f2e0f41,main,books,electronics,svm,self_training,4,2000,transfer,0.9047950645761476,0.9048,2000,2000,0,1000,0.1,0.9084184153337759,budget_cv,0.329
1f7f2e0f41,main,books,electronics,svm,self_training,4,2000,target_only,0.9095791091573797,0.9096,0,2000,0,1000,1.0,0.9074625752395743,budget_cv,0.146
1f7f2e0f41,main,books,clothing,logreg,random,0,0,source_only,0.8422384521750272,0.8424,2000,0,0,0,10.0,0.8998288631778024,source_val_fallback,0.103
1f7f2e0f41,main,books,clothing,logreg,random,0,50,transfer,0.8587620126309172,0.8588,2000,50,0,0,10.0,0.8191993464052287,budget_cv,0.353
1f7f2e0f41,main,books,clothing,logreg,random,0,50,target_only,0.7549177140282504,0.7584,0,50,0,0,0.1,0.7402011974380395,budget_cv,0.091
1f7f2e0f41,main,books,clothing,logreg,random,0,100,transfer,0.8723983462825677,0.8724,2000,100,0,0,10.0,0.8493430337358232,budget_cv,0.356
1f7f2e0f41,main,books,clothing,logreg,random,0,100,target_only,0.8457173789234071,0.846,0,100,0,0,0.1,0.7591911764705882,budget_cv,0.094
1f7f2e0f41,main,books,clothing,logreg,random,0,250,transfer,0.8863836392440512,0.8864,2000,250,0,0,10.0,0.8728497138683154,budget_cv,0.352
1f7f2e0f41,main,books,clothing,logreg,random,0,250,target_only,0.8739975605927731,0.874,0,250,0,0,0.1,0.8390412761841333,budget_cv,0.112
1f7f2e0f41,main,books,clothing,logreg,random,0,500,transfer,0.9043992504901239,0.9044,2000,500,0,0,10.0,0.8721771138627892,budget_cv,0.389
1f7f2e0f41,main,books,clothing,logreg,random,0,500,target_only,0.896398657326599,0.8964,0,500,0,0,10.0,0.8616142881348293,budget_cv,0.137
1f7f2e0f41,main,books,clothing,logreg,random,0,1000,transfer,0.9135840164996918,0.9136,2000,1000,0,0,10.0,0.8962969347520918,budget_cv,0.421
1f7f2e0f41,main,books,clothing,logreg,random,0,1000,target_only,0.9151843124904382,0.9152,0,1000,0,0,10.0,0.9004583399465528,budget_cv,0.164
1f7f2e0f41,main,books,clothing,logreg,random,0,2000,transfer,0.9219649279172031,0.922,2000,2000,0,0,10.0,0.8998183326093693,budget_cv,0.482
1f7f2e0f41,main,books,clothing,logreg,random,0,2000,target_only,0.925580948722873,0.9256,0,2000,0,0,10.0,0.8997860981739856,budget_cv,0.212
1f7f2e0f41,main,books,clothing,logreg,random,1,0,source_only,0.8422384521750272,0.8424,2000,0,0,0,10.0,0.8998288631778024,source_val_fallback,0.101
1f7f2e0f41,main,books,clothing,logreg,random,1,50,transfer,0.8543940359797138,0.8544,2000,50,0,0,10.0,0.8974551764025449,budget_cv,0.381
1f7f2e0f41,main,books,clothing,logreg,random,1,50,target_only,0.7644059318068128,0.7664,0,50,0,0,0.1,0.7020710770710771,budget_cv,0.096
1f7f2e0f41,main,books,clothing,logreg,random,1,100,transfer,0.8707974986395737,0.8708,2000,100,0,0,10.0,0.9170522459996144,budget_cv,0.357
1f7f2e0f41,main,books,clothing,logreg,random,1,100,target_only,0.8188857142352295,0.8196,0,100,0,0,0.1,0.8563546188470568,budget_cv,0.102
1f7f2e0f41,main,books,clothing,logreg,random,1,250,transfer,0.8771966793982109,0.8772,2000,250,0,0,10.0,0.871816625065393,budget_cv,0.35
1f7f2e0f41,main,books,clothing,logreg,random,1,250,target_only,0.8707908830047049,0.8708,0,250,0,0,1.0,0.8235000468012977,budget_cv,0.112
1f7f2e0f41,main,books,clothing,logreg,random,1,500,transfer,0.896799405564576,0.8968,2000,500,0,0,10.0,0.8693782801817626,budget_cv,0.366
1f7f2e0f41,main,books,clothing,logreg,random,1,500,target_only,0.8851483810883964,0.8852,0,500,0,0,10.0,0.8586116538862884,budget_cv,0.139
1f7f2e0f41,main,books,clothing,logreg,random,1,1000,transfer,0.9131548544195214,0.9132,2000,1000,0,0,10.0,0.880353398836967,budget_cv,0.418
1f7f2e0f41,main,books,clothing,logreg,random,1,1000,target_only,0.9127678427375467,0.9128,0,1000,0,0,10.0,0.8782901815748181,budget_cv,0.154
1f7f2e0f41,main,books,clothing,logreg,random,1,2000,transfer,0.9219649279172031,0.922,2000,2000,0,0,10.0,0.9023190361474379,budget_cv,0.474
1f7f2e0f41,main,books,clothing,logreg,random,1,2000,target_only,0.925580948722873,0.9256,0,2000,0,0,10.0,0.8982186416499732,budget_cv,0.212
1f7f2e0f41,main,books,clothing,logreg,random,2,0,source_only,0.8422384521750272,0.8424,2000,0,0,0,10.0,0.8998288631778024,source_val_fallback,0.103
1f7f2e0f41,main,books,clothing,logreg,random,2,50,transfer,0.8563933596289492,0.8564,2000,50,0,0,10.0,0.8365773659891307,budget_cv,0.355
1f7f2e0f41,main,books,clothing,logreg,random,2,50,target_only,0.749619479357013,0.7572,0,50,0,0,0.01,0.7250807163850643,budget_cv,0.096
1f7f2e0f41,main,books,clothing,logreg,random,2,100,transfer,0.8691576070646889,0.8692,2000,100,0,0,10.0,0.8297311186898474,budget_cv,0.355
1f7f2e0f41,main,books,clothing,logreg,random,2,100,target_only,0.8251852036756391,0.8252,0,100,0,0,10.0,0.7680352842891542,budget_cv,0.105
1f7f2e0f41,main,books,clothing,logreg,random,2,250,transfer,0.8839910162642994,0.884,2000,250,0,0,10.0,0.8715696922335546,budget_cv,0.358
1f7f2e0f41,main,books,clothing,logreg,random,2,250,target_only,0.8723622396449766,0.8724,0,250,0,0,0.1,0.8714368110193181,budget_cv,0.115
1f7f2e0f41,main,books,clothing,logreg,random,2,500,transfer,0.9011954312767423,0.9012,2000,500,0,0,10.0,0.8819661710261989,budget_cv,0.384
1f7f2e0f41,main,books,clothing,logreg,random,2,500,target_only,0.8935803166153612,0.8936,0,500,0,0,1.0,0.8558967089906845,budget_cv,0.129
1f7f2e0f41,main,books,clothing,logreg,random,2,1000,transfer,0.9115784817393161,0.9116,2000,1000,0,0,10.0,0.897909438426923,budget_cv,0.421
1f7f2e0f41,main,books,clothing,logreg,random,2,1000,target_only,0.9079809189233479,0.908,0,1000,0,0,1.0,0.8878680818521865,budget_cv,0.15
1f7f2e0f41,main,books,clothing,logreg,random,2,2000,transfer,0.9219649279172031,0.922,2000,2000,0,0,10.0,0.903377107864915,budget_cv,0.476
1f7f2e0f41,main,books,clothing,logreg,random,2,2000,target_only,0.925580948722873,0.9256,0,2000,0,0,10.0,0.9033477653924576,budget_cv,0.206
1f7f2e0f41,main,books,clothing,logreg,random,3,0,source_only,0.8422384521750272,0.8424,2000,0,0,0,10.0,0.8998288631778024,source_val_fallback,0.105
1f7f2e0f41,main,books,clothing,logreg,random,3,50,transfer,0.8615968111905299,0.8616,2000,50,0,0,10.0,0.8746438746438746,budget_cv,0.356
1f7f2e0f41,main,books,clothing,logreg,random,3,50,target_only,0.7184793501047693,0.7308,0,50,0,0,0.01,0.5903304425043555,budget_cv,0.096
1f7f2e0f41,main,books,clothing,logreg,random,3,100,transfer,0.8659603457086744,0.866,2000,100,0,0,10.0,0.8889074165443334,budget_cv,0.361
1f7f2e0f41,main,books,clothing,logreg,random,3,100,target_only,0.7939109279785226,0.7968,0,100,0,0,1.0,0.7714770523594053,budget_cv,0.101
1f7f2e0f41,main,books,clothing,logreg,random,3,250,transfer,0.8818569240092522,0.882,2000,250,0,0,10.0,0.8996377586339183,budget_cv,0.351
1f7f2e0f41,main,books,clothing,logreg,random,3,250,target_only,0.8662726005328856,0.8668,0,250,0,0,1.0,0.8508158839051289,budget_cv,0.111
1f7f2e0f41,main,books,clothing,logreg,random,3,500,transfer,0.9007603041216486,0.9008,2000,500,0,0,10.0,0.8898919864541704,budget_cv,0.375
1f7f2e0f41,main,books,clothing,logreg,random,3,500,target_only,0.8946280160626969,0.8948,0,500,0,0,0.1,0.88176846055182,budget_cv,0.123
1f7f2e0f41,main,books,clothing,logreg,random,3,1000,transfer,0.9151782856411241,0.9152,2000,1000,0,0,10.0,0.891757591913378,budget_cv,0.425
1f7f2e0f41,main,books,clothing,logreg,random,3,1000,target_only,0.9143758334352288,0.9144,0,1000,0,0,10.0,0.8878493292894802,budget_cv,0.157
1f7f2e0f41,main,books,clothing,logreg,random,3,2000,transfer,0.9219649279172031,0.922,2000,2000,0,0,10.0,0.9028478861221086,budget_cv,0.475
1f7f2e0f41,main,books,clothing,logreg,random,3,2000,target_only,0.925580948722873,0.9256,0,2000,0,0,10.0,0.9033543859584388,budget_cv,0.217
1f7f2e0f41,main,books,clothing,logreg,random,4,0,source_only,0.8422384521750272,0.8424,2000,0,0,0,10.0,0.8998288631778024,source_val_fallback,0.105
1f7f2e0f41,main,books,clothing,logreg,random,4,50,transfer,0.859594945418035,0.8596,2000,50,0,0,10.0,0.7575396825396825,budget_cv,0.357
1f7f2e0f41,main,books,clothing,logreg,random,4,50,target_only,0.7023745238620284,0.7156,0,50,0,0,0.01,0.7376392369813423,budget_cv,0.086
1f7f2e0f41,main,books,clothing,logreg,random,4,100,transfer,0.8711563787035739,0.8712,2000,100,0,0,10.0,0.8653056086933418,budget_cv,0.361
1f7f2e0f41,main,books,clothing,logreg,random,4,100,target_only,0.7915706335737702,0.7928,0,100,0,0,0.1,0.8797824636534314,budget_cv,0.101
1f7f2e0f41,main,books,clothing,logreg,random,4,250,transfer,0.8839375305364359,0.884,2000,250,0,0,10.0,0.8960668216222712,budget_cv,0.365
1f7f2e0f41,main,books,clothing,logreg,random,4,250,target_only,0.8571948590149245,0.8572,0,250,0,0,10.0,0.8599279562165004,budget_cv,0.119
1f7f2e0f41,main,books,clothing,logreg,random,4,500,transfer,0.8967830889412922,0.8968,2000,500,0,0,10.0,0.9052827865152796,budget_cv,0.353
1f7f2e0f41,main,books,clothing,logreg,random,4,500,target_only,0.8879982079713276,0.888,0,500,0,0,1.0,0.8891980873687199,budget_cv,0.132
1f7f2e0f41,main,books,clothing,logreg,random,4,1000,transfer,0.912789060259719,0.9128,2000,1000,0,0,10.0,0.902595925228998,budget_cv,0.427
1f7f2e0f41,main,books,clothing,logreg,random,4,1000,target_only,0.9043944778250392,0.9044,0,1000,0,0,10.0,0.8963022634869379,budget_cv,0.159
1f7f2e0f41,main,books,clothing,logreg,random,4,2000,transfer,0.9219649279172031,0.922,2000,2000,0,0,10.0,0.9048001183917661,budget_cv,0.48
1f7f2e0f41,main,books,clothing,logreg,random,4,2000,target_only,0.925580948722873,0.9256,0,2000,0,0,10.0,0.9017538174132033,budget_cv,0.215
1f7f2e0f41,main,books,clothing,logreg,uncertainty,0,0,source_only,0.8422384521750272,0.8424,2000,0,0,0,10.0,0.8998288631778024,source_val_fallback,0.101
1f7f2e0f41,main,books,clothing,logreg,uncertainty,0,50,transfer,0.8585599139403188,0.8588,2000,50,0,0,10.0,0.7276524644945698,budget_cv,0.347
1f7f2e0f41,main,books,clothing,logreg,uncertainty,0,50,target_only,0.7097109430588338,0.712,0,50,0,0,0.1,0.8326442563284667,budget_cv,0.096
1f7f2e0f41,main,books,clothing,logreg,uncertainty,0,100,transfer,0.8727979647674363,0.8728,2000,100,0,0,10.0,0.7480667064649267,budget_cv,0.348
1f7f2e0f41,main,books,clothing,logreg,uncertainty,0,100,target_only,0.7313760578899248,0.736,0,100,0,0,10.0,0.7011354886128026,budget_cv,0.099
1f7f2e0f41,main,books,clothing,logreg,uncertainty,0,250,transfer,0.8943577430972389,0.8944,2000,250,0,0,10.0,0.7569835681893909,budget_cv,0.34
1f7f2e0f41,main,books,clothing,logreg,uncertainty,0,250,target_only,0.723983166824574,0.7248,0,250,0,0,1.0,0.7359516187171247,budget_cv,0.119
1f7f2e0f41,main,books,clothing,logreg,uncertainty,0,500,transfer,0.9011679784250097,0.9012,2000,500,0,0,10.0,0.6572214702299779,budget_cv,0.375
1f7f2e0f41,main,books,clothing,logreg,uncertainty,0,500,target_only,0.7579627843577228,0.758,0,500,0,0,1.0,0.6815918745095257,budget_cv,0.129
1f7f2e0f41,main,books,clothing,logreg,uncertainty,0,1000,transfer,0.9191650275575225,0.9192,2000,1000,0,0,10.0,0.79398602996784,budget_cv,0.418
1f7f2e0f41,main,books,clothing,logreg,uncertainty,0,1000,target_only,0.8879515233470608,0.888,0,1000,0,0,1.0,0.7455932535247575,budget_cv,0.141
1f7f2e0f41,main,books,clothing,logreg,uncertainty,0,2000,transfer,0.9219649279172031,0.922,2000,2000,0,0,10.0,0.8997651496588572,budget_cv,0.472
1f7f2e0f41,main,books,clothing,logreg,uncertainty,0,2000,target_only,0.925580948722873,0.9256,0,2000,0,0,10.0,0.9002779316133331,budget_cv,0.211
1f7f2e0f41,main,books,clothing,logreg,uncertainty,1,0,source_only,0.8422384521750272,0.8424,2000,0,0,0,10.0,0.8998288631778024,source_val_fallback,0.101
1f7f2e0f41,main,books,clothing,logreg,uncertainty,1,50,transfer,0.8567633314128418,0.8568,2000,50,0,0,10.0,0.8171671165092217,budget_cv,0.353
1f7f2e0f41,main,books,clothing,logreg,uncertainty,1,50,target_only,0.7128675957387784,0.714,0,50,0,0,0.1,0.6587547299621603,budget_cv,0.096
1f7f2e0f41,main,books,clothing,logreg,uncertainty,1,100,transfer,0.8707974986395737,0.8708,2000,100,0,0,10.0,0.6972465545643258,budget_cv,0.347
1f7f2e0f41,main,books,clothing,logreg,uncertainty,1,100,target_only,0.7165596784205326,0.7204,0,100,0,0,0.1,0.6627814088598402,budget_cv,0.105
1f7f2e0f41,main,books,clothing,logreg,uncertainty,1,250,transfer,0.8883888388838884,0.8884,2000,250,0,0,10.0,0.7705790143736383,budget_cv,0.34
1f7f2e0f41,main,books,clothing,logreg,uncertainty,1,250,target_only,0.7270177974732961,0.7288,0,250,0,0,0.1,0.7381945448512597,budget_cv,0.115
1f7f2e0f41,main,books,clothing,logreg,uncertainty,1,500,transfer,0.9059890345609912,0.906,2000,500,0,0,10.0,0.651075795794788,budget_cv,0.392
1f7f2e0f41,main,books,clothing,logreg,uncertainty,1,500,target_only,0.7699549111625879,0.77,0,500,0,0,1.0,0.6609598922519914,budget_cv,0.122
1f7f2e0f41,main,books,clothing,logreg,uncertainty,1,1000,transfer,0.9191676670668267,0.9192,2000,1000,0,0,10.0,0.805660945978295,budget_cv,0.415
1f7f2e0f41,main,books,clothing,logreg,uncertainty,1,1000,target_only,0.9011620304056006,0.9012,0,1000,0,0,10.0,0.7664523703984307,budget_cv,0.157
1f7f2e0f41,main,books,clothing,logreg,uncertainty,1,2000,transfer,0.9219649279172031,0.922,2000,2000,0,0,10.0,0.9013458136364777,budget_cv,0.483
1f7f2e0f41,main,books,clothing,logreg,uncertainty,1,2000,target_only,0.925580948722873,0.9256,0,2000,0,0,10.0,0.9063240292312166,budget_cv,0.206
1f7f2e0f41,main,books,clothing,logreg,uncertainty,2,0,source_only,0.8422384521750272,0.8424,2000,0,0,0,10.0,0.8998288631778024,source_val_fallback,0.101
1f7f2e0f41,main,books,clothing,logreg,uncertainty,2,50,transfer,0.8587365105372959,0.8588,2000,50,0,0,10.0,0.6844276094276095,budget_cv,0.363
1f7f2e0f41,main,books,clothing,logreg,uncertainty,2,50,target_only,0.6944854339808315,0.6956,0,50,0,0,0.1,0.5417451829216535,budget_cv,0.093
1f7f2e0f41,main,books,clothing,logreg,uncertainty,2,100,transfer,0.8747894021750001,0.8748,2000,100,0,0,10.0,0.7703871871329177,budget_cv,0.349
1f7f2e0f41,main,books,clothing,logreg,uncertainty,2,100,target_only,0.6889996619243384,0.694,0,100,0,0,0.1,0.6745369409616234,budget_cv,0.098
1f7f2e0f41,main,books,clothing,logreg,uncertainty,2,250,transfer,0.8903881443816963,0.8904,2000,250,0,0,10.0,0.6783647293335321,budget_cv,0.339
1f7f2e0f41,main,books,clothing,logreg,uncertainty,2,250,target_only,0.7276100708793198,0.7292,0,250,0,0,0.1,0.6923331913410525,budget_cv,0.112
1f7f2e0f41,main,books,clothing,logreg,uncertainty,2,500,transfer,0.9047880566138217,0.9048,2000,500,0,0,10.0,0.6555295294391219,budget_cv,0.368
1f7f2e0f41,main,books,clothing,logreg,uncertainty,2,500,target_only,0.757999031996128,0.758,0,500,0,0,1.0,0.6317371401729133,budget_cv,0.124
1f7f2e0f41,main,books,clothing,logreg,uncertainty,2,1000,transfer,0.9175556251396753,0.9176,2000,1000,0,0,10.0,0.8011118990048051,budget_cv,0.417
1f7f2e0f41,main,books,clothing,logreg,uncertainty,2,1000,target_only,0.8979541365071118,0.898,0,1000,0,0,10.0,0.7641729790126014,budget_cv,0.153
1f7f2e0f41,main,books,clothing,logreg,uncertainty,2,2000,transfer,0.9219649279172031,0.922,2000,2000,0,0,10.0,0.9033269320166649,budget_cv,0.471
1f7f2e0f41,main,books,clothing,logreg,uncertainty,2,2000,target_only,0.925580948722873,0.9256,0,2000,0,0,10.0,0.9012965227937673,budget_cv,0.209
1f7f2e0f41,main,books,clothing,logreg,uncertainty,3,0,source_only,0.8422384521750272,0.8424,2000,0,0,0,10.0,0.8998288631778024,source_val_fallback,0.1
1f7f2e0f41,main,books,clothing,logreg,uncertainty,3,50,transfer,0.8599996415990825,0.86,2000,50,0,0,10.0,0.8337902837902837,budget_cv,0.35
1f7f2e0f41,main,books,clothing,logreg,uncertainty,3,50,target_only,0.6691668101278381,0.6916,0,50,0,0,0.01,0.6878787878787879,budget_cv,0.095
1f7f2e0f41,main,books,clothing,logreg,uncertainty,3,100,transfer,0.8547681884239924,0.8548,2000,100,0,0,1.0,0.6877471992865732,budget_cv,0.332
1f7f2e0f41,main,books,clothing,logreg,uncertainty,3,100,target_only,0.7362012987012987,0.74,0,100,0,0,1.0,0.6937569530499657,budget_cv,0.101
1f7f2e0f41,main,books,clothing,logreg,uncertainty,3,250,transfer,0.8907998427517736,0.8908,2000,250,0,0,10.0,0.6756788729574078,budget_cv,0.338
1f7f2e0f41,main,books,clothing,logreg,uncertainty,3,250,target_only,0.7345531199766888,0.7356,0,250,0,0,1.0,0.7052242018624563,budget_cv,0.115
1f7f2e0f41,main,books,clothing,logreg,uncertainty,3,500,transfer,0.9059794057290309,0.906,2000,500,0,0,10.0,0.6511304768921918,budget_cv,0.372
1f7f2e0f41,main,books,clothing,logreg,uncertainty,3,500,target_only,0.7712969776434986,0.7716,0,500,0,0,1.0,0.66523518926247,budget_cv,0.123
1f7f2e0f41,main,books,clothing,logreg,uncertainty,3,1000,transfer,0.9195638487761939,0.9196,2000,1000,0,0,10.0,0.7793405234142204,budget_cv,0.429
1f7f2e0f41,main,books,clothing,logreg,uncertainty,3,1000,target_only,0.8983414446721312,0.8984,0,1000,0,0,10.0,0.7423456402662665,budget_cv,0.151
1f7f2e0f41,main,books,clothing,logreg,uncertainty,3,2000,transfer,0.9219649279172031,0.922,2000,2000,0,0,10.0,0.9032799130205325,budget_cv,0.481
1f7f2e0f41,main,books,clothing,logreg,uncertainty,3,2000,target_only,0.925580948722873,0.9256,0,2000,0,0,10.0,0.9027674929400273,budget_cv,0.206
1f7f2e0f41,main,books,clothing,logreg,uncertainty,4,0,source_only,0.8422384521750272,0.8424,2000,0,0,0,10.0,0.8998288631778024,source_val_fallback,0.099
1f7f2e0f41,main,books,clothing,logreg,uncertainty,4,50,transfer,0.8526336292620917,0.8528,2000,50,0,0,10.0,0.6949852080286864,budget_cv,0.356
1f7f2e0f41,main,books,clothing,logreg,uncertainty,4,50,target_only,0.6719511282946746,0.6744,0,50,0,0,0.01,0.5739139515455305,budget_cv,0.101
1f7f2e0f41,main,books,clothing,logreg,uncertainty,4,100,transfer,0.8631978111649786,0.8632,2000,100,0,0,10.0,0.6989674005803038,budget_cv,0.367
1f7f2e0f41,main,books,clothing,logreg,uncertainty,4,100,target_only,0.6961075093920367,0.7028,0,100,0,0,1.0,0.6270960520960521,budget_cv,0.111
1f7f2e0f41,main,books,clothing,logreg,uncertainty,4,250,transfer,0.8847893821894626,0.8848,2000,250,0,0,10.0,0.7069038658453026,budget_cv,0.341
1f7f2e0f41,main,books,clothing,logreg,uncertainty,4,250,target_only,0.71924082719674,0.72,0,250,0,0,1.0,0.7244974320329325,budget_cv,0.119
1f7f2e0f41,main,books,clothing,logreg,uncertainty,4,500,transfer,0.9047843998760757,0.9048,2000,500,0,0,10.0,0.6386665483323659,budget_cv,0.385
1f7f2e0f41,main,books,clothing,logreg,uncertainty,4,500,target_only,0.7499615540885567,0.75,0,500,0,0,1.0,0.6458814109362829,budget_cv,0.124
1f7f2e0f41,main,books,clothing,logreg,uncertainty,4,1000,transfer,0.9211645682035334,0.9212,2000,1000,0,0,10.0,0.8059775834687337,budget_cv,0.418
1f7f2e0f41,main,books,clothing,logreg,uncertainty,4,1000,target_only,0.9015506020300746,0.9016,0,1000,0,0,10.0,0.7631492813814414,budget_cv,0.151
1f7f2e0f41,main,books,clothing,logreg,uncertainty,4,2000,transfer,0.9219649279172031,0.922,2000,2000,0,0,10.0,0.9028269347614927,budget_cv,0.474
1f7f2e0f41,main,books,clothing,logreg,uncertainty,4,2000,target_only,0.925580948722873,0.9256,0,2000,0,0,10.0,0.8972891917035147,budget_cv,0.207
1f7f2e0f41,main,books,clothing,logreg,self_training,0,0,uda_self_training,0.8572711527359035,0.8576,2000,0,0,1000,10.0,0.8998288631778024,source_val_fallback,0.201
1f7f2e0f41,main,books,clothing,logreg,self_training,0,50,transfer,0.8771701081175114,0.8772,2000,50,0,1000,10.0,0.8191993464052287,budget_cv,0.454
1f7f2e0f41,main,books,clothing,logreg,self_training,0,50,target_only,0.5829311212825214,0.6388,0,50,0,1000,0.1,0.7402011974380395,budget_cv,0.112
1f7f2e0f41,main,books,clothing,logreg,self_training,0,100,transfer,0.8839993318361514,0.884,2000,100,0,1000,10.0,0.8493430337358232,budget_cv,0.457
1f7f2e0f41,main,books,clothing,logreg,self_training,0,100,target_only,0.6454906409529211,0.68,0,100,0,1000,0.1,0.7591911764705882,budget_cv,0.114
1f7f2e0f41,main,books,clothing,logreg,self_training,0,250,transfer,0.8975983615737853,0.8976,2000,250,0,1000,10.0,0.8728497138683154,budget_cv,0.462
1f7f2e0f41,main,books,clothing,logreg,self_training,0,250,target_only,0.871444313921932,0.8716,0,250,0,1000,0.1,0.8390412761841333,budget_cv,0.131
1f7f2e0f41,main,books,clothing,logreg,self_training,0,500,transfer,0.9087941628264209,0.9088,2000,500,0,1000,10.0,0.8721771138627892,budget_cv,0.495
1f7f2e0f41,main,books,clothing,logreg,self_training,0,500,target_only,0.8955926330161856,0.8956,0,500,0,1000,10.0,0.8616142881348293,budget_cv,0.183
1f7f2e0f41,main,books,clothing,logreg,self_training,0,1000,transfer,0.9159762851467198,0.916,2000,1000,0,1000,10.0,0.8962969347520918,budget_cv,0.547
1f7f2e0f41,main,books,clothing,logreg,self_training,0,1000,target_only,0.9147885339451276,0.9148,0,1000,0,1000,10.0,0.9004583399465528,budget_cv,0.213
1f7f2e0f41,main,books,clothing,logreg,self_training,0,2000,transfer,0.9219700240044215,0.922,2000,2000,0,1000,10.0,0.8998183326093693,budget_cv,0.626
1f7f2e0f41,main,books,clothing,logreg,self_training,0,2000,target_only,0.9219829111368554,0.922,0,2000,0,1000,10.0,0.8997860981739856,budget_cv,0.284
1f7f2e0f41,main,books,clothing,logreg,self_training,1,0,uda_self_training,0.8572711527359035,0.8576,2000,0,0,1000,10.0,0.8998288631778024,source_val_fallback,0.204
1f7f2e0f41,main,books,clothing,logreg,self_training,1,50,transfer,0.8735919098822325,0.8736,2000,50,0,1000,10.0,0.8974551764025449,budget_cv,0.455
1f7f2e0f41,main,books,clothing,logreg,self_training,1,50,target_only,0.844551282051282,0.8448,0,50,0,1000,0.1,0.7020710770710771,budget_cv,0.114
1f7f2e0f41,main,books,clothing,logreg,self_training,1,100,transfer,0.8815999242239515,0.8816,2000,100,0,1000,10.0,0.9170522459996144,budget_cv,0.444
1f7f2e0f41,main,books,clothing,logreg,self_training,1,100,target_only,0.8510695130645667,0.8512,0,100,0,1000,0.1,0.8563546188470568,budget_cv,0.125
1f7f2e0f41,main,books,clothing,logreg,self_training,1,250,transfer,0.8927901195374166,0.8928,2000,250,0,1000,10.0,0.871816625065393,budget_cv,0.461
1f7f2e0f41,main,books,clothing,logreg,self_training,1,250,target_only,0.881507101567629,0.8816,0,250,0,1000,1.0,0.8235000468012977,budget_cv,0.144
1f7f2e0f41,main,books,clothing,logreg,self_training,1,500,transfer,0.9015959693709055,0.9016,2000,500,0,1000,10.0,0.8693782801817626,budget_cv,0.474
1f7f2e0f41,main,books,clothing,logreg,self_training,1,500,target_only,0.8951997317113132,0.8952,0,500,0,1000,10.0,0.8586116538862884,budget_cv,0.188
1f7f2e0f41,main,books,clothing,logreg,self_training,1,1000,transfer,0.9139552705078208,0.914,2000,1000,0,1000,10.0,0.880353398836967,budget_cv,0.542
1f7f2e0f41,main,books,clothing,logreg,self_training,1,1000,target_only,0.9119675477167903,0.912,0,1000,0,1000,10.0,0.8782901815748181,budget_cv,0.212
1f7f2e0f41,main,books,clothing,logreg,self_training,1,2000,transfer,0.9219700240044215,0.922,2000,2000,0,1000,10.0,0.9023190361474379,budget_cv,0.628
1f7f2e0f41,main,books,clothing,logreg,self_training,1,2000,target_only,0.9219829111368554,0.922,0,2000,0,1000,10.0,0.8982186416499732,budget_cv,0.283
1f7f2e0f41,main,books,clothing,logreg,self_training,2,0,uda_self_training,0.8572711527359035,0.8576,2000,0,0,1000,10.0,0.8998288631778024,source_val_fallback,0.203
1f7f2e0f41,main,books,clothing,logreg,self_training,2,50,transfer,0.8815999242239515,0.8816,2000,50,0,1000,10.0,0.8365773659891307,budget_cv,0.453
1f7f2e0f41,main,books,clothing,logreg,self_training,2,50,target_only,0.6295817128286152,0.672,0,50,0,1000,0.01,0.7250807163850643,budget_cv,0.113
1f7f2e0f41,main,books,clothing,logreg,self_training,2,100,transfer,0.8775654440709346,0.8776,2000,100,0,1000,10.0,0.8297311186898474,budget_cv,0.459
1f7f2e0f41,main,books,clothing,logreg,self_training,2,100,target_only,0.8727996743671664,0.8728,0,100,0,1000,10.0,0.7680352842891542,budget_cv,0.145
1f7f2e0f41,main,books,clothing,logreg,self_training,2,250,transfer,0.8887997153272712,0.8888,2000,250,0,1000,10.0,0.8715696922335546,budget_cv,0.458
1f7f2e0f41,main,books,clothing,logreg,self_training,2,250,target_only,0.8435466257737165,0.8452,0,250,0,1000,0.1,0.8714368110193181,budget_cv,0.136
1f7f2e0f41,main,books,clothing,logreg,self_training,2,500,transfer,0.9047897020541742,0.9048,2000,500,0,1000,10.0,0.8819661710261989,budget_cv,0.496
1f7f2e0f41,main,books,clothing,logreg,self_training,2,500,target_only,0.8851444098943889,0.8852,0,500,0,1000,1.0,0.8558967089906845,budget_cv,0.166
1f7f2e0f41,main,books,clothing,logreg,self_training,2,1000,transfer,0.9139745502309404,0.914,2000,1000,0,1000,10.0,0.897909438426923,budget_cv,0.547
1f7f2e0f41,main,books,clothing,logreg,self_training,2,1000,target_only,0.8951806126061076,0.8952,0,1000,0,1000,1.0,0.8878680818521865,budget_cv,0.188
1f7f2e0f41,main,books,clothing,logreg,self_training,2,2000,transfer,0.9219700240044215,0.922,2000,2000,0,1000,10.0,0.903377107864915,budget_cv,0.63
1f7f2e0f41,main,books,clothing,logreg,self_training,2,2000,target_only,0.9219829111368554,0.922,0,2000,0,1000,10.0,0.9033477653924576,budget_cv,0.276
1f7f2e0f41,main,books,clothing,logreg,self_training,3,0,uda_self_training,0.8572711527359035,0.8576,2000,0,0,1000,10.0,0.8998288631778024,source_val_fallback,0.2
1f7f2e0f41,main,books,clothing,logreg,self_training,3,50,transfer,0.8851918991404033,0.8852,2000,50,0,1000,10.0,0.8746438746438746,budget_cv,0.453
1f7f2e0f41,main,books,clothing,logreg,self_training,3,50,target_only,0.514169633805603,0.5976,0,50,0,1000,0.01,0.5903304425043555,budget_cv,0.115
1f7f2e0f41,main,books,clothing,logreg,self_training,3,100,transfer,0.8839037050891492,0.884,2000,100,0,1000,10.0,0.8889074165443334,budget_cv,0.457
1f7f2e0f41,main,books,clothing,logreg,self_training,3,100,target_only,0.786176606564956,0.7928,0,100,0,1000,1.0,0.7714770523594053,budget_cv,0.135
1f7f2e0f41,main,books,clothing,logreg,self_training,3,250,transfer,0.8926901146774298,0.8928,2000,250,0,1000,10.0,0.8996377586339183,budget_cv,0.451
1f7f2e0f41,main,books,clothing,logreg,self_training,3,250,target_only,0.8515150534763103,0.8524,0,250,0,1000,1.0,0.8508158839051289,budget_cv,0.143
1f7f2e0f41,main,books,clothing,logreg,self_training,3,500,transfer,0.904752208468121,0.9048,2000,500,0,1000,10.0,0.8898919864541704,budget_cv,0.489
1f7f2e0f41,main,books,clothing,logreg,self_training,3,500,target_only,0.8479463725812382,0.8492,0,500,0,1000,0.1,0.88176846055182,budget_cv,0.146
1f7f2e0f41,main,books,clothing,logreg,self_training,3,1000,transfer,0.9155794554162702,0.9156,2000,1000,0,1000,10.0,0.891757591913378,budget_cv,0.535
1f7f2e0f41,main,books,clothing,logreg,self_training,3,1000,target_only,0.9131809831625519,0.9132,0,1000,0,1000,10.0,0.8878493292894802,budget_cv,0.207
1f7f2e0f41,main,books,clothing,logreg,self_training,3,2000,transfer,0.9219700240044215,0.922,2000,2000,0,1000,10.0,0.9028478861221086,budget_cv,0.626
1f7f2e0f41,main,books,clothing,logreg,self_training,3,2000,target_only,0.9219829111368554,0.922,0,2000,0,1000,10.0,0.9033543859584388,budget_cv,0.282
1f7f2e0f41,main,books,clothing,logreg,self_training,4,0,uda_self_training,0.8572711527359035,0.8576,2000,0,0,1000,10.0,0.8998288631778024,source_val_fallback,0.202
1f7f2e0f41,main,books,clothing,logreg,self_training,4,50,transfer,0.8783824870781393,0.8784,2000,50,0,1000,10.0,0.7575396825396825,budget_cv,0.457
1f7f2e0f41,main,books,clothing,logreg,self_training,4,50,target_only,0.6898017233469299,0.7144,0,50,0,1000,0.01,0.7376392369813423,budget_cv,0.102
1f7f2e0f41,main,books,clothing,logreg,self_training,4,100,transfer,0.8835394591524458,0.8836,2000,100,0,1000,10.0,0.8653056086933418,budget_cv,0.46
1f7f2e0f41,main,books,clothing,logreg,self_training,4,100,target_only,0.7841940813475932,0.788,0,100,0,1000,0.1,0.8797824636534314,budget_cv,0.125
1f7f2e0f41,main,books,clothing,logreg,self_training,4,250,transfer,0.8883335182434213,0.8884,2000,250,0,1000,10.0,0.8960668216222712,budget_cv,0.465
1f7f2e0f41,main,books,clothing,logreg,self_training,4,250,target_only,0.8671693107975667,0.8672,0,250,0,1000,10.0,0.8599279562165004,budget_cv,0.162
1f7f2e0f41,main,books,clothing,logreg,self_training,4,500,transfer,0.9015772604102452,0.9016,2000,500,0,1000,10.0,0.9052827865152796,budget_cv,0.47
1f7f2e0f41,main,books,clothing,logreg,self_training,4,500,target_only,0.8795609777567932,0.8796,0,500,0,1000,1.0,0.8891980873687199,budget_cv,0.17
1f7f2e0f41,main,books,clothing,logreg,self_training,4,1000,transfer,0.9111854486239026,0.9112,2000,1000,0,1000,10.0,0.902595925228998,budget_cv,0.543
1f7f2e0f41,main,books,clothing,logreg,self_training,4,1000,target_only,0.9039861740090573,0.904,0,1000,0,1000,10.0,0.8963022634869379,budget_cv,0.214
1f7f2e0f41,main,books,clothing,logreg,self_training,4,2000,transfer,0.9219700240044215,0.922,2000,2000,0,1000,10.0,0.9048001183917661,budget_cv,0.621
1f7f2e0f41,main,books,clothing,logreg,self_training,4,2000,target_only,0.9219829111368554,0.922,0,2000,0,1000,10.0,0.9017538174132033,budget_cv,0.285
1f7f2e0f41,main,books,clothing,svm,random,0,0,source_only,0.84951900510931,0.8496,2000,0,0,0,1.0,0.8984701047895391,source_val_fallback,0.057
1f7f2e0f41,main,books,clothing,svm,random,0,50,transfer,0.8639957349062466,0.864,2000,50,0,0,10.0,0.8610294117647058,budget_cv,0.228
1f7f2e0f41,main,books,clothing,svm,random,0,50,target_only,0.7567841047364535,0.7596,0,50,0,0,0.01,0.7402011974380395,budget_cv,0.037
1f7f2e0f41,main,books,clothing,svm,random,0,100,transfer,0.8715748286664187,0.8716,2000,100,0,0,10.0,0.8493430337358232,budget_cv,0.242
1f7f2e0f41,main,books,clothing,svm,random,0,100,target_only,0.8462579177172376,0.8464,0,100,0,0,0.1,0.7580027012075693,budget_cv,0.038
1f7f2e0f41,main,books,clothing,svm,random,0,250,transfer,0.8891921814003196,0.8892,2000,250,0,0,1.0,0.8807358819985002,budget_cv,0.235
1f7f2e0f41,main,books,clothing,svm,random,0,250,target_only,0.8662630533666474,0.8664,0,250,0,0,1.0,0.8407345142531158,budget_cv,0.043
1f7f2e0f41,main,books,clothing,svm,random,0,500,transfer,0.9059987817442114,0.906,2000,500,0,0,1.0,0.8803628817527925,budget_cv,0.238
1f7f2e0f41,main,books,clothing,svm,random,0,500,target_only,0.8947971553150798,0.8948,0,500,0,0,10.0,0.869712254471942,budget_cv,0.058
1f7f2e0f41,main,books,clothing,svm,random,0,1000,transfer,0.9139867746064635,0.914,2000,1000,0,0,1.0,0.8963512094021239,budget_cv,0.27
1f7f2e0f41,main,books,clothing,svm,random,0,1000,target_only,0.916385430997497,0.9164,0,1000,0,0,1.0,0.9024269637884871,budget_cv,0.067
1f7f2e0f41,main,books,clothing,svm,random,0,2000,transfer,0.9227812080347872,0.9228,2000,2000,0,0,1.0,0.9003087646948581,budget_cv,0.373
1f7f2e0f41,main,books,clothing,svm,random,0,2000,target_only,0.9247807438704309,0.9248,0,2000,0,0,1.0,0.8997804331487047,budget_cv,0.139
1f7f2e0f41,main,books,clothing,svm,random,1,0,source_only,0.84951900510931,0.8496,2000,0,0,0,1.0,0.8984701047895391,source_val_fallback,0.058
1f7f2e0f41,main,books,clothing,svm,random,1,50,transfer,0.8619962683790969,0.862,2000,50,0,0,1.0,0.8925489714963399,budget_cv,0.193
1f7f2e0f41,main,books,clothing,svm,random,1,50,target_only,0.7683451348617407,0.7696,0,50,0,0,0.01,0.7040580334697982,budget_cv,0.039
1f7f2e0f41,main,books,clothing,svm,random,1,100,transfer,0.8463172818137634,0.8464,2000,100,0,0,0.1,0.9069139971516882,budget_cv,0.187
1f7f2e0f41,main,books,clothing,svm,random,1,100,target_only,0.8195416068079493,0.82,0,100,0,0,0.01,0.8674489501168267,budget_cv,0.039
1f7f2e0f41,main,books,clothing,svm,random,1,250,transfer,0.8755521921301287,0.8756,2000,250,0,0,10.0,0.8718215080784727,budget_cv,0.26
1f7f2e0f41,main,books,clothing,svm,random,1,250,target_only,0.8711986810744943,0.8712,0,250,0,0,0.01,0.8234812354996048,budget_cv,0.047
1f7f2e0f41,main,books,clothing,svm,random,1,500,transfer,0.896398657326599,0.8964,2000,500,0,0,1.0,0.8793824493657055,budget_cv,0.227
1f7f2e0f41,main,books,clothing,svm,random,1,500,target_only,0.8839286114531881,0.884,0,500,0,0,1.0,0.8586116538862884,budget_cv,0.054
1f7f2e0f41,main,books,clothing,svm,random,1,1000,transfer,0.9123443351465914,0.9124,2000,1000,0,0,10.0,0.8854950082986734,budget_cv,0.314
1f7f2e0f41,main,books,clothing,svm,random,1,1000,target_only,0.9099780922685345,0.91,0,1000,0,0,10.0,0.880257706912602,budget_cv,0.09
1f7f2e0f41,main,books,clothing,svm,random,1,2000,transfer,0.9227812080347872,0.9228,2000,2000,0,0,1.0,0.8997797020780892,budget_cv,0.362
1f7f2e0f41,main,books,clothing,svm,random,1,2000,target_only,0.9247807438704309,0.9248,0,2000,0,0,1.0,0.8962271704573572,budget_cv,0.141
1f7f2e0f41,main,books,clothing,svm,random,2,0,source_only,0.84951900510931,0.8496,2000,0,0,0,1.0,0.8984701047895391,source_val_fallback,0.056
1f7f2e0f41,main,books,clothing,svm,random,2,50,transfer,0.8603837151565359,0.8604,2000,50,0,0,1.0,0.8365773659891307,budget_cv,0.188
1f7f2e0f41,main,books,clothing,svm,random,2,50,target_only,0.6894262045604657,0.712,0,50,0,0,0.01,0.703868595172943,budget_cv,0.038
1f7f2e0f41,main,books,clothing,svm,random,2,100,transfer,0.8707716938318169,0.8708,2000,100,0,0,1.0,0.8399064009239531,budget_cv,0.197
1f7f2e0f41,main,books,clothing,svm,random,2,100,target_only,0.8211917319056834,0.8212,0,100,0,0,10.0,0.7888153747053342,budget_cv,0.04
1f7f2e0f41,main,books,clothing,svm,random,2,250,transfer,0.8851990999609437,0.8852,2000,250,0,0,1.0,0.8916373407861841,budget_cv,0.219
1f7f2e0f41,main,books,clothing,svm,random,2,250,target_only,0.8715422659560113,0.8716,0,250,0,0,0.01,0.8714368110193181,budget_cv,0.042
1f7f2e0f41,main,books,clothing,svm,random,2,500,transfer,0.8999792596992913,0.9,2000,500,0,0,10.0,0.8839841711463641,budget_cv,0.259
1f7f2e0f41,main,books,clothing,svm,random,2,500,target_only,0.8931790630963669,0.8932,0,500,0,0,0.1,0.8558967089906845,budget_cv,0.048
1f7f2e0f41,main,books,clothing,svm,random,2,1000,transfer,0.9103747041565011,0.9104,2000,1000,0,0,10.0,0.9069123998251832,budget_cv,0.325
1f7f2e0f41,main,books,clothing,svm,random,2,1000,target_only,0.9079809189233479,0.908,0,1000,0,0,0.1,0.8878680818521865,budget_cv,0.07
1f7f2e0f41,main,books,clothing,svm,random,2,2000,transfer,0.9211827358664642,0.9212,2000,2000,0,0,10.0,0.9018573079575206,budget_cv,0.375
1f7f2e0f41,main,books,clothing,svm,random,2,2000,target_only,0.9247807438704309,0.9248,0,2000,0,0,1.0,0.905351293606262,budget_cv,0.134
1f7f2e0f41,main,books,clothing,svm,random,3,0,source_only,0.84951900510931,0.8496,2000,0,0,0,1.0,0.8984701047895391,source_val_fallback,0.057
1f7f2e0f41,main,books,clothing,svm,random,3,50,transfer,0.8675796390452996,0.8676,2000,50,0,0,1.0,0.8957408604467428,budget_cv,0.19
1f7f2e0f41,main,books,clothing,svm,random,3,50,target_only,0.5756867301104649,0.6308,0,50,0,0,0.01,0.4134615384615385,budget_cv,0.038
1f7f2e0f41,main,books,clothing,svm,random,3,100,transfer,0.8698423739084982,0.87,2000,100,0,0,1.0,0.9095240605202655,budget_cv,0.186
1f7f2e0f41,main,books,clothing,svm,random,3,100,target_only,0.7930995536792254,0.796,0,100,0,0,0.1,0.7714770523594053,budget_cv,0.038
1f7f2e0f41,main,books,clothing,svm,random,3,250,transfer,0.8822039119199384,0.8824,2000,250,0,0,1.0,0.9077976685114538,budget_cv,0.197
1f7f2e0f41,main,books,clothing,svm,random,3,250,target_only,0.866597575997593,0.8672,0,250,0,0,10.0,0.8550446342580678,budget_cv,0.044
1f7f2e0f41,main,books,clothing,svm,random,3,500,transfer,0.90274944527163,0.9028,2000,500,0,0,1.0,0.8998378568996078,budget_cv,0.229
1f7f2e0f41,main,books,clothing,svm,random,3,500,target_only,0.893819765422619,0.894,0,500,0,0,0.01,0.88176846055182,budget_cv,0.053
1f7f2e0f41,main,books,clothing,svm,random,3,1000,transfer,0.9111585501331501,0.9112,2000,1000,0,0,10.0,0.8948684170807427,budget_cv,0.293
1f7f2e0f41,main,books,clothing,svm,random,3,1000,target_only,0.9151843124904382,0.9152,0,1000,0,0,1.0,0.8878183171936346,budget_cv,0.08
1f7f2e0f41,main,books,clothing,svm,random,3,2000,transfer,0.9227812080347872,0.9228,2000,2000,0,0,1.0,0.9048491361441355,budget_cv,0.391
1f7f2e0f41,main,books,clothing,svm,random,3,2000,target_only,0.9247807438704309,0.9248,0,2000,0,0,1.0,0.9048616736666567,budget_cv,0.133
1f7f2e0f41,main,books,clothing,svm,random,4,0,source_only,0.84951900510931,0.8496,2000,0,0,0,1.0,0.8984701047895391,source_val_fallback,0.059
1f7f2e0f41,main,books,clothing,svm,random,4,50,transfer,0.8582474969871586,0.8584,2000,50,0,0,10.0,0.8008092125739185,budget_cv,0.2
1f7f2e0f41,main,books,clothing,svm,random,4,50,target_only,0.7202096077040698,0.7296,0,50,0,0,0.01,0.7143331084120558,budget_cv,0.038
1f7f2e0f41,main,books,clothing,svm,random,4,100,transfer,0.8714963540993623,0.8716,2000,100,0,0,1.0,0.9081928028164588,budget_cv,0.212
1f7f2e0f41,main,books,clothing,svm,random,4,100,target_only,0.8023919059724687,0.8024,0,100,0,0,10.0,0.8800261184630255,budget_cv,0.039
1f7f2e0f41,main,books,clothing,svm,random,4,250,transfer,0.8842958662796516,0.8844,2000,250,0,0,1.0,0.892046092946826,budget_cv,0.229
1f7f2e0f41,main,books,clothing,svm,random,4,250,target_only,0.85197868493063,0.852,0,250,0,0,0.1,0.8638753475679172,budget_cv,0.045
1f7f2e0f41,main,books,clothing,svm,random,4,500,transfer,0.8991687665171163,0.8992,2000,500,0,0,10.0,0.9135262379388753,budget_cv,0.295
1f7f2e0f41,main,books,clothing,svm,random,4,500,target_only,0.886397382595695,0.8864,0,500,0,0,0.1,0.8891468041252919,budget_cv,0.055
1f7f2e0f41,main,books,clothing,svm,random,4,1000,transfer,0.905997458171269,0.906,2000,1000,0,0,0.1,0.9014220170275871,budget_cv,0.262
1f7f2e0f41,main,books,clothing,svm,random,4,1000,target_only,0.9039969893455859,0.904,0,1000,0,0,1.0,0.8983146067946394,budget_cv,0.072
1f7f2e0f41,main,books,clothing,svm,random,4,2000,transfer,0.9227812080347872,0.9228,2000,2000,0,0,1.0,0.9043182335349672,budget_cv,0.358
1f7f2e0f41,main,books,clothing,svm,random,4,2000,target_only,0.9247807438704309,0.9248,0,2000,0,0,1.0,0.9037611544566498,budget_cv,0.127
1f7f2e0f41,main,books,clothing,svm,uncertainty,0,0,source_only,0.84951900510931,0.8496,2000,0,0,0,1.0,0.8984701047895391,source_val_fallback,0.06
1f7f2e0f41,main,books,clothing,svm,uncertainty,0,50,transfer,0.8554556638076518,0.8556,2000,50,0,0,10.0,0.6932261208576999,budget_cv,0.251
1f7f2e0f41,main,books,clothing,svm,uncertainty,0,50,target_only,0.5912096771126855,0.6388,0,50,0,0,0.01,0.45859937164285,budget_cv,0.039
1f7f2e0f41,main,books,clothing,svm,uncertainty,0,100,transfer,0.8682996759611601,0.8684,2000,100,0,0,1.0,0.7292265999583073,budget_cv,0.23
1f7f2e0f41,main,books,clothing,svm,uncertainty,0,100,target_only,0.6606837325612003,0.6832,0,100,0,0,0.1,0.6350733383463799,budget_cv,0.04
1f7f2e0f41,main,books,clothing,svm,uncertainty,0,250,transfer,0.8830551005918372,0.8832,2000,250,0,0,10.0,0.6111070002872506,budget_cv,0.258
1f7f2e0f41,main,books,clothing,svm,uncertainty,0,250,target_only,0.7405082794077101,0.744,0,250,0,0,1.0,0.6310618771868245,budget_cv,0.043
1f7f2e0f41,main,books,clothing,svm,uncertainty,0,500,transfer,0.9035811018959716,0.9036,2000,500,0,0,10.0,0.6452621549244405,budget_cv,0.249
1f7f2e0f41,main,books,clothing,svm,uncertainty,0,500,target_only,0.7875736518221532,0.788,0,500,0,0,0.01,0.62145035988994,budget_cv,0.048
1f7f2e0f41,main,books,clothing,svm,uncertainty,0,1000,transfer,0.9163796501516609,0.9164,2000,1000,0,0,10.0,0.8096721343619245,budget_cv,0.335
1f7f2e0f41,main,books,clothing,svm,uncertainty,0,1000,target_only,0.908750886076922,0.9088,0,1000,0,0,10.0,0.754567269895639,budget_cv,0.099
1f7f2e0f41,main,books,clothing,svm,uncertainty,0,2000,transfer,0.9227812080347872,0.9228,2000,2000,0,0,1.0,0.9058543373105507,budget_cv,0.38
1f7f2e0f41,main,books,clothing,svm,uncertainty,0,2000,target_only,0.9247807438704309,0.9248,0,2000,0,0,1.0,0.908793771211037,budget_cv,0.128
1f7f2e0f41,main,books,clothing,svm,uncertainty,1,0,source_only,0.84951900510931,0.8496,2000,0,0,0,1.0,0.8984701047895391,source_val_fallback,0.056
1f7f2e0f41,main,books,clothing,svm,uncertainty,1,50,transfer,0.8606500817839865,0.8608,2000,50,0,0,1.0,0.6839739970174753,budget_cv,0.205
1f7f2e0f41,main,books,clothing,svm,uncertainty,1,50,target_only,0.6059457162077342,0.6416,0,50,0,0,0.01,0.39241386632690983,budget_cv,0.038
1f7f2e0f41,main,books,clothing,svm,uncertainty,1,100,transfer,0.8763729207245555,0.8764,2000,100,0,0,10.0,0.6391635926384504,budget_cv,0.228
1f7f2e0f41,main,books,clothing,svm,uncertainty,1,100,target_only,0.7451999592319936,0.7452,0,100,0,0,10.0,0.5957502761905314,budget_cv,0.04
1f7f2e0f41,main,books,clothing,svm,uncertainty,1,250,transfer,0.8907215118186487,0.8908,2000,250,0,0,10.0,0.5862760362369693,budget_cv,0.251
1f7f2e0f41,main,books,clothing,svm,uncertainty,1,250,target_only,0.7459247702169391,0.7476,0,250,0,0,0.1,0.6280367534678368,budget_cv,0.043
1f7f2e0f41,main,books,clothing,svm,uncertainty,1,500,transfer,0.9007936507936508,0.9008,2000,500,0,0,10.0,0.6361433179954994,budget_cv,0.28
1f7f2e0f41,main,books,clothing,svm,uncertainty,1,500,target_only,0.8167882744495647,0.8168,0,500,0,0,10.0,0.6046888205909113,budget_cv,0.052
1f7f2e0f41,main,books,clothing,svm,uncertainty,1,1000,transfer,0.9179800396224425,0.918,2000,1000,0,0,10.0,0.7901803345183381,budget_cv,0.327
1f7f2e0f41,main,books,clothing,svm,uncertainty,1,1000,target_only,0.9103612186776486,0.9104,0,1000,0,0,10.0,0.728277140103169,budget_cv,0.094
1f7f2e0f41,main,books,clothing,svm,uncertainty,1,2000,transfer,0.9211827358664642,0.9212,2000,2000,0,0,10.0,0.9027931288639411,budget_cv,0.416
1f7f2e0f41,main,books,clothing,svm,uncertainty,1,2000,target_only,0.9247807438704309,0.9248,0,2000,0,0,1.0,0.8967354638912992,budget_cv,0.131
1f7f2e0f41,main,books,clothing,svm,uncertainty,2,0,source_only,0.84951900510931,0.8496,2000,0,0,0,1.0,0.8984701047895391,source_val_fallback,0.062
1f7f2e0f41,main,books,clothing,svm,uncertainty,2,50,transfer,0.8605944381346959,0.8608,2000,50,0,0,1.0,0.6856437389770723,budget_cv,0.215
1f7f2e0f41,main,books,clothing,svm,uncertainty,2,50,target_only,0.6108972269452936,0.6396,0,50,0,0,0.01,0.4263653013653013,budget_cv,0.039
1f7f2e0f41,main,books,clothing,svm,uncertainty,2,100,transfer,0.8811995247980992,0.8812,2000,100,0,0,10.0,0.6151479982959405,budget_cv,0.239
1f7f2e0f41,main,books,clothing,svm,uncertainty,2,100,target_only,0.7167438321473106,0.7188,0,100,0,0,10.0,0.6303723418868059,budget_cv,0.039
1f7f2e0f41,main,books,clothing,svm,uncertainty,2,250,transfer,0.8883999821439972,0.8884,2000,250,0,0,10.0,0.5877862839518707,budget_cv,0.266
1f7f2e0f41,main,books,clothing,svm,uncertainty,2,250,target_only,0.7127336299778702,0.7128,0,250,0,0,0.01,0.6425620433334528,budget_cv,0.042
1f7f2e0f41,main,books,clothing,svm,uncertainty,2,500,transfer,0.9043919077310704,0.9044,2000,500,0,0,1.0,0.6379394414619911,budget_cv,0.253
1f7f2e0f41,main,books,clothing,svm,uncertainty,2,500,target_only,0.7823727008315923,0.7824,0,500,0,0,0.1,0.6113041651558628,budget_cv,0.049
1f7f2e0f41,main,books,clothing,svm,uncertainty,2,1000,transfer,0.9175864973717294,0.9176,2000,1000,0,0,10.0,0.7981784118107408,budget_cv,0.397
1f7f2e0f41,main,books,clothing,svm,uncertainty,2,1000,target_only,0.9083523578897255,0.9084,0,1000,0,0,10.0,0.7472725508220172,budget_cv,0.102
1f7f2e0f41,main,books,clothing,svm,uncertainty,2,2000,transfer,0.9227812080347872,0.9228,2000,2000,0,0,1.0,0.9088446069009487,budget_cv,0.365
1f7f2e0f41,main,books,clothing,svm,uncertainty,2,2000,target_only,0.9247807438704309,0.9248,0,2000,0,0,1.0,0.9072435988465716,budget_cv,0.131
1f7f2e0f41,main,books,clothing,svm,uncertainty,3,0,source_only,0.84951900510931,0.8496,2000,0,0,0,1.0,0.8984701047895391,source_val_fallback,0.058
1f7f2e0f41,main,books,clothing,svm,uncertainty,3,50,transfer,0.8635863586358636,0.8636,2000,50,0,0,10.0,0.7532707302444145,budget_cv,0.224
1f7f2e0f41,main,books,clothing,svm,uncertainty,3,50,target_only,0.6395856898884379,0.6672,0,50,0,0,0.1,0.5929320679320679,budget_cv,0.038
1f7f2e0f41,main,books,clothing,svm,uncertainty,3,100,transfer,0.874798377386971,0.8748,2000,100,0,0,1.0,0.7071997875484594,budget_cv,0.216
1f7f2e0f41,main,books,clothing,svm,uncertainty,3,100,target_only,0.7410714285714286,0.7448,0,100,0,0,0.1,0.568554131054131,budget_cv,0.038
1f7f2e0f41,main,books,clothing,svm,uncertainty,3,250,transfer,0.8919457827159356,0.892,2000,250,0,0,10.0,0.615317040997699,budget_cv,0.239
1f7f2e0f41,main,books,clothing,svm,uncertainty,3,250,target_only,0.7677872174308493,0.7692,0,250,0,0,0.1,0.6311790803710745,budget_cv,0.042
1f7f2e0f41,main,books,clothing,svm,uncertainty,3,500,transfer,0.9011759501792356,0.9012,2000,500,0,0,10.0,0.6178811476796572,budget_cv,0.246
1f7f2e0f41,main,books,clothing,svm,uncertainty,3,500,target_only,0.8086323313033947,0.8088,0,500,0,0,1.0,0.6135446117938382,budget_cv,0.049
1f7f2e0f41,main,books,clothing,svm,uncertainty,3,1000,transfer,0.9179839248492705,0.918,2000,1000,0,0,10.0,0.7986162630250889,budget_cv,0.38
1f7f2e0f41,main,books,clothing,svm,uncertainty,3,1000,target_only,0.9099625300064875,0.91,0,1000,0,0,10.0,0.7467379866800141,budget_cv,0.091
1f7f2e0f41,main,books,clothing,svm,uncertainty,3,2000,transfer,0.9227812080347872,0.9228,2000,2000,0,0,1.0,0.8958226296925688,budget_cv,0.356
1f7f2e0f41,main,books,clothing,svm,uncertainty,3,2000,target_only,0.9175881326911075,0.9176,0,2000,0,0,0.1,0.8937876930660803,budget_cv,0.121
1f7f2e0f41,main,books,clothing,svm,uncertainty,4,0,source_only,0.84951900510931,0.8496,2000,0,0,0,1.0,0.8984701047895391,source_val_fallback,0.062
1f7f2e0f41,main,books,clothing,svm,uncertainty,4,50,transfer,0.8575967190284064,0.8576,2000,50,0,0,10.0,0.6985525654256305,budget_cv,0.262
1f7f2e0f41,main,books,clothing,svm,uncertainty,4,50,target_only,0.675048414180166,0.6756,0,50,0,0,0.01,0.6992491441020853,budget_cv,0.039
1f7f2e0f41,main,books,clothing,svm,uncertainty,4,100,transfer,0.8435638811303705,0.844,2000,100,0,0,0.1,0.6048051771487614,budget_cv,0.233
1f7f2e0f41,main,books,clothing,svm,uncertainty,4,100,target_only,0.7228817207627326,0.7248,0,100,0,0,0.01,0.5738716549061377,budget_cv,0.039
1f7f2e0f41,main,books,clothing,svm,uncertainty,4,250,transfer,0.8847609846789729,0.8848,2000,250,0,0,10.0,0.6148458695659688,budget_cv,0.252
1f7f2e0f41,main,books,clothing,svm,uncertainty,4,250,target_only,0.7415224231736364,0.7456,0,250,0,0,0.01,0.59216482027162,budget_cv,0.044
1f7f2e0f41,main,books,clothing,svm,uncertainty,4,500,transfer,0.9023724455990458,0.9024,2000,500,0,0,1.0,0.6264459584841869,budget_cv,0.257
1f7f2e0f41,main,books,clothing,svm,uncertainty,4,500,target_only,0.8155678645447183,0.8156,0,500,0,0,10.0,0.5973459331932164,budget_cv,0.053
1f7f2e0f41,main,books,clothing,svm,uncertainty,4,1000,transfer,0.919983407759433,0.92,2000,1000,0,0,1.0,0.7919193190381014,budget_cv,0.304
1f7f2e0f41,main,books,clothing,svm,uncertainty,4,1000,target_only,0.9111672526960339,0.9112,0,1000,0,0,10.0,0.7500726644300056,budget_cv,0.088
1f7f2e0f41,main,books,clothing,svm,uncertainty,4,2000,transfer,0.9227812080347872,0.9228,2000,2000,0,0,1.0,0.8998189799238053,budget_cv,0.358
1f7f2e0f41,main,books,clothing,svm,uncertainty,4,2000,target_only,0.9247807438704309,0.9248,0,2000,0,0,1.0,0.9022678001584667,budget_cv,0.128
1f7f2e0f41,main,books,clothing,svm,self_training,0,0,uda_self_training,0.8610468402692184,0.8612,2000,0,0,1000,1.0,0.8984701047895391,source_val_fallback,0.095
1f7f2e0f41,main,books,clothing,svm,self_training,0,50,transfer,0.8723989996081569,0.8724,2000,50,0,1000,10.0,0.8610294117647058,budget_cv,0.296
1f7f2e0f41,main,books,clothing,svm,self_training,0,50,target_only,0.5915320650082685,0.644,0,50,0,1000,0.01,0.7402011974380395,budget_cv,0.045
1f7f2e0f41,main,books,clothing,svm,self_training,0,100,transfer,0.8795930452942962,0.8796,2000,100,0,1000,10.0,0.8493430337358232,budget_cv,0.325
1f7f2e0f41,main,books,clothing,svm,self_training,0,100,target_only,0.8270409051108151,0.83,0,100,0,1000,0.1,0.7580027012075693,budget_cv,0.048
1f7f2e0f41,main,books,clothing,svm,self_training,0,250,transfer,0.895595172320768,0.8956,2000,250,0,1000,1.0,0.8807358819985002,budget_cv,0.283
1f7f2e0f41,main,books,clothing,svm,self_training,0,250,target_only,0.8750589465482952,0.8752,0,250,0,1000,1.0,0.8407345142531158,budget_cv,0.058
1f7f2e0f41,main,books,clothing,svm,self_training,0,500,transfer,0.9071990497182691,0.9072,2000,500,0,1000,1.0,0.8803628817527925,budget_cv,0.305
1f7f2e0f41,main,books,clothing,svm,self_training,0,500,target_only,0.8971991940416812,0.8972,0,500,0,1000,10.0,0.869712254471942,budget_cv,0.08
1f7f2e0f41,main,books,clothing,svm,self_training,0,1000,transfer,0.9143892609888984,0.9144,2000,1000,0,1000,1.0,0.8963512094021239,budget_cv,0.3
1f7f2e0f41,main,books,clothing,svm,self_training,0,1000,target_only,0.9163902477584985,0.9164,0,1000,0,1000,1.0,0.9024269637884871,budget_cv,0.094
1f7f2e0f41,main,books,clothing,svm,self_training,0,2000,transfer,0.9231840714490557,0.9232,2000,2000,0,1000,1.0,0.9003087646948581,budget_cv,0.427
1f7f2e0f41,main,books,clothing,svm,self_training,0,2000,target_only,0.9251836122184203,0.9252,0,2000,0,1000,1.0,0.8997804331487047,budget_cv,0.172
1f7f2e0f41,main,books,clothing,svm,self_training,1,0,uda_self_training,0.8610468402692184,0.8612,2000,0,0,1000,1.0,0.8984701047895391,source_val_fallback,0.098
1f7f2e0f41,main,books,clothing,svm,self_training,1,50,transfer,0.8731998174077371,0.8732,2000,50,0,1000,1.0,0.8925489714963399,budget_cv,0.227
1f7f2e0f41,main,books,clothing,svm,self_training,1,50,target_only,0.854729689169558,0.8548,0,50,0,1000,0.01,0.7040580334697982,budget_cv,0.045
1f7f2e0f41,main,books,clothing,svm,self_training,1,100,transfer,0.869849546075263,0.87,2000,100,0,1000,0.1,0.9069139971516882,budget_cv,0.211
1f7f2e0f41,main,books,clothing,svm,self_training,1,100,target_only,0.8443117616846431,0.8448,0,100,0,1000,0.01,0.8674489501168267,budget_cv,0.045
1f7f2e0f41,main,books,clothing,svm,self_training,1,250,transfer,0.8795574307783343,0.8796,2000,250,0,1000,10.0,0.8718215080784727,budget_cv,0.328
1f7f2e0f41,main,books,clothing,svm,self_training,1,250,target_only,0.8312016043638281,0.8336,0,250,0,1000,0.01,0.8234812354996048,budget_cv,0.054
1f7f2e0f41,main,books,clothing,svm,self_training,1,500,transfer,0.8991983871741948,0.8992,2000,500,0,1000,1.0,0.8793824493657055,budget_cv,0.265
1f7f2e0f41,main,books,clothing,svm,self_training,1,500,target_only,0.8875667377436941,0.8876,0,500,0,1000,1.0,0.8586116538862884,budget_cv,0.072
1f7f2e0f41,main,books,clothing,svm,self_training,1,1000,transfer,0.912749743852459,0.9128,2000,1000,0,1000,10.0,0.8854950082986734,budget_cv,0.441
1f7f2e0f41,main,books,clothing,svm,self_training,1,1000,target_only,0.9107760023135822,0.9108,0,1000,0,1000,10.0,0.880257706912602,budget_cv,0.132
1f7f2e0f41,main,books,clothing,svm,self_training,1,2000,transfer,0.9231840714490557,0.9232,2000,2000,0,1000,1.0,0.8997797020780892,budget_cv,0.414
1f7f2e0f41,main,books,clothing,svm,self_training,1,2000,target_only,0.9251836122184203,0.9252,0,2000,0,1000,1.0,0.8962271704573572,budget_cv,0.162
1f7f2e0f41,main,books,clothing,svm,self_training,2,0,uda_self_training,0.8610468402692184,0.8612,2000,0,0,1000,1.0,0.8984701047895391,source_val_fallback,0.098
1f7f2e0f41,main,books,clothing,svm,self_training,2,50,transfer,0.8759987302269976,0.876,2000,50,0,1000,1.0,0.8365773659891307,budget_cv,0.23
1f7f2e0f41,main,books,clothing,svm,self_training,2,50,target_only,0.5049625912007467,0.5948,0,50,0,1000,0.01,0.703868595172943,budget_cv,0.047
1f7f2e0f41,main,books,clothing,svm,self_training,2,100,transfer,0.8783747797943382,0.8784,2000,100,0,1000,1.0,0.8399064009239531,budget_cv,0.235
1f7f2e0f41,main,books,clothing,svm,self_training,2,100,target_only,0.8687629596577338,0.8688,0,100,0,1000,10.0,0.7888153747053342,budget_cv,0.055
1f7f2e0f41,main,books,clothing,svm,self_training,2,250,transfer,0.8879993548762841,0.888,2000,250,0,1000,1.0,0.8916373407861841,budget_cv,0.262
1f7f2e0f41,main,books,clothing,svm,self_training,2,250,target_only,0.8341529448841172,0.8364,0,250,0,1000,0.01,0.8714368110193181,budget_cv,0.052
1f7f2e0f41,main,books,clothing,svm,self_training,2,500,transfer,0.8995803177422774,0.8996,2000,500,0,1000,10.0,0.8839841711463641,budget_cv,0.358
1f7f2e0f41,main,books,clothing,svm,self_training,2,500,target_only,0.8875494602294055,0.8876,0,500,0,1000,0.1,0.8558967089906845,budget_cv,0.06
1f7f2e0f41,main,books,clothing,svm,self_training,2,1000,transfer,0.9107760023135822,0.9108,2000,1000,0,1000,10.0,0.9069123998251832,budget_cv,0.504
1f7f2e0f41,main,books,clothing,svm,self_training,2,1000,target_only,0.8991921934434604,0.8992,0,1000,0,1000,0.1,0.8878680818521865,budget_cv,0.08
1f7f2e0f41,main,books,clothing,svm,self_training,2,2000,transfer,0.9215837396042443,0.9216,2000,2000,0,1000,10.0,0.9018573079575206,budget_cv,0.575
1f7f2e0f41,main,books,clothing,svm,self_training,2,2000,target_only,0.9251836122184203,0.9252,0,2000,0,1000,1.0,0.905351293606262,budget_cv,0.162
1f7f2e0f41,main,books,clothing,svm,self_training,3,0,uda_self_training,0.8610468402692184,0.8612,2000,0,0,1000,1.0,0.8984701047895391,source_val_fallback,0.101
1f7f2e0f41,main,books,clothing,svm,self_training,3,50,transfer,0.8819900116345848,0.882,2000,50,0,1000,1.0,0.8957408604467428,budget_cv,0.232
1f7f2e0f41,main,books,clothing,svm,self_training,3,50,target_only,0.43626589038241115,0.5568,0,50,0,1000,0.01,0.4134615384615385,budget_cv,0.049
1f7f2e0f41,main,books,clothing,svm,self_training,3,100,transfer,0.8770893804423983,0.8772,2000,100,0,1000,1.0,0.9095240605202655,budget_cv,0.234
1f7f2e0f41,main,books,clothing,svm,self_training,3,100,target_only,0.78814787724173,0.7948,0,100,0,1000,0.1,0.7714770523594053,budget_cv,0.049
1f7f2e0f41,main,books,clothing,svm,self_training,3,250,transfer,0.8874508769138758,0.8876,2000,250,0,1000,1.0,0.9077976685114538,budget_cv,0.251
1f7f2e0f41,main,books,clothing,svm,self_training,3,250,target_only,0.8728811377492174,0.8736,0,250,0,1000,10.0,0.8550446342580678,budget_cv,0.066
1f7f2e0f41,main,books,clothing,svm,self_training,3,500,transfer,0.9043570142164694,0.9044,2000,500,0,1000,1.0,0.8998378568996078,budget_cv,0.297
1f7f2e0f41,main,books,clothing,svm,self_training,3,500,target_only,0.8420074094080183,0.8436,0,500,0,1000,0.01,0.88176846055182,budget_cv,0.065
1f7f2e0f41,main,books,clothing,svm,self_training,3,1000,transfer,0.9111585501331501,0.9112,2000,1000,0,1000,10.0,0.8948684170807427,budget_cv,0.425
1f7f2e0f41,main,books,clothing,svm,self_training,3,1000,target_only,0.9139884262826405,0.914,0,1000,0,1000,1.0,0.8878183171936346,budget_cv,0.101
1f7f2e0f41,main,books,clothing,svm,self_training,3,2000,transfer,0.9231840714490557,0.9232,2000,2000,0,1000,1.0,0.9048491361441355,budget_cv,0.513
1f7f2e0f41,main,books,clothing,svm,self_training,3,2000,target_only,0.9251836122184203,0.9252,0,2000,0,1000,1.0,0.9048616736666567,budget_cv,0.172
1f7f2e0f41,main,books,clothing,svm,self_training,4,0,uda_self_training,0.8610468402692184,0.8612,2000,0,0,1000,1.0,0.8984701047895391,source_val_fallback,0.101
1f7f2e0f41,main,books,clothing,svm,self_training,4,50,transfer,0.8626486057992562,0.8628,2000,50,0,1000,10.0,0.8008092125739185,budget_cv,0.253
1f7f2e0f41,main,books,clothing,svm,self_training,4,50,target_only,0.6914811836500128,0.7156,0,50,0,1000,0.01,0.7143331084120558,budget_cv,0.047
1f7f2e0f41,main,books,clothing,svm,self_training,4,100,transfer,0.8811382108875478,0.8812,2000,100,0,1000,1.0,0.9081928028164588,budget_cv,0.251
1f7f2e0f41,main,books,clothing,svm,self_training,4,100,target_only,0.8451928417170009,0.8452,0,100,0,1000,10.0,0.8800261184630255,budget_cv,0.056
1f7f2e0f41,main,books,clothing,svm,self_training,4,250,transfer,0.8891155326481501,0.8892,2000,250,0,1000,1.0,0.892046092946826,budget_cv,0.265
1f7f2e0f41,main,books,clothing,svm,self_training,4,250,target_only,0.8554962115990189,0.8556,0,250,0,1000,0.1,0.8638753475679172,budget_cv,0.055
1f7f2e0f41,main,books,clothing,svm,self_training,4,500,transfer,0.8991687665171163,0.8992,2000,500,0,1000,10.0,0.9135262379388753,budget_cv,0.359
1f7f2e0f41,main,books,clothing,svm,self_training,4,500,target_only,0.8783800737912899,0.8784,0,500,0,1000,0.1,0.8891468041252919,budget_cv,0.068
1f7f2e0f41,main,books,clothing,svm,self_training,4,1000,transfer,0.9011973283757593,0.9012,2000,1000,0,1000,0.1,0.9014220170275871,budget_cv,0.3
1f7f2e0f41,main,books,clothing,svm,self_training,4,1000,target_only,0.905197436538684,0.9052,0,1000,0,1000,1.0,0.8983146067946394,budget_cv,0.091
1f7f2e0f41,main,books,clothing,svm,self_training,4,2000,transfer,0.9231840714490557,0.9232,2000,2000,0,1000,1.0,0.9043182335349672,budget_cv,0.425
1f7f2e0f41,main,books,clothing,svm,self_training,4,2000,target_only,0.9251836122184203,0.9252,0,2000,0,1000,1.0,0.9037611544566498,budget_cv,0.172
1f7f2e0f41,main,music,books,logreg,random,0,0,source_only,0.7987228538122868,0.802,2000,0,0,0,10.0,0.873295265599798,source_val_fallback,0.089
1f7f2e0f41,main,music,books,logreg,random,0,50,transfer,0.816925048872525,0.8188,2000,50,0,0,10.0,0.8345076492135316,budget_cv,0.298
1f7f2e0f41,main,music,books,logreg,random,0,50,target_only,0.6520688961094976,0.6612,0,50,0,0,10.0,0.6714459169702135,budget_cv,0.092
1f7f2e0f41,main,music,books,logreg,random,0,100,transfer,0.8227251354436499,0.8244,2000,100,0,0,10.0,0.8525084643419379,budget_cv,0.303
1f7f2e0f41,main,music,books,logreg,random,0,100,target_only,0.6503565680774523,0.672,0,100,0,0,10.0,0.7072746094485224,budget_cv,0.112
1f7f2e0f41,main,music,books,logreg,random,0,250,transfer,0.8507840096935841,0.8512,2000,250,0,0,10.0,0.8525145873952419,budget_cv,0.314
1f7f2e0f41,main,music,books,logreg,random,0,250,target_only,0.7902711242868614,0.7916,0,250,0,0,10.0,0.7993643379472924,budget_cv,0.117
1f7f2e0f41,main,music,books,logreg,random,0,500,transfer,0.868672160227652,0.8688,2000,500,0,0,10.0,0.8809828179585789,budget_cv,0.33
1f7f2e0f41,main,music,books,logreg,random,0,500,target_only,0.843578951983779,0.8436,0,500,0,0,10.0,0.8587908531787188,budget_cv,0.145
1f7f2e0f41,main,music,books,logreg,random,0,1000,transfer,0.8851990999609437,0.8852,2000,1000,0,0,10.0,0.9076338185230796,budget_cv,0.382
1f7f2e0f41,main,music,books,logreg,random,0,1000,target_only,0.8735902108259264,0.8736,0,1000,0,0,10.0,0.8937979170951337,budget_cv,0.195
1f7f2e0f41,main,music,books,logreg,random,0,2000,transfer,0.8983739837398375,0.8984,2000,2000,0,0,10.0,0.9027141754655666,budget_cv,0.501
1f7f2e0f41,main,music,books,logreg,random,0,2000,target_only,0.8915512587977541,0.8916,0,2000,0,0,10.0,0.8992898976072047,budget_cv,0.26
1f7f2e0f41,main,music,books,logreg,random,1,0,source_only,0.7987228538122868,0.802,2000,0,0,0,10.0,0.873295265599798,source_val_fallback,0.088
1f7f2e0f41,main,music,books,logreg,random,1,50,transfer,0.780911503153482,0.786,2000,50,0,0,1.0,0.8151963776963776,budget_cv,0.286
1f7f2e0f41,main,music,books,logreg,random,1,50,target_only,0.6982571332013712,0.7,0,50,0,0,0.1,0.655537518037518,budget_cv,0.096
1f7f2e0f41,main,music,books,logreg,random,1,100,transfer,0.8431316773616003,0.844,2000,100,0,0,10.0,0.8312961891909261,budget_cv,0.307
1f7f2e0f41,main,music,books,logreg,random,1,100,target_only,0.7173942131562798,0.7256,0,100,0,0,10.0,0.7093857832988268,budget_cv,0.105
1f7f2e0f41,main,music,books,logreg,random,1,250,transfer,0.8679134357492526,0.868,2000,250,0,0,10.0,0.8667377660961075,budget_cv,0.312
1f7f2e0f41,main,music,books,logreg,random,1,250,target_only,0.8023271298731565,0.8024,0,250,0,0,1.0,0.790673493592081,budget_cv,0.115
1f7f2e0f41,main,music,books,logreg,random,1,500,transfer,0.8747663171486604,0.8748,2000,500,0,0,10.0,0.8672882672882674,budget_cv,0.334
1f7f2e0f41,main,music,books,logreg,random,1,500,target_only,0.8575967190284064,0.8576,0,500,0,0,10.0,0.8376685166932533,budget_cv,0.142
1f7f2e0f41,main,music,books,logreg,random,1,1000,transfer,0.8879993548762841,0.888,2000,1000,0,0,10.0,0.8828016712254388,budget_cv,0.378
1f7f2e0f41,main,music,books,logreg,random,1,1000,target_only,0.8659843684167321,0.866,0,1000,0,0,10.0,0.8710417409010137,budget_cv,0.185
1f7f2e0f41,main,music,books,logreg,random,1,2000,transfer,0.8983739837398375,0.8984,2000,2000,0,0,10.0,0.9052170778795091,budget_cv,0.493
1f7f2e0f41,main,music,books,logreg,random,1,2000,target_only,0.8915512587977541,0.8916,0,2000,0,0,10.0,0.8952111726791635,budget_cv,0.258
1f7f2e0f41,main,music,books,logreg,random,2,0,source_only,0.7987228538122868,0.802,2000,0,0,0,10.0,0.873295265599798,source_val_fallback,0.088
1f7f2e0f41,main,music,books,logreg,random,2,50,transfer,0.8231976330764774,0.8248,2000,50,0,0,10.0,0.8707376909894072,budget_cv,0.303
1f7f2e0f41,main,music,books,logreg,random,2,50,target_only,0.7428614123280325,0.7456,0,50,0,0,0.01,0.7305625174046226,budget_cv,0.093
1f7f2e0f41,main,music,books,logreg,random,2,100,transfer,0.8365748931376913,0.8376,2000,100,0,0,10.0,0.846833895008832,budget_cv,0.301
1f7f2e0f41,main,music,books,logreg,random,2,100,target_only,0.7835473240767874,0.7836,0,100,0,0,0.01,0.6698784263697926,budget_cv,0.104
1f7f2e0f41,main,music,books,logreg,random,2,250,transfer,0.8564468362486655,0.8568,2000,250,0,0,10.0,0.8664494137266837,budget_cv,0.316
1f7f2e0f41,main,music,books,logreg,random,2,250,target_only,0.8084703119326536,0.8096,0,250,0,0,0.1,0.783333233094084,budget_cv,0.111
1f7f2e0f41,main,music,books,logreg,random,2,500,transfer,0.8739806232606325,0.874,2000,500,0,0,10.0,0.8942264490499556,budget_cv,0.335
1f7f2e0f41,main,music,books,logreg,random,2,500,target_only,0.8599977599641595,0.86,0,500,0,0,0.1,0.852008200360971,budget_cv,0.13
1f7f2e0f41,main,music,books,logreg,random,2,1000,transfer,0.8847997050872449,0.8848,2000,1000,0,0,10.0,0.9000787848899822,budget_cv,0.377
1f7f2e0f41,main,music,books,logreg,random,2,1000,target_only,0.8711917562724014,0.8712,0,1000,0,0,10.0,0.8954945424738102,budget_cv,0.185
1f7f2e0f41,main,music,books,logreg,random,2,2000,transfer,0.8983739837398375,0.8984,2000,2000,0,0,10.0,0.9111938464328805,budget_cv,0.485
1f7f2e0f41,main,music,books,logreg,random,2,2000,target_only,0.8915512587977541,0.8916,0,2000,0,0,10.0,0.9013073057774926,budget_cv,0.258
1f7f2e0f41,main,music,books,logreg,random,3,0,source_only,0.7987228538122868,0.802,2000,0,0,0,10.0,0.873295265599798,source_val_fallback,0.093
1f7f2e0f41,main,music,books,logreg,random,3,50,transfer,0.8294915591469193,0.8308,2000,50,0,0,10.0,0.7390521758942811,budget_cv,0.326
1f7f2e0f41,main,music,books,logreg,random,3,50,target_only,0.6984283693912344,0.7028,0,50,0,0,0.01,0.5778134908569691,budget_cv,0.092
1f7f2e0f41,main,music,books,logreg,random,3,100,transfer,0.8357060388017237,0.8368,2000,100,0,0,10.0,0.7984481567814902,budget_cv,0.304
1f7f2e0f41,main,music,books,logreg,random,3,100,target_only,0.68484800001836,0.6924,0,100,0,0,0.1,0.6991582491582492,budget_cv,0.103
1f7f2e0f41,main,music,books,logreg,random,3,250,transfer,0.8524008920120004,0.8528,2000,250,0,0,10.0,0.8480314545330995,budget_cv,0.317
1f7f2e0f41,main,music,books,logreg,random,3,250,target_only,0.7850006161176375,0.7856,0,250,0,0,10.0,0.7684075527532629,budget_cv,0.122
1f7f2e0f41,main,music,books,logreg,random,3,500,transfer,0.8706836152537283,0.8708,2000,500,0,0,10.0,0.877912693782915,budget_cv,0.332
1f7f2e0f41,main,music,books,logreg,random,3,500,target_only,0.8273181556008455,0.8276,0,500,0,0,1.0,0.8270956852661074,budget_cv,0.137
1f7f2e0f41,main,music,books,logreg,random,3,1000,transfer,0.8815951501373496,0.8816,2000,1000,0,0,10.0,0.8822283582330673,budget_cv,0.383
1f7f2e0f41,main,music,books,logreg,random,3,1000,target_only,0.8671978751660027,0.8672,0,1000,0,0,10.0,0.8731498833151687,budget_cv,0.181
1f7f2e0f41,main,music,books,logreg,random,3,2000,transfer,0.8983739837398375,0.8984,2000,2000,0,0,10.0,0.9066789733054575,budget_cv,0.487
1f7f2e0f41,main,music,books,logreg,random,3,2000,target_only,0.8915512587977541,0.8916,0,2000,0,0,10.0,0.9022602940606054,budget_cv,0.259
1f7f2e0f41,main,music,books,logreg,random,4,0,source_only,0.7987228538122868,0.802,2000,0,0,0,10.0,0.873295265599798,source_val_fallback,0.088
1f7f2e0f41,main,music,books,logreg,random,4,50,transfer,0.8291947984982033,0.8304,2000,50,0,0,10.0,0.7447839741957388,budget_cv,0.306
1f7f2e0f41,main,music,books,logreg,random,4,50,target_only,0.7032617086978898,0.7048,0,50,0,0,0.01,0.6011123379544433,budget_cv,0.09
1f7f2e0f41,main,music,books,logreg,random,4,100,transfer,0.8396497919305346,0.8404,2000,100,0,0,10.0,0.8162907268170425,budget_cv,0.308
1f7f2e0f41,main,music,books,logreg,random,4,100,target_only,0.7107895884251834,0.7108,0,100,0,0,0.1,0.754075279483628,budget_cv,0.107
1f7f2e0f41,main,music,books,logreg,random,4,250,transfer,0.8564117373377613,0.8568,2000,250,0,0,10.0,0.8551351563727801,budget_cv,0.319
1f7f2e0f41,main,music,books,logreg,random,4,250,target_only,0.8114725554474825,0.8116,0,250,0,0,10.0,0.8016978888352518,budget_cv,0.121
1f7f2e0f41,main,music,books,logreg,random,4,500,transfer,0.8630302890493438,0.8632,2000,500,0,0,10.0,0.8647063104013178,budget_cv,0.341
1f7f2e0f41,main,music,books,logreg,random,4,500,target_only,0.8467311148322503,0.8468,0,500,0,0,10.0,0.844013424718148,budget_cv,0.145
1f7f2e0f41,main,music,books,logreg,random,4,1000,transfer,0.8887993594843107,0.8888,2000,1000,0,0,10.0,0.8954516521675234,budget_cv,0.417
1f7f2e0f41,main,music,books,logreg,random,4,1000,target_only,0.8703917050691244,0.8704,0,1000,0,0,10.0,0.8867480361960407,budget_cv,0.19
1f7f2e0f41,main,music,books,logreg,random,4,2000,transfer,0.8983739837398375,0.8984,2000,2000,0,0,10.0,0.9037751219943243,budget_cv,0.495
1f7f2e0f41,main,music,books,logreg,random,4,2000,target_only,0.8915512587977541,0.8916,0,2000,0,0,10.0,0.8963175107085695,budget_cv,0.259
1f7f2e0f41,main,music,books,logreg,uncertainty,0,0,source_only,0.7987228538122868,0.802,2000,0,0,0,10.0,0.873295265599798,source_val_fallback,0.088
1f7f2e0f41,main,music,books,logreg,uncertainty,0,50,transfer,0.8409808174678235,0.8416,2000,50,0,0,10.0,0.8572823472823471,budget_cv,0.299
1f7f2e0f41,main,music,books,logreg,uncertainty,0,50,target_only,0.36191660947151677,0.524,0,50,0,0,0.1,0.4116645381013197,budget_cv,0.106
1f7f2e0f41,main,music,books,logreg,uncertainty,0,100,transfer,0.8615202356557377,0.8616,2000,100,0,0,10.0,0.7357999643134021,budget_cv,0.306
1f7f2e0f41,main,music,books,logreg,uncertainty,0,100,target_only,0.5014289190311023,0.582,0,100,0,0,0.01,0.47843901693230895,budget_cv,0.106
1f7f2e0f41,main,music,books,logreg,uncertainty,0,250,transfer,0.8826512769223203,0.8828,2000,250,0,0,10.0,0.6776980268325666,budget_cv,0.325
1f7f2e0f41,main,music,books,logreg,uncertainty,0,250,target_only,0.5175774598739331,0.5868,0,250,0,0,0.01,0.4910267910633232,budget_cv,0.116
1f7f2e0f41,main,music,books,logreg,uncertainty,0,500,transfer,0.8875667377436941,0.8876,2000,500,0,0,10.0,0.7279796331932685,budget_cv,0.338
1f7f2e0f41,main,music,books,logreg,uncertainty,0,500,target_only,0.7461732068695651,0.7492,0,500,0,0,10.0,0.6062850832929304,budget_cv,0.139
1f7f2e0f41,main,music,books,logreg,uncertainty,0,1000,transfer,0.8987642192256431,0.8988,2000,1000,0,0,10.0,0.8127664789793196,budget_cv,0.406
1f7f2e0f41,main,music,books,logreg,uncertainty,0,1000,target_only,0.8565517542037548,0.8568,0,1000,0,0,10.0,0.7531964847938664,budget_cv,0.177
1f7f2e0f41,main,music,books,logreg,uncertainty,0,2000,transfer,0.8983739837398375,0.8984,2000,2000,0,0,10.0,0.9012018268597183,budget_cv,0.483
1f7f2e0f41,main,music,books,logreg,uncertainty,0,2000,target_only,0.8915512587977541,0.8916,0,2000,0,0,10.0,0.9002904586776285,budget_cv,0.259
1f7f2e0f41,main,music,books,logreg,uncertainty,1,0,source_only,0.7987228538122868,0.802,2000,0,0,0,10.0,0.873295265599798,source_val_fallback,0.087
1f7f2e0f41,main,music,books,logreg,uncertainty,1,50,transfer,0.8487457775197228,0.8492,2000,50,0,0,10.0,0.8581390831390832,budget_cv,0.301
1f7f2e0f41,main,music,books,logreg,uncertainty,1,50,target_only,0.6626206037970743,0.6748,0,50,0,0,0.01,0.44609788359788355,budget_cv,0.104
1f7f2e0f41,main,music,books,logreg,uncertainty,1,100,transfer,0.838996972821886,0.8396,2000,100,0,0,1.0,0.7767713365539453,budget_cv,0.29
1f7f2e0f41,main,music,books,logreg,uncertainty,1,100,target_only,0.5294092375977429,0.6004,0,100,0,0,0.01,0.4302965636903931,budget_cv,0.108
1f7f2e0f41,main,music,books,logreg,uncertainty,1,250,transfer,0.8821801198268256,0.8824,2000,250,0,0,10.0,0.6455223365862558,budget_cv,0.324
1f7f2e0f41,main,music,books,logreg,uncertainty,1,250,target_only,0.5089738099259296,0.5832,0,250,0,0,0.01,0.4662529260603779,budget_cv,0.116
1f7f2e0f41,main,music,books,logreg,uncertainty,1,500,transfer,0.8879816469130303,0.888,2000,500,0,0,10.0,0.7287419108363175,budget_cv,0.336
1f7f2e0f41,main,music,books,logreg,uncertainty,1,500,target_only,0.6903125938264816,0.6904,0,500,0,0,1.0,0.601467071481959,budget_cv,0.134
1f7f2e0f41,main,music,books,logreg,uncertainty,1,1000,transfer,0.8979608006211666,0.898,2000,1000,0,0,10.0,0.8155936943136218,budget_cv,0.405
1f7f2e0f41,main,music,books,logreg,uncertainty,1,1000,target_only,0.8461337251794465,0.8464,0,1000,0,0,10.0,0.7212257679913474,budget_cv,0.185
1f7f2e0f41,main,music,books,logreg,uncertainty,1,2000,transfer,0.8983739837398375,0.8984,2000,2000,0,0,10.0,0.904237488562457,budget_cv,0.501
1f7f2e0f41,main,music,books,logreg,uncertainty,1,2000,target_only,0.8915512587977541,0.8916,0,2000,0,0,10.0,0.8968365168224066,budget_cv,0.261
1f7f2e0f41,main,music,books,logreg,uncertainty,2,0,source_only,0.7987228538122868,0.802,2000,0,0,0,10.0,0.873295265599798,source_val_fallback,0.086
1f7f2e0f41,main,music,books,logreg,uncertainty,2,50,transfer,0.7858603770426631,0.7904,2000,50,0,0,1.0,0.9126262626262626,budget_cv,0.288
1f7f2e0f41,main,music,books,logreg,uncertainty,2,50,target_only,0.6636278434590845,0.674,0,50,0,0,0.01,0.6091088862827992,budget_cv,0.094
1f7f2e0f41,main,music,books,logreg,uncertainty,2,100,transfer,0.8545900280004326,0.8548,2000,100,0,0,10.0,0.8360449735449734,budget_cv,0.305
1f7f2e0f41,main,music,books,logreg,uncertainty,2,100,target_only,0.5384758510214583,0.5936,0,100,0,0,0.01,0.5311766506312249,budget_cv,0.106
1f7f2e0f41,main,music,books,logreg,uncertainty,2,250,transfer,0.8707801311529662,0.8708,2000,250,0,0,1.0,0.6922359426762258,budget_cv,0.308
1f7f2e0f41,main,music,books,logreg,uncertainty,2,250,target_only,0.5282107998033846,0.5872,0,250,0,0,0.01,0.4945092231469941,budget_cv,0.115
1f7f2e0f41,main,music,books,logreg,uncertainty,2,500,transfer,0.8943885770684957,0.8944,2000,500,0,0,10.0,0.7236380694819426,budget_cv,0.34
1f7f2e0f41,main,music,books,logreg,uncertainty,2,500,target_only,0.7374636276899156,0.738,0,500,0,0,10.0,0.6509313130849889,budget_cv,0.144
1f7f2e0f41,main,music,books,logreg,uncertainty,2,1000,transfer,0.8951613522809049,0.8952,2000,1000,0,0,10.0,0.8126927939949752,budget_cv,0.406
1f7f2e0f41,main,music,books,logreg,uncertainty,2,1000,target_only,0.8494886456796196,0.8496,0,1000,0,0,10.0,0.740315502561906,budget_cv,0.181
1f7f2e0f41,main,music,books,logreg,uncertainty,2,2000,transfer,0.8983739837398375,0.8984,2000,2000,0,0,10.0,0.9031783232362175,budget_cv,0.489
1f7f2e0f41,main,music,books,logreg,uncertainty,2,2000,target_only,0.8915512587977541,0.8916,0,2000,0,0,10.0,0.8967334727077706,budget_cv,0.261
1f7f2e0f41,main,music,books,logreg,uncertainty,3,0,source_only,0.7987228538122868,0.802,2000,0,0,0,10.0,0.873295265599798,source_val_fallback,0.087
1f7f2e0f41,main,music,books,logreg,uncertainty,3,50,transfer,0.8488220551378446,0.8492,2000,50,0,0,10.0,0.7087542087542088,budget_cv,0.301
1f7f2e0f41,main,music,books,logreg,uncertainty,3,50,target_only,0.3480214074246716,0.5184,0,50,0,0,0.1,0.4252326217843459,budget_cv,0.106
1f7f2e0f41,main,music,books,logreg,uncertainty,3,100,transfer,0.8647992212435144,0.8648,2000,100,0,0,10.0,0.714565527065527,budget_cv,0.304
1f7f2e0f41,main,music,books,logreg,uncertainty,3,100,target_only,0.4390085270703885,0.5512,0,100,0,0,0.01,0.46204284221525604,budget_cv,0.112
1f7f2e0f41,main,music,books,logreg,uncertainty,3,250,transfer,0.8818879541888618,0.882,2000,250,0,0,10.0,0.6778438625496707,budget_cv,0.324
1f7f2e0f41,main,music,books,logreg,uncertainty,3,250,target_only,0.5146286220956885,0.588,0,250,0,0,0.01,0.48379664719439,budget_cv,0.117
1f7f2e0f41,main,music,books,logreg,uncertainty,3,500,transfer,0.8911529083942877,0.8912,2000,500,0,0,10.0,0.7267236908969776,budget_cv,0.337
1f7f2e0f41,main,music,books,logreg,uncertainty,3,500,target_only,0.6962567878953898,0.6984,0,500,0,0,1.0,0.590731782484234,budget_cv,0.134
1f7f2e0f41,main,music,books,logreg,uncertainty,3,1000,transfer,0.8963633706697296,0.8964,2000,1000,0,0,10.0,0.8158417642187682,budget_cv,0.402
1f7f2e0f41,main,music,books,logreg,uncertainty,3,1000,target_only,0.8588962091825216,0.8592,0,1000,0,0,10.0,0.7389098354536907,budget_cv,0.18
1f7f2e0f41,main,music,books,logreg,uncertainty,3,2000,transfer,0.8983739837398375,0.8984,2000,2000,0,0,10.0,0.903219908642154,budget_cv,0.49
1f7f2e0f41,main,music,books,logreg,uncertainty,3,2000,target_only,0.8915512587977541,0.8916,0,2000,0,0,10.0,0.9023027034384752,budget_cv,0.264
1f7f2e0f41,main,music,books,logreg,uncertainty,4,0,source_only,0.7987228538122868,0.802,2000,0,0,0,10.0,0.873295265599798,source_val_fallback,0.086
1f7f2e0f41,main,music,books,logreg,uncertainty,4,50,transfer,0.7999382852219403,0.8028,2000,50,0,0,1.0,0.7701839223578354,budget_cv,0.292
1f7f2e0f41,main,music,books,logreg,uncertainty,4,50,target_only,0.620991219532416,0.6372,0,50,0,0,0.01,0.439636088549132,budget_cv,0.106
1f7f2e0f41,main,music,books,logreg,uncertainty,4,100,transfer,0.861990262032889,0.862,2000,100,0,0,10.0,0.6957474440453163,budget_cv,0.305
1f7f2e0f41,main,music,books,logreg,uncertainty,4,100,target_only,0.49762118641248293,0.5772,0,100,0,0,0.01,0.5248594796008589,budget_cv,0.109
1f7f2e0f41,main,music,books,logreg,uncertainty,4,250,transfer,0.8683846483853876,0.8684,2000,250,0,0,1.0,0.6346877539807053,budget_cv,0.312
1f7f2e0f41,main,music,books,logreg,uncertainty,4,250,target_only,0.5306456718924202,0.5908,0,250,0,0,1.0,0.45375040121970794,budget_cv,0.114
1f7f2e0f41,main,music,books,logreg,uncertainty,4,500,transfer,0.8895942765672973,0.8896,2000,500,0,0,10.0,0.6988686173932853,budget_cv,0.338
1f7f2e0f41,main,music,books,logreg,uncertainty,4,500,target_only,0.7325735374659261,0.7332,0,500,0,0,10.0,0.6107338178414836,budget_cv,0.15
1f7f2e0f41,main,music,books,logreg,uncertainty,4,1000,transfer,0.8975590236094437,0.8976,2000,1000,0,0,10.0,0.8158135772068681,budget_cv,0.417
1f7f2e0f41,main,music,books,logreg,uncertainty,4,1000,target_only,0.8489999309485096,0.8492,0,1000,0,0,10.0,0.7322152173302836,budget_cv,0.178
1f7f2e0f41,main,music,books,logreg,uncertainty,4,2000,transfer,0.8983739837398375,0.8984,2000,2000,0,0,10.0,0.9067076878798228,budget_cv,0.485
1f7f2e0f41,main,music,books,logreg,uncertainty,4,2000,target_only,0.8915512587977541,0.8916,0,2000,0,0,10.0,0.9032565740783077,budget_cv,0.258
1f7f2e0f41,main,music,books,logreg,self_training,0,0,uda_self_training,0.7350156127966343,0.746,2000,0,0,1000,10.0,0.873295265599798,source_val_fallback,0.194
1f7f2e0f41,main,music,books,logreg,self_training,0,50,transfer,0.7788799593040667,0.7844,2000,50,0,1000,10.0,0.8345076492135316,budget_cv,0.408
1f7f2e0f41,main,music,books,logreg,self_training,0,50,target_only,0.5804017401579032,0.62,0,50,0,1000,10.0,0.6714459169702135,budget_cv,0.157
1f7f2e0f41,main,music,books,logreg,self_training,0,100,transfer,0.7979059141204441,0.8016,2000,100,0,1000,10.0,0.8525084643419379,budget_cv,0.411
1f7f2e0f41,main,music,books,logreg,self_training,0,100,target_only,0.576324210300506,0.6208,0,100,0,1000,10.0,0.7072746094485224,budget_cv,0.182
1f7f2e0f41,main,music,books,logreg,self_training,0,250,transfer,0.8476873963450441,0.8484,2000,250,0,1000,10.0,0.8525145873952419,budget_cv,0.426
1f7f2e0f41,main,music,books,logreg,self_training,0,250,target_only,0.7540626889319741,0.7584,0,250,0,1000,10.0,0.7993643379472924,budget_cv,0.18
1f7f2e0f41,main,music,books,logreg,self_training,0,500,transfer,0.8682617064089198,0.8684,2000,500,0,1000,10.0,0.8809828179585789,budget_cv,0.449
1f7f2e0f41,main,music,books,logreg,self_training,0,500,target_only,0.8254758971381417,0.826,0,500,0,1000,10.0,0.8587908531787188,budget_cv,0.209
1f7f2e0f41,main,music,books,logreg,self_training,0,1000,transfer,0.8827984810683147,0.8828,2000,1000,0,1000,10.0,0.9076338185230796,budget_cv,0.497
1f7f2e0f41,main,music,books,logreg,self_training,0,1000,target_only,0.8675999788159967,0.8676,0,1000,0,1000,10.0,0.8937979170951337,budget_cv,0.262
1f7f2e0f41,main,music,books,logreg,self_training,0,2000,transfer,0.8959706387530817,0.896,2000,2000,0,1000,10.0,0.9027141754655666,budget_cv,0.648
1f7f2e0f41,main,music,books,logreg,self_training,0,2000,target_only,0.8919750419136837,0.892,0,2000,0,1000,10.0,0.8992898976072047,budget_cv,0.358
1f7f2e0f41,main,music,books,logreg,self_training,1,0,uda_self_training,0.7350156127966343,0.746,2000,0,0,1000,10.0,0.873295265599798,source_val_fallback,0.194
1f7f2e0f41,main,music,books,logreg,self_training,1,50,transfer,0.6981599969069878,0.7152,2000,50,0,1000,1.0,0.8151963776963776,budget_cv,0.351
1f7f2e0f41,main,music,books,logreg,self_training,1,50,target_only,0.6360292204305857,0.6464,0,50,0,1000,0.1,0.655537518037518,budget_cv,0.123
1f7f2e0f41,main,music,books,logreg,self_training,1,100,transfer,0.8164814709484092,0.8188,2000,100,0,1000,10.0,0.8312961891909261,budget_cv,0.414
1f7f2e0f41,main,music,books,logreg,self_training,1,100,target_only,0.6513758659935255,0.6756,0,100,0,1000,10.0,0.7093857832988268,budget_cv,0.167
1f7f2e0f41,main,music,books,logreg,self_training,1,250,transfer,0.8633680755060871,0.8636,2000,250,0,1000,10.0,0.8667377660961075,budget_cv,0.426
1f7f2e0f41,main,music,books,logreg,self_training,1,250,target_only,0.7108289933210878,0.7164,0,250,0,1000,1.0,0.790673493592081,budget_cv,0.157
1f7f2e0f41,main,music,books,logreg,self_training,1,500,transfer,0.8791477144671871,0.8792,2000,500,0,1000,10.0,0.8672882672882674,budget_cv,0.437
1f7f2e0f41,main,music,books,logreg,self_training,1,500,target_only,0.8399409958487096,0.84,0,500,0,1000,10.0,0.8376685166932533,budget_cv,0.206
1f7f2e0f41,main,music,books,logreg,self_training,1,1000,transfer,0.8875991187770912,0.8876,2000,1000,0,1000,10.0,0.8828016712254388,budget_cv,0.505
1f7f2e0f41,main,music,books,logreg,self_training,1,1000,target_only,0.8691964630723614,0.8692,0,1000,0,1000,10.0,0.8710417409010137,budget_cv,0.258
1f7f2e0f41,main,music,books,logreg,self_training,1,2000,transfer,0.8963721282476135,0.8964,2000,2000,0,1000,10.0,0.9052170778795091,budget_cv,0.642
1f7f2e0f41,main,music,books,logreg,self_training,1,2000,target_only,0.8919750419136837,0.892,0,2000,0,1000,10.0,0.8952111726791635,budget_cv,0.36
1f7f2e0f41,main,music,books,logreg,self_training,2,0,uda_self_training,0.7350156127966343,0.746,2000,0,0,1000,10.0,0.873295265599798,source_val_fallback,0.196
1f7f2e0f41,main,music,books,logreg,self_training,2,50,transfer,0.7850601315775898,0.79,2000,50,0,1000,10.0,0.8707376909894072,budget_cv,0.406
1f7f2e0f41,main,music,books,logreg,self_training,2,50,target_only,0.6627609156278882,0.6936,0,50,0,1000,0.01,0.7305625174046226,budget_cv,0.113
1f7f2e0f41,main,music,books,logreg,self_training,2,100,transfer,0.8176467384538777,0.82,2000,100,0,1000,10.0,0.846833895008832,budget_cv,0.411
1f7f2e0f41,main,music,books,logreg,self_training,2,100,target_only,0.7226844148641154,0.734,0,100,0,1000,0.01,0.6698784263697926,budget_cv,0.121
1f7f2e0f41,main,music,books,logreg,self_training,2,250,transfer,0.8506183436818948,0.8512,2000,250,0,1000,10.0,0.8664494137266837,budget_cv,0.426
1f7f2e0f41,main,music,books,logreg,self_training,2,250,target_only,0.6290226539487207,0.6548,0,250,0,1000,0.1,0.783333233094084,budget_cv,0.141
1f7f2e0f41,main,music,books,logreg,self_training,2,500,transfer,0.8759796805108548,0.876,2000,500,0,1000,10.0,0.8942264490499556,budget_cv,0.443
1f7f2e0f41,main,music,books,logreg,self_training,2,500,target_only,0.6978274332788841,0.7092,0,500,0,1000,0.1,0.852008200360971,budget_cv,0.164
1f7f2e0f41,main,music,books,logreg,self_training,2,1000,transfer,0.8855973641632704,0.8856,2000,1000,0,1000,10.0,0.9000787848899822,budget_cv,0.502
1f7f2e0f41,main,music,books,logreg,self_training,2,1000,target_only,0.8728,0.8728,0,1000,0,1000,10.0,0.8954945424738102,budget_cv,0.255
1f7f2e0f41,main,music,books,logreg,self_training,2,2000,transfer,0.8959706387530817,0.896,2000,2000,0,1000,10.0,0.9111938464328805,budget_cv,0.646
1f7f2e0f41,main,music,books,logreg,self_training,2,2000,target_only,0.8919750419136837,0.892,0,2000,0,1000,10.0,0.9013073057774926,budget_cv,0.357
1f7f2e0f41,main,music,books,logreg,self_training,3,0,uda_self_training,0.7350156127966343,0.746,2000,0,0,1000,10.0,0.873295265599798,source_val_fallback,0.197
1f7f2e0f41,main,music,books,logreg,self_training,3,50,transfer,0.7978162854416637,0.8016,2000,50,0,1000,10.0,0.7390521758942811,budget_cv,0.409
1f7f2e0f41,main,music,books,logreg,self_training,3,50,target_only,0.591995597610444,0.63,0,50,0,1000,0.01,0.5778134908569691,budget_cv,0.109
1f7f2e0f41,main,music,books,logreg,self_training,3,100,transfer,0.8096031772967094,0.8124,2000,100,0,1000,10.0,0.7984481567814902,budget_cv,0.415
1f7f2e0f41,main,music,books,logreg,self_training,3,100,target_only,0.5359919469024007,0.5864,0,100,0,1000,0.1,0.6991582491582492,budget_cv,0.142
1f7f2e0f41,main,music,books,logreg,self_training,3,250,transfer,0.8473430622403225,0.848,2000,250,0,1000,10.0,0.8480314545330995,budget_cv,0.427
1f7f2e0f41,main,music,books,logreg,self_training,3,250,target_only,0.7488627648648574,0.7516,0,250,0,1000,10.0,0.7684075527532629,budget_cv,0.184
1f7f2e0f41,main,music,books,logreg,self_training,3,500,transfer,0.8694153846942654,0.8696,2000,500,0,1000,10.0,0.877912693782915,budget_cv,0.459
1f7f2e0f41,main,music,books,logreg,self_training,3,500,target_only,0.740656478937729,0.7448,0,500,0,1000,1.0,0.8270956852661074,budget_cv,0.192
1f7f2e0f41,main,music,books,logreg,self_training,3,1000,transfer,0.8831925243215566,0.8832,2000,1000,0,1000,10.0,0.8822283582330673,budget_cv,0.505
1f7f2e0f41,main,music,books,logreg,self_training,3,1000,target_only,0.8679878337587592,0.868,0,1000,0,1000,10.0,0.8731498833151687,budget_cv,0.251
1f7f2e0f41,main,music,books,logreg,self_training,3,2000,transfer,0.8959706387530817,0.896,2000,2000,0,1000,10.0,0.9066789733054575,budget_cv,0.66
1f7f2e0f41,main,music,books,logreg,self_training,3,2000,target_only,0.8919750419136837,0.892,0,2000,0,1000,10.0,0.9022602940606054,budget_cv,0.362
1f7f2e0f41,main,music,books,logreg,self_training,4,0,uda_self_training,0.7350156127966343,0.746,2000,0,0,1000,10.0,0.873295265599798,source_val_fallback,0.208
1f7f2e0f41,main,music,books,logreg,self_training,4,50,transfer,0.7997101496474572,0.8032,2000,50,0,1000,10.0,0.7447839741957388,budget_cv,0.416
1f7f2e0f41,main,music,books,logreg,self_training,4,50,target_only,0.4976071143692964,0.57,0,50,0,1000,0.01,0.6011123379544433,budget_cv,0.113
1f7f2e0f41,main,music,books,logreg,self_training,4,100,transfer,0.8205475917486813,0.8224,2000,100,0,1000,10.0,0.8162907268170425,budget_cv,0.416
1f7f2e0f41,main,music,books,logreg,self_training,4,100,target_only,0.5963575303539137,0.604,0,100,0,1000,0.1,0.754075279483628,budget_cv,0.145
1f7f2e0f41,main,music,books,logreg,self_training,4,250,transfer,0.8497691747555656,0.8504,2000,250,0,1000,10.0,0.8551351563727801,budget_cv,0.443
1f7f2e0f41,main,music,books,logreg,self_training,4,250,target_only,0.7842343833819728,0.7848,0,250,0,1000,10.0,0.8016978888352518,budget_cv,0.179
1f7f2e0f41,main,music,books,logreg,self_training,4,500,transfer,0.8686445592256052,0.8688,2000,500,0,1000,10.0,0.8647063104013178,budget_cv,0.456
1f7f2e0f41,main,music,books,logreg,self_training,4,500,target_only,0.8426180664848565,0.8428,0,500,0,1000,10.0,0.844013424718148,budget_cv,0.212
1f7f2e0f41,main,music,books,logreg,self_training,4,1000,transfer,0.8907998427517736,0.8908,2000,1000,0,1000,10.0,0.8954516521675234,budget_cv,0.507
1f7f2e0f41,main,music,books,logreg,self_training,4,1000,target_only,0.8691989745199602,0.8692,0,1000,0,1000,10.0,0.8867480361960407,budget_cv,0.264
1f7f2e0f41,main,music,books,logreg,self_training,4,2000,transfer,0.8959706387530817,0.896,2000,2000,0,1000,10.0,0.9037751219943243,budget_cv,0.656
1f7f2e0f41,main,music,books,logreg,self_training,4,2000,target_only,0.8919750419136837,0.892,0,2000,0,1000,10.0,0.8963175107085695,budget_cv,0.355
1f7f2e0f41,main,music,books,svm,random,0,0,source_only,0.8125316327563519,0.8148,2000,0,0,0,1.0,0.8759682478714551,source_val_fallback,0.047
1f7f2e0f41,main,music,books,svm,random,0,50,transfer,0.8352016906216417,0.836,2000,50,0,0,10.0,0.8767195767195767,budget_cv,0.157
1f7f2e0f41,main,music,books,svm,random,0,50,target_only,0.6545320147889839,0.6632,0,50,0,0,10.0,0.6975767909271745,budget_cv,0.038
1f7f2e0f41,main,music,books,svm,random,0,100,transfer,0.8366039049017062,0.8372,2000,100,0,0,10.0,0.8625735714445392,budget_cv,0.162
1f7f2e0f41,main,music,books,svm,random,0,100,target_only,0.6480497514137807,0.6704,0,100,0,0,1.0,0.6913415065710699,budget_cv,0.04
1f7f2e0f41,main,music,books,svm,random,0,250,transfer,0.8569846990453308,0.8572,2000,250,0,0,1.0,0.8614037606560382,budget_cv,0.16
1f7f2e0f41,main,music,books,svm,random,0,250,target_only,0.7964976358334042,0.7976,0,250,0,0,10.0,0.8043164670882063,budget_cv,0.047
1f7f2e0f41,main,music,books,svm,random,0,500,transfer,0.8727361440876574,0.8728,2000,500,0,0,1.0,0.8812019590718908,budget_cv,0.181
1f7f2e0f41,main,music,books,svm,random,0,500,target_only,0.8443790596462659,0.8444,0,500,0,0,10.0,0.8630286413569772,budget_cv,0.057
1f7f2e0f41,main,music,books,svm,random,0,1000,transfer,0.8851990999609437,0.8852,2000,1000,0,0,1.0,0.9137619745536988,budget_cv,0.218
1f7f2e0f41,main,music,books,svm,random,0,1000,target_only,0.8743902727827243,0.8744,0,1000,0,0,1.0,0.8938382896784512,budget_cv,0.086
1f7f2e0f41,main,music,books,svm,random,0,2000,transfer,0.8971604931750581,0.8972,2000,2000,0,0,1.0,0.8997403893512136,budget_cv,0.296
1f7f2e0f41,main,music,books,svm,random,0,2000,target_only,0.8879396846558691,0.888,0,2000,0,0,1.0,0.895802827772271,budget_cv,0.156
1f7f2e0f41,main,music,books,svm,random,1,0,source_only,0.8125316327563519,0.8148,2000,0,0,0,1.0,0.8759682478714551,source_val_fallback,0.047
1f7f2e0f41,main,music,books,svm,random,1,50,transfer,0.7778490409636531,0.7832,2000,50,0,0,0.1,0.8151963776963776,budget_cv,0.149
1f7f2e0f41,main,music,books,svm,random,1,50,target_only,0.6996965210824269,0.7004,0,50,0,0,0.01,0.6209130781499203,budget_cv,0.039
1f7f2e0f41,main,music,books,svm,random,1,100,transfer,0.846224041373522,0.8468,2000,100,0,0,1.0,0.8314534303237769,budget_cv,0.155
1f7f2e0f41,main,music,books,svm,random,1,100,target_only,0.7172001276851745,0.726,0,100,0,0,10.0,0.7188309499735182,budget_cv,0.044
1f7f2e0f41,main,music,books,svm,random,1,250,transfer,0.8703731205702815,0.8704,2000,250,0,0,1.0,0.8711750007098845,budget_cv,0.168
1f7f2e0f41,main,music,books,svm,random,1,250,target_only,0.8015206082432973,0.8016,0,250,0,0,0.1,0.7901388352821025,budget_cv,0.045
1f7f2e0f41,main,music,books,svm,random,1,500,transfer,0.8759987302269976,0.876,2000,500,0,0,10.0,0.8655195314341829,budget_cv,0.191
1f7f2e0f41,main,music,books,svm,random,1,500,target_only,0.858798892983321,0.8588,0,500,0,0,10.0,0.8397805878160621,budget_cv,0.058
1f7f2e0f41,main,music,books,svm,random,1,1000,transfer,0.8903997194232818,0.8904,2000,1000,0,0,1.0,0.8829532682388542,budget_cv,0.217
1f7f2e0f41,main,music,books,svm,random,1,1000,target_only,0.8679834398426938,0.868,0,1000,0,0,1.0,0.8709803989317497,budget_cv,0.082
1f7f2e0f41,main,music,books,svm,random,1,2000,transfer,0.8971604931750581,0.8972,2000,2000,0,0,1.0,0.909738688866374,budget_cv,0.289
1f7f2e0f41,main,music,books,svm,random,1,2000,target_only,0.8879396846558691,0.888,0,2000,0,0,1.0,0.8942041595656987,budget_cv,0.163
1f7f2e0f41,main,music,books,svm,random,2,0,source_only,0.8125316327563519,0.8148,2000,0,0,0,1.0,0.8759682478714551,source_val_fallback,0.048
1f7f2e0f41,main,music,books,svm,random,2,50,transfer,0.8358112950239233,0.8368,2000,50,0,0,1.0,0.9155952234899605,budget_cv,0.156
1f7f2e0f41,main,music,books,svm,random,2,50,target_only,0.7394134603781992,0.7412,0,50,0,0,0.01,0.7455720749838397,budget_cv,0.038
1f7f2e0f41,main,music,books,svm,random,2,100,transfer,0.8481618935549973,0.8484,2000,100,0,0,10.0,0.8607426559032151,budget_cv,0.161
1f7f2e0f41,main,music,books,svm,random,2,100,target_only,0.7367946342183375,0.7432,0,100,0,0,0.01,0.6569354335950689,budget_cv,0.041
1f7f2e0f41,main,music,books,svm,random,2,250,transfer,0.8555531992365526,0.8556,2000,250,0,0,10.0,0.855236889677065,budget_cv,0.176
1f7f2e0f41,main,music,books,svm,random,2,250,target_only,0.8088844662742642,0.81,0,250,0,0,0.01,0.783333233094084,budget_cv,0.045
1f7f2e0f41,main,music,books,svm,random,2,500,transfer,0.8735996764151717,0.8736,2000,500,0,0,1.0,0.9005544195131066,budget_cv,0.184
1f7f2e0f41,main,music,books,svm,random,2,500,target_only,0.8595962034813421,0.8596,0,500,0,0,0.01,0.852008200360971,budget_cv,0.057
1f7f2e0f41,main,music,books,svm,random,2,1000,transfer,0.8803646070653541,0.8804,2000,1000,0,0,10.0,0.9005276977693085,budget_cv,0.236
1f7f2e0f41,main,music,books,svm,random,2,1000,target_only,0.8715940625094505,0.8716,0,1000,0,0,1.0,0.8964692531166141,budget_cv,0.088
1f7f2e0f41,main,music,books,svm,random,2,2000,transfer,0.8971604931750581,0.8972,2000,2000,0,0,1.0,0.9077353069396912,budget_cv,0.281
1f7f2e0f41,main,music,books,svm,random,2,2000,target_only,0.8879396846558691,0.888,0,2000,0,0,1.0,0.9017903652610698,budget_cv,0.157
1f7f2e0f41,main,music,books,svm,random,3,0,source_only,0.8125316327563519,0.8148,2000,0,0,0,1.0,0.8759682478714551,source_val_fallback,0.046
1f7f2e0f41,main,music,books,svm,random,3,50,transfer,0.8404180484373429,0.8412,2000,50,0,0,1.0,0.7656034024455077,budget_cv,0.156
1f7f2e0f41,main,music,books,svm,random,3,50,target_only,0.7112901995269818,0.7124,0,50,0,0,0.01,0.5274542010239951,budget_cv,0.039
1f7f2e0f41,main,music,books,svm,random,3,100,transfer,0.8412219877399256,0.842,2000,100,0,0,1.0,0.8105082930276728,budget_cv,0.159
1f7f2e0f41,main,music,books,svm,random,3,100,target_only,0.6824666548909584,0.6908,0,100,0,0,0.01,0.6991582491582492,budget_cv,0.043
1f7f2e0f41,main,music,books,svm,random,3,250,transfer,0.8553911848709537,0.8556,2000,250,0,0,1.0,0.84447410674463,budget_cv,0.168
1f7f2e0f41,main,music,books,svm,random,3,250,target_only,0.7869971508161258,0.7876,0,250,0,0,1.0,0.7728145502940632,budget_cv,0.057
1f7f2e0f41,main,music,books,svm,random,3,500,transfer,0.8747478750756915,0.8748,2000,500,0,0,1.0,0.8843082898680475,budget_cv,0.179
1f7f2e0f41,main,music,books,svm,random,3,500,target_only,0.8491632923788333,0.8492,0,500,0,0,10.0,0.832144467078185,budget_cv,0.065
1f7f2e0f41,main,music,books,svm,random,3,1000,transfer,0.8831999252479521,0.8832,2000,1000,0,0,1.0,0.8804712505234565,budget_cv,0.225
1f7f2e0f41,main,music,books,svm,random,3,1000,target_only,0.8655969033526533,0.8656,0,1000,0,0,1.0,0.8732967511803946,budget_cv,0.088
1f7f2e0f41,main,music,books,svm,random,3,2000,transfer,0.8971604931750581,0.8972,2000,2000,0,0,1.0,0.9092206205271548,budget_cv,0.291
1f7f2e0f41,main,music,books,svm,random,3,2000,target_only,0.8879396846558691,0.888,0,2000,0,0,1.0,0.9032720290945971,budget_cv,0.161
1f7f2e0f41,main,music,books,svm,random,4,0,source_only,0.8125316327563519,0.8148,2000,0,0,0,1.0,0.8759682478714551,source_val_fallback,0.048
1f7f2e0f41,main,music,books,svm,random,4,50,transfer,0.8460452883443454,0.8464,2000,50,0,0,10.0,0.7642556517556517,budget_cv,0.163
1f7f2e0f41,main,music,books,svm,random,4,50,target_only,0.7076691729323308,0.7084,0,50,0,0,0.01,0.5829124579124579,budget_cv,0.039
1f7f2e0f41,main,music,books,svm,random,4,100,transfer,0.8470433724133513,0.8472,2000,100,0,0,10.0,0.8265356066714301,budget_cv,0.169
1f7f2e0f41,main,music,books,svm,random,4,100,target_only,0.7073366029426484,0.7076,0,100,0,0,0.01,0.754075279483628,budget_cv,0.042
1f7f2e0f41,main,music,books,svm,random,4,250,transfer,0.8605944381346959,0.8608,2000,250,0,0,1.0,0.8435134706557429,budget_cv,0.17
1f7f2e0f41,main,music,books,svm,random,4,250,target_only,0.812635839016713,0.8128,0,250,0,0,10.0,0.8009928367672706,budget_cv,0.049
1f7f2e0f41,main,music,books,svm,random,4,500,transfer,0.870723033665323,0.8708,2000,500,0,0,1.0,0.8692677286804077,budget_cv,0.188
1f7f2e0f41,main,music,books,svm,random,4,500,target_only,0.8414961228991031,0.8416,0,500,0,0,10.0,0.8482940219093497,budget_cv,0.061
1f7f2e0f41,main,music,books,svm,random,4,1000,transfer,0.8891970038869852,0.8892,2000,1000,0,0,1.0,0.8946467582467262,budget_cv,0.23
1f7f2e0f41,main,music,books,svm,random,4,1000,target_only,0.8715620029029388,0.8716,0,1000,0,0,10.0,0.8857294706167159,budget_cv,0.106
1f7f2e0f41,main,music,books,svm,random,4,2000,transfer,0.8971604931750581,0.8972,2000,2000,0,0,1.0,0.9037907856529578,budget_cv,0.29
1f7f2e0f41,main,music,books,svm,random,4,2000,target_only,0.8879396846558691,0.888,0,2000,0,0,1.0,0.8943011218814538,budget_cv,0.15
1f7f2e0f41,main,music,books,svm,uncertainty,0,0,source_only,0.8125316327563519,0.8148,2000,0,0,0,1.0,0.8759682478714551,source_val_fallback,0.049
1f7f2e0f41,main,music,books,svm,uncertainty,0,50,transfer,0.8442688696360259,0.8448,2000,50,0,0,1.0,0.8165945165945167,budget_cv,0.153
1f7f2e0f41,main,music,books,svm,uncertainty,0,50,target_only,0.4696392201005153,0.5712,0,50,0,0,0.01,0.4425213675213675,budget_cv,0.038
1f7f2e0f41,main,music,books,svm,uncertainty,0,100,transfer,0.8667974211980745,0.8668,2000,100,0,0,1.0,0.6922211790007543,budget_cv,0.16
1f7f2e0f41,main,music,books,svm,uncertainty,0,100,target_only,0.3880221274389025,0.534,0,100,0,0,0.01,0.42786596119929454,budget_cv,0.041
1f7f2e0f41,main,music,books,svm,uncertainty,0,250,transfer,0.8767866732465783,0.8768,2000,250,0,0,10.0,0.6397217842639616,budget_cv,0.178
1f7f2e0f41,main,music,books,svm,uncertainty,0,250,target_only,0.657924589158552,0.6764,0,250,0,0,0.01,0.505984215472655,budget_cv,0.048
1f7f2e0f41,main,music,books,svm,uncertainty,0,500,transfer,0.8895558223289315,0.8896,2000,500,0,0,1.0,0.6424713368939967,budget_cv,0.192
1f7f2e0f41,main,music,books,svm,uncertainty,0,500,target_only,0.7660794709242842,0.7684,0,500,0,0,10.0,0.5352010656154487,budget_cv,0.062
1f7f2e0f41,main,music,books,svm,uncertainty,0,1000,transfer,0.8951645068954546,0.8952,2000,1000,0,0,1.0,0.8046934849517869,budget_cv,0.238
1f7f2e0f41,main,music,books,svm,uncertainty,0,1000,target_only,0.8611061077288247,0.8612,0,1000,0,0,10.0,0.7176924789118498,budget_cv,0.095
1f7f2e0f41,main,music,books,svm,uncertainty,0,2000,transfer,0.8971604931750581,0.8972,2000,2000,0,0,1.0,0.9097277779429364,budget_cv,0.29
1f7f2e0f41,main,music,books,svm,uncertainty,0,2000,target_only,0.8879396846558691,0.888,0,2000,0,0,1.0,0.906324220404897,budget_cv,0.157
1f7f2e0f41,main,music,books,svm,uncertainty,1,0,source_only,0.8125316327563519,0.8148,2000,0,0,0,1.0,0.8759682478714551,source_val_fallback,0.045
1f7f2e0f41,main,music,books,svm,uncertainty,1,50,transfer,0.851191407318559,0.8516,2000,50,0,0,1.0,0.7715431627196333,budget_cv,0.151
1f7f2e0f41,main,music,books,svm,uncertainty,1,50,target_only,0.5539611201547644,0.6128,0,50,0,0,0.01,0.46420729029424684,budget_cv,0.039
1f7f2e0f41,main,music,books,svm,uncertainty,1,100,transfer,0.8655225409836066,0.8656,2000,100,0,0,1.0,0.7762642450142451,budget_cv,0.157
1f7f2e0f41,main,music,books,svm,uncertainty,1,100,target_only,0.5567166081083541,0.6104,0,100,0,0,0.01,0.4902469478357381,budget_cv,0.042
1f7f2e0f41,main,music,books,svm,uncertainty,1,250,transfer,0.8819297056695674,0.882,2000,250,0,0,1.0,0.6271542876256492,budget_cv,0.17
1f7f2e0f41,main,music,books,svm,uncertainty,1,250,target_only,0.6220576298701299,0.6424,0,250,0,0,0.01,0.5535125002478241,budget_cv,0.046
1f7f2e0f41,main,music,books,svm,uncertainty,1,500,transfer,0.8903955106001142,0.8904,2000,500,0,0,1.0,0.6595211452474419,budget_cv,0.188
1f7f2e0f41,main,music,books,svm,uncertainty,1,500,target_only,0.7441179565764569,0.7444,0,500,0,0,0.1,0.5982925692203002,budget_cv,0.058
1f7f2e0f41,main,music,books,svm,uncertainty,1,1000,transfer,0.8943642359557251,0.8944,2000,1000,0,0,1.0,0.7848566674603049,budget_cv,0.238
1f7f2e0f41,main,music,books,svm,uncertainty,1,1000,target_only,0.86067793157653,0.8608,0,1000,0,0,1.0,0.6947294764509868,budget_cv,0.091
1f7f2e0f41,main,music,books,svm,uncertainty,1,2000,transfer,0.8971604931750581,0.8972,2000,2000,0,0,1.0,0.9092810988719071,budget_cv,0.282
1f7f2e0f41,main,music,books,svm,uncertainty,1,2000,target_only,0.8855152996392851,0.8856,0,2000,0,0,10.0,0.8998615579680377,budget_cv,0.167
1f7f2e0f41,main,music,books,svm,uncertainty,2,0,source_only,0.8125316327563519,0.8148,2000,0,0,0,1.0,0.8759682478714551,source_val_fallback,0.046
1f7f2e0f41,main,music,books,svm,uncertainty,2,50,transfer,0.8457482364415905,0.846,2000,50,0,0,10.0,0.8726855359982295,budget_cv,0.158
1f7f2e0f41,main,music,books,svm,uncertainty,2,50,target_only,0.616454805270872,0.6488,0,50,0,0,0.01,0.49357549857549854,budget_cv,0.039
1f7f2e0f41,main,music,books,svm,uncertainty,2,100,transfer,0.8540749022301846,0.8544,2000,100,0,0,1.0,0.6922632830840626,budget_cv,0.157
1f7f2e0f41,main,music,books,svm,uncertainty,2,100,target_only,0.6833081524693589,0.6884,0,100,0,0,0.1,0.6220094317920405,budget_cv,0.041
1f7f2e0f41,main,music,books,svm,uncertainty,2,250,transfer,0.8711788939499847,0.8712,2000,250,0,0,10.0,0.5504473620208379,budget_cv,0.178
1f7f2e0f41,main,music,books,svm,uncertainty,2,250,target_only,0.6672823558218158,0.6704,0,250,0,0,0.1,0.5489862440765102,budget_cv,0.047
1f7f2e0f41,main,music,books,svm,uncertainty,2,500,transfer,0.888796512658637,0.8888,2000,500,0,0,1.0,0.6707575934244087,budget_cv,0.193
1f7f2e0f41,main,music,books,svm,uncertainty,2,500,target_only,0.7759896488784014,0.7764,0,500,0,0,10.0,0.592655228213787,budget_cv,0.06
1f7f2e0f41,main,music,books,svm,uncertainty,2,1000,transfer,0.8927571028411365,0.8928,2000,1000,0,0,10.0,0.7957269772650454,budget_cv,0.243
1f7f2e0f41,main,music,books,svm,uncertainty,2,1000,target_only,0.8603112920829243,0.8604,0,1000,0,0,10.0,0.7186339729630769,budget_cv,0.093
1f7f2e0f41,main,music,books,svm,uncertainty,2,2000,transfer,0.8971604931750581,0.8972,2000,2000,0,0,1.0,0.9047108086644889,budget_cv,0.286
1f7f2e0f41,main,music,books,svm,uncertainty,2,2000,target_only,0.8879396846558691,0.888,0,2000,0,0,1.0,0.9012593062769311,budget_cv,0.155
1f7f2e0f41,main,music,books,svm,uncertainty,3,0,source_only,0.8125316327563519,0.8148,2000,0,0,0,1.0,0.8759682478714551,source_val_fallback,0.045
1f7f2e0f41,main,music,books,svm,uncertainty,3,50,transfer,0.8446918566041115,0.8452,2000,50,0,0,1.0,0.6353874883286649,budget_cv,0.151
1f7f2e0f41,main,music,books,svm,uncertainty,3,50,target_only,0.4566079353304886,0.562,0,50,0,0,0.01,0.4599952516619183,budget_cv,0.038
1f7f2e0f41,main,music,books,svm,uncertainty,3,100,transfer,0.8699998127997304,0.87,2000,100,0,0,1.0,0.710693122062492,budget_cv,0.154
1f7f2e0f41,main,music,books,svm,uncertainty,3,100,target_only,0.3930086295158695,0.5352,0,100,0,0,0.1,0.42786596119929454,budget_cv,0.041
1f7f2e0f41,main,music,books,svm,uncertainty,3,250,transfer,0.8803999808639968,0.8804,2000,250,0,0,1.0,0.6347170584533969,budget_cv,0.168
1f7f2e0f41,main,music,books,svm,uncertainty,3,250,target_only,0.7052611175099939,0.71,0,250,0,0,10.0,0.6301605397104354,budget_cv,0.048
1f7f2e0f41,main,music,books,svm,uncertainty,3,500,transfer,0.8891998404477702,0.8892,2000,500,0,0,1.0,0.6443085341520443,budget_cv,0.193
1f7f2e0f41,main,music,books,svm,uncertainty,3,500,target_only,0.7690855595730393,0.7696,0,500,0,0,10.0,0.573495718302945,budget_cv,0.06
1f7f2e0f41,main,music,books,svm,uncertainty,3,1000,transfer,0.8919532546560944,0.892,2000,1000,0,0,10.0,0.806940228417432,budget_cv,0.254
1f7f2e0f41,main,music,books,svm,uncertainty,3,1000,target_only,0.8614719779431359,0.8616,0,1000,0,0,10.0,0.7325157155595615,budget_cv,0.092
1f7f2e0f41,main,music,books,svm,uncertainty,3,2000,transfer,0.8971604931750581,0.8972,2000,2000,0,0,1.0,0.9067097413259234,budget_cv,0.282
1f7f2e0f41,main,music,books,svm,uncertainty,3,2000,target_only,0.8879396846558691,0.888,0,2000,0,0,1.0,0.9027292233448797,budget_cv,0.16
1f7f2e0f41,main,music,books,svm,uncertainty,4,0,source_only,0.8125316327563519,0.8148,2000,0,0,0,1.0,0.8759682478714551,source_val_fallback,0.047
1f7f2e0f41,main,music,books,svm,uncertainty,4,50,transfer,0.8501305707348443,0.8504,2000,50,0,0,1.0,0.6748196248196248,budget_cv,0.158
1f7f2e0f41,main,music,books,svm,uncertainty,4,50,target_only,0.38381149561273786,0.532,0,50,0,0,0.01,0.45848595848595847,budget_cv,0.039
1f7f2e0f41,main,music,books,svm,uncertainty,4,100,transfer,0.8647999134719446,0.8648,2000,100,0,0,1.0,0.5960198960758871,budget_cv,0.161
1f7f2e0f41,main,music,books,svm,uncertainty,4,100,target_only,0.4364925047487037,0.5504,0,100,0,0,0.01,0.4988545114331278,budget_cv,0.042
1f7f2e0f41,main,music,books,svm,uncertainty,4,250,transfer,0.8795915039765205,0.8796,2000,250,0,0,1.0,0.5155832339029217,budget_cv,0.172
1f7f2e0f41,main,music,books,svm,uncertainty,4,250,target_only,0.6331661857067767,0.6592,0,250,0,0,10.0,0.47618841478590407,budget_cv,0.049
1f7f2e0f41,main,music,books,svm,uncertainty,4,500,transfer,0.8871927803379416,0.8872,2000,500,0,0,1.0,0.6435970754583534,budget_cv,0.196
1f7f2e0f41,main,music,books,svm,uncertainty,4,500,target_only,0.7691692143545972,0.7696,0,500,0,0,10.0,0.5745896280429342,budget_cv,0.061
1f7f2e0f41,main,music,books,svm,uncertainty,4,1000,transfer,0.8943642359557251,0.8944,2000,1000,0,0,1.0,0.7867675880630992,budget_cv,0.24
1f7f2e0f41,main,music,books,svm,uncertainty,4,1000,target_only,0.8614719779431359,0.8616,0,1000,0,0,10.0,0.6897563665327047,budget_cv,0.093
1f7f2e0f41,main,music,books,svm,uncertainty,4,2000,transfer,0.8971604931750581,0.8972,2000,2000,0,0,1.0,0.9077747604343814,budget_cv,0.29
1f7f2e0f41,main,music,books,svm,uncertainty,4,2000,target_only,0.8879396846558691,0.888,0,2000,0,0,1.0,0.8972701710174413,budget_cv,0.153
1f7f2e0f41,main,music,books,svm,self_training,0,0,uda_self_training,0.7911532517438704,0.7952,2000,0,0,1000,1.0,0.8759682478714551,source_val_fallback,0.082
1f7f2e0f41,main,music,books,svm,self_training,0,50,transfer,0.8346143278557276,0.8356,2000,50,0,1000,10.0,0.8767195767195767,budget_cv,0.205
1f7f2e0f41,main,music,books,svm,self_training,0,50,target_only,0.6141679276894149,0.6452,0,50,0,1000,10.0,0.6975767909271745,budget_cv,0.058
1f7f2e0f41,main,music,books,svm,self_training,0,100,transfer,0.8389152221660368,0.8396,2000,100,0,1000,10.0,0.8625735714445392,budget_cv,0.215
1f7f2e0f41,main,music,books,svm,self_training,0,100,target_only,0.5722821508468814,0.6208,0,100,0,1000,1.0,0.6913415065710699,budget_cv,0.063
1f7f2e0f41,main,music,books,svm,self_training,0,250,transfer,0.8605200581775647,0.8608,2000,250,0,1000,1.0,0.8614037606560382,budget_cv,0.207
1f7f2e0f41,main,music,books,svm,self_training,0,250,target_only,0.7968302277767885,0.7992,0,250,0,1000,10.0,0.8043164670882063,budget_cv,0.068
1f7f2e0f41,main,music,books,svm,self_training,0,500,transfer,0.873536545697169,0.8736,2000,500,0,1000,1.0,0.8812019590718908,budget_cv,0.218
1f7f2e0f41,main,music,books,svm,self_training,0,500,target_only,0.8570973616090021,0.8572,0,500,0,1000,10.0,0.8630286413569772,budget_cv,0.08
1f7f2e0f41,main,music,books,svm,self_training,0,1000,transfer,0.8851998346877619,0.8852,2000,1000,0,1000,1.0,0.9137619745536988,budget_cv,0.261
1f7f2e0f41,main,music,books,svm,self_training,0,1000,target_only,0.8719999180799476,0.872,0,1000,0,1000,1.0,0.8938382896784512,budget_cv,0.111
1f7f2e0f41,main,music,books,svm,self_training,0,2000,transfer,0.8971636535217007,0.8972,2000,2000,0,1000,1.0,0.8997403893512136,budget_cv,0.344
1f7f2e0f41,main,music,books,svm,self_training,0,2000,target_only,0.8895626103173491,0.8896,0,2000,0,1000,1.0,0.895802827772271,budget_cv,0.205
1f7f2e0f41,main,music,books,svm,self_training,1,0,uda_self_training,0.7911532517438704,0.7952,2000,0,0,1000,1.0,0.8759682478714551,source_val_fallback,0.083
1f7f2e0f41,main,music,books,svm,self_training,1,50,transfer,0.7109951271924769,0.7256,2000,50,0,1000,0.1,0.8151963776963776,budget_cv,0.171
1f7f2e0f41,main,music,books,svm,self_training,1,50,target_only,0.6291864517034476,0.6432,0,50,0,1000,0.01,0.6209130781499203,budget_cv,0.052
1f7f2e0f41,main,music,books,svm,self_training,1,100,transfer,0.8455995882655687,0.8464,2000,100,0,1000,1.0,0.8314534303237769,budget_cv,0.188
1f7f2e0f41,main,music,books,svm,self_training,1,100,target_only,0.649464942247941,0.6764,0,100,0,1000,10.0,0.7188309499735182,budget_cv,0.063
1f7f2e0f41,main,music,books,svm,self_training,1,250,transfer,0.871558384916713,0.8716,2000,250,0,1000,1.0,0.8711750007098845,budget_cv,0.202
1f7f2e0f41,main,music,books,svm,self_training,1,250,target_only,0.7123977907568332,0.7188,0,250,0,1000,0.1,0.7901388352821025,budget_cv,0.06
1f7f2e0f41,main,music,books,svm,self_training,1,500,transfer,0.8767980287684602,0.8768,2000,500,0,1000,10.0,0.8655195314341829,budget_cv,0.248
1f7f2e0f41,main,music,books,svm,self_training,1,500,target_only,0.8663996579831245,0.8664,0,500,0,1000,10.0,0.8397805878160621,budget_cv,0.082
1f7f2e0f41,main,music,books,svm,self_training,1,1000,transfer,0.8899998415997719,0.89,2000,1000,0,1000,1.0,0.8829532682388542,budget_cv,0.26
1f7f2e0f41,main,music,books,svm,self_training,1,1000,target_only,0.8723994895979583,0.8724,0,1000,0,1000,1.0,0.8709803989317497,budget_cv,0.109
1f7f2e0f41,main,music,books,svm,self_training,1,2000,transfer,0.8971636535217007,0.8972,2000,2000,0,1000,1.0,0.909738688866374,budget_cv,0.338
1f7f2e0f41,main,music,books,svm,self_training,1,2000,target_only,0.8895626103173491,0.8896,0,2000,0,1000,1.0,0.8942041595656987,budget_cv,0.197
1f7f2e0f41,main,music,books,svm,self_training,2,0,uda_self_training,0.7911532517438704,0.7952,2000,0,0,1000,1.0,0.8759682478714551,source_val_fallback,0.086
1f7f2e0f41,main,music,books,svm,self_training,2,50,transfer,0.8269223041716647,0.8284,2000,50,0,1000,1.0,0.9155952234899605,budget_cv,0.196
1f7f2e0f41,main,music,books,svm,self_training,2,50,target_only,0.50693533755423,0.5804,0,50,0,1000,0.01,0.7455720749838397,budget_cv,0.05
1f7f2e0f41,main,music,books,svm,self_training,2,100,transfer,0.8468588259668419,0.8472,2000,100,0,1000,10.0,0.8607426559032151,budget_cv,0.22
1f7f2e0f41,main,music,books,svm,self_training,2,100,target_only,0.47729714550826563,0.5616,0,100,0,1000,0.01,0.6569354335950689,budget_cv,0.054
1f7f2e0f41,main,music,books,svm,self_training,2,250,transfer,0.8571451208696332,0.8572,2000,250,0,1000,10.0,0.855236889677065,budget_cv,0.231
1f7f2e0f41,main,music,books,svm,self_training,2,250,target_only,0.6219591011533873,0.6496,0,250,0,1000,0.01,0.783333233094084,budget_cv,0.062
1f7f2e0f41,main,music,books,svm,self_training,2,500,transfer,0.8779999804799969,0.878,2000,500,0,1000,1.0,0.9005544195131066,budget_cv,0.233
1f7f2e0f41,main,music,books,svm,self_training,2,500,target_only,0.6861790582897953,0.6996,0,500,0,1000,0.01,0.852008200360971,budget_cv,0.072
1f7f2e0f41,main,music,books,svm,self_training,2,1000,transfer,0.8803646070653541,0.8804,2000,1000,0,1000,10.0,0.9005276977693085,budget_cv,0.31
1f7f2e0f41,main,music,books,svm,self_training,2,1000,target_only,0.8703986728824102,0.8704,0,1000,0,1000,1.0,0.8964692531166141,budget_cv,0.12
1f7f2e0f41,main,music,books,svm,self_training,2,2000,transfer,0.8971636535217007,0.8972,2000,2000,0,1000,1.0,0.9077353069396912,budget_cv,0.358
1f7f2e0f41,main,music,books,svm,self_training,2,2000,target_only,0.8895626103173491,0.8896,0,2000,0,1000,1.0,0.9017903652610698,budget_cv,0.208
1f7f2e0f41,main,music,books,svm,self_training,3,0,uda_self_training,0.7911532517438704,0.7952,2000,0,0,1000,1.0,0.8759682478714551,source_val_fallback,0.087
1f7f2e0f41,main,music,books,svm,self_training,3,50,transfer,0.8360979224304221,0.8372,2000,50,0,1000,1.0,0.7656034024455077,budget_cv,0.19
1f7f2e0f41,main,music,books,svm,self_training,3,50,target_only,0.5721779975569888,0.6172,0,50,0,1000,0.01,0.5274542010239951,budget_cv,0.05
1f7f2e0f41,main,music,books,svm,self_training,3,100,transfer,0.8402479030625886,0.8412,2000,100,0,1000,1.0,0.8105082930276728,budget_cv,0.197
1f7f2e0f41,main,music,books,svm,self_training,3,100,target_only,0.51008272747664,0.574,0,100,0,1000,0.01,0.6991582491582492,budget_cv,0.061
1f7f2e0f41,main,music,books,svm,self_training,3,250,transfer,0.8545234549068397,0.8548,2000,250,0,1000,1.0,0.84447410674463,budget_cv,0.21
1f7f2e0f41,main,music,books,svm,self_training,3,250,target_only,0.7768617677616015,0.7788,0,250,0,1000,1.0,0.7728145502940632,budget_cv,0.075
1f7f2e0f41,main,music,books,svm,self_training,3,500,transfer,0.8743536817412372,0.8744,2000,500,0,1000,1.0,0.8843082898680475,budget_cv,0.222
1f7f2e0f41,main,music,books,svm,self_training,3,500,target_only,0.8566876431121999,0.8568,0,500,0,1000,10.0,0.832144467078185,budget_cv,0.092
1f7f2e0f41,main,music,books,svm,self_training,3,1000,transfer,0.8819998300797554,0.882,2000,1000,0,1000,1.0,0.8804712505234565,budget_cv,0.278
1f7f2e0f41,main,music,books,svm,self_training,3,1000,target_only,0.8703917050691244,0.8704,0,1000,0,1000,1.0,0.8732967511803946,budget_cv,0.116
1f7f2e0f41,main,music,books,svm,self_training,3,2000,transfer,0.8971636535217007,0.8972,2000,2000,0,1000,1.0,0.9092206205271548,budget_cv,0.347
1f7f2e0f41,main,music,books,svm,self_training,3,2000,target_only,0.8895626103173491,0.8896,0,2000,0,1000,1.0,0.9032720290945971,budget_cv,0.207
1f7f2e0f41,main,music,books,svm,self_training,4,0,uda_self_training,0.7911532517438704,0.7952,2000,0,0,1000,1.0,0.8759682478714551,source_val_fallback,0.088
1f7f2e0f41,main,music,books,svm,self_training,4,50,transfer,0.8434513533510081,0.844,2000,50,0,1000,10.0,0.7642556517556517,budget_cv,0.218
1f7f2e0f41,main,music,books,svm,self_training,4,50,target_only,0.6318987305467025,0.6468,0,50,0,1000,0.01,0.5829124579124579,budget_cv,0.051
1f7f2e0f41,main,music,books,svm,self_training,4,100,transfer,0.8489726373671981,0.8492,2000,100,0,1000,10.0,0.8265356066714301,budget_cv,0.219
1f7f2e0f41,main,music,books,svm,self_training,4,100,target_only,0.5973290487818458,0.6112,0,100,0,1000,0.01,0.754075279483628,budget_cv,0.059
1f7f2e0f41,main,music,books,svm,self_training,4,250,transfer,0.8605397336725691,0.8608,2000,250,0,1000,1.0,0.8435134706557429,budget_cv,0.206
1f7f2e0f41,main,music,books,svm,self_training,4,250,target_only,0.8338734514403692,0.834,0,250,0,1000,10.0,0.8009928367672706,budget_cv,0.113
1f7f2e0f41,main,music,books,svm,self_training,4,500,transfer,0.8731142252162462,0.8732,2000,500,0,1000,1.0,0.8692677286804077,budget_cv,0.226
1f7f2e0f41,main,music,books,svm,self_training,4,500,target_only,0.8530747256340646,0.8532,0,500,0,1000,10.0,0.8482940219093497,budget_cv,0.142
1f7f2e0f41,main,music,books,svm,self_training,4,1000,transfer,0.8911982591721468,0.8912,2000,1000,0,1000,1.0,0.8946467582467262,budget_cv,0.273
1f7f2e0f41,main,music,books,svm,self_training,4,1000,target_only,0.8727640889364614,0.8728,0,1000,0,1000,10.0,0.8857294706167159,budget_cv,0.157
1f7f2e0f41,main,music,books,svm,self_training,4,2000,transfer,0.8971636535217007,0.8972,2000,2000,0,1000,1.0,0.9037907856529578,budget_cv,0.352
1f7f2e0f41,main,music,books,svm,self_training,4,2000,target_only,0.8895626103173491,0.8896,0,2000,0,1000,1.0,0.8943011218814538,budget_cv,0.19
1f7f2e0f41,main,music,electronics,logreg,random,0,0,source_only,0.7547475173252475,0.7628,2000,0,0,0,10.0,0.8779604591887772,source_val_fallback,0.09
1f7f2e0f41,main,music,electronics,logreg,random,0,50,transfer,0.80219509717349,0.8056,2000,50,0,0,10.0,0.6786738087047685,budget_cv,0.299
1f7f2e0f41,main,music,electronics,logreg,random,0,50,target_only,0.7513125172699641,0.7516,0,50,0,0,0.01,0.7276269423008553,budget_cv,0.094
1f7f2e0f41,main,music,electronics,logreg,random,0,100,transfer,0.8194945848375452,0.8216,2000,100,0,0,10.0,0.7404151404151404,budget_cv,0.302
1f7f2e0f41,main,music,electronics,logreg,random,0,100,target_only,0.7954468883861963,0.796,0,100,0,0,1.0,0.7691368788142983,budget_cv,0.1
1f7f2e0f41,main,music,electronics,logreg,random,0,250,transfer,0.8546484548408007,0.8552,2000,250,0,0,10.0,0.8042309305095086,budget_cv,0.309
1f7f2e0f41,main,music,electronics,logreg,random,0,250,target_only,0.8515674873424275,0.8516,0,250,0,0,10.0,0.8236404894383532,budget_cv,0.119
1f7f2e0f41,main,music,electronics,logreg,random,0,500,transfer,0.8802864349236259,0.8804,2000,500,0,0,10.0,0.8549210846887325,budget_cv,0.318
1f7f2e0f41,main,music,electronics,logreg,random,0,500,target_only,0.8799397585732618,0.88,0,500,0,0,10.0,0.8659699616953535,budget_cv,0.132
1f7f2e0f41,main,music,electronics,logreg,random,0,1000,transfer,0.8923651263009216,0.8924,2000,1000,0,0,10.0,0.8883418039364,budget_cv,0.35
1f7f2e0f41,main,music,electronics,logreg,random,0,1000,target_only,0.8963796904193222,0.8964,0,1000,0,0,10.0,0.8896719654498684,budget_cv,0.169
1f7f2e0f41,main,music,electronics,logreg,random,0,2000,transfer,0.9087999416319626,0.9088,2000,2000,0,0,10.0,0.9078779758627246,budget_cv,0.426
1f7f2e0f41,main,music,electronics,logreg,random,0,2000,target_only,0.907577508062362,0.9076,0,2000,0,0,10.0,0.9049587246730152,budget_cv,0.227
1f7f2e0f41,main,music,electronics,logreg,random,1,0,source_only,0.7547475173252475,0.7628,2000,0,0,0,10.0,0.8779604591887772,source_val_fallback,0.088
1f7f2e0f41,main,music,electronics,logreg,random,1,50,transfer,0.7804194447430448,0.7856,2000,50,0,0,10.0,0.7466333988073118,budget_cv,0.304
1f7f2e0f41,main,music,electronics,logreg,random,1,50,target_only,0.730197820258438,0.7344,0,50,0,0,0.1,0.8220779220779221,budget_cv,0.093
1f7f2e0f41,main,music,electronics,logreg,random,1,100,transfer,0.8048018739020105,0.808,2000,100,0,0,10.0,0.8622675939486285,budget_cv,0.301
1f7f2e0f41,main,music,electronics,logreg,random,1,100,target_only,0.813576615050592,0.8136,0,100,0,0,1.0,0.7655279771520038,budget_cv,0.099
1f7f2e0f41,main,music,electronics,logreg,random,1,250,transfer,0.8361397826131878,0.8376,2000,250,0,0,10.0,0.8509897551588846,budget_cv,0.308
1f7f2e0f41,main,music,electronics,logreg,random,1,250,target_only,0.8464973910969128,0.8468,0,250,0,0,0.01,0.8252231859401306,budget_cv,0.111
1f7f2e0f41,main,music,electronics,logreg,random,1,500,transfer,0.879894768600457,0.88,2000,500,0,0,10.0,0.8812303236465807,budget_cv,0.32
1f7f2e0f41,main,music,electronics,logreg,random,1,500,target_only,0.8851985121727177,0.8852,0,500,0,0,10.0,0.8757659804064213,budget_cv,0.134
1f7f2e0f41,main,music,electronics,logreg,random,1,1000,transfer,0.8959933435739887,0.896,2000,1000,0,0,10.0,0.8954151721977958,budget_cv,0.35
1f7f2e0f41,main,music,electronics,logreg,random,1,1000,target_only,0.8935825645673787,0.8936,0,1000,0,0,10.0,0.8988531015972416,budget_cv,0.166
1f7f2e0f41,main,music,electronics,logreg,random,1,2000,transfer,0.9087999416319626,0.9088,2000,2000,0,0,10.0,0.9068791268325459,budget_cv,0.434
1f7f2e0f41,main,music,electronics,logreg,random,1,2000,target_only,0.907577508062362,0.9076,0,2000,0,0,10.0,0.9049478076438011,budget_cv,0.227
1f7f2e0f41,main,music,electronics,logreg,random,2,0,source_only,0.7547475173252475,0.7628,2000,0,0,0,10.0,0.8779604591887772,source_val_fallback,0.089
1f7f2e0f41,main,music,electronics,logreg,random,2,50,transfer,0.7759207931714447,0.7816,2000,50,0,0,10.0,0.7978299478299479,budget_cv,0.303
1f7f2e0f41,main,music,electronics,logreg,random,2,50,target_only,0.7533226832908728,0.754,0,50,0,0,0.01,0.7535492829610476,budget_cv,0.095
1f7f2e0f41,main,music,electronics,logreg,random,2,100,transfer,0.7909611605836364,0.7952,2000,100,0,0,10.0,0.834958869441628,budget_cv,0.3
1f7f2e0f41,main,music,electronics,logreg,random,2,100,target_only,0.7682981081418582,0.772,0,100,0,0,0.1,0.7831936211176979,budget_cv,0.099
1f7f2e0f41,main,music,electronics,logreg,random,2,250,transfer,0.8399719834073923,0.8412,2000,250,0,0,10.0,0.8359667806901941,budget_cv,0.308
1f7f2e0f41,main,music,electronics,logreg,random,2,250,target_only,0.8571652397327414,0.8572,0,250,0,0,10.0,0.842924482924483,budget_cv,0.115
1f7f2e0f41,main,music,electronics,logreg,random,2,500,transfer,0.8646245133914074,0.8652,2000,500,0,0,10.0,0.8529035796183114,budget_cv,0.322
1f7f2e0f41,main,music,electronics,logreg,random,2,500,target_only,0.8702005449654157,0.8704,0,500,0,0,10.0,0.8486851868870641,budget_cv,0.131
1f7f2e0f41,main,music,electronics,logreg,random,2,1000,transfer,0.8939792199271057,0.894,2000,1000,0,0,10.0,0.8804080541607421,budget_cv,0.354
1f7f2e0f41,main,music,electronics,logreg,random,2,1000,target_only,0.9031938044034818,0.9032,0,1000,0,0,10.0,0.8709266276153699,budget_cv,0.164
1f7f2e0f41,main,music,electronics,logreg,random,2,2000,transfer,0.9087999416319626,0.9088,2000,2000,0,0,10.0,0.9048241381198956,budget_cv,0.425
1f7f2e0f41,main,music,electronics,logreg,random,2,2000,target_only,0.9011848061757977,0.9012,0,2000,0,0,1.0,0.9009030625593727,budget_cv,0.213
1f7f2e0f41,main,music,electronics,logreg,random,3,0,source_only,0.7547475173252475,0.7628,2000,0,0,0,10.0,0.8779604591887772,source_val_fallback,0.089
1f7f2e0f41,main,music,electronics,logreg,random,3,50,transfer,0.7765650957878578,0.7824,2000,50,0,0,10.0,0.8236830548043362,budget_cv,0.301
1f7f2e0f41,main,music,electronics,logreg,random,3,50,target_only,0.746946584484323,0.7532,0,50,0,0,0.1,0.6391414141414141,budget_cv,0.091
1f7f2e0f41,main,music,electronics,logreg,random,3,100,transfer,0.8117611625630601,0.8144,2000,100,0,0,10.0,0.8084289629830427,budget_cv,0.301
1f7f2e0f41,main,music,electronics,logreg,random,3,100,target_only,0.7993545552852122,0.8024,0,100,0,0,10.0,0.6784459190087772,budget_cv,0.109
1f7f2e0f41,main,music,electronics,logreg,random,3,250,transfer,0.8496717860792536,0.8504,2000,250,0,0,10.0,0.8427518412477145,budget_cv,0.303
1f7f2e0f41,main,music,electronics,logreg,random,3,250,target_only,0.8635921210809137,0.8636,0,250,0,0,10.0,0.8478180378668919,budget_cv,0.118
1f7f2e0f41,main,music,electronics,logreg,random,3,500,transfer,0.8769911999424302,0.8772,2000,500,0,0,10.0,0.8713344685438812,budget_cv,0.321
1f7f2e0f41,main,music,electronics,logreg,random,3,500,target_only,0.8818820521419869,0.882,0,500,0,0,0.01,0.9039789457655432,budget_cv,0.122
1f7f2e0f41,main,music,electronics,logreg,random,3,1000,transfer,0.8959616473016613,0.896,2000,1000,0,0,10.0,0.8962553215015691,budget_cv,0.352
1f7f2e0f41,main,music,electronics,logreg,random,3,1000,target_only,0.8991947742570975,0.8992,0,1000,0,0,10.0,0.8907936686060923,budget_cv,0.163
1f7f2e0f41,main,music,electronics,logreg,random,3,2000,transfer,0.9087999416319626,0.9088,2000,2000,0,0,10.0,0.9018371456871379,budget_cv,0.43
1f7f2e0f41,main,music,electronics,logreg,random,3,2000,target_only,0.907577508062362,0.9076,0,2000,0,0,10.0,0.9064134512033859,budget_cv,0.227
1f7f2e0f41,main,music,electronics,logreg,random,4,0,source_only,0.7547475173252475,0.7628,2000,0,0,0,10.0,0.8779604591887772,source_val_fallback,0.088
1f7f2e0f41,main,music,electronics,logreg,random,4,50,transfer,0.8026038742279618,0.8056,2000,50,0,0,10.0,0.7773692810457516,budget_cv,0.3
1f7f2e0f41,main,music,electronics,logreg,random,4,50,target_only,0.738434543039407,0.7448,0,50,0,0,0.01,0.6840519256995229,budget_cv,0.097
1f7f2e0f41,main,music,electronics,logreg,random,4,100,transfer,0.8265828069516581,0.828,2000,100,0,0,10.0,0.7793608124253285,budget_cv,0.299
1f7f2e0f41,main,music,electronics,logreg,random,4,100,target_only,0.7895791178478104,0.7916,0,100,0,0,0.01,0.8971780832477569,budget_cv,0.104
1f7f2e0f41,main,music,electronics,logreg,random,4,250,transfer,0.8597382378890781,0.86,2000,250,0,0,10.0,0.8313945417674041,budget_cv,0.308
1f7f2e0f41,main,music,electronics,logreg,random,4,250,target_only,0.8359869595528528,0.8372,0,250,0,0,1.0,0.8415302250920885,budget_cv,0.115
1f7f2e0f41,main,music,electronics,logreg,random,4,500,transfer,0.8795736218061204,0.8796,2000,500,0,0,10.0,0.8538063037491801,budget_cv,0.318
1f7f2e0f41,main,music,electronics,logreg,random,4,500,target_only,0.8748922148312392,0.8752,0,500,0,0,10.0,0.8574911691818233,budget_cv,0.136
1f7f2e0f41,main,music,electronics,logreg,random,4,1000,transfer,0.8991997419513393,0.8992,2000,1000,0,0,10.0,0.8949427246617357,budget_cv,0.352
1f7f2e0f41,main,music,electronics,logreg,random,4,1000,target_only,0.8935427004230758,0.8936,0,1000,0,0,10.0,0.8929319895125575,budget_cv,0.163
1f7f2e0f41,main,music,electronics,logreg,random,4,2000,transfer,0.9087999416319626,0.9088,2000,2000,0,0,10.0,0.9048499389216889,budget_cv,0.439
1f7f2e0f41,main,music,electronics,logreg,random,4,2000,target_only,0.907577508062362,0.9076,0,2000,0,0,10.0,0.9064541182136855,budget_cv,0.225
1f7f2e0f41,main,music,electronics,logreg,uncertainty,0,0,source_only,0.7547475173252475,0.7628,2000,0,0,0,10.0,0.8779604591887772,source_val_fallback,0.087
1f7f2e0f41,main,music,electronics,logreg,uncertainty,0,50,transfer,0.8163833307772599,0.8184,2000,50,0,0,10.0,0.7742878055921535,budget_cv,0.297
1f7f2e0f41,main,music,electronics,logreg,uncertainty,0,50,target_only,0.6379132810236958,0.6712,0,50,0,0,0.01,0.5179337478188053,budget_cv,0.105
1f7f2e0f41,main,music,electronics,logreg,uncertainty,0,100,transfer,0.8489021317063608,0.8492,2000,100,0,0,10.0,0.7235166562996752,budget_cv,0.3
1f7f2e0f41,main,music,electronics,logreg,uncertainty,0,100,target_only,0.5230813371425781,0.6,0,100,0,0,0.01,0.558257513873651,budget_cv,0.112
1f7f2e0f41,main,music,electronics,logreg,uncertainty,0,250,transfer,0.8755942474780034,0.8756,2000,250,0,0,10.0,0.6893572397556377,budget_cv,0.308
1f7f2e0f41,main,music,electronics,logreg,uncertainty,0,250,target_only,0.5632972146251717,0.6236,0,250,0,0,0.01,0.5755486222650371,budget_cv,0.123
1f7f2e0f41,main,music,electronics,logreg,uncertainty,0,500,transfer,0.8979608006211666,0.898,2000,500,0,0,10.0,0.7036924326435491,budget_cv,0.33
1f7f2e0f41,main,music,electronics,logreg,uncertainty,0,500,target_only,0.750217118965822,0.7556,0,500,0,0,0.1,0.6591390607881392,budget_cv,0.129
1f7f2e0f41,main,music,electronics,logreg,uncertainty,0,1000,transfer,0.9043992504901239,0.9044,2000,1000,0,0,10.0,0.8003195385773073,budget_cv,0.368
1f7f2e0f41,main,music,electronics,logreg,uncertainty,0,1000,target_only,0.8934155492128457,0.8936,0,1000,0,0,10.0,0.7413527053183936,budget_cv,0.168
1f7f2e0f41,main,music,electronics,logreg,uncertainty,0,2000,transfer,0.9087999416319626,0.9088,2000,2000,0,0,10.0,0.9038201236001645,budget_cv,0.424
1f7f2e0f41,main,music,electronics,logreg,uncertainty,0,2000,target_only,0.907577508062362,0.9076,0,2000,0,0,10.0,0.9089418815458595,budget_cv,0.224
1f7f2e0f41,main,music,electronics,logreg,uncertainty,1,0,source_only,0.7547475173252475,0.7628,2000,0,0,0,10.0,0.8779604591887772,source_val_fallback,0.087
1f7f2e0f41,main,music,electronics,logreg,uncertainty,1,50,transfer,0.7976529039698954,0.8012,2000,50,0,0,10.0,0.7205502227241357,budget_cv,0.3
1f7f2e0f41,main,music,electronics,logreg,uncertainty,1,50,target_only,0.7378320066338213,0.7408,0,50,0,0,0.01,0.7623440285204991,budget_cv,0.101
1f7f2e0f41,main,music,electronics,logreg,uncertainty,1,100,transfer,0.8438150185229767,0.8444,2000,100,0,0,10.0,0.7505969054288383,budget_cv,0.328
1f7f2e0f41,main,music,electronics,logreg,uncertainty,1,100,target_only,0.6705996948132041,0.6944,0,100,0,0,0.01,0.5890889689209017,budget_cv,0.11
1f7f2e0f41,main,music,electronics,logreg,uncertainty,1,250,transfer,0.8571537178045687,0.8572,2000,250,0,0,1.0,0.6291524017878883,budget_cv,0.308
1f7f2e0f41,main,music,electronics,logreg,uncertainty,1,250,target_only,0.6187647762446654,0.6616,0,250,0,0,0.01,0.536942511386587,budget_cv,0.128
1f7f2e0f41,main,music,electronics,logreg,uncertainty,1,500,transfer,0.8971572009407435,0.8972,2000,500,0,0,10.0,0.7020825895412827,budget_cv,0.338
1f7f2e0f41,main,music,electronics,logreg,uncertainty,1,500,target_only,0.7625877753309884,0.7668,0,500,0,0,0.1,0.6152804266627449,budget_cv,0.13
1f7f2e0f41,main,music,electronics,logreg,uncertainty,1,1000,transfer,0.9067981956130671,0.9068,2000,1000,0,0,10.0,0.798492848631971,budget_cv,0.369
1f7f2e0f41,main,music,electronics,logreg,uncertainty,1,1000,target_only,0.8954614906566605,0.8956,0,1000,0,0,10.0,0.767113978229561,budget_cv,0.17
1f7f2e0f41,main,music,electronics,logreg,uncertainty,1,2000,transfer,0.9087999416319626,0.9088,2000,2000,0,0,10.0,0.9053568921478984,budget_cv,0.433
1f7f2e0f41,main,music,electronics,logreg,uncertainty,1,2000,target_only,0.907577508062362,0.9076,0,2000,0,0,10.0,0.9069754976321507,budget_cv,0.231
1f7f2e0f41,main,music,electronics,logreg,uncertainty,2,0,source_only,0.7547475173252475,0.7628,2000,0,0,0,10.0,0.8779604591887772,source_val_fallback,0.086
1f7f2e0f41,main,music,electronics,logreg,uncertainty,2,50,transfer,0.7988525965768132,0.8024,2000,50,0,0,10.0,0.8598312315703619,budget_cv,0.298
1f7f2e0f41,main,music,electronics,logreg,uncertainty,2,50,target_only,0.6477460700014994,0.6756,0,50,0,0,0.01,0.7192865105908584,budget_cv,0.103
1f7f2e0f41,main,music,electronics,logreg,uncertainty,2,100,transfer,0.8450271210567833,0.8456,2000,100,0,0,10.0,0.8068314698346145,budget_cv,0.3
1f7f2e0f41,main,music,electronics,logreg,uncertainty,2,100,target_only,0.5636597507594565,0.6268,0,100,0,0,0.01,0.5567449697690554,budget_cv,0.11
1f7f2e0f41,main,music,electronics,logreg,uncertainty,2,250,transfer,0.8731910523606545,0.8732,2000,250,0,0,10.0,0.7174854151118217,budget_cv,0.31
1f7f2e0f41,main,music,electronics,logreg,uncertainty,2,250,target_only,0.584457145896542,0.64,0,250,0,0,0.01,0.5919614965838085,budget_cv,0.124
1f7f2e0f41,main,music,electronics,logreg,uncertainty,2,500,transfer,0.8951396004098361,0.8952,2000,500,0,0,10.0,0.7115936237211428,budget_cv,0.331
1f7f2e0f41,main,music,electronics,logreg,uncertainty,2,500,target_only,0.7672795355985012,0.7736,0,500,0,0,1.0,0.6497744593013356,budget_cv,0.133
1f7f2e0f41,main,music,electronics,logreg,uncertainty,2,1000,transfer,0.9055984895758332,0.9056,2000,1000,0,0,10.0,0.798189132491396,budget_cv,0.367
1f7f2e0f41,main,music,electronics,logreg,uncertainty,2,1000,target_only,0.8946478715264843,0.8948,0,1000,0,0,10.0,0.7464692827655354,budget_cv,0.168
1f7f2e0f41,main,music,electronics,logreg,uncertainty,2,2000,transfer,0.9087999416319626,0.9088,2000,2000,0,0,10.0,0.9063311226036967,budget_cv,0.424
1f7f2e0f41,main,music,electronics,logreg,uncertainty,2,2000,target_only,0.907577508062362,0.9076,0,2000,0,0,10.0,0.9099689671452652,budget_cv,0.232
1f7f2e0f41,main,music,electronics,logreg,uncertainty,3,0,source_only,0.7547475173252475,0.7628,2000,0,0,0,10.0,0.8779604591887772,source_val_fallback,0.088
1f7f2e0f41,main,music,electronics,logreg,uncertainty,3,50,transfer,0.8121124260806458,0.8148,2000,50,0,0,10.0,0.8617105117105117,budget_cv,0.299
1f7f2e0f41,main,music,electronics,logreg,uncertainty,3,50,target_only,0.662016324481032,0.6892,0,50,0,0,0.01,0.7237838650882128,budget_cv,0.104
1f7f2e0f41,main,music,electronics,logreg,uncertainty,3,100,transfer,0.8464732905323373,0.8472,2000,100,0,0,10.0,0.7495640229335881,budget_cv,0.3
1f7f2e0f41,main,music,electronics,logreg,uncertainty,3,100,target_only,0.5836853224097269,0.638,0,100,0,0,0.01,0.5942099810520863,budget_cv,0.106
1f7f2e0f41,main,music,electronics,logreg,uncertainty,3,250,transfer,0.8775717141688416,0.8776,2000,250,0,0,10.0,0.6618765258765259,budget_cv,0.313
1f7f2e0f41,main,music,electronics,logreg,uncertainty,3,250,target_only,0.5555510642820999,0.62,0,250,0,0,0.01,0.5359840108692354,budget_cv,0.121
1f7f2e0f41,main,music,electronics,logreg,uncertainty,3,500,transfer,0.8963721282476135,0.8964,2000,500,0,0,10.0,0.7026051176097061,budget_cv,0.335
1f7f2e0f41,main,music,electronics,logreg,uncertainty,3,500,target_only,0.7708752272256102,0.7756,0,500,0,0,1.0,0.6389968777804796,budget_cv,0.134
1f7f2e0f41,main,music,electronics,logreg,uncertainty,3,1000,transfer,0.9071985151762427,0.9072,2000,1000,0,0,10.0,0.8018981149883478,budget_cv,0.37
1f7f2e0f41,main,music,electronics,logreg,uncertainty,3,1000,target_only,0.8954553268995766,0.8956,0,1000,0,0,10.0,0.7471132774570868,budget_cv,0.171
1f7f2e0f41,main,music,electronics,logreg,uncertainty,3,2000,transfer,0.9087999416319626,0.9088,2000,2000,0,0,10.0,0.911353260888842,budget_cv,0.426
1f7f2e0f41,main,music,electronics,logreg,uncertainty,3,2000,target_only,0.907577508062362,0.9076,0,2000,0,0,10.0,0.9109360836394599,budget_cv,0.225
1f7f2e0f41,main,music,electronics,logreg,uncertainty,4,0,source_only,0.7547475173252475,0.7628,2000,0,0,0,10.0,0.8779604591887772,source_val_fallback,0.087
1f7f2e0f41,main,music,electronics,logreg,uncertainty,4,50,transfer,0.8086607288793874,0.8112,2000,50,0,0,10.0,0.8163200326243804,budget_cv,0.298
1f7f2e0f41,main,music,electronics,logreg,uncertainty,4,50,target_only,0.627540123526362,0.6616,0,50,0,0,0.01,0.6268192623265088,budget_cv,0.105
1f7f2e0f41,main,music,electronics,logreg,uncertainty,4,100,transfer,0.8456734450096404,0.846,2000,100,0,0,10.0,0.7684523489554936,budget_cv,0.303
1f7f2e0f41,main,music,electronics,logreg,uncertainty,4,100,target_only,0.5574089368887649,0.6224,0,100,0,0,0.01,0.6047147722435079,budget_cv,0.117
1f7f2e0f41,main,music,electronics,logreg,uncertainty,4,250,transfer,0.8775654440709346,0.8776,2000,250,0,0,10.0,0.6616366676669893,budget_cv,0.311
1f7f2e0f41,main,music,electronics,logreg,uncertainty,4,250,target_only,0.5877362639711343,0.642,0,250,0,0,0.01,0.5455644585157805,budget_cv,0.127
1f7f2e0f41,main,music,electronics,logreg,uncertainty,4,500,transfer,0.8935574229691876,0.8936,2000,500,0,0,10.0,0.7362892379707674,budget_cv,0.337
1f7f2e0f41,main,music,electronics,logreg,uncertainty,4,500,target_only,0.7566089650229114,0.7616,0,500,0,0,0.1,0.6222035360304976,budget_cv,0.133
1f7f2e0f41,main,music,electronics,logreg,uncertainty,4,1000,transfer,0.9055970395231594,0.9056,2000,1000,0,0,10.0,0.8104490103429084,budget_cv,0.368
1f7f2e0f41,main,music,electronics,logreg,uncertainty,4,1000,target_only,0.8906284879696946,0.8908,0,1000,0,0,10.0,0.7426845363052066,budget_cv,0.168
1f7f2e0f41,main,music,electronics,logreg,uncertainty,4,2000,transfer,0.9087999416319626,0.9088,2000,2000,0,0,10.0,0.9068734670772368,budget_cv,0.423
1f7f2e0f41,main,music,electronics,logreg,uncertainty,4,2000,target_only,0.907577508062362,0.9076,0,2000,0,0,10.0,0.912464849109269,budget_cv,0.233
1f7f2e0f41,main,music,electronics,logreg,self_training,0,0,uda_self_training,0.7148390643065834,0.7304,2000,0,0,1000,10.0,0.8779604591887772,source_val_fallback,0.192
1f7f2e0f41,main,music,electronics,logreg,self_training,0,50,transfer,0.7746839137189601,0.7816,2000,50,0,1000,10.0,0.6786738087047685,budget_cv,0.401
1f7f2e0f41,main,music,electronics,logreg,self_training,0,50,target_only,0.6605658109479071,0.6848,0,50,0,1000,0.01,0.7276269423008553,budget_cv,0.111
1f7f2e0f41,main,music,electronics,logreg,self_training,0,100,transfer,0.8112469426489123,0.8148,2000,100,0,1000,10.0,0.7404151404151404,budget_cv,0.4
1f7f2e0f41,main,music,electronics,logreg,self_training,0,100,target_only,0.817135494898722,0.8176,0,100,0,1000,1.0,0.7691368788142983,budget_cv,0.13
1f7f2e0f41,main,music,electronics,logreg,self_training,0,250,transfer,0.8495308904230837,0.8504,2000,250,0,1000,10.0,0.8042309305095086,budget_cv,0.411
1f7f2e0f41,main,music,electronics,logreg,self_training,0,250,target_only,0.8643817512084426,0.8644,0,250,0,1000,10.0,0.8236404894383532,budget_cv,0.166
1f7f2e0f41,main,music,electronics,logreg,self_training,0,500,transfer,0.8818634341298541,0.882,2000,500,0,1000,10.0,0.8549210846887325,budget_cv,0.414
1f7f2e0f41,main,music,electronics,logreg,self_training,0,500,target_only,0.887181515819552,0.8872,0,500,0,1000,10.0,0.8659699616953535,budget_cv,0.182
1f7f2e0f41,main,music,electronics,logreg,self_training,0,1000,transfer,0.8927571028411365,0.8928,2000,1000,0,1000,10.0,0.8883418039364,budget_cv,0.483
1f7f2e0f41,main,music,electronics,logreg,self_training,0,1000,target_only,0.8899978703587701,0.89,0,1000,0,1000,10.0,0.8896719654498684,budget_cv,0.228
1f7f2e0f41,main,music,electronics,logreg,self_training,0,2000,transfer,0.9079994700769476,0.908,2000,2000,0,1000,10.0,0.9078779758627246,budget_cv,0.591
1f7f2e0f41,main,music,electronics,logreg,self_training,0,2000,target_only,0.9055804211561309,0.9056,0,2000,0,1000,10.0,0.9049587246730152,budget_cv,0.31
1f7f2e0f41,main,music,electronics,logreg,self_training,1,0,uda_self_training,0.7148390643065834,0.7304,2000,0,0,1000,10.0,0.8779604591887772,source_val_fallback,0.191
1f7f2e0f41,main,music,electronics,logreg,self_training,1,50,transfer,0.7640820656676328,0.772,2000,50,0,1000,10.0,0.7466333988073118,budget_cv,0.4
1f7f2e0f41,main,music,electronics,logreg,self_training,1,50,target_only,0.5082319251513021,0.5812,0,50,0,1000,0.1,0.8220779220779221,budget_cv,0.116
1f7f2e0f41,main,music,electronics,logreg,self_training,1,100,transfer,0.790251409903804,0.7952,2000,100,0,1000,10.0,0.8622675939486285,budget_cv,0.405
1f7f2e0f41,main,music,electronics,logreg,self_training,1,100,target_only,0.8065406164154912,0.8076,0,100,0,1000,1.0,0.7655279771520038,budget_cv,0.128
1f7f2e0f41,main,music,electronics,logreg,self_training,1,250,transfer,0.8411733867702038,0.8428,2000,250,0,1000,10.0,0.8509897551588846,budget_cv,0.41
1f7f2e0f41,main,music,electronics,logreg,self_training,1,250,target_only,0.721086636428611,0.7332,0,250,0,1000,0.01,0.8252231859401306,budget_cv,0.13
1f7f2e0f41,main,music,electronics,logreg,self_training,1,500,transfer,0.8830484307662732,0.8832,2000,500,0,1000,10.0,0.8812303236465807,budget_cv,0.414
1f7f2e0f41,main,music,electronics,logreg,self_training,1,500,target_only,0.8831997009912345,0.8832,0,500,0,1000,10.0,0.8757659804064213,budget_cv,0.182
1f7f2e0f41,main,music,electronics,logreg,self_training,1,1000,transfer,0.897590561946189,0.8976,2000,1000,0,1000,10.0,0.8954151721977958,budget_cv,0.474
1f7f2e0f41,main,music,electronics,logreg,self_training,1,1000,target_only,0.8983921314866623,0.8984,0,1000,0,1000,10.0,0.8988531015972416,budget_cv,0.221
1f7f2e0f41,main,music,electronics,logreg,self_training,1,2000,transfer,0.9079994700769476,0.908,2000,2000,0,1000,10.0,0.9068791268325459,budget_cv,0.604
1f7f2e0f41,main,music,electronics,logreg,self_training,1,2000,target_only,0.9055804211561309,0.9056,0,2000,0,1000,10.0,0.9049478076438011,budget_cv,0.343
1f7f2e0f41,main,music,electronics,logreg,self_training,2,0,uda_self_training,0.7148390643065834,0.7304,2000,0,0,1000,10.0,0.8779604591887772,source_val_fallback,0.19
1f7f2e0f41,main,music,electronics,logreg,self_training,2,50,transfer,0.7543549010561492,0.7636,2000,50,0,1000,10.0,0.7978299478299479,budget_cv,0.401
1f7f2e0f41,main,music,electronics,logreg,self_training,2,50,target_only,0.5532100735808589,0.6092,0,50,0,1000,0.01,0.7535492829610476,budget_cv,0.113
1f7f2e0f41,main,music,electronics,logreg,self_training,2,100,transfer,0.779614542545577,0.7856,2000,100,0,1000,10.0,0.834958869441628,budget_cv,0.403
1f7f2e0f41,main,music,electronics,logreg,self_training,2,100,target_only,0.6008348203756692,0.6412,0,100,0,1000,0.1,0.7831936211176979,budget_cv,0.124
1f7f2e0f41,main,music,electronics,logreg,self_training,2,250,transfer,0.8392434652064695,0.8408,2000,250,0,1000,10.0,0.8359667806901941,budget_cv,0.407
1f7f2e0f41,main,music,electronics,logreg,self_training,2,250,target_only,0.8542431889924457,0.8544,0,250,0,1000,10.0,0.842924482924483,budget_cv,0.16
1f7f2e0f41,main,music,electronics,logreg,self_training,2,500,transfer,0.8641866888168266,0.8648,2000,500,0,1000,10.0,0.8529035796183114,budget_cv,0.422
1f7f2e0f41,main,music,electronics,logreg,self_training,2,500,target_only,0.8693561872909699,0.8696,0,500,0,1000,10.0,0.8486851868870641,budget_cv,0.184
1f7f2e0f41,main,music,electronics,logreg,self_training,2,1000,transfer,0.896773574034953,0.8968,2000,1000,0,1000,10.0,0.8804080541607421,budget_cv,0.482
1f7f2e0f41,main,music,electronics,logreg,self_training,2,1000,target_only,0.8983989596053463,0.8984,0,1000,0,1000,10.0,0.8709266276153699,budget_cv,0.226
1f7f2e0f41,main,music,electronics,logreg,self_training,2,2000,transfer,0.9079994700769476,0.908,2000,2000,0,1000,10.0,0.9048241381198956,budget_cv,0.59
1f7f2e0f41,main,music,electronics,logreg,self_training,2,2000,target_only,0.8987963566688401,0.8988,0,2000,0,1000,1.0,0.9009030625593727,budget_cv,0.27
1f7f2e0f41,main,music,electronics,logreg,self_training,3,0,uda_self_training,0.7148390643065834,0.7304,2000,0,0,1000,10.0,0.8779604591887772,source_val_fallback,0.19
1f7f2e0f41,main,music,electronics,logreg,self_training,3,50,transfer,0.7536591601508404,0.7632,2000,50,0,1000,10.0,0.8236830548043362,budget_cv,0.402
1f7f2e0f41,main,music,electronics,logreg,self_training,3,50,target_only,0.5119894653602701,0.5844,0,50,0,1000,0.1,0.6391414141414141,budget_cv,0.117
1f7f2e0f41,main,music,electronics,logreg,self_training,3,100,transfer,0.8003283271956412,0.8044,2000,100,0,1000,10.0,0.8084289629830427,budget_cv,0.403
1f7f2e0f41,main,music,electronics,logreg,self_training,3,100,target_only,0.8059932035835651,0.8116,0,100,0,1000,10.0,0.6784459190087772,budget_cv,0.15
1f7f2e0f41,main,music,electronics,logreg,self_training,3,250,transfer,0.84817915664931,0.8492,2000,250,0,1000,10.0,0.8427518412477145,budget_cv,0.409
1f7f2e0f41,main,music,electronics,logreg,self_training,3,250,target_only,0.8739999798399968,0.874,0,250,0,1000,10.0,0.8478180378668919,budget_cv,0.163
1f7f2e0f41,main,music,electronics,logreg,self_training,3,500,transfer,0.8797919727964426,0.88,2000,500,0,1000,10.0,0.8713344685438812,budget_cv,0.427
1f7f2e0f41,main,music,electronics,logreg,self_training,3,500,target_only,0.8313600857268959,0.832,0,500,0,1000,0.01,0.9039789457655432,budget_cv,0.144
1f7f2e0f41,main,music,electronics,logreg,self_training,3,1000,transfer,0.895549445931831,0.8956,2000,1000,0,1000,10.0,0.8962553215015691,budget_cv,0.476
1f7f2e0f41,main,music,electronics,logreg,self_training,3,1000,target_only,0.8951957072161676,0.8952,0,1000,0,1000,10.0,0.8907936686060923,budget_cv,0.227
1f7f2e0f41,main,music,electronics,logreg,self_training,3,2000,transfer,0.9079994700769476,0.908,2000,2000,0,1000,10.0,0.9018371456871379,budget_cv,0.596
1f7f2e0f41,main,music,electronics,logreg,self_training,3,2000,target_only,0.9055804211561309,0.9056,0,2000,0,1000,10.0,0.9064134512033859,budget_cv,0.311
1f7f2e0f41,main,music,electronics,logreg,self_training,4,0,uda_self_training,0.7148390643065834,0.7304,2000,0,0,1000,10.0,0.8779604591887772,source_val_fallback,0.191
1f7f2e0f41,main,music,electronics,logreg,self_training,4,50,transfer,0.7858817831174432,0.7912,2000,50,0,1000,10.0,0.7773692810457516,budget_cv,0.401
1f7f2e0f41,main,music,electronics,logreg,self_training,4,50,target_only,0.6609998760228117,0.692,0,50,0,1000,0.01,0.6840519256995229,budget_cv,0.115
1f7f2e0f41,main,music,electronics,logreg,self_training,4,100,transfer,0.8251989608950203,0.8276,2000,100,0,1000,10.0,0.7793608124253285,budget_cv,0.402
1f7f2e0f41,main,music,electronics,logreg,self_training,4,100,target_only,0.8054539052210336,0.808,0,100,0,1000,0.01,0.8971780832477569,budget_cv,0.123
1f7f2e0f41,main,music,electronics,logreg,self_training,4,250,transfer,0.8599795128763482,0.8604,2000,250,0,1000,10.0,0.8313945417674041,budget_cv,0.413
1f7f2e0f41,main,music,electronics,logreg,self_training,4,250,target_only,0.8335288466830362,0.834,0,250,0,1000,1.0,0.8415302250920885,budget_cv,0.15
1f7f2e0f41,main,music,electronics,logreg,self_training,4,500,transfer,0.8835622741768333,0.8836,2000,500,0,1000,10.0,0.8538063037491801,budget_cv,0.412
1f7f2e0f41,main,music,electronics,logreg,self_training,4,500,target_only,0.8806897382284813,0.8808,0,500,0,1000,10.0,0.8574911691818233,budget_cv,0.189
1f7f2e0f41,main,music,electronics,logreg,self_training,4,1000,transfer,0.8991994193886557,0.8992,2000,1000,0,1000,10.0,0.8949427246617357,budget_cv,0.481
1f7f2e0f41,main,music,electronics,logreg,self_training,4,1000,target_only,0.896391230553754,0.8964,0,1000,0,1000,10.0,0.8929319895125575,budget_cv,0.226
1f7f2e0f41,main,music,electronics,logreg,self_training,4,2000,transfer,0.9079994700769476,0.908,2000,2000,0,1000,10.0,0.9048499389216889,budget_cv,0.598
1f7f2e0f41,main,music,electronics,logreg,self_training,4,2000,target_only,0.9055804211561309,0.9056,0,2000,0,1000,10.0,0.9064541182136855,budget_cv,0.311
1f7f2e0f41,main,music,electronics,svm,random,0,0,source_only,0.7636001570946971,0.7704,2000,0,0,0,1.0,0.8766424885944312,source_val_fallback,0.044
1f7f2e0f41,main,music,electronics,svm,random,0,50,transfer,0.81650587084212,0.8184,2000,50,0,0,10.0,0.677954076367389,budget_cv,0.151
1f7f2e0f41,main,music,electronics,svm,random,0,50,target_only,0.700569883125664,0.7148,0,50,0,0,0.01,0.5297619047619048,budget_cv,0.039
1f7f2e0f41,main,music,electronics,svm,random,0,100,transfer,0.8323717272997471,0.8336,2000,100,0,0,1.0,0.7310134310134311,budget_cv,0.152
1f7f2e0f41,main,music,electronics,svm,random,0,100,target_only,0.7954968896279873,0.796,0,100,0,0,0.1,0.7691368788142983,budget_cv,0.039
1f7f2e0f41,main,music,electronics,svm,random,0,250,transfer,0.8621521827079851,0.8624,2000,250,0,0,10.0,0.826815995716569,budget_cv,0.164
1f7f2e0f41,main,music,electronics,svm,random,0,250,target_only,0.8487903225806451,0.8488,0,250,0,0,0.01,0.8268831179645059,budget_cv,0.043
1f7f2e0f41,main,music,electronics,svm,random,0,500,transfer,0.8815599009200554,0.8816,2000,500,0,0,10.0,0.8596040765183716,budget_cv,0.174
1f7f2e0f41,main,music,electronics,svm,random,0,500,target_only,0.8795416981819201,0.8796,0,500,0,0,1.0,0.8639792508306853,budget_cv,0.051
1f7f2e0f41,main,music,electronics,svm,random,0,1000,transfer,0.8967809085968541,0.8968,2000,1000,0,0,1.0,0.8864294642129747,budget_cv,0.19
1f7f2e0f41,main,music,electronics,svm,random,0,1000,target_only,0.8927916977890769,0.8928,0,1000,0,0,1.0,0.8867055217926811,budget_cv,0.069
1f7f2e0f41,main,music,electronics,svm,random,0,2000,transfer,0.9088,0.9088,2000,2000,0,0,1.0,0.9094008616661707,budget_cv,0.24
1f7f2e0f41,main,music,electronics,svm,random,0,2000,target_only,0.9095768516740286,0.9096,0,2000,0,0,1.0,0.9089597178695747,budget_cv,0.114
1f7f2e0f41,main,music,electronics,svm,random,1,0,source_only,0.7636001570946971,0.7704,2000,0,0,0,1.0,0.8766424885944312,source_val_fallback,0.044
1f7f2e0f41,main,music,electronics,svm,random,1,50,transfer,0.8071461585783657,0.8096,2000,50,0,0,10.0,0.8002830502830504,budget_cv,0.152
1f7f2e0f41,main,music,electronics,svm,random,1,50,target_only,0.7310035345242966,0.7348,0,50,0,0,0.01,0.8220779220779221,budget_cv,0.038
1f7f2e0f41,main,music,electronics,svm,random,1,100,transfer,0.8228242494220349,0.8248,2000,100,0,0,1.0,0.8744472300307035,budget_cv,0.148
1f7f2e0f41,main,music,electronics,svm,random,1,100,target_only,0.8127827460578767,0.8128,0,100,0,0,0.1,0.7655279771520038,budget_cv,0.04
1f7f2e0f41,main,music,electronics,svm,random,1,250,transfer,0.8457424348142972,0.8468,2000,250,0,0,1.0,0.8551766992775344,budget_cv,0.153
1f7f2e0f41,main,music,electronics,svm,random,1,250,target_only,0.8356309897232798,0.8364,0,250,0,0,0.01,0.8116083423129107,budget_cv,0.045
1f7f2e0f41,main,music,electronics,svm,random,1,500,transfer,0.8827390430641464,0.8828,2000,500,0,0,1.0,0.8833221422213922,budget_cv,0.167
1f7f2e0f41,main,music,electronics,svm,random,1,500,target_only,0.8835998323837586,0.8836,0,500,0,0,1.0,0.8797279608020429,budget_cv,0.053
1f7f2e0f41,main,music,electronics,svm,random,1,1000,transfer,0.8967976222172158,0.8968,2000,1000,0,0,1.0,0.900632251277978,budget_cv,0.187
1f7f2e0f41,main,music,electronics,svm,random,1,1000,target_only,0.8887997153272712,0.8888,0,1000,0,0,0.1,0.8927810679002287,budget_cv,0.067
1f7f2e0f41,main,music,electronics,svm,random,1,2000,transfer,0.9088,0.9088,2000,2000,0,0,1.0,0.9053907280338022,budget_cv,0.237
1f7f2e0f41,main,music,electronics,svm,random,1,2000,target_only,0.9095768516740286,0.9096,0,2000,0,0,1.0,0.9029393417158125,budget_cv,0.111
1f7f2e0f41,main,music,electronics,svm,random,2,0,source_only,0.7636001570946971,0.7704,2000,0,0,0,1.0,0.8766424885944312,source_val_fallback,0.044
1f7f2e0f41,main,music,electronics,svm,random,2,50,transfer,0.7976483651938284,0.8008,2000,50,0,0,10.0,0.82000222000222,budget_cv,0.151
1f7f2e0f41,main,music,electronics,svm,random,2,50,target_only,0.6718615454798211,0.6888,0,50,0,0,0.01,0.7758171779910911,budget_cv,0.038
1f7f2e0f41,main,music,electronics,svm,random,2,100,transfer,0.803763164322632,0.8068,2000,100,0,0,1.0,0.8454762834073178,budget_cv,0.146
1f7f2e0f41,main,music,electronics,svm,random,2,100,target_only,0.7676736852812531,0.7716,0,100,0,0,0.01,0.7831936211176979,budget_cv,0.039
1f7f2e0f41,main,music,electronics,svm,random,2,250,transfer,0.8488847048171697,0.8496,2000,250,0,0,1.0,0.8448992698017656,budget_cv,0.154
1f7f2e0f41,main,music,electronics,svm,random,2,250,target_only,0.8587620126309172,0.8588,0,250,0,0,1.0,0.842924482924483,budget_cv,0.043
1f7f2e0f41,main,music,electronics,svm,random,2,500,transfer,0.8679919154878626,0.8684,2000,500,0,0,1.0,0.859605668990155,budget_cv,0.164
1f7f2e0f41,main,music,electronics,svm,random,2,500,target_only,0.872207616233783,0.8724,0,500,0,0,1.0,0.854688536386694,budget_cv,0.054
1f7f2e0f41,main,music,electronics,svm,random,2,1000,transfer,0.8991958710628787,0.8992,2000,1000,0,0,1.0,0.8795413367916399,budget_cv,0.191
1f7f2e0f41,main,music,electronics,svm,random,2,1000,target_only,0.8851985121727177,0.8852,0,1000,0,0,0.01,0.8708573662450109,budget_cv,0.068
1f7f2e0f41,main,music,electronics,svm,random,2,2000,transfer,0.9088,0.9088,2000,2000,0,0,1.0,0.9013490921590931,budget_cv,0.239
1f7f2e0f41,main,music,electronics,svm,random,2,2000,target_only,0.9023877555200525,0.9024,0,2000,0,0,0.1,0.9018955925700344,budget_cv,0.109
1f7f2e0f41,main,music,electronics,svm,random,3,0,source_only,0.7636001570946971,0.7704,2000,0,0,0,1.0,0.8766424885944312,source_val_fallback,0.046
1f7f2e0f41,main,music,electronics,svm,random,3,50,transfer,0.7883625899581563,0.7928,2000,50,0,0,1.0,0.8465350566037065,budget_cv,0.151
1f7f2e0f41,main,music,electronics,svm,random,3,50,target_only,0.7482756266463388,0.754,0,50,0,0,0.01,0.60340113103271,budget_cv,0.039
1f7f2e0f41,main,music,electronics,svm,random,3,100,transfer,0.827780108997848,0.8292,2000,100,0,0,10.0,0.818859097891356,budget_cv,0.157
1f7f2e0f41,main,music,electronics,svm,random,3,100,target_only,0.8184022573601606,0.8188,0,100,0,0,0.01,0.6940305562205138,budget_cv,0.039
1f7f2e0f41,main,music,electronics,svm,random,3,250,transfer,0.8592134338782054,0.8596,2000,250,0,0,1.0,0.8590623970759794,budget_cv,0.152
1f7f2e0f41,main,music,electronics,svm,random,3,250,target_only,0.8655583553561552,0.8656,0,250,0,0,10.0,0.8637283528414591,budget_cv,0.045
1f7f2e0f41,main,music,electronics,svm,random,3,500,transfer,0.8863508308234475,0.8864,2000,500,0,0,10.0,0.8778597048302063,budget_cv,0.173
1f7f2e0f41,main,music,electronics,svm,random,3,500,target_only,0.8843746734284679,0.8844,0,500,0,0,0.1,0.8980118300247274,budget_cv,0.051
1f7f2e0f41,main,music,electronics,svm,random,3,1000,transfer,0.8999717680318093,0.9,2000,1000,0,0,1.0,0.896336454978964,budget_cv,0.192
1f7f2e0f41,main,music,electronics,svm,random,3,1000,target_only,0.9003964142709138,0.9004,0,1000,0,0,1.0,0.891780847849069,budget_cv,0.07
1f7f2e0f41,main,music,electronics,svm,random,3,2000,transfer,0.9088,0.9088,2000,2000,0,0,1.0,0.9033316914830296,budget_cv,0.239
1f7f2e0f41,main,music,electronics,svm,random,3,2000,target_only,0.9095768516740286,0.9096,0,2000,0,0,1.0,0.9064296738980131,budget_cv,0.111
1f7f2e0f41,main,music,electronics,svm,random,4,0,source_only,0.7636001570946971,0.7704,2000,0,0,0,1.0,0.8766424885944312,source_val_fallback,0.043
1f7f2e0f41,main,music,electronics,svm,random,4,50,transfer,0.8190111348864462,0.8204,2000,50,0,0,10.0,0.8167211328976034,budget_cv,0.152
1f7f2e0f41,main,music,electronics,svm,random,4,50,target_only,0.6234939759036144,0.664,0,50,0,0,0.01,0.6267340067340067,budget_cv,0.038
1f7f2e0f41,main,music,electronics,svm,random,4,100,transfer,0.8406339061360202,0.8412,2000,100,0,0,10.0,0.8398878328906791,budget_cv,0.154
1f7f2e0f41,main,music,electronics,svm,random,4,100,target_only,0.7188468792681076,0.7344,0,100,0,0,0.01,0.7864049661922002,budget_cv,0.039
1f7f2e0f41,main,music,electronics,svm,random,4,250,transfer,0.8703349392591226,0.8704,2000,250,0,0,10.0,0.8518862767035348,budget_cv,0.164
1f7f2e0f41,main,music,electronics,svm,random,4,250,target_only,0.8364459627129023,0.8376,0,250,0,0,0.1,0.8415302250920885,budget_cv,0.045
1f7f2e0f41,main,music,electronics,svm,random,4,500,transfer,0.8839939862482471,0.884,2000,500,0,0,10.0,0.863950308254783,budget_cv,0.181
1f7f2e0f41,main,music,electronics,svm,random,4,500,target_only,0.873653081685569,0.874,0,500,0,0,1.0,0.8615972516343625,budget_cv,0.051
1f7f2e0f41,main,music,electronics,svm,random,4,1000,transfer,0.8995980562183683,0.8996,2000,1000,0,0,1.0,0.8949535870969516,budget_cv,0.188
1f7f2e0f41,main,music,electronics,svm,random,4,1000,target_only,0.8959229996720774,0.896,0,1000,0,0,1.0,0.8989412324753019,budget_cv,0.069
1f7f2e0f41,main,music,electronics,svm,random,4,2000,transfer,0.9088,0.9088,2000,2000,0,0,1.0,0.9088984601885414,budget_cv,0.236
1f7f2e0f41,main,music,electronics,svm,random,4,2000,target_only,0.9095768516740286,0.9096,0,2000,0,0,1.0,0.9064640498504873,budget_cv,0.109
1f7f2e0f41,main,music,electronics,svm,uncertainty,0,0,source_only,0.7636001570946971,0.7704,2000,0,0,0,1.0,0.8766424885944312,source_val_fallback,0.047
1f7f2e0f41,main,music,electronics,svm,uncertainty,0,50,transfer,0.8271688615818376,0.8284,2000,50,0,0,10.0,0.6833721833721834,budget_cv,0.158
1f7f2e0f41,main,music,electronics,svm,uncertainty,0,50,target_only,0.48051165318229205,0.578,0,50,0,0,0.01,0.4425790259123592,budget_cv,0.04
1f7f2e0f41,main,music,electronics,svm,uncertainty,0,100,transfer,0.8619230966879313,0.862,2000,100,0,0,1.0,0.6481125356125356,budget_cv,0.148
1f7f2e0f41,main,music,electronics,svm,uncertainty,0,100,target_only,0.39179759023803123,0.5364,0,100,0,0,0.01,0.42859925969218776,budget_cv,0.039
1f7f2e0f41,main,music,electronics,svm,uncertainty,0,250,transfer,0.8787998254717486,0.8788,2000,250,0,0,1.0,0.6440783764168311,budget_cv,0.164
1f7f2e0f41,main,music,electronics,svm,uncertainty,0,250,target_only,0.717703206075299,0.7344,0,250,0,0,0.01,0.49190270391425717,budget_cv,0.046
1f7f2e0f41,main,music,electronics,svm,uncertainty,0,500,transfer,0.8983890097552951,0.8984,2000,500,0,0,1.0,0.607859900620228,budget_cv,0.179
1f7f2e0f41,main,music,electronics,svm,uncertainty,0,500,target_only,0.8020812187733743,0.8036,0,500,0,0,0.1,0.5763137535278123,budget_cv,0.054
1f7f2e0f41,main,music,electronics,svm,uncertainty,0,1000,transfer,0.9075998669438083,0.9076,2000,1000,0,0,1.0,0.7939934343115932,budget_cv,0.202
1f7f2e0f41,main,music,electronics,svm,uncertainty,0,1000,target_only,0.900348197006732,0.9004,0,1000,0,0,10.0,0.7354110080151658,budget_cv,0.079
1f7f2e0f41,main,music,electronics,svm,uncertainty,0,2000,transfer,0.9088,0.9088,2000,2000,0,0,1.0,0.9038702870400805,budget_cv,0.253
1f7f2e0f41,main,music,electronics,svm,uncertainty,0,2000,target_only,0.9023877555200525,0.9024,0,2000,0,0,0.1,0.9054391020330498,budget_cv,0.111
1f7f2e0f41,main,music,electronics,svm,uncertainty,1,0,source_only,0.7636001570946971,0.7704,2000,0,0,0,1.0,0.8766424885944312,source_val_fallback,0.045
1f7f2e0f41,main,music,electronics,svm,uncertainty,1,50,transfer,0.8060064935064934,0.8088,2000,50,0,0,1.0,0.7408625730994153,budget_cv,0.149
1f7f2e0f41,main,music,electronics,svm,uncertainty,1,50,target_only,0.6400679117147707,0.6608,0,50,0,0,0.01,0.6255379885814669,budget_cv,0.039
1f7f2e0f41,main,music,electronics,svm,uncertainty,1,100,transfer,0.855139203601087,0.8556,2000,100,0,0,1.0,0.6649055809190187,budget_cv,0.155
1f7f2e0f41,main,music,electronics,svm,uncertainty,1,100,target_only,0.5266010181939671,0.6028,0,100,0,0,0.01,0.47261386412329814,budget_cv,0.04
1f7f2e0f41,main,music,electronics,svm,uncertainty,1,250,transfer,0.8767424929775236,0.8768,2000,250,0,0,1.0,0.6041927202956309,budget_cv,0.165
1f7f2e0f41,main,music,electronics,svm,uncertainty,1,250,target_only,0.6171319252960122,0.6616,0,250,0,0,1.0,0.46412655971479505,budget_cv,0.047
1f7f2e0f41,main,music,electronics,svm,uncertainty,1,500,transfer,0.8955795335885834,0.8956,2000,500,0,0,10.0,0.6420323652276426,budget_cv,0.19
1f7f2e0f41,main,music,electronics,svm,uncertainty,1,500,target_only,0.8184817441147254,0.8204,0,500,0,0,10.0,0.5902321790366801,budget_cv,0.057
1f7f2e0f41,main,music,electronics,svm,uncertainty,1,1000,transfer,0.9083999853439977,0.9084,2000,1000,0,0,1.0,0.7898971717476305,budget_cv,0.204
1f7f2e0f41,main,music,electronics,svm,uncertainty,1,1000,target_only,0.90034449587042,0.9004,0,1000,0,0,10.0,0.7315133577296167,budget_cv,0.081
1f7f2e0f41,main,music,electronics,svm,uncertainty,1,2000,transfer,0.9088,0.9088,2000,2000,0,0,1.0,0.9019177167261759,budget_cv,0.249
1f7f2e0f41,main,music,electronics,svm,uncertainty,1,2000,target_only,0.9095768516740286,0.9096,0,2000,0,0,1.0,0.9104722341069339,budget_cv,0.115
1f7f2e0f41,main,music,electronics,svm,uncertainty,2,0,source_only,0.7636001570946971,0.7704,2000,0,0,0,1.0,0.8766424885944312,source_val_fallback,0.044
1f7f2e0f41,main,music,electronics,svm,uncertainty,2,50,transfer,0.8095421490518279,0.812,2000,50,0,0,1.0,0.7828139188551088,budget_cv,0.148
1f7f2e0f41,main,music,electronics,svm,uncertainty,2,50,target_only,0.5718612760933381,0.626,0,50,0,0,0.01,0.41332858499525166,budget_cv,0.038
1f7f2e0f41,main,music,electronics,svm,uncertainty,2,100,transfer,0.8395020073109852,0.8404,2000,100,0,0,1.0,0.6406448845072129,budget_cv,0.148
1f7f2e0f41,main,music,electronics,svm,uncertainty,2,100,target_only,0.48336128393028455,0.5796,0,100,0,0,0.01,0.4682072829131653,budget_cv,0.039
1f7f2e0f41,main,music,electronics,svm,uncertainty,2,250,transfer,0.8743884236371224,0.8744,2000,250,0,0,1.0,0.5915232275122926,budget_cv,0.158
1f7f2e0f41,main,music,electronics,svm,uncertainty,2,250,target_only,0.6548961381350848,0.6836,0,250,0,0,0.01,0.4919148532367627,budget_cv,0.045
1f7f2e0f41,main,music,electronics,svm,uncertainty,2,500,transfer,0.8947925765642024,0.8948,2000,500,0,0,1.0,0.6160690983360425,budget_cv,0.176
1f7f2e0f41,main,music,electronics,svm,uncertainty,2,500,target_only,0.8005247372793451,0.8028,0,500,0,0,0.1,0.5853542303833708,budget_cv,0.053
1f7f2e0f41,main,music,electronics,svm,uncertainty,2,1000,transfer,0.9075998669438083,0.9076,2000,1000,0,0,1.0,0.7998996128724687,budget_cv,0.2
1f7f2e0f41,main,music,electronics,svm,uncertainty,2,1000,target_only,0.9003406668193976,0.9004,0,1000,0,0,10.0,0.7348667844104431,budget_cv,0.078
1f7f2e0f41,main,music,electronics,svm,uncertainty,2,2000,transfer,0.9088,0.9088,2000,2000,0,0,1.0,0.9079107288223698,budget_cv,0.244
1f7f2e0f41,main,music,electronics,svm,uncertainty,2,2000,target_only,0.9095768516740286,0.9096,0,2000,0,0,1.0,0.9044575359355566,budget_cv,0.113
1f7f2e0f41,main,music,electronics,svm,uncertainty,3,0,source_only,0.7636001570946971,0.7704,2000,0,0,0,1.0,0.8766424885944312,source_val_fallback,0.045
1f7f2e0f41,main,music,electronics,svm,uncertainty,3,50,transfer,0.8277193454752017,0.8288,2000,50,0,0,10.0,0.7480639730639731,budget_cv,0.155
1f7f2e0f41,main,music,electronics,svm,uncertainty,3,50,target_only,0.5168733664340973,0.5992,0,50,0,0,0.01,0.3977072310405643,budget_cv,0.039
1f7f2e0f41,main,music,electronics,svm,uncertainty,3,100,transfer,0.8506766755040385,0.8512,2000,100,0,0,1.0,0.5824420867461239,budget_cv,0.145
1f7f2e0f41,main,music,electronics,svm,uncertainty,3,100,target_only,0.5784383799345202,0.6364,0,100,0,0,0.01,0.536384479717813,budget_cv,0.039
1f7f2e0f41,main,music,electronics,svm,uncertainty,3,250,transfer,0.8787858615828951,0.8788,2000,250,0,0,10.0,0.6986513609482148,budget_cv,0.166
1f7f2e0f41,main,music,electronics,svm,uncertainty,3,250,target_only,0.7167744599609585,0.7296,0,250,0,0,0.01,0.5795774926744278,budget_cv,0.045
1f7f2e0f41,main,music,electronics,svm,uncertainty,3,500,transfer,0.8971952463081894,0.8972,2000,500,0,0,1.0,0.6436702434590281,budget_cv,0.174
1f7f2e0f41,main,music,electronics,svm,uncertainty,3,500,target_only,0.7743465559804288,0.776,0,500,0,0,0.01,0.5926953057944925,budget_cv,0.054
1f7f2e0f41,main,music,electronics,svm,uncertainty,3,1000,transfer,0.9055997583353814,0.9056,2000,1000,0,0,1.0,0.7979900428180646,budget_cv,0.198
1f7f2e0f41,main,music,electronics,svm,uncertainty,3,1000,target_only,0.8995440500541181,0.8996,0,1000,0,0,1.0,0.7538223860043836,budget_cv,0.076
1f7f2e0f41,main,music,electronics,svm,uncertainty,3,2000,transfer,0.9088,0.9088,2000,2000,0,0,1.0,0.9038759643125084,budget_cv,0.237
1f7f2e0f41,main,music,electronics,svm,uncertainty,3,2000,target_only,0.9095768516740286,0.9096,0,2000,0,0,1.0,0.9034528238899661,budget_cv,0.11
1f7f2e0f41,main,music,electronics,svm,uncertainty,4,0,source_only,0.7636001570946971,0.7704,2000,0,0,0,1.0,0.8766424885944312,source_val_fallback,0.045
1f7f2e0f41,main,music,electronics,svm,uncertainty,4,50,transfer,0.8289807526488668,0.83,2000,50,0,0,1.0,0.8143458393458394,budget_cv,0.147
1f7f2e0f41,main,music,electronics,svm,uncertainty,4,50,target_only,0.3664,0.5248,0,50,0,0,0.01,0.43174603174603177,budget_cv,0.039
1f7f2e0f41,main,music,electronics,svm,uncertainty,4,100,transfer,0.8480896410602717,0.8484,2000,100,0,0,10.0,0.5863942100526855,budget_cv,0.155
1f7f2e0f41,main,music,electronics,svm,uncertainty,4,100,target_only,0.3961801718765547,0.5388,0,100,0,0,0.1,0.408312447786132,budget_cv,0.04
1f7f2e0f41,main,music,electronics,svm,uncertainty,4,250,transfer,0.8771995087980352,0.8772,2000,250,0,0,1.0,0.6501560963926556,budget_cv,0.168
1f7f2e0f41,main,music,electronics,svm,uncertainty,4,250,target_only,0.6601056026764105,0.6916,0,250,0,0,0.01,0.5054481489514385,budget_cv,0.047
1f7f2e0f41,main,music,electronics,svm,uncertainty,4,500,transfer,0.896799405564576,0.8968,2000,500,0,0,1.0,0.6282188570360668,budget_cv,0.176
1f7f2e0f41,main,music,electronics,svm,uncertainty,4,500,target_only,0.811333710342022,0.8136,0,500,0,0,10.0,0.5519721783138756,budget_cv,0.055
1f7f2e0f41,main,music,electronics,svm,uncertainty,4,1000,transfer,0.9067999850879976,0.9068,2000,1000,0,0,1.0,0.810965330123965,budget_cv,0.198
1f7f2e0f41,main,music,electronics,svm,uncertainty,4,1000,target_only,0.8987509954818131,0.8988,0,1000,0,0,10.0,0.7441816605581234,budget_cv,0.08
1f7f2e0f41,main,music,electronics,svm,uncertainty,4,2000,transfer,0.9088,0.9088,2000,2000,0,0,1.0,0.9038653960645012,budget_cv,0.245
1f7f2e0f41,main,music,electronics,svm,uncertainty,4,2000,target_only,0.9095768516740286,0.9096,0,2000,0,0,1.0,0.9024704407097067,budget_cv,0.113
1f7f2e0f41,main,music,electronics,svm,self_training,0,0,uda_self_training,0.7486973383849738,0.758,2000,0,0,1000,1.0,0.8766424885944312,source_val_fallback,0.078
1f7f2e0f41,main,music,electronics,svm,self_training,0,50,transfer,0.8153494495469906,0.8176,2000,50,0,1000,10.0,0.677954076367389,budget_cv,0.204
1f7f2e0f41,main,music,electronics,svm,self_training,0,50,target_only,0.608238016802786,0.658,0,50,0,1000,0.01,0.5297619047619048,budget_cv,0.048
1f7f2e0f41,main,music,electronics,svm,self_training,0,100,transfer,0.8344227508632632,0.836,2000,100,0,1000,1.0,0.7310134310134311,budget_cv,0.189
1f7f2e0f41,main,music,electronics,svm,self_training,0,100,target_only,0.8137992717625311,0.8144,0,100,0,1000,0.1,0.7691368788142983,budget_cv,0.051
1f7f2e0f41,main,music,electronics,svm,self_training,0,250,transfer,0.8649617926021502,0.8652,2000,250,0,1000,10.0,0.826815995716569,budget_cv,0.223
1f7f2e0f41,main,music,electronics,svm,self_training,0,250,target_only,0.7752351285753143,0.78,0,250,0,1000,0.01,0.8268831179645059,budget_cv,0.056
1f7f2e0f41,main,music,electronics,svm,self_training,0,500,transfer,0.8811579964822767,0.8812,2000,500,0,1000,10.0,0.8596040765183716,budget_cv,0.23
1f7f2e0f41,main,music,electronics,svm,self_training,0,500,target_only,0.8919723449202996,0.892,0,500,0,1000,1.0,0.8639792508306853,budget_cv,0.068
1f7f2e0f41,main,music,electronics,svm,self_training,0,1000,transfer,0.8967830889412922,0.8968,2000,1000,0,1000,1.0,0.8864294642129747,budget_cv,0.237
1f7f2e0f41,main,music,electronics,svm,self_training,0,1000,target_only,0.8939876347177135,0.894,0,1000,0,1000,1.0,0.8867055217926811,budget_cv,0.093
1f7f2e0f41,main,music,electronics,svm,self_training,0,2000,transfer,0.9087999416319626,0.9088,2000,2000,0,1000,1.0,0.9094008616661707,budget_cv,0.286
1f7f2e0f41,main,music,electronics,svm,self_training,0,2000,target_only,0.9095791091573797,0.9096,0,2000,0,1000,1.0,0.9089597178695747,budget_cv,0.14
1f7f2e0f41,main,music,electronics,svm,self_training,1,0,uda_self_training,0.7486973383849738,0.758,2000,0,0,1000,1.0,0.8766424885944312,source_val_fallback,0.077
1f7f2e0f41,main,music,electronics,svm,self_training,1,50,transfer,0.803763164322632,0.8068,2000,50,0,1000,10.0,0.8002830502830504,budget_cv,0.197
1f7f2e0f41,main,music,electronics,svm,self_training,1,50,target_only,0.48839707385948683,0.5696,0,50,0,1000,0.01,0.8220779220779221,budget_cv,0.048
1f7f2e0f41,main,music,electronics,svm,self_training,1,100,transfer,0.8200113636068814,0.8224,2000,100,0,1000,1.0,0.8744472300307035,budget_cv,0.177
1f7f2e0f41,main,music,electronics,svm,self_training,1,100,target_only,0.7980786762860212,0.7996,0,100,0,1000,0.1,0.7655279771520038,budget_cv,0.049
1f7f2e0f41,main,music,electronics,svm,self_training,1,250,transfer,0.8518896307286514,0.8528,2000,250,0,1000,1.0,0.8551766992775344,budget_cv,0.188
1f7f2e0f41,main,music,electronics,svm,self_training,1,250,target_only,0.7243478069111517,0.736,0,250,0,1000,0.01,0.8116083423129107,budget_cv,0.055
1f7f2e0f41,main,music,electronics,svm,self_training,1,500,transfer,0.8863345286885246,0.8864,2000,500,0,1000,1.0,0.8833221422213922,budget_cv,0.197
1f7f2e0f41,main,music,electronics,svm,self_training,1,500,target_only,0.8887982207715324,0.8888,0,500,0,1000,1.0,0.8797279608020429,budget_cv,0.066
1f7f2e0f41,main,music,electronics,svm,self_training,1,1000,transfer,0.8967983487735804,0.8968,2000,1000,0,1000,1.0,0.900632251277978,budget_cv,0.226
1f7f2e0f41,main,music,electronics,svm,self_training,1,1000,target_only,0.8827684694075318,0.8828,0,1000,0,1000,0.1,0.8927810679002287,budget_cv,0.082
1f7f2e0f41,main,music,electronics,svm,self_training,1,2000,transfer,0.9087999416319626,0.9088,2000,2000,0,1000,1.0,0.9053907280338022,budget_cv,0.281
1f7f2e0f41,main,music,electronics,svm,self_training,1,2000,target_only,0.9095791091573797,0.9096,0,2000,0,1000,1.0,0.9029393417158125,budget_cv,0.136
1f7f2e0f41,main,music,electronics,svm,self_training,2,0,uda_self_training,0.7486973383849738,0.758,2000,0,0,1000,1.0,0.8766424885944312,source_val_fallback,0.074
1f7f2e0f41,main,music,electronics,svm,self_training,2,50,transfer,0.7994100294985251,0.8028,2000,50,0,1000,10.0,0.82000222000222,budget_cv,0.2
1f7f2e0f41,main,music,electronics,svm,self_training,2,50,target_only,0.38464295909893076,0.5144,0,50,0,1000,0.01,0.7758171779910911,budget_cv,0.048
1f7f2e0f41,main,music,electronics,svm,self_training,2,100,transfer,0.8005670732819138,0.804,2000,100,0,1000,1.0,0.8454762834073178,budget_cv,0.178
1f7f2e0f41,main,music,electronics,svm,self_training,2,100,target_only,0.5925053913639055,0.6356,0,100,0,1000,0.01,0.7831936211176979,budget_cv,0.051
1f7f2e0f41,main,music,electronics,svm,self_training,2,250,transfer,0.8504588501346835,0.8512,2000,250,0,1000,1.0,0.8448992698017656,budget_cv,0.187
1f7f2e0f41,main,music,electronics,svm,self_training,2,250,target_only,0.8590628060979679,0.8592,0,250,0,1000,1.0,0.842924482924483,budget_cv,0.058
1f7f2e0f41,main,music,electronics,svm,self_training,2,500,transfer,0.8692354493551302,0.8696,2000,500,0,1000,1.0,0.859605668990155,budget_cv,0.202
1f7f2e0f41,main,music,electronics,svm,self_training,2,500,target_only,0.8712985090353258,0.8716,0,500,0,1000,1.0,0.854688536386694,budget_cv,0.068
1f7f2e0f41,main,music,electronics,svm,self_training,2,1000,transfer,0.8991907094157797,0.8992,2000,1000,0,1000,1.0,0.8795413367916399,budget_cv,0.226
1f7f2e0f41,main,music,electronics,svm,self_training,2,1000,target_only,0.8423125312666565,0.8428,0,1000,0,1000,0.01,0.8708573662450109,budget_cv,0.081
1f7f2e0f41,main,music,electronics,svm,self_training,2,2000,transfer,0.9087999416319626,0.9088,2000,2000,0,1000,1.0,0.9013490921590931,budget_cv,0.287
1f7f2e0f41,main,music,electronics,svm,self_training,2,2000,target_only,0.9011973283757593,0.9012,0,2000,0,1000,0.1,0.9018955925700344,budget_cv,0.131
1f7f2e0f41,main,music,electronics,svm,self_training,3,0,uda_self_training,0.7486973383849738,0.758,2000,0,0,1000,1.0,0.8766424885944312,source_val_fallback,0.075
1f7f2e0f41,main,music,electronics,svm,self_training,3,50,transfer,0.7800821376803984,0.7856,2000,50,0,1000,1.0,0.8465350566037065,budget_cv,0.174
1f7f2e0f41,main,music,electronics,svm,self_training,3,50,target_only,0.5054938734980732,0.5804,0,50,0,1000,0.01,0.60340113103271,budget_cv,0.048
1f7f2e0f41,main,music,electronics,svm,self_training,3,100,transfer,0.8263730740332291,0.828,2000,100,0,1000,10.0,0.818859097891356,budget_cv,0.199
1f7f2e0f41,main,music,electronics,svm,self_training,3,100,target_only,0.7883169028468306,0.7904,0,100,0,1000,0.01,0.6940305562205138,budget_cv,0.047
1f7f2e0f41,main,music,electronics,svm,self_training,3,250,transfer,0.8595208875582707,0.86,2000,250,0,1000,1.0,0.8590623970759794,budget_cv,0.183
1f7f2e0f41,main,music,electronics,svm,self_training,3,250,target_only,0.8851483810883964,0.8852,0,250,0,1000,10.0,0.8637283528414591,budget_cv,0.059
1f7f2e0f41,main,music,electronics,svm,self_training,3,500,transfer,0.8863508308234475,0.8864,2000,500,0,1000,10.0,0.8778597048302063,budget_cv,0.224
1f7f2e0f41,main,music,electronics,svm,self_training,3,500,target_only,0.8763966577656259,0.8764,0,500,0,1000,0.1,0.8980118300247274,budget_cv,0.064
1f7f2e0f41,main,music,electronics,svm,self_training,3,1000,transfer,0.9003757554438447,0.9004,2000,1000,0,1000,1.0,0.896336454978964,budget_cv,0.224
1f7f2e0f41,main,music,electronics,svm,self_training,3,1000,target_only,0.897999591998368,0.898,0,1000,0,1000,1.0,0.891780847849069,budget_cv,0.089
1f7f2e0f41,main,music,electronics,svm,self_training,3,2000,transfer,0.9087999416319626,0.9088,2000,2000,0,1000,1.0,0.9033316914830296,budget_cv,0.277
1f7f2e0f41,main,music,electronics,svm,self_training,3,2000,target_only,0.9095791091573797,0.9096,0,2000,0,1000,1.0,0.9064296738980131,budget_cv,0.136
1f7f2e0f41,main,music,electronics,svm,self_training,4,0,uda_self_training,0.7486973383849738,0.758,2000,0,0,1000,1.0,0.8766424885944312,source_val_fallback,0.077
1f7f2e0f41,main,music,electronics,svm,self_training,4,50,transfer,0.8190765667969315,0.8208,2000,50,0,1000,10.0,0.8167211328976034,budget_cv,0.206
1f7f2e0f41,main,music,electronics,svm,self_training,4,50,target_only,0.41281239210687065,0.5472,0,50,0,1000,0.01,0.6267340067340067,budget_cv,0.048
1f7f2e0f41,main,music,electronics,svm,self_training,4,100,transfer,0.8420953917408416,0.8428,2000,100,0,1000,10.0,0.8398878328906791,budget_cv,0.213
1f7f2e0f41,main,music,electronics,svm,self_training,4,100,target_only,0.5271868979585462,0.6076,0,100,0,1000,0.01,0.7864049661922002,budget_cv,0.054
1f7f2e0f41,main,music,electronics,svm,self_training,4,250,transfer,0.8743323606497961,0.8744,2000,250,0,1000,10.0,0.8518862767035348,budget_cv,0.222
1f7f2e0f41,main,music,electronics,svm,self_training,4,250,target_only,0.8355955387205387,0.836,0,250,0,1000,0.1,0.8415302250920885,budget_cv,0.058
1f7f2e0f41,main,music,electronics,svm,self_training,4,500,transfer,0.8851946914025305,0.8852,2000,500,0,1000,10.0,0.863950308254783,budget_cv,0.242
1f7f2e0f41,main,music,electronics,svm,self_training,4,500,target_only,0.8837321188017191,0.884,0,500,0,1000,1.0,0.8615972516343625,budget_cv,0.072
1f7f2e0f41,main,music,electronics,svm,self_training,4,1000,transfer,0.8995992128578287,0.8996,2000,1000,0,1000,1.0,0.8949535870969516,budget_cv,0.231
1f7f2e0f41,main,music,electronics,svm,self_training,4,1000,target_only,0.8967680228627619,0.8968,0,1000,0,1000,1.0,0.8989412324753019,budget_cv,0.095
1f7f2e0f41,main,music,electronics,svm,self_training,4,2000,transfer,0.9087999416319626,0.9088,2000,2000,0,1000,1.0,0.9088984601885414,budget_cv,0.289
1f7f2e0f41,main,music,electronics,svm,self_training,4,2000,target_only,0.9095791091573797,0.9096,0,2000,0,1000,1.0,0.9064640498504873,budget_cv,0.136
1f7f2e0f41,main,music,clothing,logreg,random,0,0,source_only,0.7823619599085414,0.7868,2000,0,0,0,10.0,0.8779478701792187,source_val_fallback,0.087
1f7f2e0f41,main,music,clothing,logreg,random,0,50,transfer,0.7774185924868301,0.7824,2000,50,0,0,1.0,0.7556878306878306,budget_cv,0.283
1f7f2e0f41,main,music,clothing,logreg,random,0,50,target_only,0.7743963903422455,0.7744,0,50,0,0,0.01,0.7411764705882353,budget_cv,0.089
1f7f2e0f41,main,music,clothing,logreg,random,0,100,transfer,0.8393823005575004,0.8404,2000,100,0,0,10.0,0.7836872796491671,budget_cv,0.3
1f7f2e0f41,main,music,clothing,logreg,random,0,100,target_only,0.8346549937651657,0.8356,0,100,0,0,0.01,0.7580027012075693,budget_cv,0.096
1f7f2e0f41,main,music,clothing,logreg,random,0,250,transfer,0.8667941163442656,0.8672,2000,250,0,0,10.0,0.845110673963324,budget_cv,0.302
1f7f2e0f41,main,music,clothing,logreg,random,0,250,target_only,0.8739965928678711,0.874,0,250,0,0,0.1,0.8437668557434724,budget_cv,0.111
1f7f2e0f41,main,music,clothing,logreg,random,0,500,transfer,0.8923400377074016,0.8924,2000,500,0,0,10.0,0.8587416569898276,budget_cv,0.317
1f7f2e0f41,main,music,clothing,logreg,random,0,500,target_only,0.8939986262221958,0.894,0,500,0,0,10.0,0.8655430353959765,budget_cv,0.138
1f7f2e0f41,main,music,clothing,logreg,random,0,1000,transfer,0.9107998715518151,0.9108,2000,1000,0,0,10.0,0.8960170726978828,budget_cv,0.341
1f7f2e0f41,main,music,clothing,logreg,random,0,1000,target_only,0.914385972997816,0.9144,0,1000,0,0,10.0,0.898404763223512,budget_cv,0.162
1f7f2e0f41,main,music,clothing,logreg,random,0,2000,transfer,0.9267966150754811,0.9268,2000,2000,0,0,10.0,0.9011329466568778,budget_cv,0.395
1f7f2e0f41,main,music,clothing,logreg,random,0,2000,target_only,0.9267821817117414,0.9268,0,2000,0,0,10.0,0.9002973833163527,budget_cv,0.209
1f7f2e0f41,main,music,clothing,logreg,random,1,0,source_only,0.7823619599085414,0.7868,2000,0,0,0,10.0,0.8779478701792187,source_val_fallback,0.088
1f7f2e0f41,main,music,clothing,logreg,random,1,50,transfer,0.8137958191818155,0.816,2000,50,0,0,10.0,0.8318874108347792,budget_cv,0.296
1f7f2e0f41,main,music,clothing,logreg,random,1,50,target_only,0.7634561940246936,0.7656,0,50,0,0,0.1,0.7398777692895339,budget_cv,0.093
1f7f2e0f41,main,music,clothing,logreg,random,1,100,transfer,0.8321363893044553,0.8332,2000,100,0,0,10.0,0.850286851261364,budget_cv,0.297
1f7f2e0f41,main,music,clothing,logreg,random,1,100,target_only,0.818511330353707,0.8192,0,100,0,0,0.1,0.8674489501168267,budget_cv,0.101
1f7f2e0f41,main,music,clothing,logreg,random,1,250,transfer,0.869423167630532,0.8696,2000,250,0,0,10.0,0.8509587996414307,budget_cv,0.301
1f7f2e0f41,main,music,clothing,logreg,random,1,250,target_only,0.870789063586342,0.8708,0,250,0,0,1.0,0.8235000468012977,budget_cv,0.116
1f7f2e0f41,main,music,clothing,logreg,random,1,500,transfer,0.8911045901977477,0.8912,2000,500,0,0,10.0,0.8635737275110312,budget_cv,0.323
1f7f2e0f41,main,music,clothing,logreg,random,1,500,target_only,0.8863508308234475,0.8864,0,500,0,0,10.0,0.8625496337467782,budget_cv,0.141
1f7f2e0f41,main,music,clothing,logreg,random,1,1000,transfer,0.9123999859839977,0.9124,2000,1000,0,0,10.0,0.8849596877586791,budget_cv,0.343
1f7f2e0f41,main,music,clothing,logreg,random,1,1000,target_only,0.9139695934130959,0.914,0,1000,0,0,10.0,0.8793566321054986,budget_cv,0.156
1f7f2e0f41,main,music,clothing,logreg,random,1,2000,transfer,0.9267966150754811,0.9268,2000,2000,0,0,10.0,0.9046841630631065,budget_cv,0.396
1f7f2e0f41,main,music,clothing,logreg,random,1,2000,target_only,0.9267821817117414,0.9268,0,2000,0,0,10.0,0.8997546743400657,budget_cv,0.209
1f7f2e0f41,main,music,clothing,logreg,random,2,0,source_only,0.7823619599085414,0.7868,2000,0,0,0,10.0,0.8779478701792187,source_val_fallback,0.088
1f7f2e0f41,main,music,clothing,logreg,random,2,50,transfer,0.826409894007734,0.8276,2000,50,0,0,10.0,0.8362433862433862,budget_cv,0.298
1f7f2e0f41,main,music,clothing,logreg,random,2,50,target_only,0.7485030355559719,0.7564,0,50,0,0,0.01,0.7250807163850643,budget_cv,0.097
1f7f2e0f41,main,music,clothing,logreg,random,2,100,transfer,0.8331545050540483,0.8344,2000,100,0,0,10.0,0.8279816113754408,budget_cv,0.3
1f7f2e0f41,main,music,clothing,logreg,random,2,100,target_only,0.8267877781456259,0.8268,0,100,0,0,1.0,0.7676256580730764,budget_cv,0.103
1f7f2e0f41,main,music,clothing,logreg,random,2,250,transfer,0.8643746789933231,0.8648,2000,250,0,0,10.0,0.8744902407012729,budget_cv,0.301
1f7f2e0f41,main,music,clothing,logreg,random,2,250,target_only,0.8699650257933373,0.87,0,250,0,0,0.1,0.8673691729490612,budget_cv,0.113
1f7f2e0f41,main,music,clothing,logreg,random,2,500,transfer,0.8983525753775682,0.8984,2000,500,0,0,10.0,0.8738309704997397,budget_cv,0.314
1f7f2e0f41,main,music,clothing,logreg,random,2,500,target_only,0.8963796904193222,0.8964,0,500,0,0,10.0,0.8578545989889476,budget_cv,0.135
1f7f2e0f41,main,music,clothing,logreg,random,2,1000,transfer,0.9115996463985856,0.9116,2000,1000,0,0,10.0,0.8835804220813449,budget_cv,0.343
1f7f2e0f41,main,music,clothing,logreg,random,2,1000,target_only,0.9079787394079528,0.908,0,1000,0,0,1.0,0.8868701337479074,budget_cv,0.156
1f7f2e0f41,main,music,clothing,logreg,random,2,2000,transfer,0.9267966150754811,0.9268,2000,2000,0,0,10.0,0.9036826715864343,budget_cv,0.397
1f7f2e0f41,main,music,clothing,logreg,random,2,2000,target_only,0.9267821817117414,0.9268,0,2000,0,0,10.0,0.9033312469735014,budget_cv,0.208
1f7f2e0f41,main,music,clothing,logreg,random,3,0,source_only,0.7823619599085414,0.7868,2000,0,0,0,10.0,0.8779478701792187,source_val_fallback,0.089
1f7f2e0f41,main,music,clothing,logreg,random,3,50,transfer,0.8382258348029832,0.8392,2000,50,0,0,10.0,0.7165343915343915,budget_cv,0.3
1f7f2e0f41,main,music,clothing,logreg,random,3,50,target_only,0.7168376631581385,0.73,0,50,0,0,0.01,0.5903304425043555,budget_cv,0.097
1f7f2e0f41,main,music,clothing,logreg,random,3,100,transfer,0.8478595728603315,0.8484,2000,100,0,0,10.0,0.7368466190093979,budget_cv,0.299
1f7f2e0f41,main,music,clothing,logreg,random,3,100,target_only,0.7922881793799283,0.7952,0,100,0,0,1.0,0.7714770523594053,budget_cv,0.102
1f7f2e0f41,main,music,clothing,logreg,random,3,250,transfer,0.877126846239177,0.8772,2000,250,0,0,10.0,0.8359488430040148,budget_cv,0.304
1f7f2e0f41,main,music,clothing,logreg,random,3,250,target_only,0.8638210980406145,0.8644,0,250,0,0,1.0,0.8548001175191343,budget_cv,0.112
1f7f2e0f41,main,music,clothing,logreg,random,3,500,transfer,0.8967933947772657,0.8968,2000,500,0,0,10.0,0.8739237365271068,budget_cv,0.32
1f7f2e0f41,main,music,clothing,logreg,random,3,500,target_only,0.8926282051282051,0.8928,0,500,0,0,0.1,0.88176846055182,budget_cv,0.124
1f7f2e0f41,main,music,clothing,logreg,random,3,1000,transfer,0.9151999457279653,0.9152,2000,1000,0,0,10.0,0.8905838338834983,budget_cv,0.34
1f7f2e0f41,main,music,clothing,logreg,random,3,1000,target_only,0.9135820803801876,0.9136,0,1000,0,0,1.0,0.8887807822954503,budget_cv,0.152
1f7f2e0f41,main,music,clothing,logreg,random,3,2000,transfer,0.9267966150754811,0.9268,2000,2000,0,0,10.0,0.9157678971406935,budget_cv,0.426
1f7f2e0f41,main,music,clothing,logreg,random,3,2000,target_only,0.9267821817117414,0.9268,0,2000,0,0,10.0,0.9028570571117557,budget_cv,0.221
1f7f2e0f41,main,music,clothing,logreg,random,4,0,source_only,0.7823619599085414,0.7868,2000,0,0,0,10.0,0.8779478701792187,source_val_fallback,0.091
1f7f2e0f41,main,music,clothing,logreg,random,4,50,transfer,0.8238482537758953,0.8252,2000,50,0,0,10.0,0.7727582846003899,budget_cv,0.311
1f7f2e0f41,main,music,clothing,logreg,random,4,50,target_only,0.6979054779806659,0.712,0,50,0,0,0.01,0.7376392369813423,budget_cv,0.089
1f7f2e0f41,main,music,clothing,logreg,random,4,100,transfer,0.8447472830774538,0.8452,2000,100,0,0,10.0,0.7946009975356946,budget_cv,0.318
1f7f2e0f41,main,music,clothing,logreg,random,4,100,target_only,0.7983917421257575,0.7984,0,100,0,0,10.0,0.8698319601545408,budget_cv,0.116
1f7f2e0f41,main,music,clothing,logreg,random,4,250,transfer,0.8715284464835535,0.8716,2000,250,0,0,10.0,0.875520896872056,budget_cv,0.312
1f7f2e0f41,main,music,clothing,logreg,random,4,250,target_only,0.858793470610081,0.8588,0,250,0,0,10.0,0.8639358577412989,budget_cv,0.12
1f7f2e0f41,main,music,clothing,logreg,random,4,500,transfer,0.8907580336061902,0.8908,2000,500,0,0,10.0,0.8879985952220043,budget_cv,0.322
1f7f2e0f41,main,music,clothing,logreg,random,4,500,target_only,0.8851946914025305,0.8852,0,500,0,0,1.0,0.8870487268759746,budget_cv,0.14
1f7f2e0f41,main,music,clothing,logreg,random,4,1000,transfer,0.907598211101367,0.9076,2000,1000,0,0,10.0,0.9012712076641037,budget_cv,0.36
1f7f2e0f41,main,music,clothing,logreg,random,4,1000,target_only,0.9047926271410458,0.9048,0,1000,0,0,10.0,0.897359179606994,budget_cv,0.167
1f7f2e0f41,main,music,clothing,logreg,random,4,2000,transfer,0.9267966150754811,0.9268,2000,2000,0,0,10.0,0.90717234741016,budget_cv,0.422
1f7f2e0f41,main,music,clothing,logreg,random,4,2000,target_only,0.9179839248492705,0.918,0,2000,0,0,1.0,0.9002207000407877,budget_cv,0.206
1f7f2e0f41,main,music,clothing,logreg,uncertainty,0,0,source_only,0.7823619599085414,0.7868,2000,0,0,0,10.0,0.8779478701792187,source_val_fallback,0.085
1f7f2e0f41,main,music,clothing,logreg,uncertainty,0,50,transfer,0.8266243840315965,0.8284,2000,50,0,0,10.0,0.7402011974380395,budget_cv,0.296
1f7f2e0f41,main,music,clothing,logreg,uncertainty,0,50,target_only,0.6056694091141079,0.6504,0,50,0,0,0.01,0.6408754208754209,budget_cv,0.091
1f7f2e0f41,main,music,clothing,logreg,uncertainty,0,100,transfer,0.8257249358570944,0.8272,2000,100,0,0,1.0,0.7092314914610163,budget_cv,0.284
1f7f2e0f41,main,music,clothing,logreg,uncertainty,0,100,target_only,0.5773547798405981,0.6336,0,100,0,0,0.01,0.6885445184363054,budget_cv,0.107
1f7f2e0f41,main,music,clothing,logreg,uncertainty,0,250,transfer,0.8959829578478138,0.896,2000,250,0,0,10.0,0.6602033487882708,budget_cv,0.305
1f7f2e0f41,main,music,clothing,logreg,uncertainty,0,250,target_only,0.6634755195332498,0.6932,0,250,0,0,10.0,0.6260692784560594,budget_cv,0.119
1f7f2e0f41,main,music,clothing,logreg,uncertainty,0,500,transfer,0.9123912391239124,0.9124,2000,500,0,0,10.0,0.7333105695290221,budget_cv,0.325
1f7f2e0f41,main,music,clothing,logreg,uncertainty,0,500,target_only,0.7482355814395865,0.7516,0,500,0,0,1.0,0.7370250187972486,budget_cv,0.135
1f7f2e0f41,main,music,clothing,logreg,uncertainty,0,1000,transfer,0.9219944959316329,0.922,2000,1000,0,0,10.0,0.8058746392496984,budget_cv,0.345
1f7f2e0f41,main,music,clothing,logreg,uncertainty,0,1000,target_only,0.8942440565159762,0.8944,0,1000,0,0,10.0,0.7574746721308876,budget_cv,0.156
1f7f2e0f41,main,music,clothing,logreg,uncertainty,0,2000,transfer,0.9267966150754811,0.9268,2000,2000,0,0,10.0,0.9037163348972582,budget_cv,0.394
1f7f2e0f41,main,music,clothing,logreg,uncertainty,0,2000,target_only,0.9267821817117414,0.9268,0,2000,0,0,10.0,0.902841072294453,budget_cv,0.205
1f7f2e0f41,main,music,clothing,logreg,uncertainty,1,0,source_only,0.7823619599085414,0.7868,2000,0,0,0,10.0,0.8779478701792187,source_val_fallback,0.087
1f7f2e0f41,main,music,clothing,logreg,uncertainty,1,50,transfer,0.8295627894712836,0.8308,2000,50,0,0,10.0,0.7866931779975258,budget_cv,0.297
1f7f2e0f41,main,music,clothing,logreg,uncertainty,1,50,target_only,0.7072557242340425,0.7244,0,50,0,0,0.01,0.7249003412046889,budget_cv,0.097
1f7f2e0f41,main,music,clothing,logreg,uncertainty,1,100,transfer,0.8064311603465832,0.8092,2000,100,0,0,1.0,0.7781893540860544,budget_cv,0.285
1f7f2e0f41,main,music,clothing,logreg,uncertainty,1,100,target_only,0.6646630172932715,0.6924,0,100,0,0,0.01,0.6845228064262443,budget_cv,0.097
1f7f2e0f41,main,music,clothing,logreg,uncertainty,1,250,transfer,0.894398310372966,0.8944,2000,250,0,0,10.0,0.7072017622618384,budget_cv,0.309
1f7f2e0f41,main,music,clothing,logreg,uncertainty,1,250,target_only,0.7110308915992082,0.726,0,250,0,0,10.0,0.7011660789464441,budget_cv,0.117
1f7f2e0f41,main,music,clothing,logreg,uncertainty,1,500,transfer,0.9139899677898431,0.914,2000,500,0,0,10.0,0.7298679059451493,budget_cv,0.325
1f7f2e0f41,main,music,clothing,logreg,uncertainty,1,500,target_only,0.7829773758157748,0.7852,0,500,0,0,10.0,0.7320152672654513,budget_cv,0.142
1f7f2e0f41,main,music,clothing,logreg,uncertainty,1,1000,transfer,0.9219963931132176,0.922,2000,1000,0,0,10.0,0.8097562129811355,budget_cv,0.348
1f7f2e0f41,main,music,clothing,logreg,uncertainty,1,1000,target_only,0.8935066948257385,0.8936,0,1000,0,0,10.0,0.7725819109428272,budget_cv,0.157
1f7f2e0f41,main,music,clothing,logreg,uncertainty,1,2000,transfer,0.9267966150754811,0.9268,2000,2000,0,0,10.0,0.9056635401459011,budget_cv,0.394
1f7f2e0f41,main,music,clothing,logreg,uncertainty,1,2000,target_only,0.9267821817117414,0.9268,0,2000,0,0,10.0,0.9048100052287328,budget_cv,0.208
1f7f2e0f41,main,music,clothing,logreg,uncertainty,2,0,source_only,0.7823619599085414,0.7868,2000,0,0,0,10.0,0.8779478701792187,source_val_fallback,0.086
1f7f2e0f41,main,music,clothing,logreg,uncertainty,2,50,transfer,0.788895409494001,0.7928,2000,50,0,0,1.0,0.8542702911123964,budget_cv,0.285
1f7f2e0f41,main,music,clothing,logreg,uncertainty,2,50,target_only,0.6110835591033879,0.6552,0,50,0,0,0.01,0.6196969696969696,budget_cv,0.095
1f7f2e0f41,main,music,clothing,logreg,uncertainty,2,100,transfer,0.862538691551091,0.8628,2000,100,0,0,10.0,0.8135481834571824,budget_cv,0.298
1f7f2e0f41,main,music,clothing,logreg,uncertainty,2,100,target_only,0.5692531699326578,0.6308,0,100,0,0,0.01,0.6753752027126639,budget_cv,0.104
1f7f2e0f41,main,music,clothing,logreg,uncertainty,2,250,transfer,0.8931589559445157,0.8932,2000,250,0,0,10.0,0.7974681913197402,budget_cv,0.309
1f7f2e0f41,main,music,clothing,logreg,uncertainty,2,250,target_only,0.6827528614658798,0.7052,0,250,0,0,1.0,0.6738763380634238,budget_cv,0.114
1f7f2e0f41,main,music,clothing,logreg,uncertainty,2,500,transfer,0.9127964281416967,0.9128,2000,500,0,0,10.0,0.7700567453154163,budget_cv,0.321
1f7f2e0f41,main,music,clothing,logreg,uncertainty,2,500,target_only,0.7455625789647347,0.7488,0,500,0,0,0.1,0.7158253381465366,budget_cv,0.132
1f7f2e0f41,main,music,clothing,logreg,uncertainty,2,1000,transfer,0.9211978691903829,0.9212,2000,1000,0,0,10.0,0.8057195917145362,budget_cv,0.345
1f7f2e0f41,main,music,clothing,logreg,uncertainty,2,1000,target_only,0.8934909347171504,0.8936,0,1000,0,0,10.0,0.768587562419517,budget_cv,0.164
1f7f2e0f41,main,music,clothing,logreg,uncertainty,2,2000,transfer,0.9267966150754811,0.9268,2000,2000,0,0,10.0,0.9046333080556695,budget_cv,0.396
1f7f2e0f41,main,music,clothing,logreg,uncertainty,2,2000,target_only,0.9267821817117414,0.9268,0,2000,0,0,10.0,0.9013043919664591,budget_cv,0.207
1f7f2e0f41,main,music,clothing,logreg,uncertainty,3,0,source_only,0.7823619599085414,0.7868,2000,0,0,0,10.0,0.8779478701792187,source_val_fallback,0.086
1f7f2e0f41,main,music,clothing,logreg,uncertainty,3,50,transfer,0.8370687894766231,0.838,2000,50,0,0,10.0,0.7612503480924534,budget_cv,0.297
1f7f2e0f41,main,music,clothing,logreg,uncertainty,3,50,target_only,0.5549465415536844,0.6168,0,50,0,0,0.01,0.742962962962963,budget_cv,0.104
1f7f2e0f41,main,music,clothing,logreg,uncertainty,3,100,transfer,0.8549087961502253,0.8552,2000,100,0,0,10.0,0.7440067598521304,budget_cv,0.299
1f7f2e0f41,main,music,clothing,logreg,uncertainty,3,100,target_only,0.5811592190162532,0.6352,0,100,0,0,0.01,0.613491165697048,budget_cv,0.108
1f7f2e0f41,main,music,clothing,logreg,uncertainty,3,250,transfer,0.8935956416774831,0.8936,2000,250,0,0,10.0,0.7344750409303442,budget_cv,0.306
1f7f2e0f41,main,music,clothing,logreg,uncertainty,3,250,target_only,0.6770346687199198,0.6988,0,250,0,0,10.0,0.7171196443548998,budget_cv,0.119
1f7f2e0f41,main,music,clothing,logreg,uncertainty,3,500,transfer,0.9131848733323294,0.9132,2000,500,0,0,10.0,0.715888093325551,budget_cv,0.326
1f7f2e0f41,main,music,clothing,logreg,uncertainty,3,500,target_only,0.747921705207623,0.75,0,500,0,0,1.0,0.6954245165633627,budget_cv,0.135
1f7f2e0f41,main,music,clothing,logreg,uncertainty,3,1000,transfer,0.9231975914764687,0.9232,2000,1000,0,0,10.0,0.8083952344260203,budget_cv,0.345
1f7f2e0f41,main,music,clothing,logreg,uncertainty,3,1000,target_only,0.893888608505665,0.894,0,1000,0,0,10.0,0.7673303914690597,budget_cv,0.159
1f7f2e0f41,main,music,clothing,logreg,uncertainty,3,2000,transfer,0.9267966150754811,0.9268,2000,2000,0,0,10.0,0.906682843722261,budget_cv,0.405
1f7f2e0f41,main,music,clothing,logreg,uncertainty,3,2000,target_only,0.9267821817117414,0.9268,0,2000,0,0,10.0,0.8972867082576851,budget_cv,0.211
1f7f2e0f41,main,music,clothing,logreg,uncertainty,4,0,source_only,0.7823619599085414,0.7868,2000,0,0,0,10.0,0.8779478701792187,source_val_fallback,0.086
1f7f2e0f41,main,music,clothing,logreg,uncertainty,4,50,transfer,0.8251663739344817,0.8264,2000,50,0,0,10.0,0.7729344729344728,budget_cv,0.296
1f7f2e0f41,main,music,clothing,logreg,uncertainty,4,50,target_only,0.5601652335730734,0.6196,0,50,0,0,0.01,0.5578021683094146,budget_cv,0.096
1f7f2e0f41,main,music,clothing,logreg,uncertainty,4,100,transfer,0.8532030610771526,0.8536,2000,100,0,0,10.0,0.7002053140096618,budget_cv,0.299
1f7f2e0f41,main,music,clothing,logreg,uncertainty,4,100,target_only,0.544240568058556,0.616,0,100,0,0,0.01,0.46972979268576753,budget_cv,0.104
1f7f2e0f41,main,music,clothing,logreg,uncertainty,4,250,transfer,0.8891870747804024,0.8892,2000,250,0,0,10.0,0.7645857929070797,budget_cv,0.308
1f7f2e0f41,main,music,clothing,logreg,uncertainty,4,250,target_only,0.6600296567319872,0.6828,0,250,0,0,0.1,0.7179492012453946,budget_cv,0.117
1f7f2e0f41,main,music,clothing,logreg,uncertainty,4,500,transfer,0.9091860364449638,0.9092,2000,500,0,0,10.0,0.7240954936781816,budget_cv,0.326
1f7f2e0f41,main,music,clothing,logreg,uncertainty,4,500,target_only,0.7668883672404799,0.7712,0,500,0,0,10.0,0.7020567071113586,budget_cv,0.141
1f7f2e0f41,main,music,clothing,logreg,uncertainty,4,1000,transfer,0.9227964301069281,0.9228,2000,1000,0,0,10.0,0.8217732658167488,budget_cv,0.346
1f7f2e0f41,main,music,clothing,logreg,uncertainty,4,1000,target_only,0.895467519715787,0.8956,0,1000,0,0,10.0,0.7726715538470716,budget_cv,0.162
1f7f2e0f41,main,music,clothing,logreg,uncertainty,4,2000,transfer,0.9267966150754811,0.9268,2000,2000,0,0,10.0,0.9031976909580955,budget_cv,0.401
1f7f2e0f41,main,music,clothing,logreg,uncertainty,4,2000,target_only,0.9267821817117414,0.9268,0,2000,0,0,10.0,0.90332717066008,budget_cv,0.212
1f7f2e0f41,main,music,clothing,logreg,self_training,0,0,uda_self_training,0.7515047033231661,0.7604,2000,0,0,1000,10.0,0.8779478701792187,source_val_fallback,0.184
1f7f2e0f41,main,music,clothing,logreg,self_training,0,50,transfer,0.7407467427454103,0.7512,2000,50,0,1000,1.0,0.7556878306878306,budget_cv,0.343
1f7f2e0f41,main,music,clothing,logreg,self_training,0,50,target_only,0.7799835505348665,0.7824,0,50,0,1000,0.01,0.7411764705882353,budget_cv,0.107
1f7f2e0f41,main,music,clothing,logreg,self_training,0,100,transfer,0.8377787864368216,0.8392,2000,100,0,1000,10.0,0.7836872796491671,budget_cv,0.393
1f7f2e0f41,main,music,clothing,logreg,self_training,0,100,target_only,0.624844552814707,0.6656,0,100,0,1000,0.01,0.7580027012075693,budget_cv,0.111
1f7f2e0f41,main,music,clothing,logreg,self_training,0,250,transfer,0.8691779366262611,0.8696,2000,250,0,1000,10.0,0.845110673963324,budget_cv,0.408
1f7f2e0f41,main,music,clothing,logreg,self_training,0,250,target_only,0.8709935897435898,0.8712,0,250,0,1000,0.1,0.8437668557434724,budget_cv,0.133
1f7f2e0f41,main,music,clothing,logreg,self_training,0,500,transfer,0.8979669412889777,0.898,2000,500,0,1000,10.0,0.8587416569898276,budget_cv,0.419
1f7f2e0f41,main,music,clothing,logreg,self_training,0,500,target_only,0.897590561946189,0.8976,0,500,0,1000,10.0,0.8655430353959765,budget_cv,0.185
1f7f2e0f41,main,music,clothing,logreg,self_training,0,1000,transfer,0.9135999447039647,0.9136,2000,1000,0,1000,10.0,0.8960170726978828,budget_cv,0.449
1f7f2e0f41,main,music,clothing,logreg,self_training,0,1000,target_only,0.915187787041334,0.9152,0,1000,0,1000,10.0,0.898404763223512,budget_cv,0.212
1f7f2e0f41,main,music,clothing,logreg,self_training,0,2000,transfer,0.9255952380952381,0.9256,2000,2000,0,1000,10.0,0.9011329466568778,budget_cv,0.524
1f7f2e0f41,main,music,clothing,logreg,self_training,0,2000,target_only,0.9227865463278322,0.9228,0,2000,0,1000,10.0,0.9002973833163527,budget_cv,0.28
1f7f2e0f41,main,music,clothing,logreg,self_training,1,0,uda_self_training,0.7515047033231661,0.7604,2000,0,0,1000,10.0,0.8779478701792187,source_val_fallback,0.183
1f7f2e0f41,main,music,clothing,logreg,self_training,1,50,transfer,0.8028386027025125,0.8064,2000,50,0,1000,10.0,0.8318874108347792,budget_cv,0.392
1f7f2e0f41,main,music,clothing,logreg,self_training,1,50,target_only,0.842367178102948,0.8428,0,50,0,1000,0.1,0.7398777692895339,budget_cv,0.113
1f7f2e0f41,main,music,clothing,logreg,self_training,1,100,transfer,0.8369717157225769,0.8384,2000,100,0,1000,10.0,0.850286851261364,budget_cv,0.392
1f7f2e0f41,main,music,clothing,logreg,self_training,1,100,target_only,0.8542984518490007,0.8544,0,100,0,1000,0.1,0.8674489501168267,budget_cv,0.126
1f7f2e0f41,main,music,clothing,logreg,self_training,1,250,transfer,0.8746033580018843,0.8748,2000,250,0,1000,10.0,0.8509587996414307,budget_cv,0.401
1f7f2e0f41,main,music,clothing,logreg,self_training,1,250,target_only,0.880303457556727,0.8804,0,250,0,1000,1.0,0.8235000468012977,budget_cv,0.147
1f7f2e0f41,main,music,clothing,logreg,self_training,1,500,transfer,0.8959583833533413,0.896,2000,500,0,1000,10.0,0.8635737275110312,budget_cv,0.427
1f7f2e0f41,main,music,clothing,logreg,self_training,1,500,target_only,0.8936,0.8936,0,500,0,1000,10.0,0.8625496337467782,budget_cv,0.186
1f7f2e0f41,main,music,clothing,logreg,self_training,1,1000,transfer,0.9111953963693478,0.9112,2000,1000,0,1000,10.0,0.8849596877586791,budget_cv,0.447
1f7f2e0f41,main,music,clothing,logreg,self_training,1,1000,target_only,0.9119647859143658,0.912,0,1000,0,1000,10.0,0.8793566321054986,budget_cv,0.215
1f7f2e0f41,main,music,clothing,logreg,self_training,1,2000,transfer,0.9255952380952381,0.9256,2000,2000,0,1000,10.0,0.9046841630631065,budget_cv,0.522
1f7f2e0f41,main,music,clothing,logreg,self_training,1,2000,target_only,0.9227865463278322,0.9228,0,2000,0,1000,10.0,0.8997546743400657,budget_cv,0.281
1f7f2e0f41,main,music,clothing,logreg,self_training,2,0,uda_self_training,0.7515047033231661,0.7604,2000,0,0,1000,10.0,0.8779478701792187,source_val_fallback,0.184
1f7f2e0f41,main,music,clothing,logreg,self_training,2,50,transfer,0.8227012365252939,0.8248,2000,50,0,1000,10.0,0.8362433862433862,budget_cv,0.39
1f7f2e0f41,main,music,clothing,logreg,self_training,2,50,target_only,0.6322837558104575,0.6736,0,50,0,1000,0.01,0.7250807163850643,budget_cv,0.113
1f7f2e0f41,main,music,clothing,logreg,self_training,2,100,transfer,0.8389279041298885,0.8404,2000,100,0,1000,10.0,0.8279816113754408,budget_cv,0.396
1f7f2e0f41,main,music,clothing,logreg,self_training,2,100,target_only,0.8646614132872061,0.8648,0,100,0,1000,1.0,0.7676256580730764,budget_cv,0.134
1f7f2e0f41,main,music,clothing,logreg,self_training,2,250,transfer,0.8707831153179634,0.8712,2000,250,0,1000,10.0,0.8744902407012729,budget_cv,0.399
1f7f2e0f41,main,music,clothing,logreg,self_training,2,250,target_only,0.840703453549127,0.8424,0,250,0,1000,0.1,0.8673691729490612,budget_cv,0.134
1f7f2e0f41,main,music,clothing,logreg,self_training,2,500,transfer,0.9019709991003739,0.902,2000,500,0,1000,10.0,0.8738309704997397,budget_cv,0.416
1f7f2e0f41,main,music,clothing,logreg,self_training,2,500,target_only,0.8971820850064915,0.8972,0,500,0,1000,10.0,0.8578545989889476,budget_cv,0.18
1f7f2e0f41,main,music,clothing,logreg,self_training,2,1000,transfer,0.9119994931170803,0.912,2000,1000,0,1000,10.0,0.8835804220813449,budget_cv,0.458
1f7f2e0f41,main,music,clothing,logreg,self_training,2,1000,target_only,0.8951782641648572,0.8952,0,1000,0,1000,1.0,0.8868701337479074,budget_cv,0.193
1f7f2e0f41,main,music,clothing,logreg,self_training,2,2000,transfer,0.9255952380952381,0.9256,2000,2000,0,1000,10.0,0.9036826715864343,budget_cv,0.524
1f7f2e0f41,main,music,clothing,logreg,self_training,2,2000,target_only,0.9227865463278322,0.9228,0,2000,0,1000,10.0,0.9033312469735014,budget_cv,0.277
1f7f2e0f41,main,music,clothing,logreg,self_training,3,0,uda_self_training,0.7515047033231661,0.7604,2000,0,0,1000,10.0,0.8779478701792187,source_val_fallback,0.184
1f7f2e0f41,main,music,clothing,logreg,self_training,3,50,transfer,0.8294949494949495,0.8312,2000,50,0,1000,10.0,0.7165343915343915,budget_cv,0.392
1f7f2e0f41,main,music,clothing,logreg,self_training,3,50,target_only,0.5099821150742297,0.5956,0,50,0,1000,0.01,0.5903304425043555,budget_cv,0.117
1f7f2e0f41,main,music,clothing,logreg,self_training,3,100,transfer,0.8524771379760828,0.8532,2000,100,0,1000,10.0,0.7368466190093979,budget_cv,0.395
1f7f2e0f41,main,music,clothing,logreg,self_training,3,100,target_only,0.7835735281678227,0.7904,0,100,0,1000,1.0,0.7714770523594053,budget_cv,0.135
1f7f2e0f41,main,music,clothing,logreg,self_training,3,250,transfer,0.8851223427036676,0.8852,2000,250,0,1000,10.0,0.8359488430040148,budget_cv,0.396
1f7f2e0f41,main,music,clothing,logreg,self_training,3,250,target_only,0.8514965047348066,0.8524,0,250,0,1000,1.0,0.8548001175191343,budget_cv,0.14
1f7f2e0f41,main,music,clothing,logreg,self_training,3,500,transfer,0.8999976959469146,0.9,2000,500,0,1000,10.0,0.8739237365271068,budget_cv,0.404
1f7f2e0f41,main,music,clothing,logreg,self_training,3,500,target_only,0.8458956608736345,0.8472,0,500,0,1000,0.1,0.88176846055182,budget_cv,0.147
1f7f2e0f41,main,music,clothing,logreg,self_training,3,1000,transfer,0.9135995023331334,0.9136,2000,1000,0,1000,10.0,0.8905838338834983,budget_cv,0.446
1f7f2e0f41,main,music,clothing,logreg,self_training,3,1000,target_only,0.9039822405552131,0.904,0,1000,0,1000,1.0,0.8887807822954503,budget_cv,0.184
1f7f2e0f41,main,music,clothing,logreg,self_training,3,2000,transfer,0.9255952380952381,0.9256,2000,2000,0,1000,10.0,0.9157678971406935,budget_cv,0.512
1f7f2e0f41,main,music,clothing,logreg,self_training,3,2000,target_only,0.9227865463278322,0.9228,0,2000,0,1000,10.0,0.9028570571117557,budget_cv,0.283
1f7f2e0f41,main,music,clothing,logreg,self_training,4,0,uda_self_training,0.7515047033231661,0.7604,2000,0,0,1000,10.0,0.8779478701792187,source_val_fallback,0.184
1f7f2e0f41,main,music,clothing,logreg,self_training,4,50,transfer,0.8177133968500875,0.82,2000,50,0,1000,10.0,0.7727582846003899,budget_cv,0.39
1f7f2e0f41,main,music,clothing,logreg,self_training,4,50,target_only,0.6824621397166586,0.7088,0,50,0,1000,0.01,0.7376392369813423,budget_cv,0.103
1f7f2e0f41,main,music,clothing,logreg,self_training,4,100,transfer,0.8541013438592582,0.8548,2000,100,0,1000,10.0,0.7946009975356946,budget_cv,0.393
1f7f2e0f41,main,music,clothing,logreg,self_training,4,100,target_only,0.8263945557332677,0.8264,0,100,0,1000,10.0,0.8698319601545408,budget_cv,0.146
1f7f2e0f41,main,music,clothing,logreg,self_training,4,250,transfer,0.8771315671976665,0.8772,2000,250,0,1000,10.0,0.875520896872056,budget_cv,0.404
1f7f2e0f41,main,music,clothing,logreg,self_training,4,250,target_only,0.8687474989995998,0.8688,0,250,0,1000,10.0,0.8639358577412989,budget_cv,0.161
1f7f2e0f41,main,music,clothing,logreg,self_training,4,500,transfer,0.8935754116631106,0.8936,2000,500,0,1000,10.0,0.8879985952220043,budget_cv,0.421
1f7f2e0f41,main,music,clothing,logreg,self_training,4,500,target_only,0.8783251651095489,0.8784,0,500,0,1000,1.0,0.8870487268759746,budget_cv,0.17
1f7f2e0f41,main,music,clothing,logreg,self_training,4,1000,transfer,0.905599456252868,0.9056,2000,1000,0,1000,10.0,0.9012712076641037,budget_cv,0.447
1f7f2e0f41,main,music,clothing,logreg,self_training,4,1000,target_only,0.9043812587267104,0.9044,0,1000,0,1000,10.0,0.897359179606994,budget_cv,0.214
1f7f2e0f41,main,music,clothing,logreg,self_training,4,2000,transfer,0.9255952380952381,0.9256,2000,2000,0,1000,10.0,0.90717234741016,budget_cv,0.524
1f7f2e0f41,main,music,clothing,logreg,self_training,4,2000,target_only,0.9123865285526302,0.9124,0,2000,0,1000,1.0,0.9002207000407877,budget_cv,0.245
1f7f2e0f41,main,music,clothing,svm,random,0,0,source_only,0.7938004792288349,0.7972,2000,0,0,0,1.0,0.8779604591887772,source_val_fallback,0.046
1f7f2e0f41,main,music,clothing,svm,random,0,50,transfer,0.8281454228590792,0.8296,2000,50,0,0,1.0,0.7556878306878306,budget_cv,0.143
1f7f2e0f41,main,music,clothing,svm,random,0,50,target_only,0.7560590798208673,0.7588,0,50,0,0,0.01,0.7402011974380395,budget_cv,0.038
1f7f2e0f41,main,music,clothing,svm,random,0,100,transfer,0.8549191234229468,0.8552,2000,100,0,0,10.0,0.8159994651222723,budget_cv,0.154
1f7f2e0f41,main,music,clothing,svm,random,0,100,target_only,0.8470511134358629,0.8472,0,100,0,0,0.1,0.7580027012075693,budget_cv,0.039
1f7f2e0f41,main,music,clothing,svm,random,0,250,transfer,0.8761645938463181,0.8764,2000,250,0,0,1.0,0.8505895359802295,budget_cv,0.161
1f7f2e0f41,main,music,clothing,svm,random,0,250,target_only,0.8650652595655919,0.8652,0,250,0,0,10.0,0.8407345142531158,budget_cv,0.046
1f7f2e0f41,main,music,clothing,svm,random,0,500,transfer,0.8959919456162686,0.896,2000,500,0,0,10.0,0.875680986526007,budget_cv,0.223
1f7f2e0f41,main,music,clothing,svm,random,0,500,target_only,0.894398310372966,0.8944,0,500,0,0,10.0,0.8718643244517833,budget_cv,0.059
1f7f2e0f41,main,music,clothing,svm,random,0,1000,transfer,0.907197089700733,0.9072,2000,1000,0,0,10.0,0.8972775707917807,budget_cv,0.248
1f7f2e0f41,main,music,clothing,svm,random,0,1000,target_only,0.9159862351847727,0.916,0,1000,0,0,1.0,0.8993897034448058,budget_cv,0.072
1f7f2e0f41,main,music,clothing,svm,random,0,2000,transfer,0.924790565728565,0.9248,2000,2000,0,0,1.0,0.9031809893356456,budget_cv,0.275
1f7f2e0f41,main,music,clothing,svm,random,0,2000,target_only,0.9259854931566587,0.926,0,2000,0,0,1.0,0.8997780600157436,budget_cv,0.139
1f7f2e0f41,main,music,clothing,svm,random,1,0,source_only,0.7938004792288349,0.7972,2000,0,0,0,1.0,0.8779604591887772,source_val_fallback,0.047
1f7f2e0f41,main,music,clothing,svm,random,1,50,transfer,0.8255094680255167,0.8268,2000,50,0,0,1.0,0.8696969696969697,budget_cv,0.149
1f7f2e0f41,main,music,clothing,svm,random,1,50,target_only,0.7674282359182223,0.7688,0,50,0,0,0.01,0.7040580334697982,budget_cv,0.039
1f7f2e0f41,main,music,clothing,svm,random,1,100,transfer,0.85098026145433,0.8512,2000,100,0,0,10.0,0.8719178518397331,budget_cv,0.156
1f7f2e0f41,main,music,clothing,svm,random,1,100,target_only,0.8191478696741854,0.8196,0,100,0,0,0.01,0.8674489501168267,budget_cv,0.04
1f7f2e0f41,main,music,clothing,svm,random,1,250,transfer,0.8747754559893739,0.8748,2000,250,0,0,10.0,0.883527694963749,budget_cv,0.218
1f7f2e0f41,main,music,clothing,svm,random,1,250,target_only,0.870789063586342,0.8708,0,250,0,0,0.1,0.8235000468012977,budget_cv,0.049
1f7f2e0f41,main,music,clothing,svm,random,1,500,transfer,0.8911692836186085,0.8912,2000,500,0,0,10.0,0.8772808057941455,budget_cv,0.211
1f7f2e0f41,main,music,clothing,svm,random,1,500,target_only,0.8827207192061834,0.8828,0,500,0,0,1.0,0.8584327340183422,budget_cv,0.055
1f7f2e0f41,main,music,clothing,svm,random,1,1000,transfer,0.9111963626030122,0.9112,2000,1000,0,0,1.0,0.887925797344296,budget_cv,0.223
1f7f2e0f41,main,music,clothing,svm,random,1,1000,target_only,0.9091778975331437,0.9092,0,1000,0,0,10.0,0.879244472983045,budget_cv,0.088
1f7f2e0f41,main,music,clothing,svm,random,1,2000,transfer,0.924790565728565,0.9248,2000,2000,0,0,1.0,0.9052166329156535,budget_cv,0.271
1f7f2e0f41,main,music,clothing,svm,random,1,2000,target_only,0.9211862674952483,0.9212,0,2000,0,0,10.0,0.8977466925907365,budget_cv,0.154
1f7f2e0f41,main,music,clothing,svm,random,2,0,source_only,0.7938004792288349,0.7972,2000,0,0,0,1.0,0.8779604591887772,source_val_fallback,0.045
1f7f2e0f41,main,music,clothing,svm,random,2,50,transfer,0.8361118270060716,0.8368,2000,50,0,0,1.0,0.8362433862433862,budget_cv,0.151
1f7f2e0f41,main,music,clothing,svm,random,2,50,target_only,0.6883381046564967,0.7116,0,50,0,0,0.01,0.703868595172943,budget_cv,0.038
1f7f2e0f41,main,music,clothing,svm,random,2,100,transfer,0.8483378794522061,0.8488,2000,100,0,0,10.0,0.8284530795813757,budget_cv,0.158
1f7f2e0f41,main,music,clothing,svm,random,2,100,target_only,0.8183905853679455,0.8184,0,100,0,0,10.0,0.7888153747053342,budget_cv,0.04
1f7f2e0f41,main,music,clothing,svm,random,2,250,transfer,0.8694663335255302,0.8696,2000,250,0,0,10.0,0.895275756905356,budget_cv,0.171
1f7f2e0f41,main,music,clothing,svm,random,2,250,target_only,0.869932385651357,0.87,0,250,0,0,0.01,0.8714368110193181,budget_cv,0.043
1f7f2e0f41,main,music,clothing,svm,random,2,500,transfer,0.8951868522387448,0.8952,2000,500,0,0,10.0,0.8878547212917224,budget_cv,0.175
1f7f2e0f41,main,music,clothing,svm,random,2,500,target_only,0.8915787494348892,0.8916,0,500,0,0,0.1,0.8538785431138761,budget_cv,0.049
1f7f2e0f41,main,music,clothing,svm,random,2,1000,transfer,0.9123998738558183,0.9124,2000,1000,0,0,1.0,0.8906446664383273,budget_cv,0.204
1f7f2e0f41,main,music,clothing,svm,random,2,1000,target_only,0.9083820428804046,0.9084,0,1000,0,0,0.1,0.8868701337479074,budget_cv,0.069
1f7f2e0f41,main,music,clothing,svm,random,2,2000,transfer,0.924790565728565,0.9248,2000,2000,0,0,1.0,0.9042599531584347,budget_cv,0.291
1f7f2e0f41,main,music,clothing,svm,random,2,2000,target_only,0.9259854931566587,0.926,0,2000,0,0,1.0,0.9078419292281951,budget_cv,0.132
1f7f2e0f41,main,music,clothing,svm,random,3,0,source_only,0.7938004792288349,0.7972,2000,0,0,0,1.0,0.8779604591887772,source_val_fallback,0.048
1f7f2e0f41,main,music,clothing,svm,random,3,50,transfer,0.8465690188637582,0.8468,2000,50,0,0,10.0,0.7928464208649967,budget_cv,0.153
1f7f2e0f41,main,music,clothing,svm,random,3,50,target_only,0.5721057193972593,0.6288,0,50,0,0,0.01,0.4134615384615385,budget_cv,0.038
1f7f2e0f41,main,music,clothing,svm,random,3,100,transfer,0.8579361508236262,0.858,2000,100,0,0,10.0,0.809400068271036,budget_cv,0.158
1f7f2e0f41,main,music,clothing,svm,random,3,100,target_only,0.7926739157494955,0.7956,0,100,0,0,0.1,0.7714770523594053,budget_cv,0.04
1f7f2e0f41,main,music,clothing,svm,random,3,250,transfer,0.8787998254717486,0.8788,2000,250,0,0,10.0,0.8679088449298277,budget_cv,0.162
1f7f2e0f41,main,music,clothing,svm,random,3,250,target_only,0.8686415901453717,0.8692,0,250,0,0,1.0,0.8592108400804053,budget_cv,0.043
1f7f2e0f41,main,music,clothing,svm,random,3,500,transfer,0.8967976222172158,0.8968,2000,500,0,0,10.0,0.8799837152426196,budget_cv,0.2
1f7f2e0f41,main,music,clothing,svm,random,3,500,target_only,0.8938126855773585,0.894,0,500,0,0,0.01,0.88176846055182,budget_cv,0.053
1f7f2e0f41,main,music,clothing,svm,random,3,1000,transfer,0.9115911591159116,0.9116,2000,1000,0,0,10.0,0.8988059533064999,budget_cv,0.244
1f7f2e0f41,main,music,clothing,svm,random,3,1000,target_only,0.9139790659454885,0.914,0,1000,0,0,1.0,0.8887985341717304,budget_cv,0.08
1f7f2e0f41,main,music,clothing,svm,random,3,2000,transfer,0.924790565728565,0.9248,2000,2000,0,0,1.0,0.9158144774023129,budget_cv,0.279
1f7f2e0f41,main,music,clothing,svm,random,3,2000,target_only,0.9259854931566587,0.926,0,2000,0,0,1.0,0.9048661857064847,budget_cv,0.136
1f7f2e0f41,main,music,clothing,svm,random,4,0,source_only,0.7938004792288349,0.7972,2000,0,0,0,1.0,0.8779604591887772,source_val_fallback,0.046
1f7f2e0f41,main,music,clothing,svm,random,4,50,transfer,0.8336124143465646,0.8344,2000,50,0,0,1.0,0.7727582846003899,budget_cv,0.143
1f7f2e0f41,main,music,clothing,svm,random,4,50,target_only,0.7188635119669602,0.7288,0,50,0,0,0.01,0.7143331084120558,budget_cv,0.037
1f7f2e0f41,main,music,clothing,svm,random,4,100,transfer,0.8595269765034655,0.8596,2000,100,0,0,10.0,0.8174912298568212,budget_cv,0.15
1f7f2e0f41,main,music,clothing,svm,random,4,100,target_only,0.8003961356691865,0.8004,0,100,0,0,10.0,0.8800261184630255,budget_cv,0.038
1f7f2e0f41,main,music,clothing,svm,random,4,250,transfer,0.8739806232606325,0.874,2000,250,0,0,1.0,0.8877298627298628,budget_cv,0.158
1f7f2e0f41,main,music,clothing,svm,random,4,250,target_only,0.858399184379302,0.8584,0,250,0,0,1.0,0.8639358577412989,budget_cv,0.046
1f7f2e0f41,main,music,clothing,svm,random,4,500,transfer,0.8931813879250321,0.8932,2000,500,0,0,1.0,0.8963150763040896,budget_cv,0.195
1f7f2e0f41,main,music,clothing,svm,random,4,500,target_only,0.8883998392957686,0.8884,0,500,0,0,1.0,0.8889820988038132,budget_cv,0.06
1f7f2e0f41,main,music,clothing,svm,random,4,1000,transfer,0.9035992442180747,0.9036,2000,1000,0,0,10.0,0.9074983359654608,budget_cv,0.253
1f7f2e0f41,main,music,clothing,svm,random,4,1000,target_only,0.9019964718729874,0.902,0,1000,0,0,1.0,0.8993517686945761,budget_cv,0.069
1f7f2e0f41,main,music,clothing,svm,random,4,2000,transfer,0.9187918791879188,0.9188,2000,2000,0,0,10.0,0.9052814469167744,budget_cv,0.31
1f7f2e0f41,main,music,clothing,svm,random,4,2000,target_only,0.9211862674952483,0.9212,0,2000,0,0,10.0,0.9032844975080802,budget_cv,0.141
1f7f2e0f41,main,music,clothing,svm,uncertainty,0,0,source_only,0.7938004792288349,0.7972,2000,0,0,0,1.0,0.8779604591887772,source_val_fallback,0.044
1f7f2e0f41,main,music,clothing,svm,uncertainty,0,50,transfer,0.8389485533403195,0.8396,2000,50,0,0,10.0,0.7346303793672214,budget_cv,0.15
1f7f2e0f41,main,music,clothing,svm,uncertainty,0,50,target_only,0.6355850697054282,0.6676,0,50,0,0,0.1,0.7017145135566188,budget_cv,0.038
1f7f2e0f41,main,music,clothing,svm,uncertainty,0,100,transfer,0.868799244283647,0.8688,2000,100,0,0,10.0,0.692535957531819,budget_cv,0.152
1f7f2e0f41,main,music,clothing,svm,uncertainty,0,100,target_only,0.5215311004784688,0.6004,0,100,0,0,0.01,0.5384046216454651,budget_cv,0.04
1f7f2e0f41,main,music,clothing,svm,uncertainty,0,250,transfer,0.8907872614261727,0.8908,2000,250,0,0,10.0,0.7453672576655542,budget_cv,0.165
1f7f2e0f41,main,music,clothing,svm,uncertainty,0,250,target_only,0.7348623877611813,0.7448,0,250,0,0,1.0,0.738927753446781,budget_cv,0.043
1f7f2e0f41,main,music,clothing,svm,uncertainty,0,500,transfer,0.9071951889985976,0.9072,2000,500,0,0,1.0,0.6570473911697505,budget_cv,0.165
1f7f2e0f41,main,music,clothing,svm,uncertainty,0,500,target_only,0.765302898460646,0.768,0,500,0,0,0.01,0.6260699654333669,budget_cv,0.048
1f7f2e0f41,main,music,clothing,svm,uncertainty,0,1000,transfer,0.9183866284652077,0.9184,2000,1000,0,0,10.0,0.798237459901816,budget_cv,0.255
1f7f2e0f41,main,music,clothing,svm,uncertainty,0,1000,target_only,0.9083341619284635,0.9084,0,1000,0,0,10.0,0.7605713529185646,budget_cv,0.09
1f7f2e0f41,main,music,clothing,svm,uncertainty,0,2000,transfer,0.924790565728565,0.9248,2000,2000,0,0,1.0,0.9092616422865492,budget_cv,0.285
1f7f2e0f41,main,music,clothing,svm,uncertainty,0,2000,target_only,0.9259854931566587,0.926,0,2000,0,0,1.0,0.9022914174666128,budget_cv,0.135
1f7f2e0f41,main,music,clothing,svm,uncertainty,1,0,source_only,0.7938004792288349,0.7972,2000,0,0,0,1.0,0.8779604591887772,source_val_fallback,0.043
1f7f2e0f41,main,music,clothing,svm,uncertainty,1,50,transfer,0.834159743775194,0.8352,2000,50,0,0,1.0,0.7582633053221288,budget_cv,0.144
1f7f2e0f41,main,music,clothing,svm,uncertainty,1,50,target_only,0.7643183689695318,0.7676,0,50,0,0,0.1,0.5379544432176011,budget_cv,0.038
1f7f2e0f41,main,music,clothing,svm,uncertainty,1,100,transfer,0.8590331855104056,0.8592,2000,100,0,0,10.0,0.6610041299345205,budget_cv,0.156
1f7f2e0f41,main,music,clothing,svm,uncertainty,1,100,target_only,0.6900897198821998,0.7104,0,100,0,0,0.1,0.5407559039876113,budget_cv,0.041
1f7f2e0f41,main,music,clothing,svm,uncertainty,1,250,transfer,0.8903999298559551,0.8904,2000,250,0,0,1.0,0.6984361854597712,budget_cv,0.188
1f7f2e0f41,main,music,clothing,svm,uncertainty,1,250,target_only,0.7582975231313367,0.764,0,250,0,0,10.0,0.717976855202274,budget_cv,0.052
1f7f2e0f41,main,music,clothing,svm,uncertainty,1,500,transfer,0.90598734965777,0.906,2000,500,0,0,1.0,0.6514502759714422,budget_cv,0.204
1f7f2e0f41,main,music,clothing,svm,uncertainty,1,500,target_only,0.7659792869228584,0.7664,0,500,0,0,0.01,0.6348993537970501,budget_cv,0.055
1f7f2e0f41,main,music,clothing,svm,uncertainty,1,1000,transfer,0.9199926265204601,0.92,2000,1000,0,0,10.0,0.8100421678923316,budget_cv,0.288
1f7f2e0f41,main,music,clothing,svm,uncertainty,1,1000,target_only,0.9027259004819511,0.9028,0,1000,0,0,10.0,0.7505897067030123,budget_cv,0.105
1f7f2e0f41,main,music,clothing,svm,uncertainty,1,2000,transfer,0.924790565728565,0.9248,2000,2000,0,0,1.0,0.9061763345380062,budget_cv,0.272
1f7f2e0f41,main,music,clothing,svm,uncertainty,1,2000,target_only,0.9259854931566587,0.926,0,2000,0,0,1.0,0.9062538789948862,budget_cv,0.132
1f7f2e0f41,main,music,clothing,svm,uncertainty,2,0,source_only,0.7938004792288349,0.7972,2000,0,0,0,1.0,0.8779604591887772,source_val_fallback,0.044
1f7f2e0f41,main,music,clothing,svm,uncertainty,2,50,transfer,0.8490566037735849,0.8496,2000,50,0,0,1.0,0.8367593191122603,budget_cv,0.143
1f7f2e0f41,main,music,clothing,svm,uncertainty,2,50,target_only,0.5570977038758955,0.6176,0,50,0,0,0.01,0.6519645732689211,budget_cv,0.037
1f7f2e0f41,main,music,clothing,svm,uncertainty,2,100,transfer,0.866767576557431,0.8668,2000,100,0,0,10.0,0.694611506811818,budget_cv,0.152
1f7f2e0f41,main,music,clothing,svm,uncertainty,2,100,target_only,0.5708363202879854,0.6272,0,100,0,0,0.01,0.5339434491745415,budget_cv,0.04
1f7f2e0f41,main,music,clothing,svm,uncertainty,2,250,transfer,0.8927999313919561,0.8928,2000,250,0,0,10.0,0.6512992552444152,budget_cv,0.165
1f7f2e0f41,main,music,clothing,svm,uncertainty,2,250,target_only,0.7702922077922078,0.7736,0,250,0,0,10.0,0.6608756473612024,budget_cv,0.045
1f7f2e0f41,main,music,clothing,svm,uncertainty,2,500,transfer,0.9091935926999009,0.9092,2000,500,0,0,10.0,0.6660837627736725,budget_cv,0.182
1f7f2e0f41,main,music,clothing,svm,uncertainty,2,500,target_only,0.8061112762309766,0.8068,0,500,0,0,1.0,0.6557575035664521,budget_cv,0.051
1f7f2e0f41,main,music,clothing,svm,uncertainty,2,1000,transfer,0.9171855704137889,0.9172,2000,1000,0,0,10.0,0.7966031936698146,budget_cv,0.256
1f7f2e0f41,main,music,clothing,svm,uncertainty,2,1000,target_only,0.9079278154072793,0.908,0,1000,0,0,10.0,0.7509426399643143,budget_cv,0.093
1f7f2e0f41,main,music,clothing,svm,uncertainty,2,2000,transfer,0.924790565728565,0.9248,2000,2000,0,0,1.0,0.9057065030236039,budget_cv,0.302
1f7f2e0f41,main,music,clothing,svm,uncertainty,2,2000,target_only,0.9259854931566587,0.926,0,2000,0,0,1.0,0.9062751068052219,budget_cv,0.139
1f7f2e0f41,main,music,clothing,svm,uncertainty,3,0,source_only,0.7938004792288349,0.7972,2000,0,0,0,1.0,0.8779604591887772,source_val_fallback,0.045
1f7f2e0f41,main,music,clothing,svm,uncertainty,3,50,transfer,0.8381118068152438,0.8388,2000,50,0,0,10.0,0.5945767195767195,budget_cv,0.153
1f7f2e0f41,main,music,clothing,svm,uncertainty,3,50,target_only,0.618862545323742,0.6528,0,50,0,0,0.01,0.6412698412698413,budget_cv,0.039
1f7f2e0f41,main,music,clothing,svm,uncertainty,3,100,transfer,0.8645919265379953,0.8648,2000,100,0,0,1.0,0.7262074225571679,budget_cv,0.152
1f7f2e0f41,main,music,clothing,svm,uncertainty,3,100,target_only,0.5995959887454008,0.6448,0,100,0,0,0.01,0.5885714285714285,budget_cv,0.04
1f7f2e0f41,main,music,clothing,svm,uncertainty,3,250,transfer,0.8951868522387448,0.8952,2000,250,0,0,10.0,0.6276474375302266,budget_cv,0.204
1f7f2e0f41,main,music,clothing,svm,uncertainty,3,250,target_only,0.7289312414269448,0.732,0,250,0,0,0.1,0.6540929352033499,budget_cv,0.047
1f7f2e0f41,main,music,clothing,svm,uncertainty,3,500,transfer,0.9067906790679068,0.9068,2000,500,0,0,10.0,0.6604167626814593,budget_cv,0.207
1f7f2e0f41,main,music,clothing,svm,uncertainty,3,500,target_only,0.7571410190427175,0.7584,0,500,0,0,0.01,0.6232332698434554,budget_cv,0.055
1f7f2e0f41,main,music,clothing,svm,uncertainty,3,1000,transfer,0.9199899635410266,0.92,2000,1000,0,0,10.0,0.8082838067020864,budget_cv,0.284
1f7f2e0f41,main,music,clothing,svm,uncertainty,3,1000,target_only,0.9063423968277449,0.9064,0,1000,0,0,10.0,0.7626675243548213,budget_cv,0.09
1f7f2e0f41,main,music,clothing,svm,uncertainty,3,2000,transfer,0.924790565728565,0.9248,2000,2000,0,0,1.0,0.9077731238955677,budget_cv,0.284
1f7f2e0f41,main,music,clothing,svm,uncertainty,3,2000,target_only,0.9259854931566587,0.926,0,2000,0,0,1.0,0.9067896273947933,budget_cv,0.133
1f7f2e0f41,main,music,clothing,svm,uncertainty,4,0,source_only,0.7938004792288349,0.7972,2000,0,0,0,1.0,0.8779604591887772,source_val_fallback,0.043
1f7f2e0f41,main,music,clothing,svm,uncertainty,4,50,transfer,0.837969340100184,0.8388,2000,50,0,0,1.0,0.6701971274339695,budget_cv,0.147
1f7f2e0f41,main,music,clothing,svm,uncertainty,4,50,target_only,0.5338474194874351,0.6068,0,50,0,0,0.01,0.5311111111111111,budget_cv,0.037
1f7f2e0f41,main,music,clothing,svm,uncertainty,4,100,transfer,0.8620927647450095,0.8624,2000,100,0,0,1.0,0.699210239651416,budget_cv,0.145
1f7f2e0f41,main,music,clothing,svm,uncertainty,4,100,target_only,0.6448873674599518,0.6784,0,100,0,0,0.01,0.6842287164582412,budget_cv,0.039
1f7f2e0f41,main,music,clothing,svm,uncertainty,4,250,transfer,0.8971861653704123,0.8972,2000,250,0,0,1.0,0.6651703182074815,budget_cv,0.154
1f7f2e0f41,main,music,clothing,svm,uncertainty,4,250,target_only,0.7154538301396903,0.7236,0,250,0,0,0.1,0.6490154967379026,budget_cv,0.044
1f7f2e0f41,main,music,clothing,svm,uncertainty,4,500,transfer,0.9107879956326923,0.9108,2000,500,0,0,1.0,0.6767415789384673,budget_cv,0.168
1f7f2e0f41,main,music,clothing,svm,uncertainty,4,500,target_only,0.7816807733856077,0.7828,0,500,0,0,0.1,0.6161431468882296,budget_cv,0.052
1f7f2e0f41,main,music,clothing,svm,uncertainty,4,1000,transfer,0.9179873897410467,0.918,2000,1000,0,0,10.0,0.8042102704585985,budget_cv,0.234
1f7f2e0f41,main,music,clothing,svm,uncertainty,4,1000,target_only,0.9083341619284635,0.9084,0,1000,0,0,10.0,0.724033235651095,budget_cv,0.091
1f7f2e0f41,main,music,clothing,svm,uncertainty,4,2000,transfer,0.924790565728565,0.9248,2000,2000,0,0,1.0,0.9061906965029815,budget_cv,0.275
1f7f2e0f41,main,music,clothing,svm,uncertainty,4,2000,target_only,0.9259854931566587,0.926,0,2000,0,0,1.0,0.9047196378080534,budget_cv,0.139
1f7f2e0f41,main,music,clothing,svm,self_training,0,0,uda_self_training,0.782869650313003,0.7876,2000,0,0,1000,1.0,0.8779604591887772,source_val_fallback,0.073
1f7f2e0f41,main,music,clothing,svm,self_training,0,50,transfer,0.8299938087056415,0.8316,2000,50,0,1000,1.0,0.7556878306878306,budget_cv,0.172
1f7f2e0f41,main,music,clothing,svm,self_training,0,50,target_only,0.5917427754050086,0.6436,0,50,0,1000,0.01,0.7402011974380395,budget_cv,0.044
1f7f2e0f41,main,music,clothing,svm,self_training,0,100,transfer,0.8560738979951215,0.8564,2000,100,0,1000,10.0,0.8159994651222723,budget_cv,0.194
1f7f2e0f41,main,music,clothing,svm,self_training,0,100,target_only,0.8163170540716876,0.82,0,100,0,1000,0.1,0.7580027012075693,budget_cv,0.047
1f7f2e0f41,main,music,clothing,svm,self_training,0,250,transfer,0.8793706885040187,0.8796,2000,250,0,1000,1.0,0.8505895359802295,budget_cv,0.182
1f7f2e0f41,main,music,clothing,svm,self_training,0,250,target_only,0.866872485012729,0.8672,0,250,0,1000,10.0,0.8407345142531158,budget_cv,0.061
1f7f2e0f41,main,music,clothing,svm,self_training,0,500,transfer,0.8959919456162686,0.896,2000,500,0,1000,10.0,0.875680986526007,budget_cv,0.286
1f7f2e0f41,main,music,clothing,svm,self_training,0,500,target_only,0.8971991940416812,0.8972,0,500,0,1000,10.0,0.8718643244517833,budget_cv,0.08
1f7f2e0f41,main,music,clothing,svm,self_training,0,1000,transfer,0.907197089700733,0.9072,2000,1000,0,1000,10.0,0.8972775707917807,budget_cv,0.303
1f7f2e0f41,main,music,clothing,svm,self_training,0,1000,target_only,0.9167880174745163,0.9168,0,1000,0,1000,1.0,0.8993897034448058,budget_cv,0.094
1f7f2e0f41,main,music,clothing,svm,self_training,0,2000,transfer,0.9239929951944371,0.924,2000,2000,0,1000,1.0,0.9031809893356456,budget_cv,0.323
1f7f2e0f41,main,music,clothing,svm,self_training,0,2000,target_only,0.9255862364302901,0.9256,0,2000,0,1000,1.0,0.8997780600157436,budget_cv,0.161
1f7f2e0f41,main,music,clothing,svm,self_training,1,0,uda_self_training,0.782869650313003,0.7876,2000,0,0,1000,1.0,0.8779604591887772,source_val_fallback,0.074
1f7f2e0f41,main,music,clothing,svm,self_training,1,50,transfer,0.8287417820290027,0.8304,2000,50,0,1000,1.0,0.8696969696969697,budget_cv,0.172
1f7f2e0f41,main,music,clothing,svm,self_training,1,50,target_only,0.8523875060785144,0.8524,0,50,0,1000,0.01,0.7040580334697982,budget_cv,0.044
1f7f2e0f41,main,music,clothing,svm,self_training,1,100,transfer,0.8513173602491392,0.8516,2000,100,0,1000,10.0,0.8719178518397331,budget_cv,0.209
1f7f2e0f41,main,music,clothing,svm,self_training,1,100,target_only,0.846253869143818,0.8468,0,100,0,1000,0.01,0.8674489501168267,budget_cv,0.045
1f7f2e0f41,main,music,clothing,svm,self_training,1,250,transfer,0.8739627131290522,0.874,2000,250,0,1000,10.0,0.883527694963749,budget_cv,0.303
1f7f2e0f41,main,music,clothing,svm,self_training,1,250,target_only,0.8827585621862191,0.8828,0,250,0,1000,0.1,0.8235000468012977,budget_cv,0.054
1f7f2e0f41,main,music,clothing,svm,self_training,1,500,transfer,0.8911692836186085,0.8912,2000,500,0,1000,10.0,0.8772808057941455,budget_cv,0.267
1f7f2e0f41,main,music,clothing,svm,self_training,1,500,target_only,0.8879652961301292,0.888,0,500,0,1000,1.0,0.8584327340183422,budget_cv,0.07
1f7f2e0f41,main,music,clothing,svm,self_training,1,1000,transfer,0.9111985791772668,0.9112,2000,1000,0,1000,1.0,0.887925797344296,budget_cv,0.257
1f7f2e0f41,main,music,clothing,svm,self_training,1,1000,target_only,0.9099733665207514,0.91,0,1000,0,1000,10.0,0.879244472983045,budget_cv,0.136
1f7f2e0f41,main,music,clothing,svm,self_training,1,2000,transfer,0.9239929951944371,0.924,2000,2000,0,1000,1.0,0.9052166329156535,budget_cv,0.317
1f7f2e0f41,main,music,clothing,svm,self_training,1,2000,target_only,0.9211893952450241,0.9212,0,2000,0,1000,10.0,0.8977466925907365,budget_cv,0.221
1f7f2e0f41,main,music,clothing,svm,self_training,2,0,uda_self_training,0.782869650313003,0.7876,2000,0,0,1000,1.0,0.8779604591887772,source_val_fallback,0.074
1f7f2e0f41,main,music,clothing,svm,self_training,2,50,transfer,0.840679766330324,0.8416,2000,50,0,1000,1.0,0.8362433862433862,budget_cv,0.176
1f7f2e0f41,main,music,clothing,svm,self_training,2,50,target_only,0.5049625912007467,0.5948,0,50,0,1000,0.01,0.703868595172943,budget_cv,0.047
1f7f2e0f41,main,music,clothing,svm,self_training,2,100,transfer,0.8507318952234206,0.8512,2000,100,0,1000,10.0,0.8284530795813757,budget_cv,0.203
1f7f2e0f41,main,music,clothing,svm,self_training,2,100,target_only,0.8663657896421484,0.8664,0,100,0,1000,10.0,0.7888153747053342,budget_cv,0.055
1f7f2e0f41,main,music,clothing,svm,self_training,2,250,transfer,0.871862144169183,0.872,2000,250,0,1000,10.0,0.895275756905356,budget_cv,0.225
1f7f2e0f41,main,music,clothing,svm,self_training,2,250,target_only,0.8324026608451549,0.8348,0,250,0,1000,0.01,0.8714368110193181,budget_cv,0.053
1f7f2e0f41,main,music,clothing,svm,self_training,2,500,transfer,0.8951868522387448,0.8952,2000,500,0,1000,10.0,0.8878547212917224,budget_cv,0.226
1f7f2e0f41,main,music,clothing,svm,self_training,2,500,target_only,0.8819469422337175,0.882,0,500,0,1000,0.1,0.8538785431138761,budget_cv,0.061
1f7f2e0f41,main,music,clothing,svm,self_training,2,1000,transfer,0.9131993194826648,0.9132,2000,1000,0,1000,1.0,0.8906446664383273,budget_cv,0.25
1f7f2e0f41,main,music,clothing,svm,self_training,2,1000,target_only,0.9003865960203605,0.9004,0,1000,0,1000,0.1,0.8868701337479074,budget_cv,0.082
1f7f2e0f41,main,music,clothing,svm,self_training,2,2000,transfer,0.9239929951944371,0.924,2000,2000,0,1000,1.0,0.9042599531584347,budget_cv,0.341
1f7f2e0f41,main,music,clothing,svm,self_training,2,2000,target_only,0.9255862364302901,0.9256,0,2000,0,1000,1.0,0.9078419292281951,budget_cv,0.164
1f7f2e0f41,main,music,clothing,svm,self_training,3,0,uda_self_training,0.782869650313003,0.7876,2000,0,0,1000,1.0,0.8779604591887772,source_val_fallback,0.076
1f7f2e0f41,main,music,clothing,svm,self_training,3,50,transfer,0.8488802305678816,0.8492,2000,50,0,1000,10.0,0.7928464208649967,budget_cv,0.206
1f7f2e0f41,main,music,clothing,svm,self_training,3,50,target_only,0.44113933264422417,0.5596,0,50,0,1000,0.01,0.4134615384615385,budget_cv,0.049
1f7f2e0f41,main,music,clothing,svm,self_training,3,100,transfer,0.8599138414090202,0.86,2000,100,0,1000,10.0,0.809400068271036,budget_cv,0.198
1f7f2e0f41,main,music,clothing,svm,self_training,3,100,target_only,0.7810183565398682,0.7884,0,100,0,1000,0.1,0.7714770523594053,budget_cv,0.049
1f7f2e0f41,main,music,clothing,svm,self_training,3,250,transfer,0.8803999808639968,0.8804,2000,250,0,1000,10.0,0.8679088449298277,budget_cv,0.232
1f7f2e0f41,main,music,clothing,svm,self_training,3,250,target_only,0.8778872436515828,0.8784,0,250,0,1000,1.0,0.8592108400804053,budget_cv,0.055
1f7f2e0f41,main,music,clothing,svm,self_training,3,500,transfer,0.8971980097534689,0.8972,2000,500,0,1000,10.0,0.8799837152426196,budget_cv,0.274
1f7f2e0f41,main,music,clothing,svm,self_training,3,500,target_only,0.8411472964724999,0.8428,0,500,0,1000,0.01,0.88176846055182,budget_cv,0.062
1f7f2e0f41,main,music,clothing,svm,self_training,3,1000,transfer,0.9115911591159116,0.9116,2000,1000,0,1000,10.0,0.8988059533064999,budget_cv,0.327
1f7f2e0f41,main,music,clothing,svm,self_training,3,1000,target_only,0.9119855797173808,0.912,0,1000,0,1000,1.0,0.8887985341717304,budget_cv,0.103
1f7f2e0f41,main,music,clothing,svm,self_training,3,2000,transfer,0.9239929951944371,0.924,2000,2000,0,1000,1.0,0.9158144774023129,budget_cv,0.343
1f7f2e0f41,main,music,clothing,svm,self_training,3,2000,target_only,0.9255862364302901,0.9256,0,2000,0,1000,1.0,0.9048661857064847,budget_cv,0.162
1f7f2e0f41,main,music,clothing,svm,self_training,4,0,uda_self_training,0.782869650313003,0.7876,2000,0,0,1000,1.0,0.8779604591887772,source_val_fallback,0.071
1f7f2e0f41,main,music,clothing,svm,self_training,4,50,transfer,0.8402871837585664,0.8412,2000,50,0,1000,1.0,0.7727582846003899,budget_cv,0.173
1f7f2e0f41,main,music,clothing,svm,self_training,4,50,target_only,0.6743444242067547,0.7028,0,50,0,1000,0.01,0.7143331084120558,budget_cv,0.046
1f7f2e0f41,main,music,clothing,svm,self_training,4,100,transfer,0.8623309231640067,0.8624,2000,100,0,1000,10.0,0.8174912298568212,budget_cv,0.247
1f7f2e0f41,main,music,clothing,svm,self_training,4,100,target_only,0.8451979937659992,0.8452,0,100,0,1000,10.0,0.8800261184630255,budget_cv,0.055
1f7f2e0f41,main,music,clothing,svm,self_training,4,250,transfer,0.880780467071725,0.8808,2000,250,0,1000,1.0,0.8877298627298628,budget_cv,0.2
1f7f2e0f41,main,music,clothing,svm,self_training,4,250,target_only,0.8727970692444753,0.8728,0,250,0,1000,1.0,0.8639358577412989,budget_cv,0.058
1f7f2e0f41,main,music,clothing,svm,self_training,4,500,transfer,0.8947838219604647,0.8948,2000,500,0,1000,1.0,0.8963150763040896,budget_cv,0.232
1f7f2e0f41,main,music,clothing,svm,self_training,4,500,target_only,0.8879999283199541,0.888,0,500,0,1000,1.0,0.8889820988038132,budget_cv,0.07
1f7f2e0f41,main,music,clothing,svm,self_training,4,1000,transfer,0.9035992442180747,0.9036,2000,1000,0,1000,10.0,0.9074983359654608,budget_cv,0.317
1f7f2e0f41,main,music,clothing,svm,self_training,4,1000,target_only,0.9031969642567991,0.9032,0,1000,0,1000,1.0,0.8993517686945761,budget_cv,0.092
1f7f2e0f41,main,music,clothing,svm,self_training,4,2000,transfer,0.9187918791879188,0.9188,2000,2000,0,1000,10.0,0.9052814469167744,budget_cv,0.441
1f7f2e0f41,main,music,clothing,svm,self_training,4,2000,target_only,0.9211893952450241,0.9212,0,2000,0,1000,10.0,0.9032844975080802,budget_cv,0.229
1f7f2e0f41,main,electronics,books,logreg,random,0,0,source_only,0.8188865723466402,0.8192,2000,0,0,0,10.0,0.9052518077777145,source_val_fallback,0.082
1f7f2e0f41,main,electronics,books,logreg,random,0,50,transfer,0.8029786412763767,0.804,2000,50,0,0,1.0,0.810920125626008,budget_cv,0.265
1f7f2e0f41,main,electronics,books,logreg,random,0,50,target_only,0.6548071936046486,0.6636,0,50,0,0,10.0,0.6975767909271745,budget_cv,0.092
1f7f2e0f41,main,electronics,books,logreg,random,0,100,transfer,0.8272836112103596,0.8276,2000,100,0,0,10.0,0.8669346812810311,budget_cv,0.289
1f7f2e0f41,main,electronics,books,logreg,random,0,100,target_only,0.6487997817785052,0.6704,0,100,0,0,10.0,0.7072746094485224,budget_cv,0.111
1f7f2e0f41,main,electronics,books,logreg,random,0,250,transfer,0.846333517733112,0.8464,2000,250,0,0,10.0,0.8508429671195629,budget_cv,0.297
1f7f2e0f41,main,electronics,books,logreg,random,0,250,target_only,0.7915185562973954,0.7928,0,250,0,0,10.0,0.7993643379472924,budget_cv,0.119
1f7f2e0f41,main,electronics,books,logreg,random,0,500,transfer,0.867598961975862,0.8676,2000,500,0,0,10.0,0.8655514202802315,budget_cv,0.308
1f7f2e0f41,main,electronics,books,logreg,random,0,500,target_only,0.843575948237801,0.8436,0,500,0,0,10.0,0.8588748924093331,budget_cv,0.151
1f7f2e0f41,main,electronics,books,logreg,random,0,1000,transfer,0.8875635705968734,0.8876,2000,1000,0,0,10.0,0.8867197327257307,budget_cv,0.372
1f7f2e0f41,main,electronics,books,logreg,random,0,1000,target_only,0.8719933641359968,0.872,0,1000,0,0,10.0,0.8947904142057742,budget_cv,0.195
1f7f2e0f41,main,electronics,books,logreg,random,0,2000,transfer,0.8994892129901262,0.8996,2000,2000,0,0,10.0,0.9023463660951476,budget_cv,0.455
1f7f2e0f41,main,electronics,books,logreg,random,0,2000,target_only,0.8943542934415145,0.8944,0,2000,0,0,10.0,0.8967798316795003,budget_cv,0.261
1f7f2e0f41,main,electronics,books,logreg,random,1,0,source_only,0.8188865723466402,0.8192,2000,0,0,0,10.0,0.9052518077777145,source_val_fallback,0.081
1f7f2e0f41,main,electronics,books,logreg,random,1,50,transfer,0.8315454207163121,0.8316,2000,50,0,0,10.0,0.8390795206971676,budget_cv,0.275
1f7f2e0f41,main,electronics,books,logreg,random,1,50,target_only,0.6984895817482902,0.7004,0,50,0,0,0.1,0.655537518037518,budget_cv,0.095
1f7f2e0f41,main,electronics,books,logreg,random,1,100,transfer,0.8043478260869565,0.8056,2000,100,0,0,1.0,0.8753986966630644,budget_cv,0.28
1f7f2e0f41,main,electronics,books,logreg,random,1,100,target_only,0.7193543141085277,0.7272,0,100,0,0,10.0,0.7093857832988268,budget_cv,0.105
1f7f2e0f41,main,electronics,books,logreg,random,1,250,transfer,0.8547897539650398,0.8548,2000,250,0,0,10.0,0.8597311117716027,budget_cv,0.298
1f7f2e0f41,main,electronics,books,logreg,random,1,250,target_only,0.8019299941371278,0.802,0,250,0,0,1.0,0.802541014147303,budget_cv,0.117
1f7f2e0f41,main,electronics,books,logreg,random,1,500,transfer,0.8707870787078709,0.8708,2000,500,0,0,10.0,0.8737330155635187,budget_cv,0.318
1f7f2e0f41,main,electronics,books,logreg,random,1,500,target_only,0.8543966452987077,0.8544,0,500,0,0,10.0,0.8376685166932533,budget_cv,0.144
1f7f2e0f41,main,electronics,books,logreg,random,1,1000,transfer,0.8843798543458212,0.8844,2000,1000,0,0,10.0,0.8804717709737839,budget_cv,0.363
1f7f2e0f41,main,electronics,books,logreg,random,1,1000,target_only,0.86558546172354,0.8656,0,1000,0,0,10.0,0.8700123107029977,budget_cv,0.185
1f7f2e0f41,main,electronics,books,logreg,random,1,2000,transfer,0.8994892129901262,0.8996,2000,2000,0,0,10.0,0.9033661185584192,budget_cv,0.456
1f7f2e0f41,main,electronics,books,logreg,random,1,2000,target_only,0.8943542934415145,0.8944,0,2000,0,0,10.0,0.8952151811293207,budget_cv,0.265
1f7f2e0f41,main,electronics,books,logreg,random,2,0,source_only,0.8188865723466402,0.8192,2000,0,0,0,10.0,0.9052518077777145,source_val_fallback,0.082
1f7f2e0f41,main,electronics,books,logreg,random,2,50,transfer,0.8306221939543255,0.8308,2000,50,0,0,10.0,0.8517878055921534,budget_cv,0.277
1f7f2e0f41,main,electronics,books,logreg,random,2,50,target_only,0.7428183229813665,0.7456,0,50,0,0,0.01,0.7305625174046226,budget_cv,0.093
1f7f2e0f41,main,electronics,books,logreg,random,2,100,transfer,0.8343168668311012,0.8344,2000,100,0,0,10.0,0.8406265808439933,budget_cv,0.29
1f7f2e0f41,main,electronics,books,logreg,random,2,100,target_only,0.7259097813882835,0.7344,0,100,0,0,0.1,0.6661274549205584,budget_cv,0.104
1f7f2e0f41,main,electronics,books,logreg,random,2,250,transfer,0.847152654006105,0.8472,2000,250,0,0,10.0,0.8684614943537721,budget_cv,0.319
1f7f2e0f41,main,electronics,books,logreg,random,2,250,target_only,0.8087155004741926,0.8096,0,250,0,0,0.01,0.7774514475496176,budget_cv,0.118
1f7f2e0f41,main,electronics,books,logreg,random,2,500,transfer,0.867570992750252,0.8676,2000,500,0,0,10.0,0.8748035261008879,budget_cv,0.336
1f7f2e0f41,main,electronics,books,logreg,random,2,500,target_only,0.8595988992553701,0.8596,0,500,0,0,0.1,0.8561892390054228,budget_cv,0.132
1f7f2e0f41,main,electronics,books,logreg,random,2,1000,transfer,0.8867695455369676,0.8868,2000,1000,0,0,10.0,0.8945089161396883,budget_cv,0.365
1f7f2e0f41,main,electronics,books,logreg,random,2,1000,target_only,0.8703932811876968,0.8704,0,1000,0,0,10.0,0.8944407165887348,budget_cv,0.188
1f7f2e0f41,main,electronics,books,logreg,random,2,2000,transfer,0.8994892129901262,0.8996,2000,2000,0,0,10.0,0.901326100479018,budget_cv,0.466
1f7f2e0f41,main,electronics,books,logreg,random,2,2000,target_only,0.8943542934415145,0.8944,0,2000,0,0,10.0,0.9027911441514572,budget_cv,0.262
1f7f2e0f41,main,electronics,books,logreg,random,3,0,source_only,0.8188865723466402,0.8192,2000,0,0,0,10.0,0.9052518077777145,source_val_fallback,0.083
1f7f2e0f41,main,electronics,books,logreg,random,3,50,transfer,0.8106060606060606,0.8112,2000,50,0,0,1.0,0.772890559732665,budget_cv,0.266
1f7f2e0f41,main,electronics,books,logreg,random,3,50,target_only,0.7051367364679604,0.7084,0,50,0,0,0.01,0.5778134908569691,budget_cv,0.091
1f7f2e0f41,main,electronics,books,logreg,random,3,100,transfer,0.7698173417088858,0.774,2000,100,0,0,0.01,0.7591957936673385,budget_cv,0.27
1f7f2e0f41,main,electronics,books,logreg,random,3,100,target_only,0.7103948300041989,0.7144,0,100,0,0,10.0,0.6941142191142191,budget_cv,0.109
1f7f2e0f41,main,electronics,books,logreg,random,3,250,transfer,0.8241326608294771,0.8248,2000,250,0,0,1.0,0.8236707705106197,budget_cv,0.291
1f7f2e0f41,main,electronics,books,logreg,random,3,250,target_only,0.7854107895294584,0.786,0,250,0,0,10.0,0.7771672623108449,budget_cv,0.123
1f7f2e0f41,main,electronics,books,logreg,random,3,500,transfer,0.8425005999404628,0.8428,2000,500,0,0,1.0,0.8445730988761092,budget_cv,0.299
1f7f2e0f41,main,electronics,books,logreg,random,3,500,target_only,0.827724358974359,0.828,0,500,0,0,1.0,0.8290477350360433,budget_cv,0.135
1f7f2e0f41,main,electronics,books,logreg,random,3,1000,transfer,0.8811916168804871,0.8812,2000,1000,0,0,10.0,0.8756136741441215,budget_cv,0.36
1f7f2e0f41,main,electronics,books,logreg,random,3,1000,target_only,0.8663978623657979,0.8664,0,1000,0,0,10.0,0.8721686483829342,budget_cv,0.185
1f7f2e0f41,main,electronics,books,logreg,random,3,2000,transfer,0.8994892129901262,0.8996,2000,2000,0,0,10.0,0.9043309523399105,budget_cv,0.451
1f7f2e0f41,main,electronics,books,logreg,random,3,2000,target_only,0.8943542934415145,0.8944,0,2000,0,0,10.0,0.9002749622325398,budget_cv,0.264
1f7f2e0f41,main,electronics,books,logreg,random,4,0,source_only,0.8188865723466402,0.8192,2000,0,0,0,10.0,0.9052518077777145,source_val_fallback,0.082
1f7f2e0f41,main,electronics,books,logreg,random,4,50,transfer,0.8306992050787356,0.8308,2000,50,0,0,10.0,0.8167211328976034,budget_cv,0.278
1f7f2e0f41,main,electronics,books,logreg,random,4,50,target_only,0.7050618134260357,0.706,0,50,0,0,0.1,0.6093304843304843,budget_cv,0.092
1f7f2e0f41,main,electronics,books,logreg,random,4,100,transfer,0.8371472357043682,0.8372,2000,100,0,0,10.0,0.8492951392026344,budget_cv,0.294
1f7f2e0f41,main,electronics,books,logreg,random,4,100,target_only,0.7063879736514007,0.7064,0,100,0,0,0.1,0.754075279483628,budget_cv,0.107
1f7f2e0f41,main,electronics,books,logreg,random,4,250,transfer,0.8463524061213201,0.8464,2000,250,0,0,10.0,0.8421888008146206,budget_cv,0.299
1f7f2e0f41,main,electronics,books,logreg,random,4,250,target_only,0.8106720142816544,0.8108,0,250,0,0,10.0,0.8107504622422074,budget_cv,0.12
1f7f2e0f41,main,electronics,books,logreg,random,4,500,transfer,0.8591674620504322,0.8592,2000,500,0,0,10.0,0.8624257193478065,budget_cv,0.323
1f7f2e0f41,main,electronics,books,logreg,random,4,500,target_only,0.845925427907107,0.846,0,500,0,0,10.0,0.8418766973190769,budget_cv,0.145
1f7f2e0f41,main,electronics,books,logreg,random,4,1000,transfer,0.883568684633419,0.8836,2000,1000,0,0,10.0,0.8837788132150198,budget_cv,0.375
1f7f2e0f41,main,electronics,books,logreg,random,4,1000,target_only,0.8711860674850591,0.8712,0,1000,0,0,10.0,0.887720248020293,budget_cv,0.19
1f7f2e0f41,main,electronics,books,logreg,random,4,2000,transfer,0.8994892129901262,0.8996,2000,2000,0,0,10.0,0.9048721233626759,budget_cv,0.445
1f7f2e0f41,main,electronics,books,logreg,random,4,2000,target_only,0.8943542934415145,0.8944,0,2000,0,0,10.0,0.8963079484439626,budget_cv,0.261
1f7f2e0f41,main,electronics,books,logreg,uncertainty,0,0,source_only,0.8188865723466402,0.8192,2000,0,0,0,10.0,0.9052518077777145,source_val_fallback,0.078
1f7f2e0f41,main,electronics,books,logreg,uncertainty,0,50,transfer,0.8299999727999956,0.83,2000,50,0,0,10.0,0.7787159700203179,budget_cv,0.276
1f7f2e0f41,main,electronics,books,logreg,uncertainty,0,50,target_only,0.6492311944429767,0.6548,0,50,0,0,0.01,0.7584797526747992,budget_cv,0.094
1f7f2e0f41,main,electronics,books,logreg,uncertainty,0,100,transfer,0.83237744470896,0.8324,2000,100,0,0,1.0,0.643772731333707,budget_cv,0.281
1f7f2e0f41,main,electronics,books,logreg,uncertainty,0,100,target_only,0.6940208796306977,0.6944,0,100,0,0,0.01,0.5679182812109071,budget_cv,0.108
1f7f2e0f41,main,electronics,books,logreg,uncertainty,0,250,transfer,0.8727530916997241,0.8728,2000,250,0,0,10.0,0.6829565607700347,budget_cv,0.297
1f7f2e0f41,main,electronics,books,logreg,uncertainty,0,250,target_only,0.7391569779997311,0.742,0,250,0,0,10.0,0.6526987176120062,budget_cv,0.116
1f7f2e0f41,main,electronics,books,logreg,uncertainty,0,500,transfer,0.8791554518657758,0.8792,2000,500,0,0,10.0,0.6645857839461988,budget_cv,0.329
1f7f2e0f41,main,electronics,books,logreg,uncertainty,0,500,target_only,0.7843030341907755,0.7848,0,500,0,0,1.0,0.6408964059894332,budget_cv,0.134
1f7f2e0f41,main,electronics,books,logreg,uncertainty,0,1000,transfer,0.896699443105897,0.8968,2000,1000,0,0,10.0,0.7908745554723874,budget_cv,0.406
1f7f2e0f41,main,electronics,books,logreg,uncertainty,0,1000,target_only,0.8526778050786444,0.8528,0,1000,0,0,10.0,0.7406978715114197,budget_cv,0.189
1f7f2e0f41,main,electronics,books,logreg,uncertainty,0,2000,transfer,0.8994892129901262,0.8996,2000,2000,0,0,10.0,0.8998406613668485,budget_cv,0.452
1f7f2e0f41,main,electronics,books,logreg,uncertainty,0,2000,target_only,0.8943542934415145,0.8944,0,2000,0,0,10.0,0.899315688736396,budget_cv,0.259
1f7f2e0f41,main,electronics,books,logreg,uncertainty,1,0,source_only,0.8188865723466402,0.8192,2000,0,0,0,10.0,0.9052518077777145,source_val_fallback,0.08
1f7f2e0f41,main,electronics,books,logreg,uncertainty,1,50,transfer,0.8417995030181451,0.842,2000,50,0,0,10.0,0.8363136863136863,budget_cv,0.278
1f7f2e0f41,main,electronics,books,logreg,uncertainty,1,50,target_only,0.6721003685791593,0.6848,0,50,0,0,0.01,0.4871236171236171,budget_cv,0.1
1f7f2e0f41,main,electronics,books,logreg,uncertainty,1,100,transfer,0.8315902726541485,0.8316,2000,100,0,0,1.0,0.707986317627043,budget_cv,0.281
1f7f2e0f41,main,electronics,books,logreg,uncertainty,1,100,target_only,0.5778567402938117,0.6304,0,100,0,0,0.1,0.4265359477124184,budget_cv,0.105
1f7f2e0f41,main,electronics,books,logreg,uncertainty,1,250,transfer,0.8734704337241335,0.8736,2000,250,0,0,10.0,0.6198705189124946,budget_cv,0.299
1f7f2e0f41,main,electronics,books,logreg,uncertainty,1,250,target_only,0.7318776378508864,0.7348,0,250,0,0,0.1,0.6051933287277984,budget_cv,0.116
1f7f2e0f41,main,electronics,books,logreg,uncertainty,1,500,transfer,0.8835212603720115,0.8836,2000,500,0,0,10.0,0.6600910867517501,budget_cv,0.332
1f7f2e0f41,main,electronics,books,logreg,uncertainty,1,500,target_only,0.7766940422932664,0.7772,0,500,0,0,10.0,0.6753387982682705,budget_cv,0.134
1f7f2e0f41,main,electronics,books,logreg,uncertainty,1,1000,transfer,0.898290576934289,0.8984,2000,1000,0,0,10.0,0.7736192108703284,budget_cv,0.392
1f7f2e0f41,main,electronics,books,logreg,uncertainty,1,1000,target_only,0.8526845046516469,0.8528,0,1000,0,0,10.0,0.7347565260707957,budget_cv,0.177
1f7f2e0f41,main,electronics,books,logreg,uncertainty,1,2000,transfer,0.8994892129901262,0.8996,2000,2000,0,0,10.0,0.9013936328790013,budget_cv,0.453
1f7f2e0f41,main,electronics,books,logreg,uncertainty,1,2000,target_only,0.8943542934415145,0.8944,0,2000,0,0,10.0,0.9008591761182014,budget_cv,0.262
1f7f2e0f41,main,electronics,books,logreg,uncertainty,2,0,source_only,0.8188865723466402,0.8192,2000,0,0,0,10.0,0.9052518077777145,source_val_fallback,0.078
1f7f2e0f41,main,electronics,books,logreg,uncertainty,2,50,transfer,0.836388455569425,0.8364,2000,50,0,0,10.0,0.8734014523488208,budget_cv,0.273
1f7f2e0f41,main,electronics,books,logreg,uncertainty,2,50,target_only,0.7097525233915445,0.71,0,50,0,0,0.01,0.574673202614379,budget_cv,0.092
1f7f2e0f41,main,electronics,books,logreg,uncertainty,2,100,transfer,0.8428616874987171,0.8432,2000,100,0,0,10.0,0.6961095549330842,budget_cv,0.285
1f7f2e0f41,main,electronics,books,logreg,uncertainty,2,100,target_only,0.6502004175449404,0.6664,0,100,0,0,0.01,0.5765519627037078,budget_cv,0.107
1f7f2e0f41,main,electronics,books,logreg,uncertainty,2,250,transfer,0.8726823381095874,0.8728,2000,250,0,0,10.0,0.6724962437805311,budget_cv,0.297
1f7f2e0f41,main,electronics,books,logreg,uncertainty,2,250,target_only,0.7522665592455734,0.7544,0,250,0,0,0.1,0.6542343230765876,budget_cv,0.116
1f7f2e0f41,main,electronics,books,logreg,uncertainty,2,500,transfer,0.8851360253606848,0.8852,2000,500,0,0,10.0,0.6183779752153572,budget_cv,0.328
1f7f2e0f41,main,electronics,books,logreg,uncertainty,2,500,target_only,0.7862324062064658,0.7864,0,500,0,0,10.0,0.6284034364733765,budget_cv,0.137
1f7f2e0f41,main,electronics,books,logreg,uncertainty,2,1000,transfer,0.8975102025390567,0.8976,2000,1000,0,0,10.0,0.7948597831842177,budget_cv,0.394
1f7f2e0f41,main,electronics,books,logreg,uncertainty,2,1000,target_only,0.8551108874001866,0.8552,0,1000,0,0,10.0,0.7479489324512469,budget_cv,0.178
1f7f2e0f41,main,electronics,books,logreg,uncertainty,2,2000,transfer,0.8994892129901262,0.8996,2000,2000,0,0,10.0,0.9043930526881138,budget_cv,0.454
1f7f2e0f41,main,electronics,books,logreg,uncertainty,2,2000,target_only,0.8943542934415145,0.8944,0,2000,0,0,10.0,0.8997935098002864,budget_cv,0.259
1f7f2e0f41,main,electronics,books,logreg,uncertainty,3,0,source_only,0.8188865723466402,0.8192,2000,0,0,0,10.0,0.9052518077777145,source_val_fallback,0.081
1f7f2e0f41,main,electronics,books,logreg,uncertainty,3,50,transfer,0.8206253895792319,0.8208,2000,50,0,0,1.0,0.713519595872537,budget_cv,0.265
1f7f2e0f41,main,electronics,books,logreg,uncertainty,3,50,target_only,0.6479120893140018,0.6644,0,50,0,0,0.01,0.5457414904783326,budget_cv,0.098
1f7f2e0f41,main,electronics,books,logreg,uncertainty,3,100,transfer,0.8551976831629307,0.8552,2000,100,0,0,10.0,0.6209135703525606,budget_cv,0.288
1f7f2e0f41,main,electronics,books,logreg,uncertainty,3,100,target_only,0.6735663499235829,0.6856,0,100,0,0,0.1,0.5286722725981038,budget_cv,0.099
1f7f2e0f41,main,electronics,books,logreg,uncertainty,3,250,transfer,0.8742580423595022,0.8744,2000,250,0,0,10.0,0.659055411874122,budget_cv,0.299
1f7f2e0f41,main,electronics,books,logreg,uncertainty,3,250,target_only,0.7483854667445592,0.7484,0,250,0,0,0.01,0.637526478276281,budget_cv,0.116
1f7f2e0f41,main,electronics,books,logreg,uncertainty,3,500,transfer,0.8835622741768333,0.8836,2000,500,0,0,10.0,0.622081956669746,budget_cv,0.331
1f7f2e0f41,main,electronics,books,logreg,uncertainty,3,500,target_only,0.7646047537669645,0.7648,0,500,0,0,0.01,0.6372279646135537,budget_cv,0.13
1f7f2e0f41,main,electronics,books,logreg,uncertainty,3,1000,transfer,0.8966942148760331,0.8968,2000,1000,0,0,10.0,0.7988485259385412,budget_cv,0.391
1f7f2e0f41,main,electronics,books,logreg,uncertainty,3,1000,target_only,0.8577946554825168,0.858,0,1000,0,0,10.0,0.7504267225039478,budget_cv,0.178
1f7f2e0f41,main,electronics,books,logreg,uncertainty,3,2000,transfer,0.8994892129901262,0.8996,2000,2000,0,0,10.0,0.903338347932031,budget_cv,0.449
1f7f2e0f41,main,electronics,books,logreg,uncertainty,3,2000,target_only,0.8943542934415145,0.8944,0,2000,0,0,10.0,0.8937745384309835,budget_cv,0.269
1f7f2e0f41,main,electronics,books,logreg,uncertainty,4,0,source_only,0.8188865723466402,0.8192,2000,0,0,0,10.0,0.9052518077777145,source_val_fallback,0.08
1f7f2e0f41,main,electronics,books,logreg,uncertainty,4,50,transfer,0.8218309817425202,0.822,2000,50,0,0,1.0,0.6821182842921973,budget_cv,0.27
1f7f2e0f41,main,electronics,books,logreg,uncertainty,4,50,target_only,0.6953080335156333,0.6972,0,50,0,0,0.01,0.44328827490592193,budget_cv,0.098
1f7f2e0f41,main,electronics,books,logreg,uncertainty,4,100,transfer,0.8531006960705436,0.8532,2000,100,0,0,10.0,0.6356114832134382,budget_cv,0.291
1f7f2e0f41,main,electronics,books,logreg,uncertainty,4,100,target_only,0.702322857700566,0.7072,0,100,0,0,0.01,0.5632267374202858,budget_cv,0.102
1f7f2e0f41,main,electronics,books,logreg,uncertainty,4,250,transfer,0.86948564854583,0.8696,2000,250,0,0,10.0,0.6440037760503847,budget_cv,0.298
1f7f2e0f41,main,electronics,books,logreg,uncertainty,4,250,target_only,0.7344784427733362,0.7348,0,250,0,0,0.01,0.6620370676423754,budget_cv,0.111
1f7f2e0f41,main,electronics,books,logreg,uncertainty,4,500,transfer,0.8827346879117793,0.8828,2000,500,0,0,10.0,0.6386292678966249,budget_cv,0.333
1f7f2e0f41,main,electronics,books,logreg,uncertainty,4,500,target_only,0.7810696576313674,0.7812,0,500,0,0,0.1,0.6490486494279698,budget_cv,0.13
1f7f2e0f41,main,electronics,books,logreg,uncertainty,4,1000,transfer,0.897097245425392,0.8972,2000,1000,0,0,10.0,0.7867528668122564,budget_cv,0.391
1f7f2e0f41,main,electronics,books,logreg,uncertainty,4,1000,target_only,0.8534716176925575,0.8536,0,1000,0,0,1.0,0.7474921958006537,budget_cv,0.169
1f7f2e0f41,main,electronics,books,logreg,uncertainty,4,2000,transfer,0.8994892129901262,0.8996,2000,2000,0,0,10.0,0.9073176510582988,budget_cv,0.451
1f7f2e0f41,main,electronics,books,logreg,uncertainty,4,2000,target_only,0.8943542934415145,0.8944,0,2000,0,0,10.0,0.9037803577779853,budget_cv,0.261
1f7f2e0f41,main,electronics,books,logreg,self_training,0,0,uda_self_training,0.8065112713849478,0.8084,2000,0,0,1000,10.0,0.9052518077777145,source_val_fallback,0.167
1f7f2e0f41,main,electronics,books,logreg,self_training,0,50,transfer,0.7766973248584457,0.7812,2000,50,0,1000,1.0,0.810920125626008,budget_cv,0.323
1f7f2e0f41,main,electronics,books,logreg,self_training,0,50,target_only,0.580729571191942,0.6204,0,50,0,1000,10.0,0.6975767909271745,budget_cv,0.158
1f7f2e0f41,main,electronics,books,logreg,self_training,0,100,transfer,0.8220148753685339,0.8232,2000,100,0,1000,10.0,0.8669346812810311,budget_cv,0.37
1f7f2e0f41,main,electronics,books,logreg,self_training,0,100,target_only,0.5786807264884634,0.6228,0,100,0,1000,10.0,0.7072746094485224,budget_cv,0.184
1f7f2e0f41,main,electronics,books,logreg,self_training,0,250,transfer,0.844551282051282,0.8448,2000,250,0,1000,10.0,0.8508429671195629,budget_cv,0.391
1f7f2e0f41,main,electronics,books,logreg,self_training,0,250,target_only,0.7535212243077449,0.758,0,250,0,1000,10.0,0.7993643379472924,budget_cv,0.179
1f7f2e0f41,main,electronics,books,logreg,self_training,0,500,transfer,0.8695979135666171,0.8696,2000,500,0,1000,10.0,0.8655514202802315,budget_cv,0.412
1f7f2e0f41,main,electronics,books,logreg,self_training,0,500,target_only,0.8247187196717258,0.8252,0,500,0,1000,10.0,0.8588748924093331,budget_cv,0.209
1f7f2e0f41,main,electronics,books,logreg,self_training,0,1000,transfer,0.8871681543398808,0.8872,2000,1000,0,1000,10.0,0.8867197327257307,budget_cv,0.485
1f7f2e0f41,main,electronics,books,logreg,self_training,0,1000,target_only,0.8651998058877204,0.8652,0,1000,0,1000,10.0,0.8947904142057742,budget_cv,0.26
1f7f2e0f41,main,electronics,books,logreg,self_training,0,2000,transfer,0.903085315038404,0.9032,2000,2000,0,1000,10.0,0.9023463660951476,budget_cv,0.598
1f7f2e0f41,main,electronics,books,logreg,self_training,0,2000,target_only,0.8939741975607184,0.894,0,2000,0,1000,10.0,0.8967798316795003,budget_cv,0.358
1f7f2e0f41,main,electronics,books,logreg,self_training,1,0,uda_self_training,0.8065112713849478,0.8084,2000,0,0,1000,10.0,0.9052518077777145,source_val_fallback,0.164
1f7f2e0f41,main,electronics,books,logreg,self_training,1,50,transfer,0.8361923967960034,0.8364,2000,50,0,1000,10.0,0.8390795206971676,budget_cv,0.36
1f7f2e0f41,main,electronics,books,logreg,self_training,1,50,target_only,0.6426798600256811,0.6516,0,50,0,1000,0.1,0.655537518037518,budget_cv,0.121
1f7f2e0f41,main,electronics,books,logreg,self_training,1,100,transfer,0.7825181756158401,0.7864,2000,100,0,1000,1.0,0.8753986966630644,budget_cv,0.339
1f7f2e0f41,main,electronics,books,logreg,self_training,1,100,target_only,0.6501980662019737,0.6748,0,100,0,1000,10.0,0.7093857832988268,budget_cv,0.166
1f7f2e0f41,main,electronics,books,logreg,self_training,1,250,transfer,0.859198558193236,0.8592,2000,250,0,1000,10.0,0.8597311117716027,budget_cv,0.386
1f7f2e0f41,main,electronics,books,logreg,self_training,1,250,target_only,0.7139084507042254,0.7192,0,250,0,1000,1.0,0.802541014147303,budget_cv,0.157
1f7f2e0f41,main,electronics,books,logreg,self_training,1,500,transfer,0.8751948879826117,0.8752,2000,500,0,1000,10.0,0.8737330155635187,budget_cv,0.418
1f7f2e0f41,main,electronics,books,logreg,self_training,1,500,target_only,0.8395044473677848,0.8396,0,500,0,1000,10.0,0.8376685166932533,budget_cv,0.203
1f7f2e0f41,main,electronics,books,logreg,self_training,1,1000,transfer,0.8875753745100327,0.8876,2000,1000,0,1000,10.0,0.8804717709737839,budget_cv,0.472
1f7f2e0f41,main,electronics,books,logreg,self_training,1,1000,target_only,0.8699939885220292,0.87,0,1000,0,1000,10.0,0.8700123107029977,budget_cv,0.256
1f7f2e0f41,main,electronics,books,logreg,self_training,1,2000,transfer,0.903085315038404,0.9032,2000,2000,0,1000,10.0,0.9033661185584192,budget_cv,0.599
1f7f2e0f41,main,electronics,books,logreg,self_training,1,2000,target_only,0.8939741975607184,0.894,0,2000,0,1000,10.0,0.8952151811293207,budget_cv,0.364
1f7f2e0f41,main,electronics,books,logreg,self_training,2,0,uda_self_training,0.8065112713849478,0.8084,2000,0,0,1000,10.0,0.9052518077777145,source_val_fallback,0.167
1f7f2e0f41,main,electronics,books,logreg,self_training,2,50,transfer,0.8221945028011204,0.8232,2000,50,0,1000,10.0,0.8517878055921534,budget_cv,0.36
1f7f2e0f41,main,electronics,books,logreg,self_training,2,50,target_only,0.6657575271404887,0.696,0,50,0,1000,0.01,0.7305625174046226,budget_cv,0.112
1f7f2e0f41,main,electronics,books,logreg,self_training,2,100,transfer,0.8321294848736618,0.8328,2000,100,0,1000,10.0,0.8406265808439933,budget_cv,0.375
1f7f2e0f41,main,electronics,books,logreg,self_training,2,100,target_only,0.4732212853018222,0.5592,0,100,0,1000,0.1,0.6661274549205584,budget_cv,0.133
1f7f2e0f41,main,electronics,books,logreg,self_training,2,250,transfer,0.8515057001798422,0.8516,2000,250,0,1000,10.0,0.8684614943537721,budget_cv,0.384
1f7f2e0f41,main,electronics,books,logreg,self_training,2,250,target_only,0.5875739250532087,0.6268,0,250,0,1000,0.01,0.7774514475496176,budget_cv,0.135
1f7f2e0f41,main,electronics,books,logreg,self_training,2,500,transfer,0.8731624763870143,0.8732,2000,500,0,1000,10.0,0.8748035261008879,budget_cv,0.417
1f7f2e0f41,main,electronics,books,logreg,self_training,2,500,target_only,0.694003721913913,0.706,0,500,0,1000,0.1,0.8561892390054228,budget_cv,0.16
1f7f2e0f41,main,electronics,books,logreg,self_training,2,1000,transfer,0.8855707061007618,0.8856,2000,1000,0,1000,10.0,0.8945089161396883,budget_cv,0.477
1f7f2e0f41,main,electronics,books,logreg,self_training,2,1000,target_only,0.8707998139517321,0.8708,0,1000,0,1000,10.0,0.8944407165887348,budget_cv,0.255
1f7f2e0f41,main,electronics,books,logreg,self_training,2,2000,transfer,0.903085315038404,0.9032,2000,2000,0,1000,10.0,0.901326100479018,budget_cv,0.604
1f7f2e0f41,main,electronics,books,logreg,self_training,2,2000,target_only,0.8939741975607184,0.894,0,2000,0,1000,10.0,0.9027911441514572,budget_cv,0.359
1f7f2e0f41,main,electronics,books,logreg,self_training,3,0,uda_self_training,0.8065112713849478,0.8084,2000,0,0,1000,10.0,0.9052518077777145,source_val_fallback,0.167
1f7f2e0f41,main,electronics,books,logreg,self_training,3,50,transfer,0.7901989725349758,0.7932,2000,50,0,1000,1.0,0.772890559732665,budget_cv,0.323
1f7f2e0f41,main,electronics,books,logreg,self_training,3,50,target_only,0.5791488449993629,0.6216,0,50,0,1000,0.01,0.5778134908569691,budget_cv,0.11
1f7f2e0f41,main,electronics,books,logreg,self_training,3,100,transfer,0.6441709731102742,0.6672,2000,100,0,1000,0.01,0.7591957936673385,budget_cv,0.298
1f7f2e0f41,main,electronics,books,logreg,self_training,3,100,target_only,0.6424966598258521,0.6572,0,100,0,1000,10.0,0.6941142191142191,budget_cv,0.177
1f7f2e0f41,main,electronics,books,logreg,self_training,3,250,transfer,0.8115914126996909,0.8132,2000,250,0,1000,1.0,0.8236707705106197,budget_cv,0.349
1f7f2e0f41,main,electronics,books,logreg,self_training,3,250,target_only,0.7443491452847627,0.7472,0,250,0,1000,10.0,0.7771672623108449,budget_cv,0.183
1f7f2e0f41,main,electronics,books,logreg,self_training,3,500,transfer,0.8316487764361644,0.8324,2000,500,0,1000,1.0,0.8445730988761092,budget_cv,0.367
1f7f2e0f41,main,electronics,books,logreg,self_training,3,500,target_only,0.7376201882593455,0.742,0,500,0,1000,1.0,0.8290477350360433,budget_cv,0.185
1f7f2e0f41,main,electronics,books,logreg,self_training,3,1000,transfer,0.8787943954528457,0.8788,2000,1000,0,1000,10.0,0.8756136741441215,budget_cv,0.474
1f7f2e0f41,main,electronics,books,logreg,self_training,3,1000,target_only,0.8679857213356197,0.868,0,1000,0,1000,10.0,0.8721686483829342,budget_cv,0.253
1f7f2e0f41,main,electronics,books,logreg,self_training,3,2000,transfer,0.903085315038404,0.9032,2000,2000,0,1000,10.0,0.9043309523399105,budget_cv,0.602
1f7f2e0f41,main,electronics,books,logreg,self_training,3,2000,target_only,0.8939741975607184,0.894,0,2000,0,1000,10.0,0.9002749622325398,budget_cv,0.367
1f7f2e0f41,main,electronics,books,logreg,self_training,4,0,uda_self_training,0.8065112713849478,0.8084,2000,0,0,1000,10.0,0.9052518077777145,source_val_fallback,0.166
1f7f2e0f41,main,electronics,books,logreg,self_training,4,50,transfer,0.8331061008706726,0.8336,2000,50,0,1000,10.0,0.8167211328976034,budget_cv,0.364
1f7f2e0f41,main,electronics,books,logreg,self_training,4,50,target_only,0.6368517389460071,0.6492,0,50,0,1000,0.1,0.6093304843304843,budget_cv,0.12
1f7f2e0f41,main,electronics,books,logreg,self_training,4,100,transfer,0.8377557510178122,0.838,2000,100,0,1000,10.0,0.8492951392026344,budget_cv,0.384
1f7f2e0f41,main,electronics,books,logreg,self_training,4,100,target_only,0.5976230212520339,0.6056,0,100,0,1000,0.1,0.754075279483628,budget_cv,0.144
1f7f2e0f41,main,electronics,books,logreg,self_training,4,250,transfer,0.8531339925416079,0.8532,2000,250,0,1000,10.0,0.8421888008146206,budget_cv,0.396
1f7f2e0f41,main,electronics,books,logreg,self_training,4,250,target_only,0.7877626427266138,0.7884,0,250,0,1000,10.0,0.8107504622422074,budget_cv,0.177
1f7f2e0f41,main,electronics,books,logreg,self_training,4,500,transfer,0.8631649702323795,0.8632,2000,500,0,1000,10.0,0.8624257193478065,budget_cv,0.427
1f7f2e0f41,main,electronics,books,logreg,self_training,4,500,target_only,0.8390094902704064,0.8392,0,500,0,1000,10.0,0.8418766973190769,budget_cv,0.209
1f7f2e0f41,main,electronics,books,logreg,self_training,4,1000,transfer,0.8859750239692502,0.886,2000,1000,0,1000,10.0,0.8837788132150198,budget_cv,0.49
1f7f2e0f41,main,electronics,books,logreg,self_training,4,1000,target_only,0.8695992488916736,0.8696,0,1000,0,1000,10.0,0.887720248020293,budget_cv,0.26
1f7f2e0f41,main,electronics,books,logreg,self_training,4,2000,transfer,0.903085315038404,0.9032,2000,2000,0,1000,10.0,0.9048721233626759,budget_cv,0.598
1f7f2e0f41,main,electronics,books,logreg,self_training,4,2000,target_only,0.8939741975607184,0.894,0,2000,0,1000,10.0,0.8963079484439626,budget_cv,0.358
1f7f2e0f41,main,electronics,books,svm,random,0,0,source_only,0.8210714863843807,0.8212,2000,0,0,0,1.0,0.9059153237914123,source_val_fallback,0.047
1f7f2e0f41,main,electronics,books,svm,random,0,50,transfer,0.8032994525691022,0.8044,2000,50,0,0,0.1,0.7903318903318904,budget_cv,0.146
1f7f2e0f41,main,electronics,books,svm,random,0,50,target_only,0.6538953645627281,0.6628,0,50,0,0,1.0,0.6975767909271745,budget_cv,0.039
1f7f2e0f41,main,electronics,books,svm,random,0,100,transfer,0.8278408974437816,0.828,2000,100,0,0,1.0,0.8670823011340252,budget_cv,0.153
1f7f2e0f41,main,electronics,books,svm,random,0,100,target_only,0.6494065362236925,0.6716,0,100,0,0,1.0,0.7072746094485224,budget_cv,0.04
1f7f2e0f41,main,electronics,books,svm,random,0,250,transfer,0.8475765633723842,0.8476,2000,250,0,0,1.0,0.85093266223701,budget_cv,0.165
1f7f2e0f41,main,electronics,books,svm,random,0,250,target_only,0.7949369531652084,0.796,0,250,0,0,10.0,0.8081174084753607,budget_cv,0.046
1f7f2e0f41,main,electronics,books,svm,random,0,500,transfer,0.8711986810744943,0.8712,2000,500,0,0,1.0,0.8594407977000197,budget_cv,0.18
1f7f2e0f41,main,electronics,books,svm,random,0,500,target_only,0.8439676451308944,0.844,0,500,0,0,10.0,0.8630286413569772,budget_cv,0.057
1f7f2e0f41,main,electronics,books,svm,random,0,1000,transfer,0.890730609566299,0.8908,2000,1000,0,0,1.0,0.888843843904076,budget_cv,0.215
1f7f2e0f41,main,electronics,books,svm,random,0,1000,target_only,0.8743902727827243,0.8744,0,1000,0,0,1.0,0.8947911163356949,budget_cv,0.08
1f7f2e0f41,main,electronics,books,svm,random,0,2000,transfer,0.8994608699302442,0.8996,2000,2000,0,0,1.0,0.9013788687073959,budget_cv,0.287
1f7f2e0f41,main,electronics,books,svm,random,0,2000,target_only,0.8899467342193621,0.89,0,2000,0,0,1.0,0.8963084681297803,budget_cv,0.15
1f7f2e0f41,main,electronics,books,svm,random,1,0,source_only,0.8210714863843807,0.8212,2000,0,0,0,1.0,0.9059153237914123,source_val_fallback,0.047
1f7f2e0f41,main,electronics,books,svm,random,1,50,transfer,0.8275734876994687,0.8276,2000,50,0,0,10.0,0.8585511982570807,budget_cv,0.16
1f7f2e0f41,main,electronics,books,svm,random,1,50,target_only,0.7007657828801446,0.7016,0,50,0,0,0.01,0.6370746943115364,budget_cv,0.04
1f7f2e0f41,main,electronics,books,svm,random,1,100,transfer,0.836386151723882,0.8364,2000,100,0,0,10.0,0.8875054208992502,budget_cv,0.166
1f7f2e0f41,main,electronics,books,svm,random,1,100,target_only,0.7199444369762962,0.728,0,100,0,0,1.0,0.7093857832988268,budget_cv,0.042
1f7f2e0f41,main,electronics,books,svm,random,1,250,transfer,0.855194068749056,0.8552,2000,250,0,0,1.0,0.8638186895741503,budget_cv,0.169
1f7f2e0f41,main,electronics,books,svm,random,1,250,target_only,0.8011235996420385,0.8012,0,250,0,0,0.1,0.802541014147303,budget_cv,0.046
1f7f2e0f41,main,electronics,books,svm,random,1,500,transfer,0.8699715185614256,0.87,2000,500,0,0,1.0,0.8757831522487481,budget_cv,0.184
1f7f2e0f41,main,electronics,books,svm,random,1,500,target_only,0.8587994351977408,0.8588,0,500,0,0,10.0,0.8337656343602656,budget_cv,0.06
1f7f2e0f41,main,electronics,books,svm,random,1,1000,transfer,0.8843773379582398,0.8844,2000,1000,0,0,1.0,0.879610335209709,budget_cv,0.218
1f7f2e0f41,main,electronics,books,svm,random,1,1000,target_only,0.8671808740458626,0.8672,0,1000,0,0,1.0,0.872019103957396,budget_cv,0.084
1f7f2e0f41,main,electronics,books,svm,random,1,2000,transfer,0.8994608699302442,0.8996,2000,2000,0,0,1.0,0.9018691845971238,budget_cv,0.288
1f7f2e0f41,main,electronics,books,svm,random,1,2000,target_only,0.8899467342193621,0.89,0,2000,0,0,1.0,0.8957185738974264,budget_cv,0.163
1f7f2e0f41,main,electronics,books,svm,random,2,0,source_only,0.8210714863843807,0.8212,2000,0,0,0,1.0,0.9059153237914123,source_val_fallback,0.048
1f7f2e0f41,main,electronics,books,svm,random,2,50,transfer,0.8375824329159441,0.8376,2000,50,0,0,10.0,0.8957961972667855,budget_cv,0.165
1f7f2e0f41,main,electronics,books,svm,random,2,50,target_only,0.7370511398429791,0.7392,0,50,0,0,0.01,0.7455720749838397,budget_cv,0.041
1f7f2e0f41,main,electronics,books,svm,random,2,100,transfer,0.835165819984432,0.8352,2000,100,0,0,1.0,0.8406265808439933,budget_cv,0.164
1f7f2e0f41,main,electronics,books,svm,random,2,100,target_only,0.7391876038328595,0.7456,0,100,0,0,0.01,0.6661274549205584,budget_cv,0.042
1f7f2e0f41,main,electronics,books,svm,random,2,250,transfer,0.8463975423606778,0.8464,2000,250,0,0,10.0,0.8770641746710436,budget_cv,0.178
1f7f2e0f41,main,electronics,books,svm,random,2,250,target_only,0.804787841816489,0.806,0,250,0,0,0.01,0.7758282098410229,budget_cv,0.046
1f7f2e0f41,main,electronics,books,svm,random,2,500,transfer,0.8679471788715487,0.868,2000,500,0,0,1.0,0.8730459584567609,budget_cv,0.184
1f7f2e0f41,main,electronics,books,svm,random,2,500,target_only,0.8595988992553701,0.8596,0,500,0,0,0.01,0.8561892390054228,budget_cv,0.056
1f7f2e0f41,main,electronics,books,svm,random,2,1000,transfer,0.8887555022008804,0.8888,2000,1000,0,0,1.0,0.8936294541686433,budget_cv,0.219
1f7f2e0f41,main,electronics,books,svm,random,2,1000,target_only,0.8647913466461854,0.8648,0,1000,0,0,10.0,0.8974843011067949,budget_cv,0.089
1f7f2e0f41,main,electronics,books,svm,random,2,2000,transfer,0.8994608699302442,0.8996,2000,2000,0,0,1.0,0.9048580497931118,budget_cv,0.284
1f7f2e0f41,main,electronics,books,svm,random,2,2000,target_only,0.8899467342193621,0.89,0,2000,0,0,1.0,0.9023142600572824,budget_cv,0.149
1f7f2e0f41,main,electronics,books,svm,random,3,0,source_only,0.8210714863843807,0.8212,2000,0,0,0,1.0,0.9059153237914123,source_val_fallback,0.045
1f7f2e0f41,main,electronics,books,svm,random,3,50,transfer,0.8097511448646295,0.8104,2000,50,0,0,0.1,0.772890559732665,budget_cv,0.15
1f7f2e0f41,main,electronics,books,svm,random,3,50,target_only,0.7122847894237654,0.7132,0,50,0,0,0.01,0.5274542010239951,budget_cv,0.038
1f7f2e0f41,main,electronics,books,svm,random,3,100,transfer,0.839945812054129,0.84,2000,100,0,0,1.0,0.7641285205801335,budget_cv,0.164
1f7f2e0f41,main,electronics,books,svm,random,3,100,target_only,0.7077350832857591,0.712,0,100,0,0,1.0,0.702451212233821,budget_cv,0.041
1f7f2e0f41,main,electronics,books,svm,random,3,250,transfer,0.8531915203422149,0.8532,2000,250,0,0,1.0,0.825400219768348,budget_cv,0.169
1f7f2e0f41,main,electronics,books,svm,random,3,250,target_only,0.7873520532001831,0.788,0,250,0,0,1.0,0.7771672623108449,budget_cv,0.057
1f7f2e0f41,main,electronics,books,svm,random,3,500,transfer,0.8403945766879196,0.8408,2000,500,0,0,0.1,0.8422165239017113,budget_cv,0.174
1f7f2e0f41,main,electronics,books,svm,random,3,500,target_only,0.8479570874083502,0.848,0,500,0,0,10.0,0.832144467078185,budget_cv,0.064
1f7f2e0f41,main,electronics,books,svm,random,3,1000,transfer,0.8839785406708824,0.884,2000,1000,0,0,1.0,0.8776760518854442,budget_cv,0.22
1f7f2e0f41,main,electronics,books,svm,random,3,1000,target_only,0.8635936925723446,0.8636,0,1000,0,0,1.0,0.8753252225853879,budget_cv,0.083
1f7f2e0f41,main,electronics,books,svm,random,3,2000,transfer,0.8994608699302442,0.8996,2000,2000,0,0,1.0,0.9013375868536571,budget_cv,0.3
1f7f2e0f41,main,electronics,books,svm,random,3,2000,target_only,0.8879396846558691,0.888,0,2000,0,0,10.0,0.9028100125364191,budget_cv,0.177
1f7f2e0f41,main,electronics,books,svm,random,4,0,source_only,0.8210714863843807,0.8212,2000,0,0,0,1.0,0.9059153237914123,source_val_fallback,0.048
1f7f2e0f41,main,electronics,books,svm,random,4,50,transfer,0.8075617389348,0.8084,2000,50,0,0,0.1,0.8144724556489263,budget_cv,0.152
1f7f2e0f41,main,electronics,books,svm,random,4,50,target_only,0.7106798718464106,0.7112,0,50,0,0,0.01,0.6093304843304843,budget_cv,0.04
1f7f2e0f41,main,electronics,books,svm,random,4,100,transfer,0.8407974527592441,0.8408,2000,100,0,0,10.0,0.8581087371409953,budget_cv,0.167
1f7f2e0f41,main,electronics,books,svm,random,4,100,target_only,0.7060681627129765,0.7064,0,100,0,0,0.01,0.754075279483628,budget_cv,0.042
1f7f2e0f41,main,electronics,books,svm,random,4,250,transfer,0.8519814325508992,0.852,2000,250,0,0,1.0,0.8380456317897961,budget_cv,0.169
1f7f2e0f41,main,electronics,books,svm,random,4,250,target_only,0.8118524923540056,0.812,0,250,0,0,1.0,0.8062914526889257,budget_cv,0.049
1f7f2e0f41,main,electronics,books,svm,random,4,500,transfer,0.8679986483061587,0.868,2000,500,0,0,10.0,0.8588895222370732,budget_cv,0.19
1f7f2e0f41,main,electronics,books,svm,random,4,500,target_only,0.8422900824958963,0.8424,0,500,0,0,10.0,0.8482940219093497,budget_cv,0.06
1f7f2e0f41,main,electronics,books,svm,random,4,1000,transfer,0.8851522049416085,0.8852,2000,1000,0,0,10.0,0.8808793947446544,budget_cv,0.238
1f7f2e0f41,main,electronics,books,svm,random,4,1000,target_only,0.8699540365546798,0.87,0,1000,0,0,10.0,0.8867268226075468,budget_cv,0.098
1f7f2e0f41,main,electronics,books,svm,random,4,2000,transfer,0.8994608699302442,0.8996,2000,2000,0,0,1.0,0.9018946627076891,budget_cv,0.282
1f7f2e0f41,main,electronics,books,svm,random,4,2000,target_only,0.8899467342193621,0.89,0,2000,0,0,1.0,0.8958245382300726,budget_cv,0.142
1f7f2e0f41,main,electronics,books,svm,uncertainty,0,0,source_only,0.8210714863843807,0.8212,2000,0,0,0,1.0,0.9059153237914123,source_val_fallback,0.048
1f7f2e0f41,main,electronics,books,svm,uncertainty,0,50,transfer,0.8113024531002284,0.812,2000,50,0,0,0.1,0.6754758628597637,budget_cv,0.153
1f7f2e0f41,main,electronics,books,svm,uncertainty,0,50,target_only,0.6458027262864325,0.646,0,50,0,0,0.01,0.5507275132275132,budget_cv,0.039
1f7f2e0f41,main,electronics,books,svm,uncertainty,0,100,transfer,0.8226596368197754,0.8232,2000,100,0,0,0.1,0.6976420974265801,budget_cv,0.154
1f7f2e0f41,main,electronics,books,svm,uncertainty,0,100,target_only,0.7174869947979192,0.7176,0,100,0,0,0.01,0.6061548285686217,budget_cv,0.041
1f7f2e0f41,main,electronics,books,svm,uncertainty,0,250,transfer,0.8499219834438734,0.85,2000,250,0,0,0.1,0.5997343887159253,budget_cv,0.168
1f7f2e0f41,main,electronics,books,svm,uncertainty,0,250,target_only,0.7575439829618236,0.7576,0,250,0,0,10.0,0.6141656024894863,budget_cv,0.049
1f7f2e0f41,main,electronics,books,svm,uncertainty,0,500,transfer,0.8855425698398429,0.8856,2000,500,0,0,10.0,0.6036239176086703,budget_cv,0.208
1f7f2e0f41,main,electronics,books,svm,uncertainty,0,500,target_only,0.7883119038819195,0.7884,0,500,0,0,10.0,0.6158793456802499,budget_cv,0.062
1f7f2e0f41,main,electronics,books,svm,uncertainty,0,1000,transfer,0.894660429282382,0.8948,2000,1000,0,0,1.0,0.7718563156623502,budget_cv,0.236
1f7f2e0f41,main,electronics,books,svm,uncertainty,0,1000,target_only,0.8698700574445619,0.87,0,1000,0,0,10.0,0.7364865426061558,budget_cv,0.093
1f7f2e0f41,main,electronics,books,svm,uncertainty,0,2000,transfer,0.8994608699302442,0.8996,2000,2000,0,0,1.0,0.9043785803672172,budget_cv,0.286
1f7f2e0f41,main,electronics,books,svm,uncertainty,0,2000,target_only,0.8899467342193621,0.89,0,2000,0,0,1.0,0.8988226572445711,budget_cv,0.142
1f7f2e0f41,main,electronics,books,svm,uncertainty,1,0,source_only,0.8210714863843807,0.8212,2000,0,0,0,1.0,0.9059153237914123,source_val_fallback,0.047
1f7f2e0f41,main,electronics,books,svm,uncertainty,1,50,transfer,0.8391897081413211,0.8392,2000,50,0,0,1.0,0.882077743378053,budget_cv,0.153
1f7f2e0f41,main,electronics,books,svm,uncertainty,1,50,target_only,0.6839406850784986,0.6924,0,50,0,0,0.01,0.5960983460983461,budget_cv,0.039
1f7f2e0f41,main,electronics,books,svm,uncertainty,1,100,transfer,0.845597529560473,0.8456,2000,100,0,0,10.0,0.7193180848422784,budget_cv,0.162
1f7f2e0f41,main,electronics,books,svm,uncertainty,1,100,target_only,0.7150860344137655,0.7152,0,100,0,0,0.01,0.6426675663517769,budget_cv,0.041
1f7f2e0f41,main,electronics,books,svm,uncertainty,1,250,transfer,0.8654255915666704,0.8656,2000,250,0,0,1.0,0.6096152794223397,budget_cv,0.169
1f7f2e0f41,main,electronics,books,svm,uncertainty,1,250,target_only,0.7097101281455611,0.71,0,250,0,0,1.0,0.6150688348524086,budget_cv,0.049
1f7f2e0f41,main,electronics,books,svm,uncertainty,1,500,transfer,0.8867325650999579,0.8868,2000,500,0,0,1.0,0.6275083595895599,budget_cv,0.196
1f7f2e0f41,main,electronics,books,svm,uncertainty,1,500,target_only,0.771481206790538,0.7716,0,500,0,0,0.01,0.5870282124400011,budget_cv,0.061
1f7f2e0f41,main,electronics,books,svm,uncertainty,1,1000,transfer,0.896274384130157,0.8964,2000,1000,0,0,1.0,0.7758866965198501,budget_cv,0.232
1f7f2e0f41,main,electronics,books,svm,uncertainty,1,1000,target_only,0.8683054116788842,0.8684,0,1000,0,0,1.0,0.7298703139587263,budget_cv,0.089
1f7f2e0f41,main,electronics,books,svm,uncertainty,1,2000,transfer,0.8994608699302442,0.8996,2000,2000,0,0,1.0,0.898349805605406,budget_cv,0.296
1f7f2e0f41,main,electronics,books,svm,uncertainty,1,2000,target_only,0.8899467342193621,0.89,0,2000,0,0,1.0,0.8938143002943374,budget_cv,0.153
1f7f2e0f41,main,electronics,books,svm,uncertainty,2,0,source_only,0.8210714863843807,0.8212,2000,0,0,0,1.0,0.9059153237914123,source_val_fallback,0.045
1f7f2e0f41,main,electronics,books,svm,uncertainty,2,50,transfer,0.8339636313938206,0.834,2000,50,0,0,10.0,0.748611111111111,budget_cv,0.163
1f7f2e0f41,main,electronics,books,svm,uncertainty,2,50,target_only,0.6018457737486879,0.632,0,50,0,0,0.1,0.5540043290043289,budget_cv,0.039
1f7f2e0f41,main,electronics,books,svm,uncertainty,2,100,transfer,0.8423511666973962,0.8424,2000,100,0,0,1.0,0.7058879228270993,budget_cv,0.16
1f7f2e0f41,main,electronics,books,svm,uncertainty,2,100,target_only,0.7066032053051984,0.7108,0,100,0,0,0.01,0.6592687732647164,budget_cv,0.04
1f7f2e0f41,main,electronics,books,svm,uncertainty,2,250,transfer,0.842712397096687,0.8428,2000,250,0,0,0.1,0.5877299123640588,budget_cv,0.164
1f7f2e0f41,main,electronics,books,svm,uncertainty,2,250,target_only,0.7378993113994672,0.738,0,250,0,0,1.0,0.6140158494656154,budget_cv,0.047
1f7f2e0f41,main,electronics,books,svm,uncertainty,2,500,transfer,0.8858802016004321,0.886,2000,500,0,0,1.0,0.6166302787092087,budget_cv,0.193
1f7f2e0f41,main,electronics,books,svm,uncertainty,2,500,target_only,0.8031874039938556,0.8032,0,500,0,0,10.0,0.6454067879307577,budget_cv,0.061
1f7f2e0f41,main,electronics,books,svm,uncertainty,2,1000,transfer,0.8974842638344986,0.8976,2000,1000,0,0,1.0,0.7767559972729886,budget_cv,0.225
1f7f2e0f41,main,electronics,books,svm,uncertainty,2,1000,target_only,0.8679134357492526,0.868,0,1000,0,0,10.0,0.7193500333414217,budget_cv,0.09
1f7f2e0f41,main,electronics,books,svm,uncertainty,2,2000,transfer,0.8994608699302442,0.8996,2000,2000,0,0,1.0,0.8968554431288123,budget_cv,0.295
1f7f2e0f41,main,electronics,books,svm,uncertainty,2,2000,target_only,0.8899467342193621,0.89,0,2000,0,0,1.0,0.8993349357928212,budget_cv,0.161
1f7f2e0f41,main,electronics,books,svm,uncertainty,3,0,source_only,0.8210714863843807,0.8212,2000,0,0,0,1.0,0.9059153237914123,source_val_fallback,0.048
1f7f2e0f41,main,electronics,books,svm,uncertainty,3,50,transfer,0.8341290586771868,0.8348,2000,50,0,0,10.0,0.625891017195365,budget_cv,0.184
1f7f2e0f41,main,electronics,books,svm,uncertainty,3,50,target_only,0.44274532948097695,0.5572,0,50,0,0,0.01,0.5362637362637362,budget_cv,0.042
1f7f2e0f41,main,electronics,books,svm,uncertainty,3,100,transfer,0.8454571777053481,0.8456,2000,100,0,0,10.0,0.7298901012017711,budget_cv,0.188
1f7f2e0f41,main,electronics,books,svm,uncertainty,3,100,target_only,0.6923917363858381,0.6944,0,100,0,0,0.01,0.6541921744837266,budget_cv,0.047
1f7f2e0f41,main,electronics,books,svm,uncertainty,3,250,transfer,0.8647986155378231,0.8648,2000,250,0,0,1.0,0.6162823465336698,budget_cv,0.19
1f7f2e0f41,main,electronics,books,svm,uncertainty,3,250,target_only,0.7573336965706959,0.758,0,250,0,0,0.1,0.6214541342431883,budget_cv,0.05
1f7f2e0f41,main,electronics,books,svm,uncertainty,3,500,transfer,0.8867451846693799,0.8868,2000,500,0,0,10.0,0.6052851176629989,budget_cv,0.208
1f7f2e0f41,main,electronics,books,svm,uncertainty,3,500,target_only,0.7855648669478007,0.7856,0,500,0,0,0.1,0.5969339086101315,budget_cv,0.06
1f7f2e0f41,main,electronics,books,svm,uncertainty,3,1000,transfer,0.8958767847520042,0.896,2000,1000,0,0,1.0,0.7698438969657292,budget_cv,0.23
1f7f2e0f41,main,electronics,books,svm,uncertainty,3,1000,target_only,0.8686910871353135,0.8688,0,1000,0,0,10.0,0.7006511217527064,budget_cv,0.089
1f7f2e0f41,main,electronics,books,svm,uncertainty,3,2000,transfer,0.8994608699302442,0.8996,2000,2000,0,0,1.0,0.9038324299391238,budget_cv,0.287
1f7f2e0f41,main,electronics,books,svm,uncertainty,3,2000,target_only,0.8899467342193621,0.89,0,2000,0,0,1.0,0.8932433481447997,budget_cv,0.144
1f7f2e0f41,main,electronics,books,svm,uncertainty,4,0,source_only,0.8210714863843807,0.8212,2000,0,0,0,1.0,0.9059153237914123,source_val_fallback,0.047
1f7f2e0f41,main,electronics,books,svm,uncertainty,4,50,transfer,0.8387522964793904,0.8388,2000,50,0,0,10.0,0.6819291819291818,budget_cv,0.166
1f7f2e0f41,main,electronics,books,svm,uncertainty,4,50,target_only,0.5524563827371661,0.5976,0,50,0,0,0.01,0.6193236714975846,budget_cv,0.04
1f7f2e0f41,main,electronics,books,svm,uncertainty,4,100,transfer,0.8475945134024825,0.8476,2000,100,0,0,1.0,0.6745736616032315,budget_cv,0.164
1f7f2e0f41,main,electronics,books,svm,uncertainty,4,100,target_only,0.6812425459795368,0.688,0,100,0,0,0.01,0.6600124047492468,budget_cv,0.043
1f7f2e0f41,main,electronics,books,svm,uncertainty,4,250,transfer,0.8467793826337272,0.8468,2000,250,0,0,0.1,0.6063219405121653,budget_cv,0.174
1f7f2e0f41,main,electronics,books,svm,uncertainty,4,250,target_only,0.7313582224001601,0.7316,0,250,0,0,1.0,0.5808444087855548,budget_cv,0.05
1f7f2e0f41,main,electronics,books,svm,uncertainty,4,500,transfer,0.8823635609366357,0.8824,2000,500,0,0,1.0,0.6030973224916467,budget_cv,0.199
1f7f2e0f41,main,electronics,books,svm,uncertainty,4,500,target_only,0.7887735037483101,0.7888,0,500,0,0,10.0,0.581689904035547,budget_cv,0.063
1f7f2e0f41,main,electronics,books,svm,uncertainty,4,1000,transfer,0.8958709799790332,0.896,2000,1000,0,0,1.0,0.7799396685700003,budget_cv,0.258
1f7f2e0f41,main,electronics,books,svm,uncertainty,4,1000,target_only,0.8674990660885836,0.8676,0,1000,0,0,10.0,0.6986205105433717,budget_cv,0.098
1f7f2e0f41,main,electronics,books,svm,uncertainty,4,2000,transfer,0.8994608699302442,0.8996,2000,2000,0,0,1.0,0.9028577448255221,budget_cv,0.296
1f7f2e0f41,main,electronics,books,svm,uncertainty,4,2000,target_only,0.8879396846558691,0.888,0,2000,0,0,10.0,0.9052950333266234,budget_cv,0.159
1f7f2e0f41,main,electronics,books,svm,self_training,0,0,uda_self_training,0.8309834004020106,0.8316,2000,0,0,1000,1.0,0.9059153237914123,source_val_fallback,0.078
1f7f2e0f41,main,electronics,books,svm,self_training,0,50,transfer,0.7747457161213878,0.7796,2000,50,0,1000,0.1,0.7903318903318904,budget_cv,0.173
1f7f2e0f41,main,electronics,books,svm,self_training,0,50,target_only,0.6028740186784943,0.6372,0,50,0,1000,1.0,0.6975767909271745,budget_cv,0.057
1f7f2e0f41,main,electronics,books,svm,self_training,0,100,transfer,0.8367096324947672,0.8372,2000,100,0,1000,1.0,0.8670823011340252,budget_cv,0.188
1f7f2e0f41,main,electronics,books,svm,self_training,0,100,target_only,0.5720217044587754,0.6208,0,100,0,1000,1.0,0.7072746094485224,budget_cv,0.061
1f7f2e0f41,main,electronics,books,svm,self_training,0,250,transfer,0.8534978938921272,0.8536,2000,250,0,1000,1.0,0.85093266223701,budget_cv,0.202
1f7f2e0f41,main,electronics,books,svm,self_training,0,250,target_only,0.7922120930455616,0.7948,0,250,0,1000,10.0,0.8081174084753607,budget_cv,0.07
1f7f2e0f41,main,electronics,books,svm,self_training,0,500,transfer,0.8739975605927731,0.874,2000,500,0,1000,1.0,0.8594407977000197,budget_cv,0.223
1f7f2e0f41,main,electronics,books,svm,self_training,0,500,target_only,0.8559055662719119,0.856,0,500,0,1000,10.0,0.8630286413569772,budget_cv,0.085
1f7f2e0f41,main,electronics,books,svm,self_training,0,1000,transfer,0.8907391460747978,0.8908,2000,1000,0,1000,1.0,0.888843843904076,budget_cv,0.26
1f7f2e0f41,main,electronics,books,svm,self_training,0,1000,target_only,0.8743996784631769,0.8744,0,1000,0,1000,1.0,0.8947911163356949,budget_cv,0.111
1f7f2e0f41,main,electronics,books,svm,self_training,0,2000,transfer,0.900273610763337,0.9004,2000,2000,0,1000,1.0,0.9013788687073959,budget_cv,0.338
1f7f2e0f41,main,electronics,books,svm,self_training,0,2000,target_only,0.8907676847118451,0.8908,0,2000,0,1000,1.0,0.8963084681297803,budget_cv,0.193
1f7f2e0f41,main,electronics,books,svm,self_training,1,0,uda_self_training,0.8309834004020106,0.8316,2000,0,0,1000,1.0,0.9059153237914123,source_val_fallback,0.079
1f7f2e0f41,main,electronics,books,svm,self_training,1,50,transfer,0.8411987549982392,0.8412,2000,50,0,1000,10.0,0.8585511982570807,budget_cv,0.211
1f7f2e0f41,main,electronics,books,svm,self_training,1,50,target_only,0.6291795954386843,0.6436,0,50,0,1000,0.01,0.6370746943115364,budget_cv,0.052
1f7f2e0f41,main,electronics,books,svm,self_training,1,100,transfer,0.8443694964212987,0.8444,2000,100,0,1000,10.0,0.8875054208992502,budget_cv,0.217
1f7f2e0f41,main,electronics,books,svm,self_training,1,100,target_only,0.654918005067184,0.68,0,100,0,1000,1.0,0.7093857832988268,budget_cv,0.059
1f7f2e0f41,main,electronics,books,svm,self_training,1,250,transfer,0.8671915002560164,0.8672,2000,250,0,1000,1.0,0.8638186895741503,budget_cv,0.205
1f7f2e0f41,main,electronics,books,svm,self_training,1,250,target_only,0.7111351586318052,0.7176,0,250,0,1000,0.1,0.802541014147303,budget_cv,0.063
1f7f2e0f41,main,electronics,books,svm,self_training,1,500,transfer,0.8755832584832615,0.8756,2000,500,0,1000,1.0,0.8757831522487481,budget_cv,0.23
1f7f2e0f41,main,electronics,books,svm,self_training,1,500,target_only,0.8632,0.8632,0,500,0,1000,10.0,0.8337656343602656,budget_cv,0.086
1f7f2e0f41,main,electronics,books,svm,self_training,1,1000,transfer,0.8871791326523755,0.8872,2000,1000,0,1000,1.0,0.879610335209709,budget_cv,0.276
1f7f2e0f41,main,electronics,books,svm,self_training,1,1000,target_only,0.8739998185597387,0.874,0,1000,0,1000,1.0,0.872019103957396,budget_cv,0.112
1f7f2e0f41,main,electronics,books,svm,self_training,1,2000,transfer,0.900273610763337,0.9004,2000,2000,0,1000,1.0,0.9018691845971238,budget_cv,0.355
1f7f2e0f41,main,electronics,books,svm,self_training,1,2000,target_only,0.8907676847118451,0.8908,0,2000,0,1000,1.0,0.8957185738974264,budget_cv,0.202
1f7f2e0f41,main,electronics,books,svm,self_training,2,0,uda_self_training,0.8309834004020106,0.8316,2000,0,0,1000,1.0,0.9059153237914123,source_val_fallback,0.077
1f7f2e0f41,main,electronics,books,svm,self_training,2,50,transfer,0.8455643191803034,0.8456,2000,50,0,1000,10.0,0.8957961972667855,budget_cv,0.214
1f7f2e0f41,main,electronics,books,svm,self_training,2,50,target_only,0.49514649836071656,0.5732,0,50,0,1000,0.01,0.7455720749838397,budget_cv,0.05
1f7f2e0f41,main,electronics,books,svm,self_training,2,100,transfer,0.8462006760761948,0.8464,2000,100,0,1000,1.0,0.8406265808439933,budget_cv,0.196
1f7f2e0f41,main,electronics,books,svm,self_training,2,100,target_only,0.4721307025437845,0.5588,0,100,0,1000,0.01,0.6661274549205584,budget_cv,0.052
1f7f2e0f41,main,electronics,books,svm,self_training,2,250,transfer,0.851198476272397,0.8512,2000,250,0,1000,10.0,0.8770641746710436,budget_cv,0.24
1f7f2e0f41,main,electronics,books,svm,self_training,2,250,target_only,0.6193379109679822,0.648,0,250,0,1000,0.01,0.7758282098410229,budget_cv,0.06
1f7f2e0f41,main,electronics,books,svm,self_training,2,500,transfer,0.8735494197679072,0.8736,2000,500,0,1000,1.0,0.8730459584567609,budget_cv,0.229
1f7f2e0f41,main,electronics,books,svm,self_training,2,500,target_only,0.6859611153791407,0.6996,0,500,0,1000,0.01,0.8561892390054228,budget_cv,0.071
1f7f2e0f41,main,electronics,books,svm,self_training,2,1000,transfer,0.8895558223289315,0.8896,2000,1000,0,1000,1.0,0.8936294541686433,budget_cv,0.262
1f7f2e0f41,main,electronics,books,svm,self_training,2,1000,target_only,0.868390713648755,0.8684,0,1000,0,1000,10.0,0.8974843011067949,budget_cv,0.173
1f7f2e0f41,main,electronics,books,svm,self_training,2,2000,transfer,0.900273610763337,0.9004,2000,2000,0,1000,1.0,0.9048580497931118,budget_cv,0.341
1f7f2e0f41,main,electronics,books,svm,self_training,2,2000,target_only,0.8907676847118451,0.8908,0,2000,0,1000,1.0,0.9023142600572824,budget_cv,0.194
1f7f2e0f41,main,electronics,books,svm,self_training,3,0,uda_self_training,0.8309834004020106,0.8316,2000,0,0,1000,1.0,0.9059153237914123,source_val_fallback,0.079
1f7f2e0f41,main,electronics,books,svm,self_training,3,50,transfer,0.788794268721276,0.792,2000,50,0,1000,0.1,0.772890559732665,budget_cv,0.172
1f7f2e0f41,main,electronics,books,svm,self_training,3,50,target_only,0.5604477956096661,0.6096,0,50,0,1000,0.01,0.5274542010239951,budget_cv,0.05
1f7f2e0f41,main,electronics,books,svm,self_training,3,100,transfer,0.8442283022038212,0.8444,2000,100,0,1000,1.0,0.7641285205801335,budget_cv,0.191
1f7f2e0f41,main,electronics,books,svm,self_training,3,100,target_only,0.6720845812916943,0.686,0,100,0,1000,1.0,0.702451212233821,budget_cv,0.062
1f7f2e0f41,main,electronics,books,svm,self_training,3,250,transfer,0.8547529399525446,0.8548,2000,250,0,1000,1.0,0.825400219768348,budget_cv,0.21
1f7f2e0f41,main,electronics,books,svm,self_training,3,250,target_only,0.7718947104810012,0.7744,0,250,0,1000,1.0,0.7771672623108449,budget_cv,0.079
1f7f2e0f41,main,electronics,books,svm,self_training,3,500,transfer,0.8339865340166818,0.8348,2000,500,0,1000,0.1,0.8422165239017113,budget_cv,0.211
1f7f2e0f41,main,electronics,books,svm,self_training,3,500,target_only,0.8567001257196216,0.8568,0,500,0,1000,10.0,0.832144467078185,budget_cv,0.087
1f7f2e0f41,main,electronics,books,svm,self_training,3,1000,transfer,0.8847855474990782,0.8848,2000,1000,0,1000,1.0,0.8776760518854442,budget_cv,0.274
1f7f2e0f41,main,electronics,books,svm,self_training,3,1000,target_only,0.8691924445555975,0.8692,0,1000,0,1000,1.0,0.8753252225853879,budget_cv,0.115
1f7f2e0f41,main,electronics,books,svm,self_training,3,2000,transfer,0.900273610763337,0.9004,2000,2000,0,1000,1.0,0.9013375868536571,budget_cv,0.345
1f7f2e0f41,main,electronics,books,svm,self_training,3,2000,target_only,0.8875415395939426,0.8876,0,2000,0,1000,10.0,0.9028100125364191,budget_cv,0.292
1f7f2e0f41,main,electronics,books,svm,self_training,4,0,uda_self_training,0.8309834004020106,0.8316,2000,0,0,1000,1.0,0.9059153237914123,source_val_fallback,0.078
1f7f2e0f41,main,electronics,books,svm,self_training,4,50,transfer,0.7819373854357607,0.7856,2000,50,0,1000,0.1,0.8144724556489263,budget_cv,0.174
1f7f2e0f41,main,electronics,books,svm,self_training,4,50,target_only,0.6217587586618927,0.6404,0,50,0,1000,0.01,0.6093304843304843,budget_cv,0.052
1f7f2e0f41,main,electronics,books,svm,self_training,4,100,transfer,0.8495996149750144,0.8496,2000,100,0,1000,10.0,0.8581087371409953,budget_cv,0.225
1f7f2e0f41,main,electronics,books,svm,self_training,4,100,target_only,0.5952657970457641,0.61,0,100,0,1000,0.01,0.754075279483628,budget_cv,0.059
1f7f2e0f41,main,electronics,books,svm,self_training,4,250,transfer,0.8583767964543312,0.8584,2000,250,0,1000,1.0,0.8380456317897961,budget_cv,0.205
1f7f2e0f41,main,electronics,books,svm,self_training,4,250,target_only,0.819328009158107,0.8196,0,250,0,1000,1.0,0.8062914526889257,budget_cv,0.068
1f7f2e0f41,main,electronics,books,svm,self_training,4,500,transfer,0.8719999180799476,0.872,2000,500,0,1000,10.0,0.8588895222370732,budget_cv,0.253
1f7f2e0f41,main,electronics,books,svm,self_training,4,500,target_only,0.851459088149382,0.8516,0,500,0,1000,10.0,0.8482940219093497,budget_cv,0.093
1f7f2e0f41,main,electronics,books,svm,self_training,4,1000,transfer,0.8851558814834307,0.8852,2000,1000,0,1000,10.0,0.8808793947446544,budget_cv,0.31
1f7f2e0f41,main,electronics,books,svm,self_training,4,1000,target_only,0.8707543194066512,0.8708,0,1000,0,1000,10.0,0.8867268226075468,budget_cv,0.145
1f7f2e0f41,main,electronics,books,svm,self_training,4,2000,transfer,0.900273610763337,0.9004,2000,2000,0,1000,1.0,0.9018946627076891,budget_cv,0.353
1f7f2e0f41,main,electronics,books,svm,self_training,4,2000,target_only,0.8907676847118451,0.8908,0,2000,0,1000,1.0,0.8958245382300726,budget_cv,0.193
1f7f2e0f41,main,electronics,music,logreg,random,0,0,source_only,0.8229389128032631,0.8232,2000,0,0,0,10.0,0.9039096323475766,source_val_fallback,0.086
1f7f2e0f41,main,electronics,music,logreg,random,0,50,transfer,0.8263509893032209,0.8264,2000,50,0,0,10.0,0.8993736383442266,budget_cv,0.29
1f7f2e0f41,main,electronics,music,logreg,random,0,50,target_only,0.72679016444592,0.7268,0,50,0,0,0.1,0.7773692810457516,budget_cv,0.092
1f7f2e0f41,main,electronics,music,logreg,random,0,100,transfer,0.8307668302987385,0.8308,2000,100,0,0,10.0,0.9394838166304011,budget_cv,0.292
1f7f2e0f41,main,electronics,music,logreg,random,0,100,target_only,0.76831099435159,0.7684,0,100,0,0,10.0,0.8363615486680502,budget_cv,0.105
1f7f2e0f41,main,electronics,music,logreg,random,0,250,transfer,0.8186704029409007,0.8196,2000,250,0,0,0.01,0.8754792433846039,budget_cv,0.274
1f7f2e0f41,main,electronics,music,logreg,random,0,250,target_only,0.806245860066168,0.8076,0,250,0,0,0.1,0.8269922387981582,budget_cv,0.115
1f7f2e0f41,main,electronics,music,logreg,random,0,500,transfer,0.8543842502005017,0.8544,2000,500,0,0,10.0,0.8470507487965299,budget_cv,0.299
1f7f2e0f41,main,electronics,music,logreg,random,0,500,target_only,0.8571961385835873,0.8572,0,500,0,0,10.0,0.8414412154765275,budget_cv,0.145
1f7f2e0f41,main,electronics,music,logreg,random,0,1000,transfer,0.8795998266237504,0.8796,2000,1000,0,0,10.0,0.8579771781207789,budget_cv,0.335
1f7f2e0f41,main,electronics,music,logreg,random,0,1000,target_only,0.8842902330867154,0.8844,0,1000,0,0,10.0,0.8617850511366445,budget_cv,0.176
1f7f2e0f41,main,electronics,music,logreg,random,0,2000,transfer,0.8935931899641577,0.8936,2000,2000,0,0,10.0,0.8759724087205208,budget_cv,0.402
1f7f2e0f41,main,electronics,music,logreg,random,0,2000,target_only,0.8991493972015399,0.8992,0,2000,0,0,10.0,0.8858828975922218,budget_cv,0.232
1f7f2e0f41,main,electronics,music,logreg,random,1,0,source_only,0.8229389128032631,0.8232,2000,0,0,0,10.0,0.9039096323475766,source_val_fallback,0.086
1f7f2e0f41,main,electronics,music,logreg,random,1,50,transfer,0.7920595444182701,0.7948,2000,50,0,0,0.1,0.9396407685881369,budget_cv,0.268
1f7f2e0f41,main,electronics,music,logreg,random,1,50,target_only,0.6761726290566815,0.6952,0,50,0,0,0.1,0.8309553191906133,budget_cv,0.091
1f7f2e0f41,main,electronics,music,logreg,random,1,100,transfer,0.8156435986627157,0.8168,2000,100,0,0,1.0,0.8540100294165335,budget_cv,0.281
1f7f2e0f41,main,electronics,music,logreg,random,1,100,target_only,0.7157459749546817,0.7268,0,100,0,0,0.01,0.8501933412938337,budget_cv,0.102
1f7f2e0f41,main,electronics,music,logreg,random,1,250,transfer,0.8397118403581223,0.84,2000,250,0,0,10.0,0.8578591216918973,budget_cv,0.298
1f7f2e0f41,main,electronics,music,logreg,random,1,250,target_only,0.8064174357835309,0.8084,0,250,0,0,10.0,0.8306816809508478,budget_cv,0.117
1f7f2e0f41,main,electronics,music,logreg,random,1,500,transfer,0.8647653799372639,0.8648,2000,500,0,0,10.0,0.8354218988642489,budget_cv,0.305
1f7f2e0f41,main,electronics,music,logreg,random,1,500,target_only,0.8579286413290559,0.8584,0,500,0,0,10.0,0.8212303635279397,budget_cv,0.133
1f7f2e0f41,main,electronics,music,logreg,random,1,1000,transfer,0.8771929066622888,0.8772,2000,1000,0,0,10.0,0.8668357451700938,budget_cv,0.337
1f7f2e0f41,main,electronics,music,logreg,random,1,1000,target_only,0.8843480213747267,0.8844,0,1000,0,0,10.0,0.8673308956763375,budget_cv,0.17
1f7f2e0f41,main,electronics,music,logreg,random,1,2000,transfer,0.8935931899641577,0.8936,2000,2000,0,0,10.0,0.8799873335451331,budget_cv,0.401
1f7f2e0f41,main,electronics,music,logreg,random,1,2000,target_only,0.8991493972015399,0.8992,0,2000,0,0,10.0,0.8848588961437355,budget_cv,0.239
1f7f2e0f41,main,electronics,music,logreg,random,2,0,source_only,0.8229389128032631,0.8232,2000,0,0,0,10.0,0.9039096323475766,source_val_fallback,0.086
1f7f2e0f41,main,electronics,music,logreg,random,2,50,transfer,0.7984644526027973,0.8004,2000,50,0,0,0.01,0.7349763297131718,budget_cv,0.266
1f7f2e0f41,main,electronics,music,logreg,random,2,50,target_only,0.6845760702384005,0.6976,0,50,0,0,0.1,0.6091637830768266,budget_cv,0.093
1f7f2e0f41,main,electronics,music,logreg,random,2,100,transfer,0.8343728636499804,0.8344,2000,100,0,0,10.0,0.7882414672737253,budget_cv,0.29
1f7f2e0f41,main,electronics,music,logreg,random,2,100,target_only,0.7759030466941217,0.776,0,100,0,0,1.0,0.7747413405308142,budget_cv,0.106
1f7f2e0f41,main,electronics,music,logreg,random,2,250,transfer,0.8471059640521306,0.8472,2000,250,0,0,10.0,0.8437140658434163,budget_cv,0.299
1f7f2e0f41,main,electronics,music,logreg,random,2,250,target_only,0.8149279369073543,0.8172,0,250,0,0,0.1,0.7707579706698237,budget_cv,0.113
1f7f2e0f41,main,electronics,music,logreg,random,2,500,transfer,0.8655689410481398,0.8656,2000,500,0,0,10.0,0.843744071000125,budget_cv,0.309
1f7f2e0f41,main,electronics,music,logreg,random,2,500,target_only,0.8556893048457608,0.856,0,500,0,0,10.0,0.8248810383968083,budget_cv,0.134
1f7f2e0f41,main,electronics,music,logreg,random,2,1000,transfer,0.879518554542871,0.8796,2000,1000,0,0,10.0,0.8643446546161523,budget_cv,0.333
1f7f2e0f41,main,electronics,music,logreg,random,2,1000,target_only,0.8721387744016535,0.8724,0,1000,0,0,10.0,0.8671416960040269,budget_cv,0.178
1f7f2e0f41,main,electronics,music,logreg,random,2,2000,transfer,0.8935931899641577,0.8936,2000,2000,0,0,10.0,0.8729850509080422,budget_cv,0.403
1f7f2e0f41,main,electronics,music,logreg,random,2,2000,target_only,0.8991493972015399,0.8992,0,2000,0,0,10.0,0.8858772591815077,budget_cv,0.233
1f7f2e0f41,main,electronics,music,logreg,random,3,0,source_only,0.8229389128032631,0.8232,2000,0,0,0,10.0,0.9039096323475766,source_val_fallback,0.086
1f7f2e0f41,main,electronics,music,logreg,random,3,50,transfer,0.8246545614794736,0.8248,2000,50,0,0,10.0,0.81849128540305,budget_cv,0.288
1f7f2e0f41,main,electronics,music,logreg,random,3,50,target_only,0.6949460212453689,0.6988,0,50,0,0,0.1,0.6922245281378409,budget_cv,0.093
1f7f2e0f41,main,electronics,music,logreg,random,3,100,transfer,0.8043478260869565,0.8056,2000,100,0,0,0.01,0.7699705387205388,budget_cv,0.268
1f7f2e0f41,main,electronics,music,logreg,random,3,100,target_only,0.7438621363562724,0.744,0,100,0,0,0.1,0.7356765074450834,budget_cv,0.107
1f7f2e0f41,main,electronics,music,logreg,random,3,250,transfer,0.8418339636216514,0.842,2000,250,0,0,10.0,0.8156654100901678,budget_cv,0.297
1f7f2e0f41,main,electronics,music,logreg,random,3,250,target_only,0.7940193539576259,0.7956,0,250,0,0,10.0,0.8142321977845791,budget_cv,0.118
1f7f2e0f41,main,electronics,music,logreg,random,3,500,transfer,0.8603324008820269,0.8604,2000,500,0,0,10.0,0.845676055708859,budget_cv,0.305
1f7f2e0f41,main,electronics,music,logreg,random,3,500,target_only,0.8445708103340863,0.8448,0,500,0,0,10.0,0.8357208590935117,budget_cv,0.139
1f7f2e0f41,main,electronics,music,logreg,random,3,1000,transfer,0.8811739723469029,0.8812,2000,1000,0,0,10.0,0.8629550795565734,budget_cv,0.338
1f7f2e0f41,main,electronics,music,logreg,random,3,1000,target_only,0.8826887138214796,0.8828,0,1000,0,0,10.0,0.8438861408021586,budget_cv,0.18
1f7f2e0f41,main,electronics,music,logreg,random,3,2000,transfer,0.8935931899641577,0.8936,2000,2000,0,0,10.0,0.882946596777372,budget_cv,0.397
1f7f2e0f41,main,electronics,music,logreg,random,3,2000,target_only,0.8991493972015399,0.8992,0,2000,0,0,10.0,0.8822933430684508,budget_cv,0.238
1f7f2e0f41,main,electronics,music,logreg,random,4,0,source_only,0.8229389128032631,0.8232,2000,0,0,0,10.0,0.9039096323475766,source_val_fallback,0.087
1f7f2e0f41,main,electronics,music,logreg,random,4,50,transfer,0.8271414770184593,0.8272,2000,50,0,0,10.0,0.841557734204793,budget_cv,0.29
1f7f2e0f41,main,electronics,music,logreg,random,4,50,target_only,0.6650318876176933,0.6816,0,50,0,0,1.0,0.8951963241436927,budget_cv,0.097
1f7f2e0f41,main,electronics,music,logreg,random,4,100,transfer,0.8351489357343331,0.8352,2000,100,0,0,10.0,0.859640522875817,budget_cv,0.29
1f7f2e0f41,main,electronics,music,logreg,random,4,100,target_only,0.7569152977180895,0.758,0,100,0,0,0.01,0.8181286549707604,budget_cv,0.102
1f7f2e0f41,main,electronics,music,logreg,random,4,250,transfer,0.8486744845644771,0.8488,2000,250,0,0,10.0,0.8557200801975039,budget_cv,0.297
1f7f2e0f41,main,electronics,music,logreg,random,4,250,target_only,0.8163816381638164,0.8164,0,250,0,0,1.0,0.850612854392658,budget_cv,0.111
1f7f2e0f41,main,electronics,music,logreg,random,4,500,transfer,0.8635994543978176,0.8636,2000,500,0,0,10.0,0.8540267797087013,budget_cv,0.304
1f7f2e0f41,main,electronics,music,logreg,random,4,500,target_only,0.8542581290331259,0.8544,0,500,0,0,10.0,0.8678036179622124,budget_cv,0.131
1f7f2e0f41,main,electronics,music,logreg,random,4,1000,transfer,0.882393903299947,0.8824,2000,1000,0,0,10.0,0.8609356390673873,budget_cv,0.345
1f7f2e0f41,main,electronics,music,logreg,random,4,1000,target_only,0.8803502065419544,0.8804,0,1000,0,0,10.0,0.870983039007258,budget_cv,0.18
1f7f2e0f41,main,electronics,music,logreg,random,4,2000,transfer,0.8935931899641577,0.8936,2000,2000,0,0,10.0,0.8749557517310137,budget_cv,0.403
1f7f2e0f41,main,electronics,music,logreg,random,4,2000,target_only,0.8991493972015399,0.8992,0,2000,0,0,10.0,0.8773890373536516,budget_cv,0.236
1f7f2e0f41,main,electronics,music,logreg,uncertainty,0,0,source_only,0.8229389128032631,0.8232,2000,0,0,0,10.0,0.9039096323475766,source_val_fallback,0.087
1f7f2e0f41,main,electronics,music,logreg,uncertainty,0,50,transfer,0.831595446340869,0.8316,2000,50,0,0,10.0,0.7377940899680029,budget_cv,0.291
1f7f2e0f41,main,electronics,music,logreg,uncertainty,0,50,target_only,0.5362579067326385,0.6028,0,50,0,0,0.1,0.6164529914529915,budget_cv,0.1
1f7f2e0f41,main,electronics,music,logreg,uncertainty,0,100,transfer,0.8383586198066706,0.8384,2000,100,0,0,10.0,0.6160507211180405,budget_cv,0.293
1f7f2e0f41,main,electronics,music,logreg,uncertainty,0,100,target_only,0.6844369874142203,0.6908,0,100,0,0,0.1,0.5832433237069353,budget_cv,0.098
1f7f2e0f41,main,electronics,music,logreg,uncertainty,0,250,transfer,0.8471808303633608,0.8472,2000,250,0,0,10.0,0.6367260074935883,budget_cv,0.307
1f7f2e0f41,main,electronics,music,logreg,uncertainty,0,250,target_only,0.6853341670975786,0.686,0,250,0,0,1.0,0.6113440685715084,budget_cv,0.112
1f7f2e0f41,main,electronics,music,logreg,uncertainty,0,500,transfer,0.8687879074935546,0.8688,2000,500,0,0,10.0,0.6377868831088759,budget_cv,0.318
1f7f2e0f41,main,electronics,music,logreg,uncertainty,0,500,target_only,0.7439993446383223,0.744,0,500,0,0,0.01,0.6320156144457941,budget_cv,0.121
1f7f2e0f41,main,electronics,music,logreg,uncertainty,0,1000,transfer,0.8927997255672975,0.8928,2000,1000,0,0,10.0,0.7501160818115041,budget_cv,0.361
1f7f2e0f41,main,electronics,music,logreg,uncertainty,0,1000,target_only,0.8695932397135467,0.8696,0,1000,0,0,10.0,0.7192085938073743,budget_cv,0.165
1f7f2e0f41,main,electronics,music,logreg,uncertainty,0,2000,transfer,0.8935931899641577,0.8936,2000,2000,0,0,10.0,0.8764363751482561,budget_cv,0.409
1f7f2e0f41,main,electronics,music,logreg,uncertainty,0,2000,target_only,0.8991493972015399,0.8992,0,2000,0,0,10.0,0.8793609546272858,budget_cv,0.235
1f7f2e0f41,main,electronics,music,logreg,uncertainty,1,0,source_only,0.8229389128032631,0.8232,2000,0,0,0,10.0,0.9039096323475766,source_val_fallback,0.084
1f7f2e0f41,main,electronics,music,logreg,uncertainty,1,50,transfer,0.8272344280497532,0.8276,2000,50,0,0,10.0,0.6793300653594772,budget_cv,0.289
1f7f2e0f41,main,electronics,music,logreg,uncertainty,1,50,target_only,0.6362801155012701,0.6544,0,50,0,0,0.1,0.6182147562582345,budget_cv,0.089
1f7f2e0f41,main,electronics,music,logreg,uncertainty,1,100,transfer,0.835418591788613,0.8356,2000,100,0,0,10.0,0.6644736842105263,budget_cv,0.292
1f7f2e0f41,main,electronics,music,logreg,uncertainty,1,100,target_only,0.6924340734877521,0.6976,0,100,0,0,0.1,0.6233377901418272,budget_cv,0.093
1f7f2e0f41,main,electronics,music,logreg,uncertainty,1,250,transfer,0.847599780543684,0.8476,2000,250,0,0,10.0,0.6340740651070191,budget_cv,0.308
1f7f2e0f41,main,electronics,music,logreg,uncertainty,1,250,target_only,0.6970739342884935,0.6972,0,250,0,0,1.0,0.642006851168173,budget_cv,0.111
1f7f2e0f41,main,electronics,music,logreg,uncertainty,1,500,transfer,0.8711979391670266,0.8712,2000,500,0,0,10.0,0.6553742255325982,budget_cv,0.319
1f7f2e0f41,main,electronics,music,logreg,uncertainty,1,500,target_only,0.7411346221783673,0.7416,0,500,0,0,0.01,0.6205319144555819,budget_cv,0.118
1f7f2e0f41,main,electronics,music,logreg,uncertainty,1,1000,transfer,0.893598910452843,0.8936,2000,1000,0,0,10.0,0.7457652934989952,budget_cv,0.362
1f7f2e0f41,main,electronics,music,logreg,uncertainty,1,1000,target_only,0.8707908830047049,0.8708,0,1000,0,0,10.0,0.688583634139293,budget_cv,0.168
1f7f2e0f41,main,electronics,music,logreg,uncertainty,1,2000,transfer,0.8935931899641577,0.8936,2000,2000,0,0,10.0,0.8789666298140807,budget_cv,0.4
1f7f2e0f41,main,electronics,music,logreg,uncertainty,1,2000,target_only,0.8991493972015399,0.8992,0,2000,0,0,10.0,0.8822925088076556,budget_cv,0.236
1f7f2e0f41,main,electronics,music,logreg,uncertainty,2,0,source_only,0.8229389128032631,0.8232,2000,0,0,0,10.0,0.9039096323475766,source_val_fallback,0.084
1f7f2e0f41,main,electronics,music,logreg,uncertainty,2,50,transfer,0.8216695585116638,0.8224,2000,50,0,0,10.0,0.6244070871073159,budget_cv,0.293
1f7f2e0f41,main,electronics,music,logreg,uncertainty,2,50,target_only,0.6330513160199702,0.6568,0,50,0,0,0.01,0.5379877369007804,budget_cv,0.103
1f7f2e0f41,main,electronics,music,logreg,uncertainty,2,100,transfer,0.8300710174898603,0.8304,2000,100,0,0,10.0,0.6294187328670087,budget_cv,0.29
1f7f2e0f41,main,electronics,music,logreg,uncertainty,2,100,target_only,0.6505309936673891,0.6632,0,100,0,0,10.0,0.6437289562289562,budget_cv,0.101
1f7f2e0f41,main,electronics,music,logreg,uncertainty,2,250,transfer,0.8483795979587013,0.8484,2000,250,0,0,10.0,0.6417184360929852,budget_cv,0.307
1f7f2e0f41,main,electronics,music,logreg,uncertainty,2,250,target_only,0.6530762948195347,0.654,0,250,0,0,0.1,0.603927193345404,budget_cv,0.115
1f7f2e0f41,main,electronics,music,logreg,uncertainty,2,500,transfer,0.8683923983449284,0.8684,2000,500,0,0,10.0,0.6498180545447347,budget_cv,0.319
1f7f2e0f41,main,electronics,music,logreg,uncertainty,2,500,target_only,0.7451908268697673,0.7452,0,500,0,0,1.0,0.6577325854896608,budget_cv,0.128
1f7f2e0f41,main,electronics,music,logreg,uncertainty,2,1000,transfer,0.8911982591721468,0.8912,2000,1000,0,0,10.0,0.7639951226575062,budget_cv,0.362
1f7f2e0f41,main,electronics,music,logreg,uncertainty,2,1000,target_only,0.865195147025293,0.8652,0,1000,0,0,10.0,0.7250578342532045,budget_cv,0.165
1f7f2e0f41,main,electronics,music,logreg,uncertainty,2,2000,transfer,0.8935931899641577,0.8936,2000,2000,0,0,10.0,0.8759376616767285,budget_cv,0.402
1f7f2e0f41,main,electronics,music,logreg,uncertainty,2,2000,target_only,0.8991493972015399,0.8992,0,2000,0,0,10.0,0.8918702402850904,budget_cv,0.24
1f7f2e0f41,main,electronics,music,logreg,uncertainty,3,0,source_only,0.8229389128032631,0.8232,2000,0,0,0,10.0,0.9039096323475766,source_val_fallback,0.084
1f7f2e0f41,main,electronics,music,logreg,uncertainty,3,50,transfer,0.8218088043788159,0.8224,2000,50,0,0,10.0,0.7549603174603176,budget_cv,0.291
1f7f2e0f41,main,electronics,music,logreg,uncertainty,3,50,target_only,0.6049356932769453,0.6368,0,50,0,0,0.1,0.7112437524336838,budget_cv,0.091
1f7f2e0f41,main,electronics,music,logreg,uncertainty,3,100,transfer,0.820172219496421,0.8212,2000,100,0,0,1.0,0.6835108534033264,budget_cv,0.283
1f7f2e0f41,main,electronics,music,logreg,uncertainty,3,100,target_only,0.6706605504100069,0.6824,0,100,0,0,0.01,0.7485833543150617,budget_cv,0.097
1f7f2e0f41,main,electronics,music,logreg,uncertainty,3,250,transfer,0.8384878996098639,0.8392,2000,250,0,0,1.0,0.5953978187726044,budget_cv,0.292
1f7f2e0f41,main,electronics,music,logreg,uncertainty,3,250,target_only,0.7143992688621283,0.7144,0,250,0,0,1.0,0.6230660872054219,budget_cv,0.112
1f7f2e0f41,main,electronics,music,logreg,uncertainty,3,500,transfer,0.865599913983945,0.8656,2000,500,0,0,10.0,0.6067195936828695,budget_cv,0.318
1f7f2e0f41,main,electronics,music,logreg,uncertainty,3,500,target_only,0.755562415276973,0.7556,0,500,0,0,0.1,0.6263806166681513,budget_cv,0.125
1f7f2e0f41,main,electronics,music,logreg,uncertainty,3,1000,transfer,0.8911988858765914,0.8912,2000,1000,0,0,10.0,0.7210565776234487,budget_cv,0.36
1f7f2e0f41,main,electronics,music,logreg,uncertainty,3,1000,target_only,0.8651982529693585,0.8652,0,1000,0,0,10.0,0.6996628735154479,budget_cv,0.163
1f7f2e0f41,main,electronics,music,logreg,uncertainty,3,2000,transfer,0.8935931899641577,0.8936,2000,2000,0,0,10.0,0.8794633341477237,budget_cv,0.403
1f7f2e0f41,main,electronics,music,logreg,uncertainty,3,2000,target_only,0.8991493972015399,0.8992,0,2000,0,0,10.0,0.8818491678948917,budget_cv,0.239
1f7f2e0f41,main,electronics,music,logreg,uncertainty,4,0,source_only,0.8229389128032631,0.8232,2000,0,0,0,10.0,0.9039096323475766,source_val_fallback,0.084
1f7f2e0f41,main,electronics,music,logreg,uncertainty,4,50,transfer,0.8209731084787617,0.8212,2000,50,0,0,10.0,0.7277325071442718,budget_cv,0.289
1f7f2e0f41,main,electronics,music,logreg,uncertainty,4,50,target_only,0.6059701251263758,0.6256,0,50,0,0,0.1,0.7313131313131312,budget_cv,0.095
1f7f2e0f41,main,electronics,music,logreg,uncertainty,4,100,transfer,0.8311504278832649,0.8316,2000,100,0,0,10.0,0.6696370214752568,budget_cv,0.293
1f7f2e0f41,main,electronics,music,logreg,uncertainty,4,100,target_only,0.6718644302484743,0.6724,0,100,0,0,0.01,0.7551695616211744,budget_cv,0.1
1f7f2e0f41,main,electronics,music,logreg,uncertainty,4,250,transfer,0.8399917051699961,0.84,2000,250,0,0,10.0,0.6190658877391423,budget_cv,0.307
1f7f2e0f41,main,electronics,music,logreg,uncertainty,4,250,target_only,0.6857875924124708,0.686,0,250,0,0,10.0,0.5612037508723676,budget_cv,0.115
1f7f2e0f41,main,electronics,music,logreg,uncertainty,4,500,transfer,0.8691907701007383,0.8692,2000,500,0,0,10.0,0.6295341567042831,budget_cv,0.318
1f7f2e0f41,main,electronics,music,logreg,uncertainty,4,500,target_only,0.7369504606850242,0.7372,0,500,0,0,10.0,0.6438723848363462,budget_cv,0.128
1f7f2e0f41,main,electronics,music,logreg,uncertainty,4,1000,transfer,0.8935993871324699,0.8936,2000,1000,0,0,10.0,0.7541286451800723,budget_cv,0.361
1f7f2e0f41,main,electronics,music,logreg,uncertainty,4,1000,target_only,0.8671877600239638,0.8672,0,1000,0,0,10.0,0.721959972526338,budget_cv,0.163
1f7f2e0f41,main,electronics,music,logreg,uncertainty,4,2000,transfer,0.8935931899641577,0.8936,2000,2000,0,0,10.0,0.8759488761821045,budget_cv,0.403
1f7f2e0f41,main,electronics,music,logreg,uncertainty,4,2000,target_only,0.8991493972015399,0.8992,0,2000,0,0,10.0,0.882791639708659,budget_cv,0.235
1f7f2e0f41,main,electronics,music,logreg,self_training,0,0,uda_self_training,0.8377519423180846,0.8384,2000,0,0,1000,10.0,0.9039096323475766,source_val_fallback,0.165
1f7f2e0f41,main,electronics,music,logreg,self_training,0,50,transfer,0.8454170727472061,0.8456,2000,50,0,1000,10.0,0.8993736383442266,budget_cv,0.369
1f7f2e0f41,main,electronics,music,logreg,self_training,0,50,target_only,0.5772152823434875,0.6296,0,50,0,1000,0.1,0.7773692810457516,budget_cv,0.117
1f7f2e0f41,main,electronics,music,logreg,self_training,0,100,transfer,0.8470801108068726,0.8472,2000,100,0,1000,10.0,0.9394838166304011,budget_cv,0.375
1f7f2e0f41,main,electronics,music,logreg,self_training,0,100,target_only,0.8048848466571906,0.806,0,100,0,1000,10.0,0.8363615486680502,budget_cv,0.148
1f7f2e0f41,main,electronics,music,logreg,self_training,0,250,transfer,0.7610796141941574,0.7676,2000,250,0,1000,0.01,0.8754792433846039,budget_cv,0.299
1f7f2e0f41,main,electronics,music,logreg,self_training,0,250,target_only,0.624358216232622,0.6588,0,250,0,1000,0.1,0.8269922387981582,budget_cv,0.142
1f7f2e0f41,main,electronics,music,logreg,self_training,0,500,transfer,0.8675998093437255,0.8676,2000,500,0,1000,10.0,0.8470507487965299,budget_cv,0.391
1f7f2e0f41,main,electronics,music,logreg,self_training,0,500,target_only,0.8573435379187289,0.8576,0,500,0,1000,10.0,0.8414412154765275,budget_cv,0.197
1f7f2e0f41,main,electronics,music,logreg,self_training,0,1000,transfer,0.8851968957240604,0.8852,2000,1000,0,1000,10.0,0.8579771781207789,budget_cv,0.437
1f7f2e0f41,main,electronics,music,logreg,self_training,0,1000,target_only,0.8789482899161201,0.8792,0,1000,0,1000,10.0,0.8617850511366445,budget_cv,0.242
1f7f2e0f41,main,electronics,music,logreg,self_training,0,2000,transfer,0.8971820850064915,0.8972,2000,2000,0,1000,10.0,0.8759724087205208,budget_cv,0.545
1f7f2e0f41,main,electronics,music,logreg,self_training,0,2000,target_only,0.8955008679433658,0.8956,0,2000,0,1000,10.0,0.8858828975922218,budget_cv,0.327
1f7f2e0f41,main,electronics,music,logreg,self_training,1,0,uda_self_training,0.8377519423180846,0.8384,2000,0,0,1000,10.0,0.9039096323475766,source_val_fallback,0.166
1f7f2e0f41,main,electronics,music,logreg,self_training,1,50,transfer,0.7500629409603827,0.7592,2000,50,0,1000,0.1,0.9396407685881369,budget_cv,0.302
1f7f2e0f41,main,electronics,music,logreg,self_training,1,50,target_only,0.4856050481350143,0.5736,0,50,0,1000,0.1,0.8309553191906133,budget_cv,0.124
1f7f2e0f41,main,electronics,music,logreg,self_training,1,100,transfer,0.8178115228624676,0.82,2000,100,0,1000,1.0,0.8540100294165335,budget_cv,0.336
1f7f2e0f41,main,electronics,music,logreg,self_training,1,100,target_only,0.45904756567512806,0.5552,0,100,0,1000,0.01,0.8501933412938337,budget_cv,0.124
1f7f2e0f41,main,electronics,music,logreg,self_training,1,250,transfer,0.8507965538816962,0.8512,2000,250,0,1000,10.0,0.8578591216918973,budget_cv,0.377
1f7f2e0f41,main,electronics,music,logreg,self_training,1,250,target_only,0.7762101590201977,0.7828,0,250,0,1000,10.0,0.8306816809508478,budget_cv,0.17
1f7f2e0f41,main,electronics,music,logreg,self_training,1,500,transfer,0.8703522066374549,0.8704,2000,500,0,1000,10.0,0.8354218988642489,budget_cv,0.388
1f7f2e0f41,main,electronics,music,logreg,self_training,1,500,target_only,0.8497499081178392,0.8508,0,500,0,1000,10.0,0.8212303635279397,budget_cv,0.189
1f7f2e0f41,main,electronics,music,logreg,self_training,1,1000,transfer,0.8767798116043333,0.8768,2000,1000,0,1000,10.0,0.8668357451700938,budget_cv,0.442
1f7f2e0f41,main,electronics,music,logreg,self_training,1,1000,target_only,0.8838141025641025,0.884,0,1000,0,1000,10.0,0.8673308956763375,budget_cv,0.24
1f7f2e0f41,main,electronics,music,logreg,self_training,1,2000,transfer,0.8971820850064915,0.8972,2000,2000,0,1000,10.0,0.8799873335451331,budget_cv,0.536
1f7f2e0f41,main,electronics,music,logreg,self_training,1,2000,target_only,0.8955008679433658,0.8956,0,2000,0,1000,10.0,0.8848588961437355,budget_cv,0.324
1f7f2e0f41,main,electronics,music,logreg,self_training,2,0,uda_self_training,0.8377519423180846,0.8384,2000,0,0,1000,10.0,0.9039096323475766,source_val_fallback,0.165
1f7f2e0f41,main,electronics,music,logreg,self_training,2,50,transfer,0.7275952981945752,0.7392,2000,50,0,1000,0.01,0.7349763297131718,budget_cv,0.293
1f7f2e0f41,main,electronics,music,logreg,self_training,2,50,target_only,0.4444206763450368,0.5512,0,50,0,1000,0.1,0.6091637830768266,budget_cv,0.118
1f7f2e0f41,main,electronics,music,logreg,self_training,2,100,transfer,0.8487531497756745,0.8488,2000,100,0,1000,10.0,0.7882414672737253,budget_cv,0.37
1f7f2e0f41,main,electronics,music,logreg,self_training,2,100,target_only,0.7680329075192113,0.7748,0,100,0,1000,1.0,0.7747413405308142,budget_cv,0.14
1f7f2e0f41,main,electronics,music,logreg,self_training,2,250,transfer,0.8558804614899782,0.856,2000,250,0,1000,10.0,0.8437140658434163,budget_cv,0.381
1f7f2e0f41,main,electronics,music,logreg,self_training,2,250,target_only,0.581305734162348,0.6288,0,250,0,1000,0.1,0.7707579706698237,budget_cv,0.139
1f7f2e0f41,main,electronics,music,logreg,self_training,2,500,transfer,0.8723586442007211,0.8724,2000,500,0,1000,10.0,0.843744071000125,budget_cv,0.387
1f7f2e0f41,main,electronics,music,logreg,self_training,2,500,target_only,0.8474333130608839,0.8484,0,500,0,1000,10.0,0.8248810383968083,budget_cv,0.189
1f7f2e0f41,main,electronics,music,logreg,self_training,2,1000,transfer,0.8830679884362249,0.8832,2000,1000,0,1000,10.0,0.8643446546161523,budget_cv,0.44
1f7f2e0f41,main,electronics,music,logreg,self_training,2,1000,target_only,0.8638902089441879,0.8644,0,1000,0,1000,10.0,0.8671416960040269,budget_cv,0.238
1f7f2e0f41,main,electronics,music,logreg,self_training,2,2000,transfer,0.8971820850064915,0.8972,2000,2000,0,1000,10.0,0.8729850509080422,budget_cv,0.542
1f7f2e0f41,main,electronics,music,logreg,self_training,2,2000,target_only,0.8955008679433658,0.8956,0,2000,0,1000,10.0,0.8858772591815077,budget_cv,0.321
1f7f2e0f41,main,electronics,music,logreg,self_training,3,0,uda_self_training,0.8377519423180846,0.8384,2000,0,0,1000,10.0,0.9039096323475766,source_val_fallback,0.168
1f7f2e0f41,main,electronics,music,logreg,self_training,3,50,transfer,0.8432910702843157,0.8436,2000,50,0,1000,10.0,0.81849128540305,budget_cv,0.4
1f7f2e0f41,main,electronics,music,logreg,self_training,3,50,target_only,0.47089581607628617,0.5588,0,50,0,1000,0.1,0.6922245281378409,budget_cv,0.126
1f7f2e0f41,main,electronics,music,logreg,self_training,3,100,transfer,0.7417593841816579,0.7512,2000,100,0,1000,0.01,0.7699705387205388,budget_cv,0.31
1f7f2e0f41,main,electronics,music,logreg,self_training,3,100,target_only,0.5558695982069899,0.6104,0,100,0,1000,0.1,0.7356765074450834,budget_cv,0.137
1f7f2e0f41,main,electronics,music,logreg,self_training,3,250,transfer,0.8505261878920282,0.8508,2000,250,0,1000,10.0,0.8156654100901678,budget_cv,0.381
1f7f2e0f41,main,electronics,music,logreg,self_training,3,250,target_only,0.7842966660630254,0.7896,0,250,0,1000,10.0,0.8142321977845791,budget_cv,0.169
1f7f2e0f41,main,electronics,music,logreg,self_training,3,500,transfer,0.8662764180144722,0.8664,2000,500,0,1000,10.0,0.845676055708859,budget_cv,0.394
1f7f2e0f41,main,electronics,music,logreg,self_training,3,500,target_only,0.8374209882099632,0.8384,0,500,0,1000,10.0,0.8357208590935117,budget_cv,0.194
1f7f2e0f41,main,electronics,music,logreg,self_training,3,1000,transfer,0.8847421682303312,0.8848,2000,1000,0,1000,10.0,0.8629550795565734,budget_cv,0.446
1f7f2e0f41,main,electronics,music,logreg,self_training,3,1000,target_only,0.8756210122491637,0.876,0,1000,0,1000,10.0,0.8438861408021586,budget_cv,0.244
1f7f2e0f41,main,electronics,music,logreg,self_training,3,2000,transfer,0.8971820850064915,0.8972,2000,2000,0,1000,10.0,0.882946596777372,budget_cv,0.544
1f7f2e0f41,main,electronics,music,logreg,self_training,3,2000,target_only,0.8955008679433658,0.8956,0,2000,0,1000,10.0,0.8822933430684508,budget_cv,0.327
1f7f2e0f41,main,electronics,music,logreg,self_training,4,0,uda_self_training,0.8377519423180846,0.8384,2000,0,0,1000,10.0,0.9039096323475766,source_val_fallback,0.165
1f7f2e0f41,main,electronics,music,logreg,self_training,4,50,transfer,0.8426093936801224,0.8428,2000,50,0,1000,10.0,0.841557734204793,budget_cv,0.371
1f7f2e0f41,main,electronics,music,logreg,self_training,4,50,target_only,0.6300571968305609,0.6616,0,50,0,1000,1.0,0.8951963241436927,budget_cv,0.126
1f7f2e0f41,main,electronics,music,logreg,self_training,4,100,transfer,0.8478667068939122,0.848,2000,100,0,1000,10.0,0.859640522875817,budget_cv,0.373
1f7f2e0f41,main,electronics,music,logreg,self_training,4,100,target_only,0.4822573769942191,0.5676,0,100,0,1000,0.01,0.8181286549707604,budget_cv,0.119
1f7f2e0f41,main,electronics,music,logreg,self_training,4,250,transfer,0.8631361447997177,0.8632,2000,250,0,1000,10.0,0.8557200801975039,budget_cv,0.382
1f7f2e0f41,main,electronics,music,logreg,self_training,4,250,target_only,0.8167108067954266,0.8184,0,250,0,1000,1.0,0.850612854392658,budget_cv,0.143
1f7f2e0f41,main,electronics,music,logreg,self_training,4,500,transfer,0.8719918074756785,0.872,2000,500,0,1000,10.0,0.8540267797087013,budget_cv,0.394
1f7f2e0f41,main,electronics,music,logreg,self_training,4,500,target_only,0.8521322529129947,0.8528,0,500,0,1000,10.0,0.8678036179622124,budget_cv,0.185
1f7f2e0f41,main,electronics,music,logreg,self_training,4,1000,transfer,0.8839832935942775,0.884,2000,1000,0,1000,10.0,0.8609356390673873,budget_cv,0.456
1f7f2e0f41,main,electronics,music,logreg,self_training,4,1000,target_only,0.8793535144040681,0.8796,0,1000,0,1000,10.0,0.870983039007258,budget_cv,0.239
1f7f2e0f41,main,electronics,music,logreg,self_training,4,2000,transfer,0.8971820850064915,0.8972,2000,2000,0,1000,10.0,0.8749557517310137,budget_cv,0.553
1f7f2e0f41,main,electronics,music,logreg,self_training,4,2000,target_only,0.8955008679433658,0.8956,0,2000,0,1000,10.0,0.8773890373536516,budget_cv,0.324
1f7f2e0f41,main,electronics,music,svm,random,0,0,source_only,0.8203065881767979,0.8204,2000,0,0,0,1.0,0.8985793998747367,source_val_fallback,0.047
1f7f2e0f41,main,electronics,music,svm,random,0,50,transfer,0.8279841470189893,0.828,2000,50,0,0,1.0,0.9188424492604059,budget_cv,0.154
1f7f2e0f41,main,electronics,music,svm,random,0,50,target_only,0.7103948300041989,0.7144,0,50,0,0,0.1,0.7942479060900114,budget_cv,0.038
1f7f2e0f41,main,electronics,music,svm,random,0,100,transfer,0.8319912904284958,0.832,2000,100,0,0,1.0,0.9496033947646851,budget_cv,0.159
1f7f2e0f41,main,electronics,music,svm,random,0,100,target_only,0.7707045764165215,0.7708,0,100,0,0,1.0,0.8363615486680502,budget_cv,0.04
1f7f2e0f41,main,electronics,music,svm,random,0,250,transfer,0.8447999006719364,0.8448,2000,250,0,0,1.0,0.8797688721752817,budget_cv,0.161
1f7f2e0f41,main,electronics,music,svm,random,0,250,target_only,0.8048890608875129,0.8064,0,250,0,0,0.01,0.8347356436275944,budget_cv,0.043
1f7f2e0f41,main,electronics,music,svm,random,0,500,transfer,0.8555445059774163,0.8556,2000,500,0,0,10.0,0.8528829120325603,budget_cv,0.182
1f7f2e0f41,main,electronics,music,svm,random,0,500,target_only,0.8563981389198804,0.8564,0,500,0,0,1.0,0.8454703116506649,budget_cv,0.051
1f7f2e0f41,main,electronics,music,svm,random,0,1000,transfer,0.8839999257599525,0.884,2000,1000,0,0,1.0,0.8599752944505069,budget_cv,0.196
1f7f2e0f41,main,electronics,music,svm,random,0,1000,target_only,0.8839497920380273,0.884,0,1000,0,0,10.0,0.8678622628030582,budget_cv,0.074
1f7f2e0f41,main,electronics,music,svm,random,0,2000,transfer,0.8971986676947333,0.8972,2000,2000,0,0,1.0,0.8824662876728029,budget_cv,0.244
1f7f2e0f41,main,electronics,music,svm,random,0,2000,target_only,0.901170762358336,0.9012,0,2000,0,0,1.0,0.8889134528706552,budget_cv,0.116
1f7f2e0f41,main,electronics,music,svm,random,1,0,source_only,0.8203065881767979,0.8204,2000,0,0,0,1.0,0.8985793998747367,source_val_fallback,0.046
1f7f2e0f41,main,electronics,music,svm,random,1,50,transfer,0.7899738886456154,0.7928,2000,50,0,0,0.01,0.9396407685881369,budget_cv,0.146
1f7f2e0f41,main,electronics,music,svm,random,1,50,target_only,0.6772876399807324,0.696,0,50,0,0,0.01,0.8309553191906133,budget_cv,0.038
1f7f2e0f41,main,electronics,music,svm,random,1,100,transfer,0.8139118531866024,0.8152,2000,100,0,0,0.1,0.8540100294165335,budget_cv,0.148
1f7f2e0f41,main,electronics,music,svm,random,1,100,target_only,0.7143563340608503,0.7256,0,100,0,0,0.01,0.8400698051940668,budget_cv,0.039
1f7f2e0f41,main,electronics,music,svm,random,1,250,transfer,0.8319287184765827,0.8328,2000,250,0,0,0.1,0.8571868617713201,budget_cv,0.155
1f7f2e0f41,main,electronics,music,svm,random,1,250,target_only,0.81000778725529,0.812,0,250,0,0,1.0,0.8352088259730422,budget_cv,0.043
1f7f2e0f41,main,electronics,music,svm,random,1,500,transfer,0.8679915514592934,0.868,2000,500,0,0,1.0,0.843441037063105,budget_cv,0.177
1f7f2e0f41,main,electronics,music,svm,random,1,500,target_only,0.8587820853521076,0.8592,0,500,0,0,1.0,0.8212344833883263,budget_cv,0.051
1f7f2e0f41,main,electronics,music,svm,random,1,1000,transfer,0.8755999800959968,0.8756,2000,1000,0,0,10.0,0.8749336745678682,budget_cv,0.204
1f7f2e0f41,main,electronics,music,svm,random,1,1000,target_only,0.8855542216886755,0.8856,0,1000,0,0,1.0,0.8673041155051097,budget_cv,0.069
1f7f2e0f41,main,electronics,music,svm,random,1,2000,transfer,0.8971986676947333,0.8972,2000,2000,0,0,1.0,0.8844948372030949,budget_cv,0.241
1f7f2e0f41,main,electronics,music,svm,random,1,2000,target_only,0.893983698933548,0.894,0,2000,0,0,10.0,0.888888905852632,budget_cv,0.116
1f7f2e0f41,main,electronics,music,svm,random,2,0,source_only,0.8203065881767979,0.8204,2000,0,0,0,1.0,0.8985793998747367,source_val_fallback,0.046
1f7f2e0f41,main,electronics,music,svm,random,2,50,transfer,0.8282196718827557,0.8284,2000,50,0,0,1.0,0.7175925925925926,budget_cv,0.15
1f7f2e0f41,main,electronics,music,svm,random,2,50,target_only,0.6898801490703721,0.7016,0,50,0,0,0.01,0.6091637830768266,budget_cv,0.038
1f7f2e0f41,main,electronics,music,svm,random,2,100,transfer,0.8355978693483868,0.8356,2000,100,0,0,1.0,0.7983796296296296,budget_cv,0.155
1f7f2e0f41,main,electronics,music,svm,random,2,100,target_only,0.7751303443754738,0.7752,0,100,0,0,0.1,0.7747413405308142,budget_cv,0.04
1f7f2e0f41,main,electronics,music,svm,random,2,250,transfer,0.847152654006105,0.8472,2000,250,0,0,1.0,0.8595842963203882,budget_cv,0.162
1f7f2e0f41,main,electronics,music,svm,random,2,250,target_only,0.8144389509010326,0.8168,0,250,0,0,0.01,0.774726045385287,budget_cv,0.043
1f7f2e0f41,main,electronics,music,svm,random,2,500,transfer,0.8655957850838203,0.8656,2000,500,0,0,10.0,0.8619166617054312,budget_cv,0.183
1f7f2e0f41,main,electronics,music,svm,random,2,500,target_only,0.8578116060655727,0.858,0,500,0,0,10.0,0.8252249003652744,budget_cv,0.051
1f7f2e0f41,main,electronics,music,svm,random,2,1000,transfer,0.8775246727747434,0.8776,2000,1000,0,0,1.0,0.8724248134054703,budget_cv,0.197
1f7f2e0f41,main,electronics,music,svm,random,2,1000,target_only,0.875363070181893,0.8756,0,1000,0,0,1.0,0.8682816723624702,budget_cv,0.069
1f7f2e0f41,main,electronics,music,svm,random,2,2000,transfer,0.8971986676947333,0.8972,2000,2000,0,0,1.0,0.8784893613097524,budget_cv,0.244
1f7f2e0f41,main,electronics,music,svm,random,2,2000,target_only,0.893983698933548,0.894,0,2000,0,0,10.0,0.8839365279154755,budget_cv,0.121
1f7f2e0f41,main,electronics,music,svm,random,3,0,source_only,0.8203065881767979,0.8204,2000,0,0,0,1.0,0.8985793998747367,source_val_fallback,0.048
1f7f2e0f41,main,electronics,music,svm,random,3,50,transfer,0.8199675298580638,0.8208,2000,50,0,0,0.1,0.8176656920077973,budget_cv,0.152
1f7f2e0f41,main,electronics,music,svm,random,3,50,target_only,0.6916204070154974,0.6968,0,50,0,0,0.01,0.6702111613876319,budget_cv,0.039
1f7f2e0f41,main,electronics,music,svm,random,3,100,transfer,0.8315993263973056,0.8316,2000,100,0,0,1.0,0.7768442983960225,budget_cv,0.155
1f7f2e0f41,main,electronics,music,svm,random,3,100,target_only,0.7459080780390837,0.7464,0,100,0,0,0.01,0.7365954715219422,budget_cv,0.039
1f7f2e0f41,main,electronics,music,svm,random,3,250,transfer,0.8443011249864114,0.8444,2000,250,0,0,1.0,0.8116750153776308,budget_cv,0.162
1f7f2e0f41,main,electronics,music,svm,random,3,250,target_only,0.7947373727190241,0.7964,0,250,0,0,1.0,0.8221127037744204,budget_cv,0.044
1f7f2e0f41,main,electronics,music,svm,random,3,500,transfer,0.8563492280711695,0.8564,2000,500,0,0,1.0,0.8417249321568585,budget_cv,0.175
1f7f2e0f41,main,electronics,music,svm,random,3,500,target_only,0.8515173010760073,0.8516,0,500,0,0,10.0,0.8337641289411174,budget_cv,0.053
1f7f2e0f41,main,electronics,music,svm,random,3,1000,transfer,0.8791962115931955,0.8792,2000,1000,0,0,10.0,0.8699215065515808,budget_cv,0.204
1f7f2e0f41,main,electronics,music,svm,random,3,1000,target_only,0.8835436351193978,0.8836,0,1000,0,0,10.0,0.8439058152615314,budget_cv,0.069
1f7f2e0f41,main,electronics,music,svm,random,3,2000,transfer,0.8971986676947333,0.8972,2000,2000,0,0,1.0,0.8814430202523694,budget_cv,0.247
1f7f2e0f41,main,electronics,music,svm,random,3,2000,target_only,0.893983698933548,0.894,0,2000,0,0,10.0,0.8889258556269164,budget_cv,0.115
1f7f2e0f41,main,electronics,music,svm,random,4,0,source_only,0.8203065881767979,0.8204,2000,0,0,0,1.0,0.8985793998747367,source_val_fallback,0.044
1f7f2e0f41,main,electronics,music,svm,random,4,50,transfer,0.8279841470189893,0.828,2000,50,0,0,10.0,0.861437908496732,budget_cv,0.154
1f7f2e0f41,main,electronics,music,svm,random,4,50,target_only,0.6658877157461782,0.682,0,50,0,0,0.1,0.8951963241436927,budget_cv,0.038
1f7f2e0f41,main,electronics,music,svm,random,4,100,transfer,0.8363968326426799,0.8364,2000,100,0,0,1.0,0.8694934792804975,budget_cv,0.152
1f7f2e0f41,main,electronics,music,svm,random,4,100,target_only,0.7639998489599034,0.764,0,100,0,0,0.01,0.814992008894448,budget_cv,0.04
1f7f2e0f41,main,electronics,music,svm,random,4,250,transfer,0.8502058668033772,0.8504,2000,250,0,0,10.0,0.8675481923383228,budget_cv,0.166
1f7f2e0f41,main,electronics,music,svm,random,4,250,target_only,0.8167905024196455,0.8168,0,250,0,0,0.1,0.850612854392658,budget_cv,0.043
1f7f2e0f41,main,electronics,music,svm,random,4,500,transfer,0.866389653214745,0.8664,2000,500,0,0,10.0,0.8519186449077504,budget_cv,0.174
1f7f2e0f41,main,electronics,music,svm,random,4,500,target_only,0.8551220208765167,0.8552,0,500,0,0,10.0,0.8737945350455897,budget_cv,0.05
1f7f2e0f41,main,electronics,music,svm,random,4,1000,transfer,0.882799831231757,0.8828,2000,1000,0,0,1.0,0.8689233473412834,budget_cv,0.193
1f7f2e0f41,main,electronics,music,svm,random,4,1000,target_only,0.8759903966963202,0.876,0,1000,0,0,10.0,0.8759637618016388,budget_cv,0.068
1f7f2e0f41,main,electronics,music,svm,random,4,2000,transfer,0.8971986676947333,0.8972,2000,2000,0,0,1.0,0.8799782932782888,budget_cv,0.238
1f7f2e0f41,main,electronics,music,svm,random,4,2000,target_only,0.901170762358336,0.9012,0,2000,0,0,1.0,0.8834298543663714,budget_cv,0.11
1f7f2e0f41,main,electronics,music,svm,uncertainty,0,0,source_only,0.8203065881767979,0.8204,2000,0,0,0,1.0,0.8985793998747367,source_val_fallback,0.047
1f7f2e0f41,main,electronics,music,svm,uncertainty,0,50,transfer,0.797979797979798,0.8,2000,50,0,0,0.01,0.6516962340491753,budget_cv,0.154
1f7f2e0f41,main,electronics,music,svm,uncertainty,0,50,target_only,0.6597693335661285,0.672,0,50,0,0,0.1,0.4723874165050635,budget_cv,0.038
1f7f2e0f41,main,electronics,music,svm,uncertainty,0,100,transfer,0.8363836383638363,0.8364,2000,100,0,0,1.0,0.5775871459694989,budget_cv,0.156
1f7f2e0f41,main,electronics,music,svm,uncertainty,0,100,target_only,0.6549188728683821,0.6744,0,100,0,0,1.0,0.4445155425547582,budget_cv,0.039
1f7f2e0f41,main,electronics,music,svm,uncertainty,0,250,transfer,0.8591823358322068,0.8592,2000,250,0,0,10.0,0.573457133188934,budget_cv,0.181
1f7f2e0f41,main,electronics,music,svm,uncertainty,0,250,target_only,0.7213424758624931,0.7216,0,250,0,0,1.0,0.6051500535370603,budget_cv,0.045
1f7f2e0f41,main,electronics,music,svm,uncertainty,0,500,transfer,0.877596161415622,0.8776,2000,500,0,0,10.0,0.5818298808044697,budget_cv,0.182
1f7f2e0f41,main,electronics,music,svm,uncertainty,0,500,target_only,0.7895563624073088,0.7896,0,500,0,0,1.0,0.5895461329595104,budget_cv,0.052
1f7f2e0f41,main,electronics,music,svm,uncertainty,0,1000,transfer,0.8895982335717372,0.8896,2000,1000,0,0,10.0,0.7377029763016619,budget_cv,0.209
1f7f2e0f41,main,electronics,music,svm,uncertainty,0,1000,target_only,0.8723975296161733,0.8724,0,1000,0,0,10.0,0.6743743403705839,budget_cv,0.077
1f7f2e0f41,main,electronics,music,svm,uncertainty,0,2000,transfer,0.8911999303679554,0.8912,2000,2000,0,0,10.0,0.8844948148630576,budget_cv,0.255
1f7f2e0f41,main,electronics,music,svm,uncertainty,0,2000,target_only,0.893983698933548,0.894,0,2000,0,0,10.0,0.8844547283832219,budget_cv,0.117
1f7f2e0f41,main,electronics,music,svm,uncertainty,1,0,source_only,0.8203065881767979,0.8204,2000,0,0,0,1.0,0.8985793998747367,source_val_fallback,0.046
1f7f2e0f41,main,electronics,music,svm,uncertainty,1,50,transfer,0.8183787789093867,0.8196,2000,50,0,0,0.1,0.7946211683053788,budget_cv,0.15
1f7f2e0f41,main,electronics,music,svm,uncertainty,1,50,target_only,0.6060402952491611,0.64,0,50,0,0,0.01,0.6835987754785707,budget_cv,0.039
1f7f2e0f41,main,electronics,music,svm,uncertainty,1,100,transfer,0.8407995924469567,0.8408,2000,100,0,0,1.0,0.6699869504722892,budget_cv,0.156
1f7f2e0f41,main,electronics,music,svm,uncertainty,1,100,target_only,0.6919947106092972,0.6972,0,100,0,0,0.1,0.6364385614385615,budget_cv,0.041
1f7f2e0f41,main,electronics,music,svm,uncertainty,1,250,transfer,0.8655969033526533,0.8656,2000,250,0,0,1.0,0.595985245699846,budget_cv,0.167
1f7f2e0f41,main,electronics,music,svm,uncertainty,1,250,target_only,0.7288187344070772,0.73,0,250,0,0,10.0,0.6428368143484423,budget_cv,0.047
1f7f2e0f41,main,electronics,music,svm,uncertainty,1,500,transfer,0.8779999804799969,0.878,2000,500,0,0,1.0,0.5958428081831625,budget_cv,0.18
1f7f2e0f41,main,electronics,music,svm,uncertainty,1,500,target_only,0.7867532904407382,0.7868,0,500,0,0,10.0,0.5969234211906104,budget_cv,0.055
1f7f2e0f41,main,electronics,music,svm,uncertainty,1,1000,transfer,0.8895997173752764,0.8896,2000,1000,0,0,1.0,0.7232855267435303,budget_cv,0.207
1f7f2e0f41,main,electronics,music,svm,uncertainty,1,1000,target_only,0.8751903347395222,0.8752,0,1000,0,0,10.0,0.6830760056630382,budget_cv,0.084
1f7f2e0f41,main,electronics,music,svm,uncertainty,1,2000,transfer,0.8911999303679554,0.8912,2000,2000,0,0,10.0,0.8769386280826615,budget_cv,0.26
1f7f2e0f41,main,electronics,music,svm,uncertainty,1,2000,target_only,0.901170762358336,0.9012,0,2000,0,0,1.0,0.8853505622086164,budget_cv,0.111
1f7f2e0f41,main,electronics,music,svm,uncertainty,2,0,source_only,0.8203065881767979,0.8204,2000,0,0,0,1.0,0.8985793998747367,source_val_fallback,0.047
1f7f2e0f41,main,electronics,music,svm,uncertainty,2,50,transfer,0.8144016567637846,0.816,2000,50,0,0,0.1,0.6825139264498533,budget_cv,0.152
1f7f2e0f41,main,electronics,music,svm,uncertainty,2,50,target_only,0.5337578037170809,0.6008,0,50,0,0,0.01,0.5887328720662054,budget_cv,0.039
1f7f2e0f41,main,electronics,music,svm,uncertainty,2,100,transfer,0.8391628401825958,0.8392,2000,100,0,0,10.0,0.5364000819506937,budget_cv,0.169
1f7f2e0f41,main,electronics,music,svm,uncertainty,2,100,target_only,0.7067504177684938,0.7124,0,100,0,0,1.0,0.5810538749911891,budget_cv,0.041
1f7f2e0f41,main,electronics,music,svm,uncertainty,2,250,transfer,0.8551907322068613,0.8552,2000,250,0,0,1.0,0.6037058377348642,budget_cv,0.169
1f7f2e0f41,main,electronics,music,svm,uncertainty,2,250,target_only,0.728639768850933,0.73,0,250,0,0,0.01,0.6348395270917492,budget_cv,0.045
1f7f2e0f41,main,electronics,music,svm,uncertainty,2,500,transfer,0.8707998139517321,0.8708,2000,500,0,0,1.0,0.5918222969670481,budget_cv,0.181
1f7f2e0f41,main,electronics,music,svm,uncertainty,2,500,target_only,0.7875999660159946,0.7876,0,500,0,0,1.0,0.553701460699318,budget_cv,0.055
1f7f2e0f41,main,electronics,music,svm,uncertainty,2,1000,transfer,0.8895993640923372,0.8896,2000,1000,0,0,10.0,0.7424315252844219,budget_cv,0.223
1f7f2e0f41,main,electronics,music,svm,uncertainty,2,1000,target_only,0.8723940995031609,0.8724,0,1000,0,0,10.0,0.705726270859742,budget_cv,0.081
1f7f2e0f41,main,electronics,music,svm,uncertainty,2,2000,transfer,0.8971986676947333,0.8972,2000,2000,0,0,1.0,0.8799824239252837,budget_cv,0.25
1f7f2e0f41,main,electronics,music,svm,uncertainty,2,2000,target_only,0.893983698933548,0.894,0,2000,0,0,10.0,0.885464199590167,budget_cv,0.119
1f7f2e0f41,main,electronics,music,svm,uncertainty,3,0,source_only,0.8203065881767979,0.8204,2000,0,0,0,1.0,0.8985793998747367,source_val_fallback,0.045
1f7f2e0f41,main,electronics,music,svm,uncertainty,3,50,transfer,0.8263462090017004,0.8264,2000,50,0,0,10.0,0.7246507518246649,budget_cv,0.156
1f7f2e0f41,main,electronics,music,svm,uncertainty,3,50,target_only,0.6755266501856861,0.6792,0,50,0,0,0.01,0.7575396825396825,budget_cv,0.038
1f7f2e0f41,main,electronics,music,svm,uncertainty,3,100,transfer,0.8254758971381417,0.826,2000,100,0,0,0.1,0.6590524381795729,budget_cv,0.153
1f7f2e0f41,main,electronics,music,svm,uncertainty,3,100,target_only,0.6945423619235269,0.6952,0,100,0,0,0.01,0.6700833216962249,budget_cv,0.039
1f7f2e0f41,main,electronics,music,svm,uncertainty,3,250,transfer,0.8551551328539528,0.8552,2000,250,0,0,1.0,0.6671329762621898,budget_cv,0.167
1f7f2e0f41,main,electronics,music,svm,uncertainty,3,250,target_only,0.7271998254078882,0.7272,0,250,0,0,1.0,0.6790510558218417,budget_cv,0.045
1f7f2e0f41,main,electronics,music,svm,uncertainty,3,500,transfer,0.8735948224439273,0.8736,2000,500,0,0,1.0,0.6063223808327496,budget_cv,0.183
1f7f2e0f41,main,electronics,music,svm,uncertainty,3,500,target_only,0.783149898952654,0.7832,0,500,0,0,0.1,0.5771490547012118,budget_cv,0.053
1f7f2e0f41,main,electronics,music,svm,uncertainty,3,1000,transfer,0.8899998415997719,0.89,2000,1000,0,0,1.0,0.7345121053908396,budget_cv,0.21
1f7f2e0f41,main,electronics,music,svm,uncertainty,3,1000,target_only,0.8735987056507459,0.8736,0,1000,0,0,10.0,0.6861765849011148,budget_cv,0.078
1f7f2e0f41,main,electronics,music,svm,uncertainty,3,2000,transfer,0.8911999303679554,0.8912,2000,2000,0,0,10.0,0.8804758302314513,budget_cv,0.256
1f7f2e0f41,main,electronics,music,svm,uncertainty,3,2000,target_only,0.901170762358336,0.9012,0,2000,0,0,1.0,0.8858997168027312,budget_cv,0.113
1f7f2e0f41,main,electronics,music,svm,uncertainty,4,0,source_only,0.8203065881767979,0.8204,2000,0,0,0,1.0,0.8985793998747367,source_val_fallback,0.044
1f7f2e0f41,main,electronics,music,svm,uncertainty,4,50,transfer,0.830398263278216,0.8304,2000,50,0,0,1.0,0.7164111258538503,budget_cv,0.147
1f7f2e0f41,main,electronics,music,svm,uncertainty,4,50,target_only,0.6603914273872251,0.6712,0,50,0,0,0.1,0.6662596662596663,budget_cv,0.038
1f7f2e0f41,main,electronics,music,svm,uncertainty,4,100,transfer,0.8295754588660766,0.8296,2000,100,0,0,1.0,0.6172724087834444,budget_cv,0.152
1f7f2e0f41,main,electronics,music,svm,uncertainty,4,100,target_only,0.687375460550786,0.6876,0,100,0,0,1.0,0.6281473700591348,budget_cv,0.039
1f7f2e0f41,main,electronics,music,svm,uncertainty,4,250,transfer,0.8531960304206625,0.8532,2000,250,0,0,10.0,0.5605397692416578,budget_cv,0.166
1f7f2e0f41,main,electronics,music,svm,uncertainty,4,250,target_only,0.7177038757086357,0.7192,0,250,0,0,0.01,0.5644647352234485,budget_cv,0.044
1f7f2e0f41,main,electronics,music,svm,uncertainty,4,500,transfer,0.8723940995031609,0.8724,2000,500,0,0,1.0,0.6021673963455544,budget_cv,0.174
1f7f2e0f41,main,electronics,music,svm,uncertainty,4,500,target_only,0.7585941677311743,0.7588,0,500,0,0,0.01,0.609606884821884,budget_cv,0.053
1f7f2e0f41,main,electronics,music,svm,uncertainty,4,1000,transfer,0.8923999827839972,0.8924,2000,1000,0,0,1.0,0.7482547704296832,budget_cv,0.203
1f7f2e0f41,main,electronics,music,svm,uncertainty,4,1000,target_only,0.868393914534608,0.8684,0,1000,0,0,0.1,0.6753307377531304,budget_cv,0.073
1f7f2e0f41,main,electronics,music,svm,uncertainty,4,2000,transfer,0.8971986676947333,0.8972,2000,2000,0,0,1.0,0.8799705164718815,budget_cv,0.243
1f7f2e0f41,main,electronics,music,svm,uncertainty,4,2000,target_only,0.901170762358336,0.9012,0,2000,0,0,1.0,0.8848885040436905,budget_cv,0.111
1f7f2e0f41,main,electronics,music,svm,self_training,0,0,uda_self_training,0.8369338499525385,0.8372,2000,0,0,1000,1.0,0.8985793998747367,source_val_fallback,0.078
1f7f2e0f41,main,electronics,music,svm,self_training,0,50,transfer,0.8383874847268172,0.8384,2000,50,0,1000,1.0,0.9188424492604059,budget_cv,0.186
1f7f2e0f41,main,electronics,music,svm,self_training,0,50,target_only,0.783149898952654,0.7832,0,50,0,1000,0.1,0.7942479060900114,budget_cv,0.046
1f7f2e0f41,main,electronics,music,svm,self_training,0,100,transfer,0.8387886249253746,0.8388,2000,100,0,1000,1.0,0.9496033947646851,budget_cv,0.187
1f7f2e0f41,main,electronics,music,svm,self_training,0,100,target_only,0.8051251368725809,0.8052,0,100,0,1000,1.0,0.8363615486680502,budget_cv,0.052
1f7f2e0f41,main,electronics,music,svm,self_training,0,250,transfer,0.8551991659471958,0.8552,2000,250,0,1000,1.0,0.8797688721752817,budget_cv,0.196
1f7f2e0f41,main,electronics,music,svm,self_training,0,250,target_only,0.601708487721471,0.6428,0,250,0,1000,0.01,0.8347356436275944,budget_cv,0.055
1f7f2e0f41,main,electronics,music,svm,self_training,0,500,transfer,0.8571537178045687,0.8572,2000,500,0,1000,10.0,0.8528829120325603,budget_cv,0.231
1f7f2e0f41,main,electronics,music,svm,self_training,0,500,target_only,0.862315318413437,0.8624,0,500,0,1000,1.0,0.8454703116506649,budget_cv,0.065
1f7f2e0f41,main,electronics,music,svm,self_training,0,1000,transfer,0.8871981951711227,0.8872,2000,1000,0,1000,1.0,0.8599752944505069,budget_cv,0.242
1f7f2e0f41,main,electronics,music,svm,self_training,0,1000,target_only,0.8863345286885246,0.8864,0,1000,0,1000,10.0,0.8678622628030582,budget_cv,0.101
1f7f2e0f41,main,electronics,music,svm,self_training,0,2000,transfer,0.8971986676947333,0.8972,2000,2000,0,1000,1.0,0.8824662876728029,budget_cv,0.319
1f7f2e0f41,main,electronics,music,svm,self_training,0,2000,target_only,0.8991563710123548,0.8992,0,2000,0,1000,1.0,0.8889134528706552,budget_cv,0.143
1f7f2e0f41,main,electronics,music,svm,self_training,1,0,uda_self_training,0.8369338499525385,0.8372,2000,0,0,1000,1.0,0.8985793998747367,source_val_fallback,0.076
1f7f2e0f41,main,electronics,music,svm,self_training,1,50,transfer,0.7384427137815743,0.7492,2000,50,0,1000,0.01,0.9396407685881369,budget_cv,0.167
1f7f2e0f41,main,electronics,music,svm,self_training,1,50,target_only,0.4718003771852067,0.5664,0,50,0,1000,0.01,0.8309553191906133,budget_cv,0.053
1f7f2e0f41,main,electronics,music,svm,self_training,1,100,transfer,0.8162413444805472,0.8188,2000,100,0,1000,0.1,0.8540100294165335,budget_cv,0.173
1f7f2e0f41,main,electronics,music,svm,self_training,1,100,target_only,0.4763264650639929,0.568,0,100,0,1000,0.01,0.8400698051940668,budget_cv,0.054
1f7f2e0f41,main,electronics,music,svm,self_training,1,250,transfer,0.8349664792305516,0.8364,2000,250,0,1000,0.1,0.8571868617713201,budget_cv,0.182
1f7f2e0f41,main,electronics,music,svm,self_training,1,250,target_only,0.7987927565392354,0.8032,0,250,0,1000,1.0,0.8352088259730422,budget_cv,0.058
1f7f2e0f41,main,electronics,music,svm,self_training,1,500,transfer,0.8731852083226987,0.8732,2000,500,0,1000,1.0,0.843441037063105,budget_cv,0.211
1f7f2e0f41,main,electronics,music,svm,self_training,1,500,target_only,0.8556600324961937,0.8564,0,500,0,1000,1.0,0.8212344833883263,budget_cv,0.067
1f7f2e0f41,main,electronics,music,svm,self_training,1,1000,transfer,0.8755999800959968,0.8756,2000,1000,0,1000,10.0,0.8749336745678682,budget_cv,0.275
1f7f2e0f41,main,electronics,music,svm,self_training,1,1000,target_only,0.8862835543596643,0.8864,0,1000,0,1000,1.0,0.8673041155051097,budget_cv,0.088
1f7f2e0f41,main,electronics,music,svm,self_training,1,2000,transfer,0.8971986676947333,0.8972,2000,2000,0,1000,1.0,0.8844948372030949,budget_cv,0.291
1f7f2e0f41,main,electronics,music,svm,self_training,1,2000,target_only,0.893981527341324,0.894,0,2000,0,1000,10.0,0.888888905852632,budget_cv,0.157
1f7f2e0f41,main,electronics,music,svm,self_training,2,0,uda_self_training,0.8369338499525385,0.8372,2000,0,0,1000,1.0,0.8985793998747367,source_val_fallback,0.074
1f7f2e0f41,main,electronics,music,svm,self_training,2,50,transfer,0.8409605756890653,0.8412,2000,50,0,1000,1.0,0.7175925925925926,budget_cv,0.178
1f7f2e0f41,main,electronics,music,svm,self_training,2,50,target_only,0.4431992866604432,0.5508,0,50,0,1000,0.01,0.6091637830768266,budget_cv,0.049
1f7f2e0f41,main,electronics,music,svm,self_training,2,100,transfer,0.8443957924622282,0.8444,2000,100,0,1000,1.0,0.7983796296296296,budget_cv,0.181
1f7f2e0f41,main,electronics,music,svm,self_training,2,100,target_only,0.7717714042646425,0.778,0,100,0,1000,0.1,0.7747413405308142,budget_cv,0.048
1f7f2e0f41,main,electronics,music,svm,self_training,2,250,transfer,0.8539483795152558,0.854,2000,250,0,1000,1.0,0.8595842963203882,budget_cv,0.185
1f7f2e0f41,main,electronics,music,svm,self_training,2,250,target_only,0.5631653748278197,0.6168,0,250,0,1000,0.01,0.774726045385287,budget_cv,0.053
1f7f2e0f41,main,electronics,music,svm,self_training,2,500,transfer,0.8663945275198472,0.8664,2000,500,0,1000,10.0,0.8619166617054312,budget_cv,0.222
1f7f2e0f41,main,electronics,music,svm,self_training,2,500,target_only,0.8585691622438479,0.8588,0,500,0,1000,10.0,0.8252249003652744,budget_cv,0.079
1f7f2e0f41,main,electronics,music,svm,self_training,2,1000,transfer,0.877121967534263,0.8772,2000,1000,0,1000,1.0,0.8724248134054703,budget_cv,0.238
1f7f2e0f41,main,electronics,music,svm,self_training,2,1000,target_only,0.8780803950708546,0.8784,0,1000,0,1000,1.0,0.8682816723624702,budget_cv,0.085
1f7f2e0f41,main,electronics,music,svm,self_training,2,2000,transfer,0.8971986676947333,0.8972,2000,2000,0,1000,1.0,0.8784893613097524,budget_cv,0.288
1f7f2e0f41,main,electronics,music,svm,self_training,2,2000,target_only,0.893981527341324,0.894,0,2000,0,1000,10.0,0.8839365279154755,budget_cv,0.153
1f7f2e0f41,main,electronics,music,svm,self_training,3,0,uda_self_training,0.8369338499525385,0.8372,2000,0,0,1000,1.0,0.8985793998747367,source_val_fallback,0.075
1f7f2e0f41,main,electronics,music,svm,self_training,3,50,transfer,0.8196894574330165,0.822,2000,50,0,1000,0.1,0.8176656920077973,budget_cv,0.174
1f7f2e0f41,main,electronics,music,svm,self_training,3,50,target_only,0.46204648190041075,0.5564,0,50,0,1000,0.01,0.6702111613876319,budget_cv,0.052
1f7f2e0f41,main,electronics,music,svm,self_training,3,100,transfer,0.8415974655594489,0.8416,2000,100,0,1000,1.0,0.7768442983960225,budget_cv,0.191
1f7f2e0f41,main,electronics,music,svm,self_training,3,100,target_only,0.5207961434195205,0.5884,0,100,0,1000,0.01,0.7365954715219422,budget_cv,0.052
1f7f2e0f41,main,electronics,music,svm,self_training,3,250,transfer,0.8494886456796196,0.8496,2000,250,0,1000,1.0,0.8116750153776308,budget_cv,0.2
1f7f2e0f41,main,electronics,music,svm,self_training,3,250,target_only,0.7944630297715407,0.7984,0,250,0,1000,1.0,0.8221127037744204,budget_cv,0.058
1f7f2e0f41,main,electronics,music,svm,self_training,3,500,transfer,0.8627383091056444,0.8628,2000,500,0,1000,1.0,0.8417249321568585,budget_cv,0.213
1f7f2e0f41,main,electronics,music,svm,self_training,3,500,target_only,0.8558293942720057,0.856,0,500,0,1000,10.0,0.8337641289411174,budget_cv,0.072
1f7f2e0f41,main,electronics,music,svm,self_training,3,1000,transfer,0.878795636642919,0.8788,2000,1000,0,1000,10.0,0.8699215065515808,budget_cv,0.259
1f7f2e0f41,main,electronics,music,svm,self_training,3,1000,target_only,0.8839497920380273,0.884,0,1000,0,1000,10.0,0.8439058152615314,budget_cv,0.097
1f7f2e0f41,main,electronics,music,svm,self_training,3,2000,transfer,0.8971986676947333,0.8972,2000,2000,0,1000,1.0,0.8814430202523694,budget_cv,0.29
1f7f2e0f41,main,electronics,music,svm,self_training,3,2000,target_only,0.893981527341324,0.894,0,2000,0,1000,10.0,0.8889258556269164,budget_cv,0.152
1f7f2e0f41,main,electronics,music,svm,self_training,4,0,uda_self_training,0.8369338499525385,0.8372,2000,0,0,1000,1.0,0.8985793998747367,source_val_fallback,0.077
1f7f2e0f41,main,electronics,music,svm,self_training,4,50,transfer,0.8375824329159441,0.8376,2000,50,0,1000,10.0,0.861437908496732,budget_cv,0.204
1f7f2e0f41,main,electronics,music,svm,self_training,4,50,target_only,0.6279860597109166,0.6612,0,50,0,1000,0.1,0.8951963241436927,budget_cv,0.046
1f7f2e0f41,main,electronics,music,svm,self_training,4,100,transfer,0.8491849184918492,0.8492,2000,100,0,1000,1.0,0.8694934792804975,budget_cv,0.185
1f7f2e0f41,main,electronics,music,svm,self_training,4,100,target_only,0.5600089925169413,0.6164,0,100,0,1000,0.01,0.814992008894448,budget_cv,0.048
1f7f2e0f41,main,electronics,music,svm,self_training,4,250,transfer,0.8529786682062644,0.8532,2000,250,0,1000,10.0,0.8675481923383228,budget_cv,0.218
1f7f2e0f41,main,electronics,music,svm,self_training,4,250,target_only,0.81650587084212,0.8184,0,250,0,1000,0.1,0.850612854392658,budget_cv,0.051
1f7f2e0f41,main,electronics,music,svm,self_training,4,500,transfer,0.8675887927154154,0.8676,2000,500,0,1000,10.0,0.8519186449077504,budget_cv,0.229
1f7f2e0f41,main,electronics,music,svm,self_training,4,500,target_only,0.8610749674707237,0.8612,0,500,0,1000,10.0,0.8737945350455897,budget_cv,0.072
1f7f2e0f41,main,electronics,music,svm,self_training,4,1000,transfer,0.8843985018045835,0.8844,2000,1000,0,1000,1.0,0.8689233473412834,budget_cv,0.242
1f7f2e0f41,main,electronics,music,svm,self_training,4,1000,target_only,0.8787836891332098,0.8788,0,1000,0,1000,10.0,0.8759637618016388,budget_cv,0.094
1f7f2e0f41,main,electronics,music,svm,self_training,4,2000,transfer,0.8971986676947333,0.8972,2000,2000,0,1000,1.0,0.8799782932782888,budget_cv,0.289
1f7f2e0f41,main,electronics,music,svm,self_training,4,2000,target_only,0.8991563710123548,0.8992,0,2000,0,1000,1.0,0.8834298543663714,budget_cv,0.135
1f7f2e0f41,main,electronics,clothing,logreg,random,0,0,source_only,0.8835883588358836,0.8836,2000,0,0,0,10.0,0.8965894074639764,source_val_fallback,0.083
1f7f2e0f41,main,electronics,clothing,logreg,random,0,50,transfer,0.8879896771286442,0.888,2000,50,0,0,10.0,0.919447862365819,budget_cv,0.283
1f7f2e0f41,main,electronics,clothing,logreg,random,0,50,target_only,0.7534363190897388,0.7568,0,50,0,0,0.1,0.7402011974380395,budget_cv,0.091
1f7f2e0f41,main,electronics,clothing,logreg,random,0,100,transfer,0.8907949503585046,0.8908,2000,100,0,0,10.0,0.919222517495108,budget_cv,0.283
1f7f2e0f41,main,electronics,clothing,logreg,random,0,100,target_only,0.843022778996576,0.8432,0,100,0,0,1.0,0.7687858981976629,budget_cv,0.096
1f7f2e0f41,main,electronics,clothing,logreg,random,0,250,transfer,0.8983921314866623,0.8984,2000,250,0,0,10.0,0.9143205966829737,budget_cv,0.291
1f7f2e0f41,main,electronics,clothing,logreg,random,0,250,target_only,0.8735960359716881,0.8736,0,250,0,0,0.1,0.8390412761841333,budget_cv,0.111
1f7f2e0f41,main,electronics,clothing,logreg,random,0,500,transfer,0.9067906790679068,0.9068,2000,500,0,0,10.0,0.8931348844322463,budget_cv,0.303
1f7f2e0f41,main,electronics,clothing,logreg,random,0,500,target_only,0.896398657326599,0.8964,0,500,0,0,10.0,0.8676912280435009,budget_cv,0.138
1f7f2e0f41,main,electronics,clothing,logreg,random,0,1000,transfer,0.9139768632171309,0.914,2000,1000,0,0,10.0,0.9086474535724266,budget_cv,0.329
1f7f2e0f41,main,electronics,clothing,logreg,random,0,1000,target_only,0.9159862351847727,0.916,0,1000,0,0,10.0,0.9004810247992313,budget_cv,0.16
1f7f2e0f41,main,electronics,clothing,logreg,random,0,2000,transfer,0.9255769467150144,0.9256,2000,2000,0,0,10.0,0.9123399830600855,budget_cv,0.393
1f7f2e0f41,main,electronics,clothing,logreg,random,0,2000,target_only,0.9247807438704309,0.9248,0,2000,0,0,10.0,0.9003048831055226,budget_cv,0.215
1f7f2e0f41,main,electronics,clothing,logreg,random,1,0,source_only,0.8835883588358836,0.8836,2000,0,0,0,10.0,0.8965894074639764,source_val_fallback,0.084
1f7f2e0f41,main,electronics,clothing,logreg,random,1,50,transfer,0.8679726228030644,0.868,2000,50,0,0,0.01,0.8542702911123964,budget_cv,0.256
1f7f2e0f41,main,electronics,clothing,logreg,random,1,50,target_only,0.7618438798890945,0.7644,0,50,0,0,0.1,0.719997594997595,budget_cv,0.093
1f7f2e0f41,main,electronics,clothing,logreg,random,1,100,transfer,0.8767886448415085,0.8768,2000,100,0,0,0.01,0.885460809646856,budget_cv,0.26
1f7f2e0f41,main,electronics,clothing,logreg,random,1,100,target_only,0.8192220473898556,0.82,0,100,0,0,0.1,0.8571118784367423,budget_cv,0.101
1f7f2e0f41,main,electronics,clothing,logreg,random,1,250,transfer,0.8983765209113914,0.8984,2000,250,0,0,10.0,0.8839010006319681,budget_cv,0.289
1f7f2e0f41,main,electronics,clothing,logreg,random,1,250,target_only,0.8703996682231507,0.8704,0,250,0,0,0.1,0.8234812354996048,budget_cv,0.113
1f7f2e0f41,main,electronics,clothing,logreg,random,1,500,transfer,0.9035992442180747,0.9036,2000,500,0,0,10.0,0.8841344379505206,budget_cv,0.304
1f7f2e0f41,main,electronics,clothing,logreg,random,1,500,target_only,0.8847539015606243,0.8848,0,500,0,0,10.0,0.8586327787287221,budget_cv,0.138
1f7f2e0f41,main,electronics,clothing,logreg,random,1,1000,transfer,0.9183673469387755,0.9184,2000,1000,0,0,10.0,0.901735055964272,budget_cv,0.332
1f7f2e0f41,main,electronics,clothing,logreg,random,1,1000,target_only,0.9135778759362396,0.9136,0,1000,0,0,10.0,0.8792194652632466,budget_cv,0.161
1f7f2e0f41,main,electronics,clothing,logreg,random,1,2000,transfer,0.9255769467150144,0.9256,2000,2000,0,0,10.0,0.9118753790873515,budget_cv,0.387
1f7f2e0f41,main,electronics,clothing,logreg,random,1,2000,target_only,0.9247807438704309,0.9248,0,2000,0,0,10.0,0.8972422535765965,budget_cv,0.212
1f7f2e0f41,main,electronics,clothing,logreg,random,2,0,source_only,0.8835883588358836,0.8836,2000,0,0,0,10.0,0.8965894074639764,source_val_fallback,0.083
1f7f2e0f41,main,electronics,clothing,logreg,random,2,50,transfer,0.8819945434276881,0.882,2000,50,0,0,1.0,0.9585245164192533,budget_cv,0.268
1f7f2e0f41,main,electronics,clothing,logreg,random,2,50,target_only,0.7472169535032596,0.7548,0,50,0,0,0.01,0.7250807163850643,budget_cv,0.094
1f7f2e0f41,main,electronics,clothing,logreg,random,2,100,transfer,0.8819968091937206,0.882,2000,100,0,0,1.0,0.8793744403919925,budget_cv,0.27
1f7f2e0f41,main,electronics,clothing,logreg,random,2,100,target_only,0.8223981813573771,0.8224,0,100,0,0,10.0,0.7780434542237948,budget_cv,0.104
1f7f2e0f41,main,electronics,clothing,logreg,random,2,250,transfer,0.8979992003137305,0.898,2000,250,0,0,10.0,0.8959781998278173,budget_cv,0.29
1f7f2e0f41,main,electronics,clothing,logreg,random,2,250,target_only,0.8719638630807159,0.872,0,250,0,0,0.1,0.8673691729490612,budget_cv,0.114
1f7f2e0f41,main,electronics,clothing,logreg,random,2,500,transfer,0.9083893145296467,0.9084,2000,500,0,0,10.0,0.8899414428416966,budget_cv,0.304
1f7f2e0f41,main,electronics,clothing,logreg,random,2,500,target_only,0.8963819455901996,0.8964,0,500,0,0,10.0,0.8559042886706122,budget_cv,0.136
1f7f2e0f41,main,electronics,clothing,logreg,random,2,1000,transfer,0.9187712905249231,0.9188,2000,1000,0,0,10.0,0.9068777522731105,budget_cv,0.332
1f7f2e0f41,main,electronics,clothing,logreg,random,2,1000,target_only,0.9123847339160376,0.9124,0,1000,0,0,10.0,0.8858483606558868,budget_cv,0.156
1f7f2e0f41,main,electronics,clothing,logreg,random,2,2000,transfer,0.9255769467150144,0.9256,2000,2000,0,0,10.0,0.9078838999132799,budget_cv,0.391
1f7f2e0f41,main,electronics,clothing,logreg,random,2,2000,target_only,0.9247807438704309,0.9248,0,2000,0,0,10.0,0.9028500477033656,budget_cv,0.207
1f7f2e0f41,main,electronics,clothing,logreg,random,3,0,source_only,0.8835883588358836,0.8836,2000,0,0,0,10.0,0.8965894074639764,source_val_fallback,0.086
1f7f2e0f41,main,electronics,clothing,logreg,random,3,50,transfer,0.8907349479586166,0.8908,2000,50,0,0,10.0,0.8513963161021985,budget_cv,0.28
1f7f2e0f41,main,electronics,clothing,logreg,random,3,50,target_only,0.7196231735452447,0.7312,0,50,0,0,0.01,0.5735320235320235,budget_cv,0.096
1f7f2e0f41,main,electronics,clothing,logreg,random,3,100,transfer,0.886300380941766,0.8864,2000,100,0,0,10.0,0.8681812910956404,budget_cv,0.283
1f7f2e0f41,main,electronics,clothing,logreg,random,3,100,target_only,0.7927532923836551,0.7956,0,100,0,0,1.0,0.7829680305170501,budget_cv,0.099
1f7f2e0f41,main,electronics,clothing,logreg,random,3,250,transfer,0.896329919025261,0.8964,2000,250,0,0,10.0,0.8994413825874501,budget_cv,0.292
1f7f2e0f41,main,electronics,clothing,logreg,random,3,250,target_only,0.8682603945761841,0.8688,0,250,0,0,10.0,0.8550558920124137,budget_cv,0.115
1f7f2e0f41,main,electronics,clothing,logreg,random,3,500,transfer,0.9091778975331437,0.9092,2000,500,0,0,10.0,0.9059263023005046,budget_cv,0.299
1f7f2e0f41,main,electronics,clothing,logreg,random,3,500,target_only,0.8926282051282051,0.8928,0,500,0,0,0.1,0.8797737408689826,budget_cv,0.125
1f7f2e0f41,main,electronics,clothing,logreg,random,3,1000,transfer,0.9175847564765579,0.9176,2000,1000,0,0,10.0,0.9018500273761543,budget_cv,0.333
1f7f2e0f41,main,electronics,clothing,logreg,random,3,1000,target_only,0.9147813337033344,0.9148,0,1000,0,0,1.0,0.8877701024316256,budget_cv,0.145
1f7f2e0f41,main,electronics,clothing,logreg,random,3,2000,transfer,0.9255769467150144,0.9256,2000,2000,0,0,10.0,0.9144208841496179,budget_cv,0.389
1f7f2e0f41,main,electronics,clothing,logreg,random,3,2000,target_only,0.9247807438704309,0.9248,0,2000,0,0,10.0,0.903361546162098,budget_cv,0.211
1f7f2e0f41,main,electronics,clothing,logreg,random,4,0,source_only,0.8835883588358836,0.8836,2000,0,0,0,10.0,0.8965894074639764,source_val_fallback,0.082
1f7f2e0f41,main,electronics,clothing,logreg,random,4,50,transfer,0.8839874520828173,0.884,2000,50,0,0,1.0,0.8586709830130883,budget_cv,0.267
1f7f2e0f41,main,electronics,clothing,logreg,random,4,50,target_only,0.7012620837808807,0.7152,0,50,0,0,0.01,0.7376392369813423,budget_cv,0.085
1f7f2e0f41,main,electronics,clothing,logreg,random,4,100,transfer,0.8839672509168988,0.884,2000,100,0,0,1.0,0.8908718521621748,budget_cv,0.27
1f7f2e0f41,main,electronics,clothing,logreg,random,4,100,target_only,0.798389548514195,0.7984,0,100,0,0,10.0,0.87967832294208,budget_cv,0.104
1f7f2e0f41,main,electronics,clothing,logreg,random,4,250,transfer,0.8871305807924106,0.8872,2000,250,0,0,1.0,0.9120470268371573,budget_cv,0.304
1f7f2e0f41,main,electronics,clothing,logreg,random,4,250,target_only,0.8511785697140388,0.8512,0,250,0,0,1.0,0.8638753475679172,budget_cv,0.119
1f7f2e0f41,main,electronics,clothing,logreg,random,4,500,transfer,0.9031612645058024,0.9032,2000,500,0,0,10.0,0.927796529569711,budget_cv,0.314
1f7f2e0f41,main,electronics,clothing,logreg,random,4,500,target_only,0.8875969606218153,0.8876,0,500,0,0,1.0,0.8830393155631925,budget_cv,0.136
1f7f2e0f41,main,electronics,clothing,logreg,random,4,1000,transfer,0.9175767368582108,0.9176,2000,1000,0,0,10.0,0.9157288086561347,budget_cv,0.34
1f7f2e0f41,main,electronics,clothing,logreg,random,4,1000,target_only,0.9043932539880014,0.9044,0,1000,0,0,10.0,0.897359179606994,budget_cv,0.159
1f7f2e0f41,main,electronics,clothing,logreg,random,4,2000,transfer,0.9255769467150144,0.9256,2000,2000,0,0,10.0,0.9113833807960017,budget_cv,0.392
1f7f2e0f41,main,electronics,clothing,logreg,random,4,2000,target_only,0.9247807438704309,0.9248,0,2000,0,0,10.0,0.9007594509079789,budget_cv,0.214
1f7f2e0f41,main,electronics,clothing,logreg,uncertainty,0,0,source_only,0.8835883588358836,0.8836,2000,0,0,0,10.0,0.8965894074639764,source_val_fallback,0.082
1f7f2e0f41,main,electronics,clothing,logreg,uncertainty,0,50,transfer,0.8911748570389703,0.8912,2000,50,0,0,10.0,0.8191993464052287,budget_cv,0.285
1f7f2e0f41,main,electronics,clothing,logreg,uncertainty,0,50,target_only,0.6227154962121338,0.6564,0,50,0,0,0.1,0.5397824397824398,budget_cv,0.095
1f7f2e0f41,main,electronics,clothing,logreg,uncertainty,0,100,transfer,0.8891829607720483,0.8892,2000,100,0,0,1.0,0.6972937972030531,budget_cv,0.272
1f7f2e0f41,main,electronics,clothing,logreg,uncertainty,0,100,target_only,0.6597494504847958,0.678,0,100,0,0,0.01,0.7050904352628491,budget_cv,0.106
1f7f2e0f41,main,electronics,clothing,logreg,uncertainty,0,250,transfer,0.903975417706933,0.904,2000,250,0,0,10.0,0.6721842958983274,budget_cv,0.298
1f7f2e0f41,main,electronics,clothing,logreg,uncertainty,0,250,target_only,0.6926170583650797,0.7024,0,250,0,0,0.01,0.6714163319088825,budget_cv,0.11
1f7f2e0f41,main,electronics,clothing,logreg,uncertainty,0,500,transfer,0.9159825781474047,0.916,2000,500,0,0,10.0,0.6964836764966597,budget_cv,0.312
1f7f2e0f41,main,electronics,clothing,logreg,uncertainty,0,500,target_only,0.7722610378023984,0.7752,0,500,0,0,0.1,0.6085914399079035,budget_cv,0.126
1f7f2e0f41,main,electronics,clothing,logreg,uncertainty,0,1000,transfer,0.9219829111368554,0.922,2000,1000,0,0,10.0,0.8357784106541409,budget_cv,0.345
1f7f2e0f41,main,electronics,clothing,logreg,uncertainty,0,1000,target_only,0.9079433814973561,0.908,0,1000,0,0,10.0,0.7446975288545773,budget_cv,0.154
1f7f2e0f41,main,electronics,clothing,logreg,uncertainty,0,2000,transfer,0.9255769467150144,0.9256,2000,2000,0,0,10.0,0.9148650103908956,budget_cv,0.39
1f7f2e0f41,main,electronics,clothing,logreg,uncertainty,0,2000,target_only,0.9247807438704309,0.9248,0,2000,0,0,10.0,0.8962755226102584,budget_cv,0.212
1f7f2e0f41,main,electronics,clothing,logreg,uncertainty,1,0,source_only,0.8835883588358836,0.8836,2000,0,0,0,10.0,0.8965894074639764,source_val_fallback,0.082
1f7f2e0f41,main,electronics,clothing,logreg,uncertainty,1,50,transfer,0.8847952812147186,0.8848,2000,50,0,0,1.0,0.8009660589381952,budget_cv,0.273
1f7f2e0f41,main,electronics,clothing,logreg,uncertainty,1,50,target_only,0.6948686721416262,0.7064,0,50,0,0,0.01,0.5529180159614943,budget_cv,0.085
1f7f2e0f41,main,electronics,clothing,logreg,uncertainty,1,100,transfer,0.8923979168236698,0.8924,2000,100,0,0,10.0,0.6781590286456805,budget_cv,0.282
1f7f2e0f41,main,electronics,clothing,logreg,uncertainty,1,100,target_only,0.6780451225873761,0.684,0,100,0,0,1.0,0.69701017588892,budget_cv,0.101
1f7f2e0f41,main,electronics,clothing,logreg,uncertainty,1,250,transfer,0.9023877555200525,0.9024,2000,250,0,0,10.0,0.6394398864225743,budget_cv,0.289
1f7f2e0f41,main,electronics,clothing,logreg,uncertainty,1,250,target_only,0.721079130334402,0.7232,0,250,0,0,10.0,0.6445811133311133,budget_cv,0.113
1f7f2e0f41,main,electronics,clothing,logreg,uncertainty,1,500,transfer,0.9135820803801876,0.9136,2000,500,0,0,10.0,0.6930584191539921,budget_cv,0.309
1f7f2e0f41,main,electronics,clothing,logreg,uncertainty,1,500,target_only,0.7896827002300968,0.7904,0,500,0,0,1.0,0.602188184401026,budget_cv,0.128
1f7f2e0f41,main,electronics,clothing,logreg,uncertainty,1,1000,transfer,0.921579924460662,0.9216,2000,1000,0,0,10.0,0.828859343770509,budget_cv,0.346
1f7f2e0f41,main,electronics,clothing,logreg,uncertainty,1,1000,target_only,0.9067480624008347,0.9068,0,1000,0,0,10.0,0.7546671008821585,budget_cv,0.156
1f7f2e0f41,main,electronics,clothing,logreg,uncertainty,1,2000,transfer,0.9255769467150144,0.9256,2000,2000,0,0,10.0,0.9133752602933322,budget_cv,0.395
1f7f2e0f41,main,electronics,clothing,logreg,uncertainty,1,2000,target_only,0.9247807438704309,0.9248,0,2000,0,0,10.0,0.9082815809630995,budget_cv,0.215
1f7f2e0f41,main,electronics,clothing,logreg,uncertainty,2,0,source_only,0.8835883588358836,0.8836,2000,0,0,0,10.0,0.8965894074639764,source_val_fallback,0.083
1f7f2e0f41,main,electronics,clothing,logreg,uncertainty,2,50,transfer,0.8895942765672973,0.8896,2000,50,0,0,10.0,0.83246151996152,budget_cv,0.287
1f7f2e0f41,main,electronics,clothing,logreg,uncertainty,2,50,target_only,0.6627261235300981,0.6628,0,50,0,0,0.1,0.6676587301587301,budget_cv,0.103
1f7f2e0f41,main,electronics,clothing,logreg,uncertainty,2,100,transfer,0.8967870529679243,0.8968,2000,100,0,0,10.0,0.688363148289619,budget_cv,0.289
1f7f2e0f41,main,electronics,clothing,logreg,uncertainty,2,100,target_only,0.6921882835068709,0.6972,0,100,0,0,0.1,0.6879608056332195,budget_cv,0.107
1f7f2e0f41,main,electronics,clothing,logreg,uncertainty,2,250,transfer,0.9039960676789321,0.904,2000,250,0,0,10.0,0.6325657586153018,budget_cv,0.298
1f7f2e0f41,main,electronics,clothing,logreg,uncertainty,2,250,target_only,0.7038093741310734,0.706,0,250,0,0,1.0,0.6163326282727458,budget_cv,0.117
1f7f2e0f41,main,electronics,clothing,logreg,uncertainty,2,500,transfer,0.9091860364449638,0.9092,2000,500,0,0,1.0,0.6860324539774932,budget_cv,0.295
1f7f2e0f41,main,electronics,clothing,logreg,uncertainty,2,500,target_only,0.7771335278379234,0.7796,0,500,0,0,1.0,0.6181564889674551,budget_cv,0.133
1f7f2e0f41,main,electronics,clothing,logreg,uncertainty,2,1000,transfer,0.9223820671527949,0.9224,2000,1000,0,0,10.0,0.8417177441038389,budget_cv,0.349
1f7f2e0f41,main,electronics,clothing,logreg,uncertainty,2,1000,target_only,0.9075552567442642,0.9076,0,1000,0,0,10.0,0.7657606563362157,budget_cv,0.161
1f7f2e0f41,main,electronics,clothing,logreg,uncertainty,2,2000,transfer,0.9255769467150144,0.9256,2000,2000,0,0,10.0,0.9163826319062082,budget_cv,0.393
1f7f2e0f41,main,electronics,clothing,logreg,uncertainty,2,2000,target_only,0.9247807438704309,0.9248,0,2000,0,0,10.0,0.9072928884332215,budget_cv,0.212
1f7f2e0f41,main,electronics,clothing,logreg,uncertainty,3,0,source_only,0.8835883588358836,0.8836,2000,0,0,0,10.0,0.8965894074639764,source_val_fallback,0.082
1f7f2e0f41,main,electronics,clothing,logreg,uncertainty,3,50,transfer,0.8867825916912985,0.8868,2000,50,0,0,1.0,0.726160767337238,budget_cv,0.271
1f7f2e0f41,main,electronics,clothing,logreg,uncertainty,3,50,target_only,0.5546438746438747,0.6092,0,50,0,0,0.01,0.5363123993558776,budget_cv,0.09
1f7f2e0f41,main,electronics,clothing,logreg,uncertainty,3,100,transfer,0.8907890789078907,0.8908,2000,100,0,0,1.0,0.7000514599779306,budget_cv,0.267
1f7f2e0f41,main,electronics,clothing,logreg,uncertainty,3,100,target_only,0.6655149300007928,0.678,0,100,0,0,0.01,0.6545060480095869,budget_cv,0.094
1f7f2e0f41,main,electronics,clothing,logreg,uncertainty,3,250,transfer,0.9079928749682376,0.908,2000,250,0,0,10.0,0.6209223673055437,budget_cv,0.293
1f7f2e0f41,main,electronics,clothing,logreg,uncertainty,3,250,target_only,0.6801713985698283,0.6884,0,250,0,0,0.01,0.5773763781606919,budget_cv,0.108
1f7f2e0f41,main,electronics,clothing,logreg,uncertainty,3,500,transfer,0.9143734763280273,0.9144,2000,500,0,0,10.0,0.7048333525269763,budget_cv,0.311
1f7f2e0f41,main,electronics,clothing,logreg,uncertainty,3,500,target_only,0.7515437551570071,0.758,0,500,0,0,0.01,0.6124629183688973,budget_cv,0.119
1f7f2e0f41,main,electronics,clothing,logreg,uncertainty,3,1000,transfer,0.9231822520275084,0.9232,2000,1000,0,0,10.0,0.8205393628445901,budget_cv,0.351
1f7f2e0f41,main,electronics,clothing,logreg,uncertainty,3,1000,target_only,0.9083341619284635,0.9084,0,1000,0,0,10.0,0.7345595135996642,budget_cv,0.158
1f7f2e0f41,main,electronics,clothing,logreg,uncertainty,3,2000,transfer,0.9255769467150144,0.9256,2000,2000,0,0,10.0,0.9163638967182487,budget_cv,0.388
1f7f2e0f41,main,electronics,clothing,logreg,uncertainty,3,2000,target_only,0.9247807438704309,0.9248,0,2000,0,0,10.0,0.9052566273951665,budget_cv,0.211
1f7f2e0f41,main,electronics,clothing,logreg,uncertainty,4,0,source_only,0.8835883588358836,0.8836,2000,0,0,0,10.0,0.8965894074639764,source_val_fallback,0.082
1f7f2e0f41,main,electronics,clothing,logreg,uncertainty,4,50,transfer,0.8867969389892303,0.8868,2000,50,0,0,1.0,0.6959064327485379,budget_cv,0.269
1f7f2e0f41,main,electronics,clothing,logreg,uncertainty,4,50,target_only,0.6612148834280271,0.6736,0,50,0,0,1.0,0.5045454545454545,budget_cv,0.09
1f7f2e0f41,main,electronics,clothing,logreg,uncertainty,4,100,transfer,0.8919634231365371,0.892,2000,100,0,0,10.0,0.6983660130718953,budget_cv,0.287
1f7f2e0f41,main,electronics,clothing,logreg,uncertainty,4,100,target_only,0.6664017600840338,0.6752,0,100,0,0,1.0,0.6822793148880105,budget_cv,0.106
1f7f2e0f41,main,electronics,clothing,logreg,uncertainty,4,250,transfer,0.9039938556067588,0.904,2000,250,0,0,10.0,0.6465839257240849,budget_cv,0.297
1f7f2e0f41,main,electronics,clothing,logreg,uncertainty,4,250,target_only,0.6766037229443933,0.6792,0,250,0,0,1.0,0.6018673234194795,budget_cv,0.114
1f7f2e0f41,main,electronics,clothing,logreg,uncertainty,4,500,transfer,0.9143876718247428,0.9144,2000,500,0,0,10.0,0.7047779615880571,budget_cv,0.314
1f7f2e0f41,main,electronics,clothing,logreg,uncertainty,4,500,target_only,0.7439094779102225,0.7504,0,500,0,0,0.01,0.606817567843183,budget_cv,0.124
1f7f2e0f41,main,electronics,clothing,logreg,uncertainty,4,1000,transfer,0.9223780919926841,0.9224,2000,1000,0,0,10.0,0.8306316786282867,budget_cv,0.35
1f7f2e0f41,main,electronics,clothing,logreg,uncertainty,4,1000,target_only,0.9071352770026597,0.9072,0,1000,0,0,10.0,0.757919678312937,budget_cv,0.154
1f7f2e0f41,main,electronics,clothing,logreg,uncertainty,4,2000,transfer,0.9255769467150144,0.9256,2000,2000,0,0,10.0,0.9133754146288385,budget_cv,0.392
1f7f2e0f41,main,electronics,clothing,logreg,uncertainty,4,2000,target_only,0.9247807438704309,0.9248,0,2000,0,0,10.0,0.8987760116490883,budget_cv,0.212
1f7f2e0f41,main,electronics,clothing,logreg,self_training,0,0,uda_self_training,0.8935825645673787,0.8936,2000,0,0,1000,10.0,0.8965894074639764,source_val_fallback,0.16
1f7f2e0f41,main,electronics,clothing,logreg,self_training,0,50,transfer,0.8955719130217263,0.8956,2000,50,0,1000,10.0,0.919447862365819,budget_cv,0.359
1f7f2e0f41,main,electronics,clothing,logreg,self_training,0,50,target_only,0.5744582798154226,0.6336,0,50,0,1000,0.1,0.7402011974380395,budget_cv,0.114
1f7f2e0f41,main,electronics,clothing,logreg,self_training,0,100,transfer,0.8959677749779771,0.896,2000,100,0,1000,10.0,0.919222517495108,budget_cv,0.363
1f7f2e0f41,main,electronics,clothing,logreg,self_training,0,100,target_only,0.8093328384170273,0.8136,0,100,0,1000,1.0,0.7687858981976629,budget_cv,0.129
1f7f2e0f41,main,electronics,clothing,logreg,self_training,0,250,transfer,0.9019868113453346,0.902,2000,250,0,1000,10.0,0.9143205966829737,budget_cv,0.373
1f7f2e0f41,main,electronics,clothing,logreg,self_training,0,250,target_only,0.8711101689433467,0.8712,0,250,0,1000,0.1,0.8390412761841333,budget_cv,0.133
1f7f2e0f41,main,electronics,clothing,logreg,self_training,0,500,transfer,0.9075857903911306,0.9076,2000,500,0,1000,10.0,0.8931348844322463,budget_cv,0.392
1f7f2e0f41,main,electronics,clothing,logreg,self_training,0,500,target_only,0.8971927459201521,0.8972,0,500,0,1000,10.0,0.8676912280435009,budget_cv,0.192
1f7f2e0f41,main,electronics,clothing,logreg,self_training,0,1000,transfer,0.9143734763280273,0.9144,2000,1000,0,1000,10.0,0.9086474535724266,budget_cv,0.43
1f7f2e0f41,main,electronics,clothing,logreg,self_training,0,1000,target_only,0.9155870206602967,0.9156,0,1000,0,1000,10.0,0.9004810247992313,budget_cv,0.212
1f7f2e0f41,main,electronics,clothing,logreg,self_training,0,2000,transfer,0.9251798763795511,0.9252,2000,2000,0,1000,10.0,0.9123399830600855,budget_cv,0.511
1f7f2e0f41,main,electronics,clothing,logreg,self_training,0,2000,target_only,0.920384395341487,0.9204,0,2000,0,1000,10.0,0.9003048831055226,budget_cv,0.284
1f7f2e0f41,main,electronics,clothing,logreg,self_training,1,0,uda_self_training,0.8935825645673787,0.8936,2000,0,0,1000,10.0,0.8965894074639764,source_val_fallback,0.161
1f7f2e0f41,main,electronics,clothing,logreg,self_training,1,50,transfer,0.8715654562451116,0.8716,2000,50,0,1000,0.01,0.8542702911123964,budget_cv,0.282
1f7f2e0f41,main,electronics,clothing,logreg,self_training,1,50,target_only,0.8297427981203604,0.8308,0,50,0,1000,0.1,0.719997594997595,budget_cv,0.118
1f7f2e0f41,main,electronics,clothing,logreg,self_training,1,100,transfer,0.8743842427594117,0.8744,2000,100,0,1000,0.01,0.885460809646856,budget_cv,0.289
1f7f2e0f41,main,electronics,clothing,logreg,self_training,1,100,target_only,0.8575558765083072,0.8576,0,100,0,1000,0.1,0.8571118784367423,budget_cv,0.125
1f7f2e0f41,main,electronics,clothing,logreg,self_training,1,250,transfer,0.9027529324192909,0.9028,2000,250,0,1000,10.0,0.8839010006319681,budget_cv,0.373
1f7f2e0f41,main,electronics,clothing,logreg,self_training,1,250,target_only,0.8495816110495009,0.8508,0,250,0,1000,0.1,0.8234812354996048,budget_cv,0.131
1f7f2e0f41,main,electronics,clothing,logreg,self_training,1,500,transfer,0.9047862892256484,0.9048,2000,500,0,1000,10.0,0.8841344379505206,budget_cv,0.392
1f7f2e0f41,main,electronics,clothing,logreg,self_training,1,500,target_only,0.8939998473597802,0.894,0,500,0,1000,10.0,0.8586327787287221,budget_cv,0.189
1f7f2e0f41,main,electronics,clothing,logreg,self_training,1,1000,transfer,0.916766706682673,0.9168,2000,1000,0,1000,10.0,0.901735055964272,budget_cv,0.435
1f7f2e0f41,main,electronics,clothing,logreg,self_training,1,1000,target_only,0.9111724847888882,0.9112,0,1000,0,1000,10.0,0.8792194652632466,budget_cv,0.209
1f7f2e0f41,main,electronics,clothing,logreg,self_training,1,2000,transfer,0.9251798763795511,0.9252,2000,2000,0,1000,10.0,0.9118753790873515,budget_cv,0.505
1f7f2e0f41,main,electronics,clothing,logreg,self_training,1,2000,target_only,0.920384395341487,0.9204,0,2000,0,1000,10.0,0.8972422535765965,budget_cv,0.281
1f7f2e0f41,main,electronics,clothing,logreg,self_training,2,0,uda_self_training,0.8935825645673787,0.8936,2000,0,0,1000,10.0,0.8965894074639764,source_val_fallback,0.161
1f7f2e0f41,main,electronics,clothing,logreg,self_training,2,50,transfer,0.8911631521968078,0.8912,2000,50,0,1000,1.0,0.9585245164192533,budget_cv,0.322
1f7f2e0f41,main,electronics,clothing,logreg,self_training,2,50,target_only,0.6261831800171467,0.6696,0,50,0,1000,0.01,0.7250807163850643,budget_cv,0.11
1f7f2e0f41,main,electronics,clothing,logreg,self_training,2,100,transfer,0.8943956744468253,0.8944,2000,100,0,1000,1.0,0.8793744403919925,budget_cv,0.325
1f7f2e0f41,main,electronics,clothing,logreg,self_training,2,100,target_only,0.8712,0.8712,0,100,0,1000,10.0,0.7780434542237948,budget_cv,0.147
1f7f2e0f41,main,electronics,clothing,logreg,self_training,2,250,transfer,0.9015909306201659,0.9016,2000,250,0,1000,10.0,0.8959781998278173,budget_cv,0.374
1f7f2e0f41,main,electronics,clothing,logreg,self_training,2,250,target_only,0.8474865788189361,0.8488,0,250,0,1000,0.1,0.8673691729490612,budget_cv,0.135
1f7f2e0f41,main,electronics,clothing,logreg,self_training,2,500,transfer,0.9083820428804046,0.9084,2000,500,0,1000,10.0,0.8899414428416966,budget_cv,0.392
1f7f2e0f41,main,electronics,clothing,logreg,self_training,2,500,target_only,0.8955839449873813,0.8956,0,500,0,1000,10.0,0.8559042886706122,budget_cv,0.185
1f7f2e0f41,main,electronics,clothing,logreg,self_training,2,1000,transfer,0.9159715513284177,0.916,2000,1000,0,1000,10.0,0.9068777522731105,budget_cv,0.432
1f7f2e0f41,main,electronics,clothing,logreg,self_training,2,1000,target_only,0.9071866348754221,0.9072,0,1000,0,1000,10.0,0.8858483606558868,budget_cv,0.216
1f7f2e0f41,main,electronics,clothing,logreg,self_training,2,2000,transfer,0.9251798763795511,0.9252,2000,2000,0,1000,10.0,0.9078838999132799,budget_cv,0.51
1f7f2e0f41,main,electronics,clothing,logreg,self_training,2,2000,target_only,0.920384395341487,0.9204,0,2000,0,1000,10.0,0.9028500477033656,budget_cv,0.278
1f7f2e0f41,main,electronics,clothing,logreg,self_training,3,0,uda_self_training,0.8935825645673787,0.8936,2000,0,0,1000,10.0,0.8965894074639764,source_val_fallback,0.162
1f7f2e0f41,main,electronics,clothing,logreg,self_training,3,50,transfer,0.8927158892571776,0.8928,2000,50,0,1000,10.0,0.8513963161021985,budget_cv,0.36
1f7f2e0f41,main,electronics,clothing,logreg,self_training,3,50,target_only,0.5114542218094575,0.596,0,50,0,1000,0.01,0.5735320235320235,budget_cv,0.117
1f7f2e0f41,main,electronics,clothing,logreg,self_training,3,100,transfer,0.8910828225438056,0.8912,2000,100,0,1000,10.0,0.8681812910956404,budget_cv,0.362
1f7f2e0f41,main,electronics,clothing,logreg,self_training,3,100,target_only,0.7828056544996462,0.79,0,100,0,1000,1.0,0.7829680305170501,budget_cv,0.137
1f7f2e0f41,main,electronics,clothing,logreg,self_training,3,250,transfer,0.9002953340298512,0.9004,2000,250,0,1000,10.0,0.8994413825874501,budget_cv,0.371
1f7f2e0f41,main,electronics,clothing,logreg,self_training,3,250,target_only,0.8707221061665394,0.8712,0,250,0,1000,10.0,0.8550558920124137,budget_cv,0.162
1f7f2e0f41,main,electronics,clothing,logreg,self_training,3,500,transfer,0.9123808078921607,0.9124,2000,500,0,1000,10.0,0.9059263023005046,budget_cv,0.391
1f7f2e0f41,main,electronics,clothing,logreg,self_training,3,500,target_only,0.8492748427299857,0.8504,0,500,0,1000,0.1,0.8797737408689826,budget_cv,0.152
1f7f2e0f41,main,electronics,clothing,logreg,self_training,3,1000,transfer,0.9187781545724538,0.9188,2000,1000,0,1000,10.0,0.9018500273761543,budget_cv,0.433
1f7f2e0f41,main,electronics,clothing,logreg,self_training,3,1000,target_only,0.9071847931565108,0.9072,0,1000,0,1000,1.0,0.8877701024316256,budget_cv,0.184
1f7f2e0f41,main,electronics,clothing,logreg,self_training,3,2000,transfer,0.9251798763795511,0.9252,2000,2000,0,1000,10.0,0.9144208841496179,budget_cv,0.509
1f7f2e0f41,main,electronics,clothing,logreg,self_training,3,2000,target_only,0.920384395341487,0.9204,0,2000,0,1000,10.0,0.903361546162098,budget_cv,0.281
1f7f2e0f41,main,electronics,clothing,logreg,self_training,4,0,uda_self_training,0.8935825645673787,0.8936,2000,0,0,1000,10.0,0.8965894074639764,source_val_fallback,0.163
1f7f2e0f41,main,electronics,clothing,logreg,self_training,4,50,transfer,0.891929174703934,0.892,2000,50,0,1000,1.0,0.8586709830130883,budget_cv,0.322
1f7f2e0f41,main,electronics,clothing,logreg,self_training,4,50,target_only,0.6833344964756787,0.7096,0,50,0,1000,0.01,0.7376392369813423,budget_cv,0.104
1f7f2e0f41,main,electronics,clothing,logreg,self_training,4,100,transfer,0.8935165169492882,0.8936,2000,100,0,1000,1.0,0.8908718521621748,budget_cv,0.318
1f7f2e0f41,main,electronics,clothing,logreg,self_training,4,100,target_only,0.8247959632989944,0.8248,0,100,0,1000,10.0,0.87967832294208,budget_cv,0.143
1f7f2e0f41,main,electronics,clothing,logreg,self_training,4,250,transfer,0.891894766041055,0.892,2000,250,0,1000,1.0,0.9120470268371573,budget_cv,0.324
1f7f2e0f41,main,electronics,clothing,logreg,self_training,4,250,target_only,0.8526709161498939,0.8528,0,250,0,1000,1.0,0.8638753475679172,budget_cv,0.147
1f7f2e0f41,main,electronics,clothing,logreg,self_training,4,500,transfer,0.9031643024884694,0.9032,2000,500,0,1000,10.0,0.927796529569711,budget_cv,0.395
1f7f2e0f41,main,electronics,clothing,logreg,self_training,4,500,target_only,0.8795416981819201,0.8796,0,500,0,1000,1.0,0.8830393155631925,budget_cv,0.167
1f7f2e0f41,main,electronics,clothing,logreg,self_training,4,1000,transfer,0.9139768632171309,0.914,2000,1000,0,1000,10.0,0.9157288086561347,budget_cv,0.439
1f7f2e0f41,main,electronics,clothing,logreg,self_training,4,1000,target_only,0.9055881569784113,0.9056,0,1000,0,1000,10.0,0.897359179606994,budget_cv,0.214
1f7f2e0f41,main,electronics,clothing,logreg,self_training,4,2000,transfer,0.9251798763795511,0.9252,2000,2000,0,1000,10.0,0.9113833807960017,budget_cv,0.504
1f7f2e0f41,main,electronics,clothing,logreg,self_training,4,2000,target_only,0.920384395341487,0.9204,0,2000,0,1000,10.0,0.9007594509079789,budget_cv,0.285
1f7f2e0f41,main,electronics,clothing,svm,random,0,0,source_only,0.8843718607360287,0.8844,2000,0,0,0,1.0,0.8972527795124712,source_val_fallback,0.048
1f7f2e0f41,main,electronics,clothing,svm,random,0,50,transfer,0.8899889988998899,0.89,2000,50,0,0,1.0,0.8999761848059062,budget_cv,0.153
1f7f2e0f41,main,electronics,clothing,svm,random,0,50,target_only,0.7556754489746782,0.7584,0,50,0,0,0.01,0.7602175373073207,budget_cv,0.039
1f7f2e0f41,main,electronics,clothing,svm,random,0,100,transfer,0.8823728234171223,0.8824,2000,100,0,0,10.0,0.9095362338483781,budget_cv,0.161
1f7f2e0f41,main,electronics,clothing,svm,random,0,100,target_only,0.8438319882061918,0.844,0,100,0,0,0.1,0.7687858981976629,budget_cv,0.039
1f7f2e0f41,main,electronics,clothing,svm,random,0,250,transfer,0.8995942005610245,0.8996,2000,250,0,0,1.0,0.9187592957582229,budget_cv,0.164
1f7f2e0f41,main,electronics,clothing,svm,random,0,250,target_only,0.8743819109951834,0.8744,0,250,0,0,0.01,0.8401576510224089,budget_cv,0.043
1f7f2e0f41,main,electronics,clothing,svm,random,0,500,transfer,0.9007997460473499,0.9008,2000,500,0,0,0.1,0.8926330666385861,budget_cv,0.178
1f7f2e0f41,main,electronics,clothing,svm,random,0,500,target_only,0.8955979787768691,0.8956,0,500,0,0,10.0,0.8718643244517833,budget_cv,0.06
1f7f2e0f41,main,electronics,clothing,svm,random,0,1000,transfer,0.9151737242128122,0.9152,2000,1000,0,0,1.0,0.9096331971597019,budget_cv,0.23
1f7f2e0f41,main,electronics,clothing,svm,random,0,1000,target_only,0.915187787041334,0.9152,0,1000,0,0,1.0,0.8984343777111797,budget_cv,0.072
1f7f2e0f41,main,electronics,clothing,svm,random,0,2000,transfer,0.9167880174745163,0.9168,2000,2000,0,0,0.1,0.9067591494293197,budget_cv,0.296
1f7f2e0f41,main,electronics,clothing,svm,random,0,2000,target_only,0.9247860884349168,0.9248,0,2000,0,0,1.0,0.8992671716982666,budget_cv,0.134
1f7f2e0f41,main,electronics,clothing,svm,random,1,0,source_only,0.8843718607360287,0.8844,2000,0,0,0,1.0,0.8972527795124712,source_val_fallback,0.046
1f7f2e0f41,main,electronics,clothing,svm,random,1,50,transfer,0.8770709540046759,0.8772,2000,50,0,0,10.0,0.8767195767195767,budget_cv,0.161
1f7f2e0f41,main,electronics,clothing,svm,random,1,50,target_only,0.7630310361637207,0.7648,0,50,0,0,0.01,0.7040580334697982,budget_cv,0.038
1f7f2e0f41,main,electronics,clothing,svm,random,1,100,transfer,0.885085250727967,0.8852,2000,100,0,0,10.0,0.8979316096284363,budget_cv,0.16
1f7f2e0f41,main,electronics,clothing,svm,random,1,100,target_only,0.8206614391281595,0.8212,0,100,0,0,0.01,0.8674489501168267,budget_cv,0.039
1f7f2e0f41,main,electronics,clothing,svm,random,1,250,transfer,0.8999815005783469,0.9,2000,250,0,0,1.0,0.8878494395040732,budget_cv,0.192
1f7f2e0f41,main,electronics,clothing,svm,random,1,250,target_only,0.8711986810744943,0.8712,0,250,0,0,0.01,0.8234812354996048,budget_cv,0.046
1f7f2e0f41,main,electronics,clothing,svm,random,1,500,transfer,0.9035987506398082,0.9036,2000,500,0,0,10.0,0.8924933403822991,budget_cv,0.208
1f7f2e0f41,main,electronics,clothing,svm,random,1,500,target_only,0.8831281191183826,0.8832,0,500,0,0,1.0,0.8584565781296579,budget_cv,0.056
1f7f2e0f41,main,electronics,clothing,svm,random,1,1000,transfer,0.9187687942199876,0.9188,2000,1000,0,0,1.0,0.903759844405391,budget_cv,0.215
1f7f2e0f41,main,electronics,clothing,svm,random,1,1000,target_only,0.9099757870876951,0.91,0,1000,0,0,10.0,0.8792721147877839,budget_cv,0.088
1f7f2e0f41,main,electronics,clothing,svm,random,1,2000,transfer,0.9287737431526758,0.9288,2000,2000,0,0,1.0,0.9129068601496688,budget_cv,0.311
1f7f2e0f41,main,electronics,clothing,svm,random,1,2000,target_only,0.9235814027701781,0.9236,0,2000,0,0,10.0,0.8992486354365387,budget_cv,0.16
1f7f2e0f41,main,electronics,clothing,svm,random,2,0,source_only,0.8843718607360287,0.8844,2000,0,0,0,1.0,0.8972527795124712,source_val_fallback,0.047
1f7f2e0f41,main,electronics,clothing,svm,random,2,50,transfer,0.8823951829066918,0.8824,2000,50,0,0,0.1,0.9585245164192533,budget_cv,0.149
1f7f2e0f41,main,electronics,clothing,svm,random,2,50,target_only,0.6874091154955965,0.7104,0,50,0,0,0.01,0.703868595172943,budget_cv,0.037
1f7f2e0f41,main,electronics,clothing,svm,random,2,100,transfer,0.8839925755248336,0.884,2000,100,0,0,10.0,0.8890540445568909,budget_cv,0.16
1f7f2e0f41,main,electronics,clothing,svm,random,2,100,target_only,0.8195951218520949,0.8196,0,100,0,0,10.0,0.7888153747053342,budget_cv,0.039
1f7f2e0f41,main,electronics,clothing,svm,random,2,250,transfer,0.8995972851105893,0.8996,2000,250,0,0,1.0,0.9040373870324304,budget_cv,0.162
1f7f2e0f41,main,electronics,clothing,svm,random,2,250,target_only,0.8703395055997326,0.8704,0,250,0,0,0.01,0.8714368110193181,budget_cv,0.042
1f7f2e0f41,main,electronics,clothing,svm,random,2,500,transfer,0.9047843998760757,0.9048,2000,500,0,0,10.0,0.8899194948718288,budget_cv,0.173
1f7f2e0f41,main,electronics,clothing,svm,random,2,500,target_only,0.8951828267543354,0.8952,0,500,0,0,1.0,0.8558152561356476,budget_cv,0.051
1f7f2e0f41,main,electronics,clothing,svm,random,2,1000,transfer,0.914371009448959,0.9144,2000,1000,0,0,10.0,0.9059488027058119,budget_cv,0.242
1f7f2e0f41,main,electronics,clothing,svm,random,2,1000,target_only,0.909980282080987,0.91,0,1000,0,0,10.0,0.8868865825021395,budget_cv,0.077
1f7f2e0f41,main,electronics,clothing,svm,random,2,2000,transfer,0.9287737431526758,0.9288,2000,2000,0,0,1.0,0.9084163465413223,budget_cv,0.31
1f7f2e0f41,main,electronics,clothing,svm,random,2,2000,target_only,0.9247860884349168,0.9248,0,2000,0,0,1.0,0.9038422056525249,budget_cv,0.133
1f7f2e0f41,main,electronics,clothing,svm,random,3,0,source_only,0.8843718607360287,0.8844,2000,0,0,0,1.0,0.8972527795124712,source_val_fallback,0.048
1f7f2e0f41,main,electronics,clothing,svm,random,3,50,transfer,0.8855152996392851,0.8856,2000,50,0,0,1.0,0.8476633341083469,budget_cv,0.155
1f7f2e0f41,main,electronics,clothing,svm,random,3,50,target_only,0.5772058823529411,0.632,0,50,0,0,0.01,0.4134615384615385,budget_cv,0.038
1f7f2e0f41,main,electronics,clothing,svm,random,3,100,transfer,0.8847196542101983,0.8848,2000,100,0,0,1.0,0.8782256672690488,budget_cv,0.156
1f7f2e0f41,main,electronics,clothing,svm,random,3,100,target_only,0.7922881793799283,0.7952,0,100,0,0,0.1,0.7829680305170501,budget_cv,0.039
1f7f2e0f41,main,electronics,clothing,svm,random,3,250,transfer,0.8967235919822922,0.8968,2000,250,0,0,1.0,0.8994413825874501,budget_cv,0.167
1f7f2e0f41,main,electronics,clothing,svm,random,3,250,target_only,0.863440652914337,0.864,0,250,0,0,0.1,0.8509584214577585,budget_cv,0.043
1f7f2e0f41,main,electronics,clothing,svm,random,3,500,transfer,0.909175571861808,0.9092,2000,500,0,0,1.0,0.9018673520385908,budget_cv,0.168
1f7f2e0f41,main,electronics,clothing,svm,random,3,500,target_only,0.8934155492128457,0.8936,0,500,0,0,0.01,0.88176846055182,budget_cv,0.053
1f7f2e0f41,main,electronics,clothing,svm,random,3,1000,transfer,0.9223856444487972,0.9224,2000,1000,0,0,1.0,0.894839154559831,budget_cv,0.237
1f7f2e0f41,main,electronics,clothing,svm,random,3,1000,target_only,0.9103853175304242,0.9104,0,1000,0,0,10.0,0.8887581419429894,budget_cv,0.093
1f7f2e0f41,main,electronics,clothing,svm,random,3,2000,transfer,0.9287737431526758,0.9288,2000,2000,0,0,1.0,0.9149081713489832,budget_cv,0.324
1f7f2e0f41,main,electronics,clothing,svm,random,3,2000,target_only,0.9247860884349168,0.9248,0,2000,0,0,1.0,0.9048659007101817,budget_cv,0.146
1f7f2e0f41,main,electronics,clothing,svm,random,4,0,source_only,0.8843718607360287,0.8844,2000,0,0,0,1.0,0.8972527795124712,source_val_fallback,0.047
1f7f2e0f41,main,electronics,clothing,svm,random,4,50,transfer,0.8863508308234475,0.8864,2000,50,0,0,1.0,0.857426859632742,budget_cv,0.151
1f7f2e0f41,main,electronics,clothing,svm,random,4,50,target_only,0.7196928231410991,0.7296,0,50,0,0,0.01,0.6889619883040936,budget_cv,0.038
1f7f2e0f41,main,electronics,clothing,svm,random,4,100,transfer,0.8883197868036738,0.8884,2000,100,0,0,1.0,0.9106678513699387,budget_cv,0.155
1f7f2e0f41,main,electronics,clothing,svm,random,4,100,target_only,0.8027886090700598,0.8028,0,100,0,0,10.0,0.8800261184630255,budget_cv,0.039
1f7f2e0f41,main,electronics,clothing,svm,random,4,250,transfer,0.8947102257268638,0.8948,2000,250,0,0,1.0,0.9122010698293401,budget_cv,0.169
1f7f2e0f41,main,electronics,clothing,svm,random,4,250,target_only,0.8547999767679964,0.8548,0,250,0,0,1.0,0.8639358577412989,budget_cv,0.045
1f7f2e0f41,main,electronics,clothing,svm,random,4,500,transfer,0.9039702538258251,0.904,2000,500,0,0,1.0,0.9238076231228417,budget_cv,0.216
1f7f2e0f41,main,electronics,clothing,svm,random,4,500,target_only,0.8883999821439972,0.8884,0,500,0,0,10.0,0.8870623057247758,budget_cv,0.063
1f7f2e0f41,main,electronics,clothing,svm,random,4,1000,transfer,0.9143802184056604,0.9144,2000,1000,0,0,1.0,0.917745962136364,budget_cv,0.24
1f7f2e0f41,main,electronics,clothing,svm,random,4,1000,target_only,0.9035965294750611,0.9036,0,1000,0,0,1.0,0.9004065509221265,budget_cv,0.077
1f7f2e0f41,main,electronics,clothing,svm,random,4,2000,transfer,0.9287737431526758,0.9288,2000,2000,0,0,1.0,0.9108938462637921,budget_cv,0.325
1f7f2e0f41,main,electronics,clothing,svm,random,4,2000,target_only,0.9247860884349168,0.9248,0,2000,0,0,1.0,0.9017579549286787,budget_cv,0.13
1f7f2e0f41,main,electronics,clothing,svm,uncertainty,0,0,source_only,0.8843718607360287,0.8844,2000,0,0,0,1.0,0.8972527795124712,source_val_fallback,0.046
1f7f2e0f41,main,electronics,clothing,svm,uncertainty,0,50,transfer,0.8847855474990782,0.8848,2000,50,0,0,10.0,0.7000343997248022,budget_cv,0.159
1f7f2e0f41,main,electronics,clothing,svm,uncertainty,0,50,target_only,0.688801814497886,0.7012,0,50,0,0,0.01,0.5704423451791872,budget_cv,0.039
1f7f2e0f41,main,electronics,clothing,svm,uncertainty,0,100,transfer,0.8951918836594706,0.8952,2000,100,0,0,10.0,0.6545303889224034,budget_cv,0.165
1f7f2e0f41,main,electronics,clothing,svm,uncertainty,0,100,target_only,0.73118898950101,0.7312,0,100,0,0,10.0,0.6665005316321105,budget_cv,0.04
1f7f2e0f41,main,electronics,clothing,svm,uncertainty,0,250,transfer,0.9059956532390058,0.906,2000,250,0,0,1.0,0.6142945160567682,budget_cv,0.168
1f7f2e0f41,main,electronics,clothing,svm,uncertainty,0,250,target_only,0.7625776114537695,0.7632,0,250,0,0,1.0,0.552569461034904,budget_cv,0.045
1f7f2e0f41,main,electronics,clothing,svm,uncertainty,0,500,transfer,0.914777078443018,0.9148,2000,500,0,0,1.0,0.673856018938077,budget_cv,0.186
1f7f2e0f41,main,electronics,clothing,svm,uncertainty,0,500,target_only,0.8032534333480452,0.804,0,500,0,0,0.01,0.55917260705766,budget_cv,0.049
1f7f2e0f41,main,electronics,clothing,svm,uncertainty,0,1000,transfer,0.9211808185640058,0.9212,2000,1000,0,0,1.0,0.82955373776639,budget_cv,0.223
1f7f2e0f41,main,electronics,clothing,svm,uncertainty,0,1000,target_only,0.9059836185857024,0.906,0,1000,0,0,10.0,0.733886624169004,budget_cv,0.094
1f7f2e0f41,main,electronics,clothing,svm,uncertainty,0,2000,transfer,0.9287737431526758,0.9288,2000,2000,0,0,1.0,0.9143961916022318,budget_cv,0.314
1f7f2e0f41,main,electronics,clothing,svm,uncertainty,0,2000,target_only,0.9247860884349168,0.9248,0,2000,0,0,1.0,0.8987264033535719,budget_cv,0.142
1f7f2e0f41,main,electronics,clothing,svm,uncertainty,1,0,source_only,0.8843718607360287,0.8844,2000,0,0,0,1.0,0.8972527795124712,source_val_fallback,0.048
1f7f2e0f41,main,electronics,clothing,svm,uncertainty,1,50,transfer,0.8931766014027712,0.8932,2000,50,0,0,1.0,0.776474478680361,budget_cv,0.193
1f7f2e0f41,main,electronics,clothing,svm,uncertainty,1,50,target_only,0.7275769421123803,0.7276,0,50,0,0,0.01,0.5248281130634073,budget_cv,0.039
1f7f2e0f41,main,electronics,clothing,svm,uncertainty,1,100,transfer,0.8947858423829511,0.8948,2000,100,0,0,10.0,0.675599128540305,budget_cv,0.204
1f7f2e0f41,main,electronics,clothing,svm,uncertainty,1,100,target_only,0.7369100116912866,0.7372,0,100,0,0,0.01,0.5975998125348331,budget_cv,0.04
1f7f2e0f41,main,electronics,clothing,svm,uncertainty,1,250,transfer,0.9031820925598398,0.9032,2000,250,0,0,1.0,0.6505621447984966,budget_cv,0.187
1f7f2e0f41,main,electronics,clothing,svm,uncertainty,1,250,target_only,0.7659302125738442,0.7664,0,250,0,0,0.1,0.6234502678255217,budget_cv,0.045
1f7f2e0f41,main,electronics,clothing,svm,uncertainty,1,500,transfer,0.9175670268107243,0.9176,2000,500,0,0,1.0,0.682837793249921,budget_cv,0.209
1f7f2e0f41,main,electronics,clothing,svm,uncertainty,1,500,target_only,0.8358856188409074,0.836,0,500,0,0,10.0,0.5635166147890699,budget_cv,0.062
1f7f2e0f41,main,electronics,clothing,svm,uncertainty,1,1000,transfer,0.9219829111368554,0.922,2000,1000,0,0,1.0,0.828486576551407,budget_cv,0.258
1f7f2e0f41,main,electronics,clothing,svm,uncertainty,1,1000,target_only,0.9095791091573797,0.9096,0,1000,0,0,1.0,0.7555915709507217,budget_cv,0.094
1f7f2e0f41,main,electronics,clothing,svm,uncertainty,1,2000,transfer,0.9287737431526758,0.9288,2000,2000,0,0,1.0,0.9144058605600747,budget_cv,0.307
1f7f2e0f41,main,electronics,clothing,svm,uncertainty,1,2000,target_only,0.9247860884349168,0.9248,0,2000,0,0,1.0,0.9017159880134024,budget_cv,0.138
1f7f2e0f41,main,electronics,clothing,svm,uncertainty,2,0,source_only,0.8843718607360287,0.8844,2000,0,0,0,1.0,0.8972527795124712,source_val_fallback,0.047
1f7f2e0f41,main,electronics,clothing,svm,uncertainty,2,50,transfer,0.8843657907755431,0.8844,2000,50,0,0,10.0,0.8592276631750316,budget_cv,0.159
1f7f2e0f41,main,electronics,clothing,svm,uncertainty,2,50,target_only,0.6772000379350029,0.6776,0,50,0,0,0.01,0.6299965600275198,budget_cv,0.038
1f7f2e0f41,main,electronics,clothing,svm,uncertainty,2,100,transfer,0.8863981823709179,0.8864,2000,100,0,0,0.1,0.6787608304204658,budget_cv,0.151
1f7f2e0f41,main,electronics,clothing,svm,uncertainty,2,100,target_only,0.7288892995654528,0.7296,0,100,0,0,0.01,0.5812155860385112,budget_cv,0.039
1f7f2e0f41,main,electronics,clothing,svm,uncertainty,2,250,transfer,0.8955986469584646,0.8956,2000,250,0,0,0.1,0.5913103194822376,budget_cv,0.171
1f7f2e0f41,main,electronics,clothing,svm,uncertainty,2,250,target_only,0.7520266910617921,0.7524,0,250,0,0,0.1,0.5753774204533185,budget_cv,0.046
1f7f2e0f41,main,electronics,clothing,svm,uncertainty,2,500,transfer,0.9159784904935664,0.916,2000,500,0,0,1.0,0.6714512976813878,budget_cv,0.189
1f7f2e0f41,main,electronics,clothing,svm,uncertainty,2,500,target_only,0.8227012516891408,0.8228,0,500,0,0,1.0,0.5488644352100936,budget_cv,0.052
1f7f2e0f41,main,electronics,clothing,svm,uncertainty,2,1000,transfer,0.9207835736818386,0.9208,2000,1000,0,0,1.0,0.8321003349305331,budget_cv,0.242
1f7f2e0f41,main,electronics,clothing,svm,uncertainty,2,1000,target_only,0.9095832765228257,0.9096,0,1000,0,0,10.0,0.7612122762152609,budget_cv,0.085
1f7f2e0f41,main,electronics,clothing,svm,uncertainty,2,2000,transfer,0.9287737431526758,0.9288,2000,2000,0,0,1.0,0.9083658562134495,budget_cv,0.333
1f7f2e0f41,main,electronics,clothing,svm,uncertainty,2,2000,target_only,0.9247860884349168,0.9248,0,2000,0,0,1.0,0.9012608405052918,budget_cv,0.146
1f7f2e0f41,main,electronics,clothing,svm,uncertainty,3,0,source_only,0.8843718607360287,0.8844,2000,0,0,0,1.0,0.8972527795124712,source_val_fallback,0.048
1f7f2e0f41,main,electronics,clothing,svm,uncertainty,3,50,transfer,0.8891906210941694,0.8892,2000,50,0,0,1.0,0.6979704162366701,budget_cv,0.156
1f7f2e0f41,main,electronics,clothing,svm,uncertainty,3,50,target_only,0.7360949257341487,0.7364,0,50,0,0,0.1,0.5855131796308267,budget_cv,0.039
1f7f2e0f41,main,electronics,clothing,svm,uncertainty,3,100,transfer,0.8939998473597802,0.894,2000,100,0,0,10.0,0.6680015785688757,budget_cv,0.165
1f7f2e0f41,main,electronics,clothing,svm,uncertainty,3,100,target_only,0.7139560178773088,0.714,0,100,0,0,1.0,0.6077872744539411,budget_cv,0.041
1f7f2e0f41,main,electronics,clothing,svm,uncertainty,3,250,transfer,0.9039861740090573,0.904,2000,250,0,0,1.0,0.6066036798496844,budget_cv,0.156
1f7f2e0f41,main,electronics,clothing,svm,uncertainty,3,250,target_only,0.7403996077864043,0.7416,0,250,0,0,1.0,0.5876420715541906,budget_cv,0.043
1f7f2e0f41,main,electronics,clothing,svm,uncertainty,3,500,transfer,0.9167786953460085,0.9168,2000,500,0,0,1.0,0.655403686413255,budget_cv,0.18
1f7f2e0f41,main,electronics,clothing,svm,uncertainty,3,500,target_only,0.8069860302828886,0.8076,0,500,0,0,0.1,0.5408719360545106,budget_cv,0.049
1f7f2e0f41,main,electronics,clothing,svm,uncertainty,3,1000,transfer,0.918379105050893,0.9184,2000,1000,0,0,10.0,0.8287703522549688,budget_cv,0.32
1f7f2e0f41,main,electronics,clothing,svm,uncertainty,3,1000,target_only,0.9095666626545209,0.9096,0,1000,0,0,1.0,0.7449195157155043,budget_cv,0.09
1f7f2e0f41,main,electronics,clothing,svm,uncertainty,3,2000,transfer,0.9287737431526758,0.9288,2000,2000,0,0,1.0,0.9133871112948891,budget_cv,0.32
1f7f2e0f41,main,electronics,clothing,svm,uncertainty,3,2000,target_only,0.9247860884349168,0.9248,0,2000,0,0,1.0,0.9032681133252213,budget_cv,0.152
1f7f2e0f41,main,electronics,clothing,svm,uncertainty,4,0,source_only,0.8843718607360287,0.8844,2000,0,0,0,1.0,0.8972527795124712,source_val_fallback,0.049
1f7f2e0f41,main,electronics,clothing,svm,uncertainty,4,50,transfer,0.887586888134632,0.8876,2000,50,0,0,10.0,0.7352240896358543,budget_cv,0.163
1f7f2e0f41,main,electronics,clothing,svm,uncertainty,4,50,target_only,0.6679154337573202,0.6708,0,50,0,0,0.01,0.6628734827264239,budget_cv,0.039
1f7f2e0f41,main,electronics,clothing,svm,uncertainty,4,100,transfer,0.8851918991404033,0.8852,2000,100,0,0,0.1,0.6664300769991828,budget_cv,0.154
1f7f2e0f41,main,electronics,clothing,svm,uncertainty,4,100,target_only,0.6987349761141022,0.7,0,100,0,0,0.1,0.5681896482245031,budget_cv,0.039
1f7f2e0f41,main,electronics,clothing,svm,uncertainty,4,250,transfer,0.8983999349759584,0.8984,2000,250,0,0,0.1,0.6065122683381821,budget_cv,0.19
1f7f2e0f41,main,electronics,clothing,svm,uncertainty,4,250,target_only,0.7414903844843571,0.742,0,250,0,0,0.1,0.5767529215558489,budget_cv,0.047
1f7f2e0f41,main,electronics,clothing,svm,uncertainty,4,500,transfer,0.9167807730298008,0.9168,2000,500,0,0,1.0,0.6755629735685108,budget_cv,0.22
1f7f2e0f41,main,electronics,clothing,svm,uncertainty,4,500,target_only,0.8129066076258145,0.8132,0,500,0,0,1.0,0.5564589825601937,budget_cv,0.058
1f7f2e0f41,main,electronics,clothing,svm,uncertainty,4,1000,transfer,0.9223839055266501,0.9224,2000,1000,0,0,1.0,0.8283500515426795,budget_cv,0.212
1f7f2e0f41,main,electronics,clothing,svm,uncertainty,4,1000,target_only,0.9059855443372973,0.906,0,1000,0,0,10.0,0.7468143912110161,budget_cv,0.088
1f7f2e0f41,main,electronics,clothing,svm,uncertainty,4,2000,transfer,0.9287737431526758,0.9288,2000,2000,0,0,1.0,0.9128805781408792,budget_cv,0.309
1f7f2e0f41,main,electronics,clothing,svm,uncertainty,4,2000,target_only,0.9247860884349168,0.9248,0,2000,0,0,1.0,0.9017881003050107,budget_cv,0.132
1f7f2e0f41,main,electronics,clothing,svm,self_training,0,0,uda_self_training,0.8891935998223257,0.8892,2000,0,0,1000,1.0,0.8972527795124712,source_val_fallback,0.08
1f7f2e0f41,main,electronics,clothing,svm,self_training,0,50,transfer,0.8935901932722119,0.8936,2000,50,0,1000,1.0,0.8999761848059062,budget_cv,0.189
1f7f2e0f41,main,electronics,clothing,svm,self_training,0,50,target_only,0.5949561711490298,0.6456,0,50,0,1000,0.01,0.7602175373073207,budget_cv,0.046
1f7f2e0f41,main,electronics,clothing,svm,self_training,0,100,transfer,0.8827714712652471,0.8828,2000,100,0,1000,10.0,0.9095362338483781,budget_cv,0.205
1f7f2e0f41,main,electronics,clothing,svm,self_training,0,100,target_only,0.8140359911881669,0.818,0,100,0,1000,0.1,0.7687858981976629,budget_cv,0.049
1f7f2e0f41,main,electronics,clothing,svm,self_training,0,250,transfer,0.9011930281800684,0.9012,2000,250,0,1000,1.0,0.9187592957582229,budget_cv,0.195
1f7f2e0f41,main,electronics,clothing,svm,self_training,0,250,target_only,0.8652999097509395,0.8656,0,250,0,1000,0.01,0.8401576510224089,budget_cv,0.054
1f7f2e0f41,main,electronics,clothing,svm,self_training,0,500,transfer,0.9015948986795476,0.9016,2000,500,0,1000,0.1,0.8926330666385861,budget_cv,0.215
1f7f2e0f41,main,electronics,clothing,svm,self_training,0,500,target_only,0.8963991877696321,0.8964,0,500,0,1000,10.0,0.8718643244517833,budget_cv,0.083
1f7f2e0f41,main,electronics,clothing,svm,self_training,0,1000,transfer,0.9151737242128122,0.9152,2000,1000,0,1000,1.0,0.9096331971597019,budget_cv,0.273
1f7f2e0f41,main,electronics,clothing,svm,self_training,0,1000,target_only,0.9167880174745163,0.9168,0,1000,0,1000,1.0,0.8984343777111797,budget_cv,0.095
1f7f2e0f41,main,electronics,clothing,svm,self_training,0,2000,transfer,0.9171888569325889,0.9172,2000,2000,0,1000,0.1,0.9067591494293197,budget_cv,0.377
1f7f2e0f41,main,electronics,clothing,svm,self_training,0,2000,target_only,0.923989054423837,0.924,0,2000,0,1000,1.0,0.8992671716982666,budget_cv,0.193
1f7f2e0f41,main,electronics,clothing,svm,self_training,1,0,uda_self_training,0.8891935998223257,0.8892,2000,0,0,1000,1.0,0.8972527795124712,source_val_fallback,0.078
1f7f2e0f41,main,electronics,clothing,svm,self_training,1,50,transfer,0.8790698985596664,0.8792,2000,50,0,1000,10.0,0.8767195767195767,budget_cv,0.198
1f7f2e0f41,main,electronics,clothing,svm,self_training,1,50,target_only,0.8450208440957747,0.8452,0,50,0,1000,0.01,0.7040580334697982,budget_cv,0.046
1f7f2e0f41,main,electronics,clothing,svm,self_training,1,100,transfer,0.8842902330867154,0.8844,2000,100,0,1000,10.0,0.8979316096284363,budget_cv,0.201
1f7f2e0f41,main,electronics,clothing,svm,self_training,1,100,target_only,0.8521084525189577,0.8524,0,100,0,1000,0.01,0.8674489501168267,budget_cv,0.047
1f7f2e0f41,main,electronics,clothing,svm,self_training,1,250,transfer,0.901182782087951,0.9012,2000,250,0,1000,1.0,0.8878494395040732,budget_cv,0.237
1f7f2e0f41,main,electronics,clothing,svm,self_training,1,250,target_only,0.836883287280183,0.8388,0,250,0,1000,0.01,0.8234812354996048,budget_cv,0.056
1f7f2e0f41,main,electronics,clothing,svm,self_training,1,500,transfer,0.9031984511752188,0.9032,2000,500,0,1000,10.0,0.8924933403822991,budget_cv,0.302
1f7f2e0f41,main,electronics,clothing,svm,self_training,1,500,target_only,0.8867564963756477,0.8868,0,500,0,1000,1.0,0.8584565781296579,budget_cv,0.075
1f7f2e0f41,main,electronics,clothing,svm,self_training,1,1000,transfer,0.9183723641476058,0.9184,2000,1000,0,1000,1.0,0.903759844405391,budget_cv,0.258
1f7f2e0f41,main,electronics,clothing,svm,self_training,1,1000,target_only,0.9111749300122467,0.9112,0,1000,0,1000,10.0,0.8792721147877839,budget_cv,0.136
1f7f2e0f41,main,electronics,clothing,svm,self_training,1,2000,transfer,0.9283746847485775,0.9284,2000,2000,0,1000,1.0,0.9129068601496688,budget_cv,0.367
1f7f2e0f41,main,electronics,clothing,svm,self_training,1,2000,target_only,0.9231822520275084,0.9232,0,2000,0,1000,10.0,0.8992486354365387,budget_cv,0.234
1f7f2e0f41,main,electronics,clothing,svm,self_training,2,0,uda_self_training,0.8891935998223257,0.8892,2000,0,0,1000,1.0,0.8972527795124712,source_val_fallback,0.087
1f7f2e0f41,main,electronics,clothing,svm,self_training,2,50,transfer,0.8935866515095654,0.8936,2000,50,0,1000,0.1,0.9585245164192533,budget_cv,0.195
1f7f2e0f41,main,electronics,clothing,svm,self_training,2,50,target_only,0.5035714488338184,0.594,0,50,0,1000,0.01,0.703868595172943,budget_cv,0.053
1f7f2e0f41,main,electronics,clothing,svm,self_training,2,100,transfer,0.8847910782210975,0.8848,2000,100,0,1000,10.0,0.8890540445568909,budget_cv,0.209
1f7f2e0f41,main,electronics,clothing,svm,self_training,2,100,target_only,0.8683888604331471,0.8684,0,100,0,1000,10.0,0.7888153747053342,budget_cv,0.053
1f7f2e0f41,main,electronics,clothing,svm,self_training,2,250,transfer,0.9011964430719506,0.9012,2000,250,0,1000,1.0,0.9040373870324304,budget_cv,0.185
1f7f2e0f41,main,electronics,clothing,svm,self_training,2,250,target_only,0.8355667100187341,0.8376,0,250,0,1000,0.01,0.8714368110193181,budget_cv,0.05
1f7f2e0f41,main,electronics,clothing,svm,self_training,2,500,transfer,0.9047843998760757,0.9048,2000,500,0,1000,10.0,0.8899194948718288,budget_cv,0.215
1f7f2e0f41,main,electronics,clothing,svm,self_training,2,500,target_only,0.905191975448802,0.9052,0,500,0,1000,1.0,0.8558152561356476,budget_cv,0.065
1f7f2e0f41,main,electronics,clothing,svm,self_training,2,1000,transfer,0.914371009448959,0.9144,2000,1000,0,1000,10.0,0.9059488027058119,budget_cv,0.324
1f7f2e0f41,main,electronics,clothing,svm,self_training,2,1000,target_only,0.9095812507681593,0.9096,0,1000,0,1000,10.0,0.8868865825021395,budget_cv,0.127
1f7f2e0f41,main,electronics,clothing,svm,self_training,2,2000,transfer,0.9283746847485775,0.9284,2000,2000,0,1000,1.0,0.9084163465413223,budget_cv,0.346
1f7f2e0f41,main,electronics,clothing,svm,self_training,2,2000,target_only,0.923989054423837,0.924,0,2000,0,1000,1.0,0.9038422056525249,budget_cv,0.167
1f7f2e0f41,main,electronics,clothing,svm,self_training,3,0,uda_self_training,0.8891935998223257,0.8892,2000,0,0,1000,1.0,0.8972527795124712,source_val_fallback,0.078
1f7f2e0f41,main,electronics,clothing,svm,self_training,3,50,transfer,0.8927296993357567,0.8928,2000,50,0,1000,1.0,0.8476633341083469,budget_cv,0.178
1f7f2e0f41,main,electronics,clothing,svm,self_training,3,50,target_only,0.4375274746195089,0.558,0,50,0,1000,0.01,0.4134615384615385,budget_cv,0.049
1f7f2e0f41,main,electronics,clothing,svm,self_training,3,100,transfer,0.8867369169932886,0.8868,2000,100,0,1000,1.0,0.8782256672690488,budget_cv,0.18
1f7f2e0f41,main,electronics,clothing,svm,self_training,3,100,target_only,0.784841736201404,0.792,0,100,0,1000,0.1,0.7829680305170501,budget_cv,0.049
1f7f2e0f41,main,electronics,clothing,svm,self_training,3,250,transfer,0.8995362014693811,0.8996,2000,250,0,1000,1.0,0.8994413825874501,budget_cv,0.19
1f7f2e0f41,main,electronics,clothing,svm,self_training,3,250,target_only,0.8559143690240686,0.8568,0,250,0,1000,0.1,0.8509584214577585,budget_cv,0.052
1f7f2e0f41,main,electronics,clothing,svm,self_training,3,500,transfer,0.9107804573513782,0.9108,2000,500,0,1000,1.0,0.9018673520385908,budget_cv,0.21
1f7f2e0f41,main,electronics,clothing,svm,self_training,3,500,target_only,0.8411733867702038,0.8428,0,500,0,1000,0.01,0.88176846055182,budget_cv,0.064
1f7f2e0f41,main,electronics,clothing,svm,self_training,3,1000,transfer,0.9223856444487972,0.9224,2000,1000,0,1000,1.0,0.894839154559831,budget_cv,0.292
1f7f2e0f41,main,electronics,clothing,svm,self_training,3,1000,target_only,0.9103853175304242,0.9104,0,1000,0,1000,10.0,0.8887581419429894,budget_cv,0.139
1f7f2e0f41,main,electronics,clothing,svm,self_training,3,2000,transfer,0.9283746847485775,0.9284,2000,2000,0,1000,1.0,0.9149081713489832,budget_cv,0.351
1f7f2e0f41,main,electronics,clothing,svm,self_training,3,2000,target_only,0.923989054423837,0.924,0,2000,0,1000,1.0,0.9048659007101817,budget_cv,0.161
1f7f2e0f41,main,electronics,clothing,svm,self_training,4,0,uda_self_training,0.8891935998223257,0.8892,2000,0,0,1000,1.0,0.8972527795124712,source_val_fallback,0.088
1f7f2e0f41,main,electronics,clothing,svm,self_training,4,50,transfer,0.8899759003212064,0.89,2000,50,0,1000,1.0,0.857426859632742,budget_cv,0.191
1f7f2e0f41,main,electronics,clothing,svm,self_training,4,50,target_only,0.6862204561980294,0.7116,0,50,0,1000,0.01,0.6889619883040936,budget_cv,0.048
1f7f2e0f41,main,electronics,clothing,svm,self_training,4,100,transfer,0.8907508990840843,0.8908,2000,100,0,1000,1.0,0.9106678513699387,budget_cv,0.189
1f7f2e0f41,main,electronics,clothing,svm,self_training,4,100,target_only,0.8451868966189298,0.8452,0,100,0,1000,10.0,0.8800261184630255,budget_cv,0.056
1f7f2e0f41,main,electronics,clothing,svm,self_training,4,250,transfer,0.8959274656064291,0.896,2000,250,0,1000,1.0,0.9122010698293401,budget_cv,0.205
1f7f2e0f41,main,electronics,clothing,svm,self_training,4,250,target_only,0.8711933226618468,0.8712,0,250,0,1000,1.0,0.8639358577412989,budget_cv,0.061
1f7f2e0f41,main,electronics,clothing,svm,self_training,4,500,transfer,0.9051719460685249,0.9052,2000,500,0,1000,1.0,0.9238076231228417,budget_cv,0.254
1f7f2e0f41,main,electronics,clothing,svm,self_training,4,500,target_only,0.889998574381524,0.89,0,500,0,1000,10.0,0.8870623057247758,budget_cv,0.084
1f7f2e0f41,main,electronics,clothing,svm,self_training,4,1000,transfer,0.915583454357054,0.9156,2000,1000,0,1000,1.0,0.917745962136364,budget_cv,0.262
1f7f2e0f41,main,electronics,clothing,svm,self_training,4,1000,target_only,0.9031960349095899,0.9032,0,1000,0,1000,1.0,0.9004065509221265,budget_cv,0.093
1f7f2e0f41,main,electronics,clothing,svm,self_training,4,2000,transfer,0.9283746847485775,0.9284,2000,2000,0,1000,1.0,0.9108938462637921,budget_cv,0.376
1f7f2e0f41,main,electronics,clothing,svm,self_training,4,2000,target_only,0.923989054423837,0.924,0,2000,0,1000,1.0,0.9017579549286787,budget_cv,0.163
1f7f2e0f41,main,clothing,books,logreg,random,0,0,source_only,0.7707023060796645,0.776,2000,0,0,0,1.0,0.9079581107134981,source_val_fallback,0.077
1f7f2e0f41,main,clothing,books,logreg,random,0,50,transfer,0.812813959296335,0.814,2000,50,0,0,10.0,0.7945894147132537,budget_cv,0.259
1f7f2e0f41,main,clothing,books,logreg,random,0,50,target_only,0.6544419557698836,0.6632,0,50,0,0,10.0,0.6714459169702135,budget_cv,0.095
1f7f2e0f41,main,clothing,books,logreg,random,0,100,transfer,0.8077688522217398,0.8096,2000,100,0,0,10.0,0.8461323192505988,budget_cv,0.265
1f7f2e0f41,main,clothing,books,logreg,random,0,100,target_only,0.6488533333333333,0.6708,0,100,0,0,10.0,0.7072746094485224,budget_cv,0.111
1f7f2e0f41,main,clothing,books,logreg,random,0,250,transfer,0.8403549351022755,0.8408,2000,250,0,0,10.0,0.8617886187493936,budget_cv,0.271
1f7f2e0f41,main,clothing,books,logreg,random,0,250,target_only,0.7902978671884345,0.7916,0,250,0,0,10.0,0.7951298925468304,budget_cv,0.117
1f7f2e0f41,main,clothing,books,logreg,random,0,500,transfer,0.8631102879583163,0.8632,2000,500,0,0,10.0,0.8792616816925941,budget_cv,0.292
1f7f2e0f41,main,clothing,books,logreg,random,0,500,target_only,0.8435727441149345,0.8436,0,500,0,0,10.0,0.860840428981537,budget_cv,0.151
1f7f2e0f41,main,clothing,books,logreg,random,0,1000,transfer,0.8871981951711227,0.8872,2000,1000,0,0,10.0,0.9025816973374976,budget_cv,0.343
1f7f2e0f41,main,clothing,books,logreg,random,0,1000,target_only,0.8731926756089432,0.8732,0,1000,0,0,10.0,0.8927814406913153,budget_cv,0.194
1f7f2e0f41,main,clothing,books,logreg,random,0,2000,transfer,0.899152948799792,0.8992,2000,2000,0,0,10.0,0.9052635873717682,budget_cv,0.434
1f7f2e0f41,main,clothing,books,logreg,random,0,2000,target_only,0.8915548694744805,0.8916,0,2000,0,0,10.0,0.8962893060729543,budget_cv,0.26
1f7f2e0f41,main,clothing,books,logreg,random,1,0,source_only,0.7707023060796645,0.776,2000,0,0,0,1.0,0.9079581107134981,source_val_fallback,0.078
1f7f2e0f41,main,clothing,books,logreg,random,1,50,transfer,0.82284691515018,0.8236,2000,50,0,0,10.0,0.9018246187363834,budget_cv,0.262
1f7f2e0f41,main,clothing,books,logreg,random,1,50,target_only,0.6972479233137433,0.6988,0,50,0,0,0.1,0.6370746943115364,budget_cv,0.098
1f7f2e0f41,main,clothing,books,logreg,random,1,100,transfer,0.8200828150349908,0.8212,2000,100,0,0,10.0,0.8857846628679962,budget_cv,0.274
1f7f2e0f41,main,clothing,books,logreg,random,1,100,target_only,0.7176304004214963,0.7256,0,100,0,0,10.0,0.7093857832988268,budget_cv,0.107
1f7f2e0f41,main,clothing,books,logreg,random,1,250,transfer,0.8567595718215508,0.8568,2000,250,0,0,10.0,0.8638604249738079,budget_cv,0.277
1f7f2e0f41,main,clothing,books,logreg,random,1,250,target_only,0.8023271298731565,0.8024,0,250,0,0,1.0,0.806820334022333,budget_cv,0.119
1f7f2e0f41,main,clothing,books,logreg,random,1,500,transfer,0.8771856749371247,0.8772,2000,500,0,0,10.0,0.8715890784253731,budget_cv,0.297
1f7f2e0f41,main,clothing,books,logreg,random,1,500,target_only,0.8551976831629307,0.8552,0,500,0,0,10.0,0.8356127539846243,budget_cv,0.143
1f7f2e0f41,main,clothing,books,logreg,random,1,1000,transfer,0.8859985225408521,0.886,2000,1000,0,0,10.0,0.8819953984297472,budget_cv,0.353
1f7f2e0f41,main,clothing,books,logreg,random,1,1000,target_only,0.8671833394781041,0.8672,0,1000,0,0,10.0,0.8740756016212096,budget_cv,0.187
1f7f2e0f41,main,clothing,books,logreg,random,1,2000,transfer,0.899152948799792,0.8992,2000,2000,0,0,10.0,0.9061856082578865,budget_cv,0.429
1f7f2e0f41,main,clothing,books,logreg,random,1,2000,target_only,0.8915548694744805,0.8916,0,2000,0,0,10.0,0.898230478037858,budget_cv,0.262
1f7f2e0f41,main,clothing,books,logreg,random,2,0,source_only,0.7707023060796645,0.776,2000,0,0,0,1.0,0.9079581107134981,source_val_fallback,0.077
1f7f2e0f41,main,clothing,books,logreg,random,2,50,transfer,0.7660193310574486,0.7712,2000,50,0,0,0.01,0.7582251082251082,budget_cv,0.239
1f7f2e0f41,main,clothing,books,logreg,random,2,50,target_only,0.7463439601750324,0.7488,0,50,0,0,0.01,0.7305625174046226,budget_cv,0.095
1f7f2e0f41,main,clothing,books,logreg,random,2,100,transfer,0.8272383005777151,0.828,2000,100,0,0,10.0,0.7363337374601816,budget_cv,0.275
1f7f2e0f41,main,clothing,books,logreg,random,2,100,target_only,0.7258299260269321,0.7344,0,100,0,0,0.1,0.6736471294570396,budget_cv,0.109
1f7f2e0f41,main,clothing,books,logreg,random,2,250,transfer,0.8412463222064644,0.8416,2000,250,0,0,10.0,0.8592461695632369,budget_cv,0.286
1f7f2e0f41,main,clothing,books,logreg,random,2,250,target_only,0.8060319710821839,0.8072,0,250,0,0,0.1,0.783333233094084,budget_cv,0.118
1f7f2e0f41,main,clothing,books,logreg,random,2,500,transfer,0.8655996559351192,0.8656,2000,500,0,0,10.0,0.8823454354381566,budget_cv,0.313
1f7f2e0f41,main,clothing,books,logreg,random,2,500,target_only,0.8551762720804177,0.8552,0,500,0,0,0.01,0.8557021219719217,budget_cv,0.144
1f7f2e0f41,main,clothing,books,logreg,random,2,1000,transfer,0.8859985225408521,0.886,2000,1000,0,0,10.0,0.8993431391990862,budget_cv,0.377
1f7f2e0f41,main,clothing,books,logreg,random,2,1000,target_only,0.8703917050691244,0.8704,0,1000,0,0,10.0,0.8954653012477097,budget_cv,0.195
1f7f2e0f41,main,clothing,books,logreg,random,2,2000,transfer,0.899152948799792,0.8992,2000,2000,0,0,10.0,0.9047152718758288,budget_cv,0.451
1f7f2e0f41,main,clothing,books,logreg,random,2,2000,target_only,0.8915548694744805,0.8916,0,2000,0,0,10.0,0.9038067795922244,budget_cv,0.269
1f7f2e0f41,main,clothing,books,logreg,random,3,0,source_only,0.7707023060796645,0.776,2000,0,0,0,1.0,0.9079581107134981,source_val_fallback,0.077
1f7f2e0f41,main,clothing,books,logreg,random,3,50,transfer,0.8194657341149103,0.82,2000,50,0,0,10.0,0.7705096073517126,budget_cv,0.262
1f7f2e0f41,main,clothing,books,logreg,random,3,50,target_only,0.702670296195476,0.7064,0,50,0,0,0.01,0.5778134908569691,budget_cv,0.091
1f7f2e0f41,main,clothing,books,logreg,random,3,100,transfer,0.8200598705493802,0.8212,2000,100,0,0,10.0,0.7684981684981684,budget_cv,0.266
1f7f2e0f41,main,clothing,books,logreg,random,3,100,target_only,0.6805046828416332,0.6884,0,100,0,0,0.1,0.6991582491582492,budget_cv,0.104
1f7f2e0f41,main,clothing,books,logreg,random,3,250,transfer,0.848506708988602,0.8488,2000,250,0,0,10.0,0.8264519715270554,budget_cv,0.277
1f7f2e0f41,main,clothing,books,logreg,random,3,250,target_only,0.7842343833819728,0.7848,0,250,0,0,10.0,0.7814700873856163,budget_cv,0.122
1f7f2e0f41,main,clothing,books,logreg,random,3,500,transfer,0.8651563106446489,0.8652,2000,500,0,0,10.0,0.8614460820378992,budget_cv,0.298
1f7f2e0f41,main,clothing,books,logreg,random,3,500,target_only,0.8261217948717949,0.8264,0,500,0,0,1.0,0.8251534449181093,budget_cv,0.137
1f7f2e0f41,main,clothing,books,logreg,random,3,1000,transfer,0.8779967010307959,0.878,2000,1000,0,0,10.0,0.8752350064411812,budget_cv,0.352
1f7f2e0f41,main,clothing,books,logreg,random,3,1000,target_only,0.866395810172607,0.8664,0,1000,0,0,10.0,0.8721686483829342,budget_cv,0.186
1f7f2e0f41,main,clothing,books,logreg,random,3,2000,transfer,0.899152948799792,0.8992,2000,2000,0,0,10.0,0.9032432085815932,budget_cv,0.429
1f7f2e0f41,main,clothing,books,logreg,random,3,2000,target_only,0.8915548694744805,0.8916,0,2000,0,0,10.0,0.9032581101309255,budget_cv,0.26
1f7f2e0f41,main,clothing,books,logreg,random,4,0,source_only,0.7707023060796645,0.776,2000,0,0,0,1.0,0.9079581107134981,source_val_fallback,0.077
1f7f2e0f41,main,clothing,books,logreg,random,4,50,transfer,0.8224358776584804,0.8232,2000,50,0,0,10.0,0.8366402116402116,budget_cv,0.263
1f7f2e0f41,main,clothing,books,logreg,random,4,50,target_only,0.7037617917257537,0.7048,0,50,0,0,0.1,0.6093304843304843,budget_cv,0.094
1f7f2e0f41,main,clothing,books,logreg,random,4,100,transfer,0.8270180888508945,0.8276,2000,100,0,0,10.0,0.819313236047107,budget_cv,0.269
1f7f2e0f41,main,clothing,books,logreg,random,4,100,target_only,0.7107895884251834,0.7108,0,100,0,0,0.1,0.754075279483628,budget_cv,0.11
1f7f2e0f41,main,clothing,books,logreg,random,4,250,transfer,0.8463781913827712,0.8468,2000,250,0,0,10.0,0.841695598401402,budget_cv,0.277
1f7f2e0f41,main,clothing,books,logreg,random,4,250,target_only,0.8102512369697843,0.8104,0,250,0,0,10.0,0.8107504622422074,budget_cv,0.123
1f7f2e0f41,main,clothing,books,logreg,random,4,500,transfer,0.863014488741233,0.8632,2000,500,0,0,10.0,0.8695618577637666,budget_cv,0.28
1f7f2e0f41,main,clothing,books,logreg,random,4,500,target_only,0.8463283029330164,0.8464,0,500,0,0,10.0,0.844013424718148,budget_cv,0.146
1f7f2e0f41,main,clothing,books,logreg,random,4,1000,transfer,0.8867995471981889,0.8868,2000,1000,0,0,10.0,0.8995990913718351,budget_cv,0.35
1f7f2e0f41,main,clothing,books,logreg,random,4,1000,target_only,0.8703917050691244,0.8704,0,1000,0,0,10.0,0.8847330752971211,budget_cv,0.191
1f7f2e0f41,main,clothing,books,logreg,random,4,2000,transfer,0.899152948799792,0.8992,2000,2000,0,0,10.0,0.9017656707283792,budget_cv,0.437
1f7f2e0f41,main,clothing,books,logreg,random,4,2000,target_only,0.8915548694744805,0.8916,0,2000,0,0,10.0,0.8958214496438099,budget_cv,0.259
1f7f2e0f41,main,clothing,books,logreg,uncertainty,0,0,source_only,0.7707023060796645,0.776,2000,0,0,0,1.0,0.9079581107134981,source_val_fallback,0.075
1f7f2e0f41,main,clothing,books,logreg,uncertainty,0,50,transfer,0.8124940448752449,0.8136,2000,50,0,0,1.0,0.8334101888449714,budget_cv,0.247
1f7f2e0f41,main,clothing,books,logreg,uncertainty,0,50,target_only,0.6698930453466923,0.67,0,50,0,0,0.01,0.5480367585630743,budget_cv,0.106
1f7f2e0f41,main,clothing,books,logreg,uncertainty,0,100,transfer,0.8180264230454231,0.8188,2000,100,0,0,1.0,0.7355175688509021,budget_cv,0.256
1f7f2e0f41,main,clothing,books,logreg,uncertainty,0,100,target_only,0.5493316126154788,0.59,0,100,0,0,0.1,0.645815082285247,budget_cv,0.108
1f7f2e0f41,main,clothing,books,logreg,uncertainty,0,250,transfer,0.8593423376678335,0.8596,2000,250,0,0,10.0,0.6581272418306982,budget_cv,0.273
1f7f2e0f41,main,clothing,books,logreg,uncertainty,0,250,target_only,0.6135358286022432,0.638,0,250,0,0,0.1,0.6327985736207181,budget_cv,0.12
1f7f2e0f41,main,clothing,books,logreg,uncertainty,0,500,transfer,0.8783551568450194,0.8784,2000,500,0,0,10.0,0.6609267442071121,budget_cv,0.314
1f7f2e0f41,main,clothing,books,logreg,uncertainty,0,500,target_only,0.7341966690650024,0.7388,0,500,0,0,10.0,0.623633724744915,budget_cv,0.14
1f7f2e0f41,main,clothing,books,logreg,uncertainty,0,1000,transfer,0.8899505393704147,0.89,2000,1000,0,0,10.0,0.8010241744471326,budget_cv,0.36
1f7f2e0f41,main,clothing,books,logreg,uncertainty,0,1000,target_only,0.8515057001798422,0.8516,0,1000,0,0,10.0,0.7454466267856016,budget_cv,0.187
1f7f2e0f41,main,clothing,books,logreg,uncertainty,0,2000,transfer,0.899152948799792,0.8992,2000,2000,0,0,10.0,0.9082662676455989,budget_cv,0.433
1f7f2e0f41,main,clothing,books,logreg,uncertainty,0,2000,target_only,0.8915548694744805,0.8916,0,2000,0,0,10.0,0.9032921546142342,budget_cv,0.261
1f7f2e0f41,main,clothing,books,logreg,uncertainty,1,0,source_only,0.7707023060796645,0.776,2000,0,0,0,1.0,0.9079581107134981,source_val_fallback,0.076
1f7f2e0f41,main,clothing,books,logreg,uncertainty,1,50,transfer,0.8148620384108144,0.816,2000,50,0,0,1.0,0.8363136863136863,budget_cv,0.251
1f7f2e0f41,main,clothing,books,logreg,uncertainty,1,50,target_only,0.6764615707346986,0.6792,0,50,0,0,0.01,0.4862907268170426,budget_cv,0.101
1f7f2e0f41,main,clothing,books,logreg,uncertainty,1,100,transfer,0.8367398157656838,0.8368,2000,100,0,0,1.0,0.6956477566361287,budget_cv,0.253
1f7f2e0f41,main,clothing,books,logreg,uncertainty,1,100,target_only,0.6938408462255019,0.694,0,100,0,0,0.01,0.46986251206764545,budget_cv,0.108
1f7f2e0f41,main,clothing,books,logreg,uncertainty,1,250,transfer,0.8574661480094004,0.858,2000,250,0,0,10.0,0.6524115048592644,budget_cv,0.28
1f7f2e0f41,main,clothing,books,logreg,uncertainty,1,250,target_only,0.6126876143775173,0.6396,0,250,0,0,0.1,0.6399211646338083,budget_cv,0.12
1f7f2e0f41,main,clothing,books,logreg,uncertainty,1,500,transfer,0.8823228791220614,0.8824,2000,500,0,0,10.0,0.6801803814990116,budget_cv,0.313
1f7f2e0f41,main,clothing,books,logreg,uncertainty,1,500,target_only,0.7294002463030024,0.7352,0,500,0,0,10.0,0.6491712285279261,budget_cv,0.142
1f7f2e0f41,main,clothing,books,logreg,uncertainty,1,1000,transfer,0.8911631521968078,0.8912,2000,1000,0,0,10.0,0.8049666446345781,budget_cv,0.364
1f7f2e0f41,main,clothing,books,logreg,uncertainty,1,1000,target_only,0.8447519103517506,0.8448,0,1000,0,0,10.0,0.7525394691056772,budget_cv,0.179
1f7f2e0f41,main,clothing,books,logreg,uncertainty,1,2000,transfer,0.899152948799792,0.8992,2000,2000,0,0,10.0,0.9047871184746817,budget_cv,0.433
1f7f2e0f41,main,clothing,books,logreg,uncertainty,1,2000,target_only,0.8915548694744805,0.8916,0,2000,0,0,10.0,0.8973349823550437,budget_cv,0.261
1f7f2e0f41,main,clothing,books,logreg,uncertainty,2,0,source_only,0.7707023060796645,0.776,2000,0,0,0,1.0,0.9079581107134981,source_val_fallback,0.077
1f7f2e0f41,main,clothing,books,logreg,uncertainty,2,50,transfer,0.7925117448097483,0.7956,2000,50,0,0,1.0,0.750726174410385,budget_cv,0.249
1f7f2e0f41,main,clothing,books,logreg,uncertainty,2,50,target_only,0.7029802529103132,0.7032,0,50,0,0,1.0,0.5954490928175139,budget_cv,0.095
1f7f2e0f41,main,clothing,books,logreg,uncertainty,2,100,transfer,0.8084250871404797,0.8092,2000,100,0,0,0.01,0.6995365745365746,budget_cv,0.248
1f7f2e0f41,main,clothing,books,logreg,uncertainty,2,100,target_only,0.6987594650736203,0.6988,0,100,0,0,0.01,0.6612967229902714,budget_cv,0.11
1f7f2e0f41,main,clothing,books,logreg,uncertainty,2,250,transfer,0.8634836006572644,0.8636,2000,250,0,0,10.0,0.6939905598530721,budget_cv,0.282
1f7f2e0f41,main,clothing,books,logreg,uncertainty,2,250,target_only,0.6348586708258792,0.6476,0,250,0,0,0.1,0.6415645467017647,budget_cv,0.122
1f7f2e0f41,main,clothing,books,logreg,uncertainty,2,500,transfer,0.8783345147692294,0.8784,2000,500,0,0,10.0,0.6778882415519937,budget_cv,0.313
1f7f2e0f41,main,clothing,books,logreg,uncertainty,2,500,target_only,0.6826171993752544,0.6868,0,500,0,0,0.1,0.6127498209677554,budget_cv,0.138
1f7f2e0f41,main,clothing,books,logreg,uncertainty,2,1000,transfer,0.891156462585034,0.8912,2000,1000,0,0,10.0,0.787952966999853,budget_cv,0.358
1f7f2e0f41,main,clothing,books,logreg,uncertainty,2,1000,target_only,0.8503301700441357,0.8504,0,1000,0,0,10.0,0.7284217868957241,budget_cv,0.185
1f7f2e0f41,main,clothing,books,logreg,uncertainty,2,2000,transfer,0.899152948799792,0.8992,2000,2000,0,0,10.0,0.9017329080394351,budget_cv,0.431
1f7f2e0f41,main,clothing,books,logreg,uncertainty,2,2000,target_only,0.8915548694744805,0.8916,0,2000,0,0,10.0,0.8992866555717534,budget_cv,0.264
1f7f2e0f41,main,clothing,books,logreg,uncertainty,3,0,source_only,0.7707023060796645,0.776,2000,0,0,0,1.0,0.9079581107134981,source_val_fallback,0.075
1f7f2e0f41,main,clothing,books,logreg,uncertainty,3,50,transfer,0.8351872368996256,0.8352,2000,50,0,0,10.0,0.7383137796181275,budget_cv,0.265
1f7f2e0f41,main,clothing,books,logreg,uncertainty,3,50,target_only,0.6902285567539805,0.6912,0,50,0,0,0.01,0.6762108262108262,budget_cv,0.108
1f7f2e0f41,main,clothing,books,logreg,uncertainty,3,100,transfer,0.8470801108068726,0.8472,2000,100,0,0,10.0,0.6913577749940556,budget_cv,0.267
1f7f2e0f41,main,clothing,books,logreg,uncertainty,3,100,target_only,0.6931574840935246,0.694,0,100,0,0,0.01,0.6423482448528344,budget_cv,0.108
1f7f2e0f41,main,clothing,books,logreg,uncertainty,3,250,transfer,0.8618620609796117,0.862,2000,250,0,0,10.0,0.6196793654568746,budget_cv,0.288
1f7f2e0f41,main,clothing,books,logreg,uncertainty,3,250,target_only,0.5985614182611607,0.6164,0,250,0,0,0.1,0.6460526418942262,budget_cv,0.122
1f7f2e0f41,main,clothing,books,logreg,uncertainty,3,500,transfer,0.8799308401639344,0.88,2000,500,0,0,10.0,0.6702294331539677,budget_cv,0.313
1f7f2e0f41,main,clothing,books,logreg,uncertainty,3,500,target_only,0.7261729987421148,0.7324,0,500,0,0,10.0,0.6590269147263049,budget_cv,0.149
1f7f2e0f41,main,clothing,books,logreg,uncertainty,3,1000,transfer,0.8907580336061902,0.8908,2000,1000,0,0,10.0,0.8019838453699158,budget_cv,0.362
1f7f2e0f41,main,clothing,books,logreg,uncertainty,3,1000,target_only,0.8510764768729775,0.8512,0,1000,0,0,10.0,0.7374200289431755,budget_cv,0.185
1f7f2e0f41,main,clothing,books,logreg,uncertainty,3,2000,transfer,0.899152948799792,0.8992,2000,2000,0,0,10.0,0.901756590117507,budget_cv,0.429
1f7f2e0f41,main,clothing,books,logreg,uncertainty,3,2000,target_only,0.8915548694744805,0.8916,0,2000,0,0,10.0,0.8983046374916807,budget_cv,0.265
1f7f2e0f41,main,clothing,books,logreg,uncertainty,4,0,source_only,0.7707023060796645,0.776,2000,0,0,0,1.0,0.9079581107134981,source_val_fallback,0.077
1f7f2e0f41,main,clothing,books,logreg,uncertainty,4,50,transfer,0.8231633311483468,0.8232,2000,50,0,0,10.0,0.7145598845598845,budget_cv,0.265
1f7f2e0f41,main,clothing,books,logreg,uncertainty,4,50,target_only,0.6402774180551958,0.642,0,50,0,0,0.01,0.5672976908674849,budget_cv,0.104
1f7f2e0f41,main,clothing,books,logreg,uncertainty,4,100,transfer,0.8276540948745771,0.828,2000,100,0,0,1.0,0.7016629505759941,budget_cv,0.256
1f7f2e0f41,main,clothing,books,logreg,uncertainty,4,100,target_only,0.5370697601818883,0.5976,0,100,0,0,0.1,0.5309829059829059,budget_cv,0.111
1f7f2e0f41,main,clothing,books,logreg,uncertainty,4,250,transfer,0.861404058601889,0.8616,2000,250,0,0,10.0,0.5948456093634954,budget_cv,0.27
1f7f2e0f41,main,clothing,books,logreg,uncertainty,4,250,target_only,0.5579824745706459,0.6092,0,250,0,0,1.0,0.6159323960058839,budget_cv,0.121
1f7f2e0f41,main,clothing,books,logreg,uncertainty,4,500,transfer,0.8819546516989967,0.882,2000,500,0,0,10.0,0.6729556596071727,budget_cv,0.312
1f7f2e0f41,main,clothing,books,logreg,uncertainty,4,500,target_only,0.6961887849179398,0.7044,0,500,0,0,1.0,0.6243779213013947,budget_cv,0.14
1f7f2e0f41,main,clothing,books,logreg,uncertainty,4,1000,transfer,0.8927536009179011,0.8928,2000,1000,0,0,10.0,0.7889299405206144,budget_cv,0.363
1f7f2e0f41,main,clothing,books,logreg,uncertainty,4,1000,target_only,0.8395044473677848,0.8396,0,1000,0,0,1.0,0.7238020258731361,budget_cv,0.181
1f7f2e0f41,main,clothing,books,logreg,uncertainty,4,2000,transfer,0.899152948799792,0.8992,2000,2000,0,0,10.0,0.9067980768870436,budget_cv,0.432
1f7f2e0f41,main,clothing,books,logreg,uncertainty,4,2000,target_only,0.8915548694744805,0.8916,0,2000,0,0,10.0,0.8998419506712502,budget_cv,0.262
1f7f2e0f41,main,clothing,books,logreg,self_training,0,0,uda_self_training,0.6551987954597618,0.682,2000,0,0,1000,1.0,0.9079581107134981,source_val_fallback,0.128
1f7f2e0f41,main,clothing,books,logreg,self_training,0,50,transfer,0.7948476497045236,0.7988,2000,50,0,1000,10.0,0.7945894147132537,budget_cv,0.338
1f7f2e0f41,main,clothing,books,logreg,self_training,0,50,target_only,0.5805273657594943,0.6196,0,50,0,1000,10.0,0.6714459169702135,budget_cv,0.16
1f7f2e0f41,main,clothing,books,logreg,self_training,0,100,transfer,0.7889265294154607,0.7936,2000,100,0,1000,10.0,0.8461323192505988,budget_cv,0.343
1f7f2e0f41,main,clothing,books,logreg,self_training,0,100,target_only,0.5793226381461676,0.6224,0,100,0,1000,10.0,0.7072746094485224,budget_cv,0.185
1f7f2e0f41,main,clothing,books,logreg,self_training,0,250,transfer,0.8477367412448626,0.8484,2000,250,0,1000,10.0,0.8617886187493936,budget_cv,0.357
1f7f2e0f41,main,clothing,books,logreg,self_training,0,250,target_only,0.7529218822166381,0.7576,0,250,0,1000,10.0,0.7951298925468304,budget_cv,0.179
1f7f2e0f41,main,clothing,books,logreg,self_training,0,500,transfer,0.870689744904095,0.8708,2000,500,0,1000,10.0,0.8792616816925941,budget_cv,0.384
1f7f2e0f41,main,clothing,books,logreg,self_training,0,500,target_only,0.8190405893161885,0.8196,0,500,0,1000,10.0,0.860840428981537,budget_cv,0.21
1f7f2e0f41,main,clothing,books,logreg,self_training,0,1000,transfer,0.8911974931902431,0.8912,2000,1000,0,1000,10.0,0.9025816973374976,budget_cv,0.453
1f7f2e0f41,main,clothing,books,logreg,self_training,0,1000,target_only,0.8667998081917239,0.8668,0,1000,0,1000,10.0,0.8927814406913153,budget_cv,0.265
1f7f2e0f41,main,clothing,books,logreg,self_training,0,2000,transfer,0.8987611080672752,0.8988,2000,2000,0,1000,10.0,0.9052635873717682,budget_cv,0.579
1f7f2e0f41,main,clothing,books,logreg,self_training,0,2000,target_only,0.8915762508619889,0.8916,0,2000,0,1000,10.0,0.8962893060729543,budget_cv,0.363
1f7f2e0f41,main,clothing,books,logreg,self_training,1,0,uda_self_training,0.6551987954597618,0.682,2000,0,0,1000,1.0,0.9079581107134981,source_val_fallback,0.128
1f7f2e0f41,main,clothing,books,logreg,self_training,1,50,transfer,0.8127839848126479,0.8152,2000,50,0,1000,10.0,0.9018246187363834,budget_cv,0.342
1f7f2e0f41,main,clothing,books,logreg,self_training,1,50,target_only,0.6353069020021075,0.6456,0,50,0,1000,0.1,0.6370746943115364,budget_cv,0.127
1f7f2e0f41,main,clothing,books,logreg,self_training,1,100,transfer,0.8208169742871145,0.8228,2000,100,0,1000,10.0,0.8857846628679962,budget_cv,0.347
1f7f2e0f41,main,clothing,books,logreg,self_training,1,100,target_only,0.6487966492191248,0.6732,0,100,0,1000,10.0,0.7093857832988268,budget_cv,0.168
1f7f2e0f41,main,clothing,books,logreg,self_training,1,250,transfer,0.8659351125944957,0.866,2000,250,0,1000,10.0,0.8638604249738079,budget_cv,0.358
1f7f2e0f41,main,clothing,books,logreg,self_training,1,250,target_only,0.7121499155857203,0.7176,0,250,0,1000,1.0,0.806820334022333,budget_cv,0.16
1f7f2e0f41,main,clothing,books,logreg,self_training,1,500,transfer,0.8855911401778953,0.8856,2000,500,0,1000,10.0,0.8715890784253731,budget_cv,0.384
1f7f2e0f41,main,clothing,books,logreg,self_training,1,500,target_only,0.8407412908694661,0.8408,0,500,0,1000,10.0,0.8356127539846243,budget_cv,0.204
1f7f2e0f41,main,clothing,books,logreg,self_training,1,1000,transfer,0.8864,0.8864,2000,1000,0,1000,10.0,0.8819953984297472,budget_cv,0.461
1f7f2e0f41,main,clothing,books,logreg,self_training,1,1000,target_only,0.8675964198071916,0.8676,0,1000,0,1000,10.0,0.8740756016212096,budget_cv,0.258
1f7f2e0f41,main,clothing,books,logreg,self_training,1,2000,transfer,0.8987611080672752,0.8988,2000,2000,0,1000,10.0,0.9061856082578865,budget_cv,0.583
1f7f2e0f41,main,clothing,books,logreg,self_training,1,2000,target_only,0.8915762508619889,0.8916,0,2000,0,1000,10.0,0.898230478037858,budget_cv,0.363
1f7f2e0f41,main,clothing,books,logreg,self_training,2,0,uda_self_training,0.6551987954597618,0.682,2000,0,0,1000,1.0,0.9079581107134981,source_val_fallback,0.127
1f7f2e0f41,main,clothing,books,logreg,self_training,2,50,transfer,0.6176328458424711,0.654,2000,50,0,1000,0.01,0.7582251082251082,budget_cv,0.27
1f7f2e0f41,main,clothing,books,logreg,self_training,2,50,target_only,0.7035911351583184,0.724,0,50,0,1000,0.01,0.7305625174046226,budget_cv,0.116
1f7f2e0f41,main,clothing,books,logreg,self_training,2,100,transfer,0.8208169742871145,0.8228,2000,100,0,1000,10.0,0.7363337374601816,budget_cv,0.344
1f7f2e0f41,main,clothing,books,logreg,self_training,2,100,target_only,0.47553810363749194,0.5608,0,100,0,1000,0.1,0.6736471294570396,budget_cv,0.134
1f7f2e0f41,main,clothing,books,logreg,self_training,2,250,transfer,0.8514935097044576,0.852,2000,250,0,1000,10.0,0.8592461695632369,budget_cv,0.357
1f7f2e0f41,main,clothing,books,logreg,self_training,2,250,target_only,0.6271262395904644,0.6528,0,250,0,1000,0.1,0.783333233094084,budget_cv,0.141
1f7f2e0f41,main,clothing,books,logreg,self_training,2,500,transfer,0.8731975451044732,0.8732,2000,500,0,1000,10.0,0.8823454354381566,budget_cv,0.386
1f7f2e0f41,main,clothing,books,logreg,self_training,2,500,target_only,0.6360450040653086,0.6608,0,500,0,1000,0.01,0.8557021219719217,budget_cv,0.159
1f7f2e0f41,main,clothing,books,logreg,self_training,2,1000,transfer,0.8883995535982144,0.8884,2000,1000,0,1000,10.0,0.8993431391990862,budget_cv,0.458
1f7f2e0f41,main,clothing,books,logreg,self_training,2,1000,target_only,0.8704,0.8704,0,1000,0,1000,10.0,0.8954653012477097,budget_cv,0.262
1f7f2e0f41,main,clothing,books,logreg,self_training,2,2000,transfer,0.8987611080672752,0.8988,2000,2000,0,1000,10.0,0.9047152718758288,budget_cv,0.575
1f7f2e0f41,main,clothing,books,logreg,self_training,2,2000,target_only,0.8915762508619889,0.8916,0,2000,0,1000,10.0,0.9038067795922244,budget_cv,0.365
1f7f2e0f41,main,clothing,books,logreg,self_training,3,0,uda_self_training,0.6551987954597618,0.682,2000,0,0,1000,1.0,0.9079581107134981,source_val_fallback,0.127
1f7f2e0f41,main,clothing,books,logreg,self_training,3,50,transfer,0.8223628964537175,0.824,2000,50,0,1000,10.0,0.7705096073517126,budget_cv,0.335
1f7f2e0f41,main,clothing,books,logreg,self_training,3,50,target_only,0.5827565904928159,0.624,0,50,0,1000,0.01,0.5778134908569691,budget_cv,0.114
1f7f2e0f41,main,clothing,books,logreg,self_training,3,100,transfer,0.8093270396651686,0.812,2000,100,0,1000,10.0,0.7684981684981684,budget_cv,0.349
1f7f2e0f41,main,clothing,books,logreg,self_training,3,100,target_only,0.5328065239293078,0.5848,0,100,0,1000,0.1,0.6991582491582492,budget_cv,0.145
1f7f2e0f41,main,clothing,books,logreg,self_training,3,250,transfer,0.8490419624801827,0.8496,2000,250,0,1000,10.0,0.8264519715270554,budget_cv,0.36
1f7f2e0f41,main,clothing,books,logreg,self_training,3,250,target_only,0.7434071004192906,0.7464,0,250,0,1000,10.0,0.7814700873856163,budget_cv,0.184
1f7f2e0f41,main,clothing,books,logreg,self_training,3,500,transfer,0.8698950625616597,0.87,2000,500,0,1000,10.0,0.8614460820378992,budget_cv,0.389
1f7f2e0f41,main,clothing,books,logreg,self_training,3,500,target_only,0.7390305007492508,0.7432,0,500,0,1000,1.0,0.8251534449181093,budget_cv,0.184
1f7f2e0f41,main,clothing,books,logreg,self_training,3,1000,transfer,0.8807890135154857,0.8808,2000,1000,0,1000,10.0,0.8752350064411812,budget_cv,0.457
1f7f2e0f41,main,clothing,books,logreg,self_training,3,1000,target_only,0.8659793929914663,0.866,0,1000,0,1000,10.0,0.8721686483829342,budget_cv,0.258
1f7f2e0f41,main,clothing,books,logreg,self_training,3,2000,transfer,0.8987611080672752,0.8988,2000,2000,0,1000,10.0,0.9032432085815932,budget_cv,0.586
1f7f2e0f41,main,clothing,books,logreg,self_training,3,2000,target_only,0.8915762508619889,0.8916,0,2000,0,1000,10.0,0.9032581101309255,budget_cv,0.364
1f7f2e0f41,main,clothing,books,logreg,self_training,4,0,uda_self_training,0.6551987954597618,0.682,2000,0,0,1000,1.0,0.9079581107134981,source_val_fallback,0.128
1f7f2e0f41,main,clothing,books,logreg,self_training,4,50,transfer,0.8172917072797627,0.8196,2000,50,0,1000,10.0,0.8366402116402116,budget_cv,0.339
1f7f2e0f41,main,clothing,books,logreg,self_training,4,50,target_only,0.6451857218124342,0.6552,0,50,0,1000,0.1,0.6093304843304843,budget_cv,0.12
1f7f2e0f41,main,clothing,books,logreg,self_training,4,100,transfer,0.8328090385931529,0.834,2000,100,0,1000,10.0,0.819313236047107,budget_cv,0.347
1f7f2e0f41,main,clothing,books,logreg,self_training,4,100,target_only,0.5973430193164273,0.6056,0,100,0,1000,0.1,0.754075279483628,budget_cv,0.145
1f7f2e0f41,main,clothing,books,logreg,self_training,4,250,transfer,0.8519017976472855,0.8524,2000,250,0,1000,10.0,0.841695598401402,budget_cv,0.36
1f7f2e0f41,main,clothing,books,logreg,self_training,4,250,target_only,0.7881914826018559,0.7888,0,250,0,1000,10.0,0.8107504622422074,budget_cv,0.178
1f7f2e0f41,main,clothing,books,logreg,self_training,4,500,transfer,0.8653758993370725,0.8656,2000,500,0,1000,10.0,0.8695618577637666,budget_cv,0.377
1f7f2e0f41,main,clothing,books,logreg,self_training,4,500,target_only,0.8390094902704064,0.8392,0,500,0,1000,10.0,0.844013424718148,budget_cv,0.208
1f7f2e0f41,main,clothing,books,logreg,self_training,4,1000,transfer,0.8871993502682576,0.8872,2000,1000,0,1000,10.0,0.8995990913718351,budget_cv,0.459
1f7f2e0f41,main,clothing,books,logreg,self_training,4,1000,target_only,0.8699999791999966,0.87,0,1000,0,1000,10.0,0.8847330752971211,budget_cv,0.267
1f7f2e0f41,main,clothing,books,logreg,self_training,4,2000,transfer,0.8987611080672752,0.8988,2000,2000,0,1000,10.0,0.9017656707283792,budget_cv,0.58
1f7f2e0f41,main,clothing,books,logreg,self_training,4,2000,target_only,0.8915762508619889,0.8916,0,2000,0,1000,10.0,0.8958214496438099,budget_cv,0.358
1f7f2e0f41,main,clothing,books,svm,random,0,0,source_only,0.8018790740885106,0.8036,2000,0,0,0,1.0,0.9105965743809814,source_val_fallback,0.055
1f7f2e0f41,main,clothing,books,svm,random,0,50,transfer,0.8170831034476659,0.818,2000,50,0,0,1.0,0.7739962651727357,budget_cv,0.179
1f7f2e0f41,main,clothing,books,svm,random,0,50,target_only,0.6565387874809743,0.6652,0,50,0,0,10.0,0.6975767909271745,budget_cv,0.039
1f7f2e0f41,main,clothing,books,svm,random,0,100,transfer,0.8117580128339204,0.8128,2000,100,0,0,10.0,0.8377472842990085,budget_cv,0.194
1f7f2e0f41,main,clothing,books,svm,random,0,100,target_only,0.6492555588080944,0.6716,0,100,0,0,1.0,0.7072746094485224,budget_cv,0.042
1f7f2e0f41,main,clothing,books,svm,random,0,250,transfer,0.8414034925834506,0.8416,2000,250,0,0,10.0,0.8549135598048642,budget_cv,0.241
1f7f2e0f41,main,clothing,books,svm,random,0,250,target_only,0.7961313695677454,0.7972,0,250,0,0,10.0,0.8038829630748987,budget_cv,0.048
1f7f2e0f41,main,clothing,books,svm,random,0,500,transfer,0.8647653799372639,0.8648,2000,500,0,0,10.0,0.8792757786540001,budget_cv,0.264
1f7f2e0f41,main,clothing,books,svm,random,0,500,target_only,0.8431674792084887,0.8432,0,500,0,0,10.0,0.8650913137445918,budget_cv,0.06
1f7f2e0f41,main,clothing,books,svm,random,0,1000,transfer,0.889595477830772,0.8896,2000,1000,0,0,1.0,0.90573426207092,budget_cv,0.275
1f7f2e0f41,main,clothing,books,svm,random,0,1000,target_only,0.8735934470842969,0.8736,0,1000,0,0,1.0,0.8958050923633974,budget_cv,0.081
1f7f2e0f41,main,clothing,books,svm,random,0,2000,transfer,0.8939486711568398,0.894,2000,2000,0,0,10.0,0.902793399153856,budget_cv,0.423
1f7f2e0f41,main,clothing,books,svm,random,0,2000,target_only,0.8891423717705411,0.8892,0,2000,0,0,1.0,0.896819803291379,budget_cv,0.153
1f7f2e0f41,main,clothing,books,svm,random,1,0,source_only,0.8018790740885106,0.8036,2000,0,0,0,1.0,0.9105965743809814,source_val_fallback,0.052
1f7f2e0f41,main,clothing,books,svm,random,1,50,transfer,0.8242799812051793,0.8248,2000,50,0,0,1.0,0.8815273477812178,budget_cv,0.178
1f7f2e0f41,main,clothing,books,svm,random,1,50,target_only,0.7029493878672823,0.7036,0,50,0,0,0.01,0.6670891243259663,budget_cv,0.04
1f7f2e0f41,main,clothing,books,svm,random,1,100,transfer,0.8224499850024345,0.8228,2000,100,0,0,10.0,0.8879655845173087,budget_cv,0.209
1f7f2e0f41,main,clothing,books,svm,random,1,100,target_only,0.7196281411543668,0.728,0,100,0,0,10.0,0.7188309499735182,budget_cv,0.043
1f7f2e0f41,main,clothing,books,svm,random,1,250,transfer,0.8551887858195739,0.8552,2000,250,0,0,1.0,0.8557967495932601,budget_cv,0.201
1f7f2e0f41,main,clothing,books,svm,random,1,250,target_only,0.8011106111530766,0.8012,0,250,0,0,0.1,0.802201088449405,budget_cv,0.046
1f7f2e0f41,main,clothing,books,svm,random,1,500,transfer,0.8727918586789555,0.8728,2000,500,0,0,1.0,0.8838127789196468,budget_cv,0.233
1f7f2e0f41,main,clothing,books,svm,random,1,500,target_only,0.8607985745774037,0.8608,0,500,0,0,10.0,0.8417631239396483,budget_cv,0.06
1f7f2e0f41,main,clothing,books,svm,random,1,1000,transfer,0.8807996948472188,0.8808,2000,1000,0,0,1.0,0.8829966996084592,budget_cv,0.276
1f7f2e0f41,main,clothing,books,svm,random,1,1000,target_only,0.8667844617396172,0.8668,0,1000,0,0,1.0,0.8709569600540465,budget_cv,0.083
1f7f2e0f41,main,clothing,books,svm,random,1,2000,transfer,0.9003552156481209,0.9004,2000,2000,0,0,1.0,0.9052382844676882,budget_cv,0.374
1f7f2e0f41,main,clothing,books,svm,random,1,2000,target_only,0.8891423717705411,0.8892,0,2000,0,0,1.0,0.8962269334147841,budget_cv,0.159
1f7f2e0f41,main,clothing,books,svm,random,2,0,source_only,0.8018790740885106,0.8036,2000,0,0,0,1.0,0.9105965743809814,source_val_fallback,0.055
1f7f2e0f41,main,clothing,books,svm,random,2,50,transfer,0.8151077131928387,0.8156,2000,50,0,0,10.0,0.7473556715042783,budget_cv,0.194
1f7f2e0f41,main,clothing,books,svm,random,2,50,target_only,0.7408835749201091,0.7428,0,50,0,0,0.01,0.7455720749838397,budget_cv,0.04
1f7f2e0f41,main,clothing,books,svm,random,2,100,transfer,0.8229279039343016,0.8232,2000,100,0,0,10.0,0.7635474400404161,budget_cv,0.216
1f7f2e0f41,main,clothing,books,svm,random,2,100,target_only,0.7383674390650384,0.7448,0,100,0,0,0.01,0.6661274549205584,budget_cv,0.041
1f7f2e0f41,main,clothing,books,svm,random,2,250,transfer,0.8370829864842124,0.8372,2000,250,0,0,10.0,0.8895041247303128,budget_cv,0.24
1f7f2e0f41,main,clothing,books,svm,random,2,250,target_only,0.8071283120981203,0.8084,0,250,0,0,1.0,0.786965338312268,budget_cv,0.047
1f7f2e0f41,main,clothing,books,svm,random,2,500,transfer,0.8631912442396313,0.8632,2000,500,0,0,10.0,0.8887961842871243,budget_cv,0.297
1f7f2e0f41,main,clothing,books,svm,random,2,500,target_only,0.8583977343637499,0.8584,0,500,0,0,0.01,0.854025453157639,budget_cv,0.064
1f7f2e0f41,main,clothing,books,svm,random,2,1000,transfer,0.8867904179409745,0.8868,2000,1000,0,0,1.0,0.8973442989894305,budget_cv,0.306
1f7f2e0f41,main,clothing,books,svm,random,2,1000,target_only,0.8727918586789555,0.8728,0,1000,0,0,1.0,0.8974635765831386,budget_cv,0.087
1f7f2e0f41,main,clothing,books,svm,random,2,2000,transfer,0.9003552156481209,0.9004,2000,2000,0,0,1.0,0.90626810240558,budget_cv,0.432
1f7f2e0f41,main,clothing,books,svm,random,2,2000,target_only,0.8891423717705411,0.8892,0,2000,0,0,1.0,0.9028217265664161,budget_cv,0.156
1f7f2e0f41,main,clothing,books,svm,random,3,0,source_only,0.8018790740885106,0.8036,2000,0,0,0,1.0,0.9105965743809814,source_val_fallback,0.062
1f7f2e0f41,main,clothing,books,svm,random,3,50,transfer,0.8186990226076316,0.8188,2000,50,0,0,10.0,0.7964556155345628,budget_cv,0.206
1f7f2e0f41,main,clothing,books,svm,random,3,50,target_only,0.7110143972627283,0.712,0,50,0,0,0.01,0.5274542010239951,budget_cv,0.039
1f7f2e0f41,main,clothing,books,svm,random,3,100,transfer,0.8170900763985871,0.8176,2000,100,0,0,10.0,0.8134401217413627,budget_cv,0.216
1f7f2e0f41,main,clothing,books,svm,random,3,100,target_only,0.6996166133770302,0.704,0,100,0,0,0.1,0.706933105654036,budget_cv,0.042
1f7f2e0f41,main,clothing,books,svm,random,3,250,transfer,0.839516574295982,0.8396,2000,250,0,0,10.0,0.8292050338433894,budget_cv,0.231
1f7f2e0f41,main,clothing,books,svm,random,3,250,target_only,0.7865868726215668,0.7872,0,250,0,0,1.0,0.7732474103988497,budget_cv,0.056
1f7f2e0f41,main,clothing,books,svm,random,3,500,transfer,0.8647653799372639,0.8648,2000,500,0,0,1.0,0.8742271407905181,budget_cv,0.225
1f7f2e0f41,main,clothing,books,svm,random,3,500,target_only,0.8483592146943841,0.8484,0,500,0,0,10.0,0.8361782835033057,budget_cv,0.066
1f7f2e0f41,main,clothing,books,svm,random,3,1000,transfer,0.8791999226879506,0.8792,2000,1000,0,0,1.0,0.874322852274613,budget_cv,0.274
1f7f2e0f41,main,clothing,books,svm,random,3,1000,target_only,0.8635950894232192,0.8636,0,1000,0,0,1.0,0.8732887825678141,budget_cv,0.088
1f7f2e0f41,main,clothing,books,svm,random,3,2000,transfer,0.9003552156481209,0.9004,2000,2000,0,0,1.0,0.9017836536109799,budget_cv,0.388
1f7f2e0f41,main,clothing,books,svm,random,3,2000,target_only,0.8875373628095904,0.8876,0,2000,0,0,10.0,0.903798255567675,budget_cv,0.168
1f7f2e0f41,main,clothing,books,svm,random,4,0,source_only,0.8018790740885106,0.8036,2000,0,0,0,1.0,0.9105965743809814,source_val_fallback,0.055
1f7f2e0f41,main,clothing,books,svm,random,4,50,transfer,0.8214480315869266,0.822,2000,50,0,0,1.0,0.8585511982570807,budget_cv,0.193
1f7f2e0f41,main,clothing,books,svm,random,4,50,target_only,0.7069799696157069,0.7076,0,50,0,0,0.01,0.6093304843304843,budget_cv,0.04
1f7f2e0f41,main,clothing,books,svm,random,4,100,transfer,0.8287989512712901,0.8292,2000,100,0,0,1.0,0.849741656193269,budget_cv,0.203
1f7f2e0f41,main,clothing,books,svm,random,4,100,target_only,0.7040738183255111,0.7044,0,100,0,0,0.01,0.7632256482831196,budget_cv,0.043
1f7f2e0f41,main,clothing,books,svm,random,4,250,transfer,0.8458756894961199,0.846,2000,250,0,0,10.0,0.8425148775335213,budget_cv,0.259
1f7f2e0f41,main,clothing,books,svm,random,4,250,target_only,0.8118439358341383,0.812,0,250,0,0,1.0,0.8065235056196359,budget_cv,0.048
1f7f2e0f41,main,clothing,books,svm,random,4,500,transfer,0.8662342588961427,0.8664,2000,500,0,0,1.0,0.8696512815156111,budget_cv,0.261
1f7f2e0f41,main,clothing,books,svm,random,4,500,target_only,0.8418931197489503,0.842,0,500,0,0,10.0,0.850260348665271,budget_cv,0.06
1f7f2e0f41,main,clothing,books,svm,random,4,1000,transfer,0.881599696895224,0.8816,2000,1000,0,0,1.0,0.9056197859144718,budget_cv,0.284
1f7f2e0f41,main,clothing,books,svm,random,4,1000,target_only,0.870758125632705,0.8708,0,1000,0,0,10.0,0.8867268226075468,budget_cv,0.093
1f7f2e0f41,main,clothing,books,svm,random,4,2000,transfer,0.8939486711568398,0.894,2000,2000,0,0,10.0,0.9033254138321976,budget_cv,0.413
1f7f2e0f41,main,clothing,books,svm,random,4,2000,target_only,0.8891423717705411,0.8892,0,2000,0,0,1.0,0.8948167744109868,budget_cv,0.145
1f7f2e0f41,main,clothing,books,svm,uncertainty,0,0,source_only,0.8018790740885106,0.8036,2000,0,0,0,1.0,0.9105965743809814,source_val_fallback,0.058
1f7f2e0f41,main,clothing,books,svm,uncertainty,0,50,transfer,0.8216355943847518,0.822,2000,50,0,0,1.0,0.776890018194366,budget_cv,0.184
1f7f2e0f41,main,clothing,books,svm,uncertainty,0,50,target_only,0.5992324735338161,0.618,0,50,0,0,0.01,0.6235497558707277,budget_cv,0.041
1f7f2e0f41,main,clothing,books,svm,uncertainty,0,100,transfer,0.8307705134542642,0.8308,2000,100,0,0,1.0,0.7611933384291106,budget_cv,0.201
1f7f2e0f41,main,clothing,books,svm,uncertainty,0,100,target_only,0.6087456846950519,0.626,0,100,0,0,0.01,0.6015410699897404,budget_cv,0.042
1f7f2e0f41,main,clothing,books,svm,uncertainty,0,250,transfer,0.8603324008820269,0.8604,2000,250,0,0,1.0,0.602822801060937,budget_cv,0.216
1f7f2e0f41,main,clothing,books,svm,uncertainty,0,250,target_only,0.6861260882864539,0.692,0,250,0,0,0.01,0.5802879942814116,budget_cv,0.05
1f7f2e0f41,main,clothing,books,svm,uncertainty,0,500,transfer,0.8782875181928131,0.8784,2000,500,0,0,10.0,0.6321804935331699,budget_cv,0.261
1f7f2e0f41,main,clothing,books,svm,uncertainty,0,500,target_only,0.7907398858148041,0.792,0,500,0,0,1.0,0.6322552344090983,budget_cv,0.063
1f7f2e0f41,main,clothing,books,svm,uncertainty,0,1000,transfer,0.8931555356076986,0.8932,2000,1000,0,0,1.0,0.7879126156507511,budget_cv,0.312
1f7f2e0f41,main,clothing,books,svm,uncertainty,0,1000,target_only,0.8642644599190968,0.8644,0,1000,0,0,10.0,0.7079179785901409,budget_cv,0.097
1f7f2e0f41,main,clothing,books,svm,uncertainty,0,2000,transfer,0.9003552156481209,0.9004,2000,2000,0,0,1.0,0.9012874396958939,budget_cv,0.384
1f7f2e0f41,main,clothing,books,svm,uncertainty,0,2000,target_only,0.8891423717705411,0.8892,0,2000,0,0,1.0,0.8943488399686794,budget_cv,0.151
1f7f2e0f41,main,clothing,books,svm,uncertainty,1,0,source_only,0.8018790740885106,0.8036,2000,0,0,0,1.0,0.9105965743809814,source_val_fallback,0.061
1f7f2e0f41,main,clothing,books,svm,uncertainty,1,50,transfer,0.8291999726719956,0.8292,2000,50,0,0,1.0,0.8051948051948052,budget_cv,0.203
1f7f2e0f41,main,clothing,books,svm,uncertainty,1,50,target_only,0.5324268974285166,0.6008,0,50,0,0,0.01,0.4488536155202822,budget_cv,0.041
1f7f2e0f41,main,clothing,books,svm,uncertainty,1,100,transfer,0.8341238759688929,0.8344,2000,100,0,0,10.0,0.6847423510466989,budget_cv,0.205
1f7f2e0f41,main,clothing,books,svm,uncertainty,1,100,target_only,0.6006233290230795,0.6396,0,100,0,0,0.01,0.5622083219396591,budget_cv,0.043
1f7f2e0f41,main,clothing,books,svm,uncertainty,1,250,transfer,0.8607397504456328,0.8608,2000,250,0,0,1.0,0.5808221734692324,budget_cv,0.213
1f7f2e0f41,main,clothing,books,svm,uncertainty,1,250,target_only,0.7158592151330239,0.718,0,250,0,0,1.0,0.6239837398373984,budget_cv,0.051
1f7f2e0f41,main,clothing,books,svm,uncertainty,1,500,transfer,0.8811957230460297,0.8812,2000,500,0,0,1.0,0.6010348297109059,budget_cv,0.262
1f7f2e0f41,main,clothing,books,svm,uncertainty,1,500,target_only,0.7205674723812107,0.722,0,500,0,0,0.01,0.6367591056051396,budget_cv,0.063
1f7f2e0f41,main,clothing,books,svm,uncertainty,1,1000,transfer,0.8935465859349587,0.8936,2000,1000,0,0,1.0,0.7656600597964848,budget_cv,0.32
1f7f2e0f41,main,clothing,books,svm,uncertainty,1,1000,target_only,0.8579261443268669,0.858,0,1000,0,0,1.0,0.6947713052719772,budget_cv,0.093
1f7f2e0f41,main,clothing,books,svm,uncertainty,1,2000,transfer,0.9003552156481209,0.9004,2000,2000,0,0,1.0,0.8972651370981519,budget_cv,0.368
1f7f2e0f41,main,clothing,books,svm,uncertainty,1,2000,target_only,0.8891423717705411,0.8892,0,2000,0,0,1.0,0.9008262464924891,budget_cv,0.161
1f7f2e0f41,main,clothing,books,svm,uncertainty,2,0,source_only,0.8018790740885106,0.8036,2000,0,0,0,1.0,0.9105965743809814,source_val_fallback,0.054
1f7f2e0f41,main,clothing,books,svm,uncertainty,2,50,transfer,0.7731024318832203,0.7784,2000,50,0,0,0.1,0.6867118388857518,budget_cv,0.185
1f7f2e0f41,main,clothing,books,svm,uncertainty,2,50,target_only,0.5804358001956449,0.6168,0,50,0,0,0.01,0.5368686868686868,budget_cv,0.04
1f7f2e0f41,main,clothing,books,svm,uncertainty,2,100,transfer,0.8244720222863495,0.8252,2000,100,0,0,0.1,0.6288379732282171,budget_cv,0.203
1f7f2e0f41,main,clothing,books,svm,uncertainty,2,100,target_only,0.6887874420689509,0.6964,0,100,0,0,0.01,0.5306241014924488,budget_cv,0.043
1f7f2e0f41,main,clothing,books,svm,uncertainty,2,250,transfer,0.8647057052883578,0.8648,2000,250,0,0,1.0,0.6616196635563215,budget_cv,0.223
1f7f2e0f41,main,clothing,books,svm,uncertainty,2,250,target_only,0.7207111981919272,0.7296,0,250,0,0,10.0,0.5934547439023189,budget_cv,0.05
1f7f2e0f41,main,clothing,books,svm,uncertainty,2,500,transfer,0.8847379613603226,0.8848,2000,500,0,0,1.0,0.6275651170798288,budget_cv,0.258
1f7f2e0f41,main,clothing,books,svm,uncertainty,2,500,target_only,0.7369359163040131,0.738,0,500,0,0,0.01,0.583415347925006,budget_cv,0.058
1f7f2e0f41,main,clothing,books,svm,uncertainty,2,1000,transfer,0.889938700258496,0.89,2000,1000,0,0,10.0,0.7849802608356781,budget_cv,0.35
1f7f2e0f41,main,clothing,books,svm,uncertainty,2,1000,target_only,0.8599193135245902,0.86,0,1000,0,0,1.0,0.7229612351711863,budget_cv,0.089
1f7f2e0f41,main,clothing,books,svm,uncertainty,2,2000,transfer,0.9003552156481209,0.9004,2000,2000,0,0,1.0,0.9032804134660419,budget_cv,0.398
1f7f2e0f41,main,clothing,books,svm,uncertainty,2,2000,target_only,0.8891423717705411,0.8892,0,2000,0,0,1.0,0.8993007553896236,budget_cv,0.152
1f7f2e0f41,main,clothing,books,svm,uncertainty,3,0,source_only,0.8018790740885106,0.8036,2000,0,0,0,1.0,0.9105965743809814,source_val_fallback,0.056
1f7f2e0f41,main,clothing,books,svm,uncertainty,3,50,transfer,0.8239593275630401,0.824,2000,50,0,0,10.0,0.7229907773386034,budget_cv,0.204
1f7f2e0f41,main,clothing,books,svm,uncertainty,3,50,target_only,0.35322864591863,0.5204,0,50,0,0,0.1,0.3901098901098901,budget_cv,0.039
1f7f2e0f41,main,clothing,books,svm,uncertainty,3,100,transfer,0.8399253155552255,0.84,2000,100,0,0,10.0,0.6473359427228225,budget_cv,0.214
1f7f2e0f41,main,clothing,books,svm,uncertainty,3,100,target_only,0.6075092203440686,0.6308,0,100,0,0,0.01,0.6297407729197997,budget_cv,0.043
1f7f2e0f41,main,clothing,books,svm,uncertainty,3,250,transfer,0.8711525016582113,0.8712,2000,250,0,0,1.0,0.5767520144829067,budget_cv,0.228
1f7f2e0f41,main,clothing,books,svm,uncertainty,3,250,target_only,0.6868745819442557,0.6992,0,250,0,0,1.0,0.5930472851188533,budget_cv,0.052
1f7f2e0f41,main,clothing,books,svm,uncertainty,3,500,transfer,0.8819386269758471,0.882,2000,500,0,0,1.0,0.5870565889977745,budget_cv,0.233
1f7f2e0f41,main,clothing,books,svm,uncertainty,3,500,target_only,0.7259325737788707,0.7276,0,500,0,0,0.01,0.5981614330057091,budget_cv,0.07
1f7f2e0f41,main,clothing,books,svm,uncertainty,3,1000,transfer,0.8887518696088675,0.8888,2000,1000,0,0,10.0,0.7878516490629882,budget_cv,0.38
1f7f2e0f41,main,clothing,books,svm,uncertainty,3,1000,target_only,0.8566876431121999,0.8568,0,1000,0,0,1.0,0.7118142103974536,budget_cv,0.101
1f7f2e0f41,main,clothing,books,svm,uncertainty,3,2000,transfer,0.9003552156481209,0.9004,2000,2000,0,0,1.0,0.9032835199792527,budget_cv,0.413
1f7f2e0f41,main,clothing,books,svm,uncertainty,3,2000,target_only,0.8875373628095904,0.8876,0,2000,0,0,10.0,0.9027968995516081,budget_cv,0.171
1f7f2e0f41,main,clothing,books,svm,uncertainty,4,0,source_only,0.8018790740885106,0.8036,2000,0,0,0,1.0,0.9105965743809814,source_val_fallback,0.055
1f7f2e0f41,main,clothing,books,svm,uncertainty,4,50,transfer,0.8223862455908586,0.8224,2000,50,0,0,10.0,0.7030177551916682,budget_cv,0.207
1f7f2e0f41,main,clothing,books,svm,uncertainty,4,50,target_only,0.5332926564944879,0.5976,0,50,0,0,0.01,0.47719502719502715,budget_cv,0.04
1f7f2e0f41,main,clothing,books,svm,uncertainty,4,100,transfer,0.8422302650083066,0.8424,2000,100,0,0,10.0,0.6601338511112947,budget_cv,0.224
1f7f2e0f41,main,clothing,books,svm,uncertainty,4,100,target_only,0.5875240270584239,0.6284,0,100,0,0,0.01,0.5207851188254323,budget_cv,0.042
1f7f2e0f41,main,clothing,books,svm,uncertainty,4,250,transfer,0.8667354999819913,0.8668,2000,250,0,0,10.0,0.585247386845739,budget_cv,0.248
1f7f2e0f41,main,clothing,books,svm,uncertainty,4,250,target_only,0.6734531340427187,0.6796,0,250,0,0,0.01,0.5860645725215687,budget_cv,0.049
1f7f2e0f41,main,clothing,books,svm,uncertainty,4,500,transfer,0.8891574187139731,0.8892,2000,500,0,0,1.0,0.6075583241777348,budget_cv,0.247
1f7f2e0f41,main,clothing,books,svm,uncertainty,4,500,target_only,0.7719154532165089,0.774,0,500,0,0,10.0,0.5932137587298515,budget_cv,0.062
1f7f2e0f41,main,clothing,books,svm,uncertainty,4,1000,transfer,0.8939523379387632,0.894,2000,1000,0,0,1.0,0.7855181689242497,budget_cv,0.296
1f7f2e0f41,main,clothing,books,svm,uncertainty,4,1000,target_only,0.8523232317087714,0.8524,0,1000,0,0,1.0,0.7208261635258454,budget_cv,0.091
1f7f2e0f41,main,clothing,books,svm,uncertainty,4,2000,transfer,0.9003552156481209,0.9004,2000,2000,0,0,1.0,0.9021985745217246,budget_cv,0.374
1f7f2e0f41,main,clothing,books,svm,uncertainty,4,2000,target_only,0.8891423717705411,0.8892,0,2000,0,0,1.0,0.8991801209054914,budget_cv,0.162
1f7f2e0f41,main,clothing,books,svm,self_training,0,0,uda_self_training,0.793240965769821,0.7968,2000,0,0,1000,1.0,0.9105965743809814,source_val_fallback,0.085
1f7f2e0f41,main,clothing,books,svm,self_training,0,50,transfer,0.8144697432083396,0.8164,2000,50,0,1000,1.0,0.7739962651727357,budget_cv,0.217
1f7f2e0f41,main,clothing,books,svm,self_training,0,50,target_only,0.6077180126802313,0.6408,0,50,0,1000,10.0,0.6975767909271745,budget_cv,0.058
1f7f2e0f41,main,clothing,books,svm,self_training,0,100,transfer,0.8124537486744715,0.814,2000,100,0,1000,10.0,0.8377472842990085,budget_cv,0.318
1f7f2e0f41,main,clothing,books,svm,self_training,0,100,target_only,0.5705363553845528,0.6196,0,100,0,1000,1.0,0.7072746094485224,budget_cv,0.065
1f7f2e0f41,main,clothing,books,svm,self_training,0,250,transfer,0.8485673024596516,0.8488,2000,250,0,1000,10.0,0.8549135598048642,budget_cv,0.367
1f7f2e0f41,main,clothing,books,svm,self_training,0,250,target_only,0.7977445769657933,0.8,0,250,0,1000,10.0,0.8038829630748987,budget_cv,0.072
1f7f2e0f41,main,clothing,books,svm,self_training,0,500,transfer,0.8675677712928218,0.8676,2000,500,0,1000,10.0,0.8792757786540001,budget_cv,0.374
1f7f2e0f41,main,clothing,books,svm,self_training,0,500,target_only,0.8547190843412147,0.8548,0,500,0,1000,10.0,0.8650913137445918,budget_cv,0.086
1f7f2e0f41,main,clothing,books,svm,self_training,0,1000,transfer,0.8915960974595085,0.8916,2000,1000,0,1000,1.0,0.90573426207092,budget_cv,0.321
1f7f2e0f41,main,clothing,books,svm,self_training,0,1000,target_only,0.8747999799679969,0.8748,0,1000,0,1000,1.0,0.8958050923633974,budget_cv,0.114
1f7f2e0f41,main,clothing,books,svm,self_training,0,2000,transfer,0.8939486711568398,0.894,2000,2000,0,1000,10.0,0.902793399153856,budget_cv,0.643
1f7f2e0f41,main,clothing,books,svm,self_training,0,2000,target_only,0.8891640891648894,0.8892,0,2000,0,1000,1.0,0.896819803291379,budget_cv,0.199
1f7f2e0f41,main,clothing,books,svm,self_training,1,0,uda_self_training,0.793240965769821,0.7968,2000,0,0,1000,1.0,0.9105965743809814,source_val_fallback,0.087
1f7f2e0f41,main,clothing,books,svm,self_training,1,50,transfer,0.8322411980537082,0.8332,2000,50,0,1000,1.0,0.8815273477812178,budget_cv,0.205
1f7f2e0f41,main,clothing,books,svm,self_training,1,50,target_only,0.626926444534984,0.6412,0,50,0,1000,0.01,0.6670891243259663,budget_cv,0.052
1f7f2e0f41,main,clothing,books,svm,self_training,1,100,transfer,0.8274113761430184,0.828,2000,100,0,1000,10.0,0.8879655845173087,budget_cv,0.326
1f7f2e0f41,main,clothing,books,svm,self_training,1,100,target_only,0.6491158759731186,0.676,0,100,0,1000,10.0,0.7188309499735182,budget_cv,0.062
1f7f2e0f41,main,clothing,books,svm,self_training,1,250,transfer,0.8679945930585317,0.868,2000,250,0,1000,1.0,0.8557967495932601,budget_cv,0.241
1f7f2e0f41,main,clothing,books,svm,self_training,1,250,target_only,0.7093554469900358,0.716,0,250,0,1000,0.1,0.802201088449405,budget_cv,0.061
1f7f2e0f41,main,clothing,books,svm,self_training,1,500,transfer,0.8779857682600098,0.878,2000,500,0,1000,1.0,0.8838127789196468,budget_cv,0.257
1f7f2e0f41,main,clothing,books,svm,self_training,1,500,target_only,0.8627999780479965,0.8628,0,500,0,1000,10.0,0.8417631239396483,budget_cv,0.084
1f7f2e0f41,main,clothing,books,svm,self_training,1,1000,transfer,0.8823996989432292,0.8824,2000,1000,0,1000,1.0,0.8829966996084592,budget_cv,0.346
1f7f2e0f41,main,clothing,books,svm,self_training,1,1000,target_only,0.8727996743671664,0.8728,0,1000,0,1000,1.0,0.8709569600540465,budget_cv,0.106
1f7f2e0f41,main,clothing,books,svm,self_training,1,2000,transfer,0.9007603041216486,0.9008,2000,2000,0,1000,1.0,0.9052382844676882,budget_cv,0.433
1f7f2e0f41,main,clothing,books,svm,self_training,1,2000,target_only,0.8891640891648894,0.8892,0,2000,0,1000,1.0,0.8962269334147841,budget_cv,0.199
1f7f2e0f41,main,clothing,books,svm,self_training,2,0,uda_self_training,0.793240965769821,0.7968,2000,0,0,1000,1.0,0.9105965743809814,source_val_fallback,0.076
1f7f2e0f41,main,clothing,books,svm,self_training,2,50,transfer,0.8272925904504852,0.828,2000,50,0,1000,10.0,0.7473556715042783,budget_cv,0.291
1f7f2e0f41,main,clothing,books,svm,self_training,2,50,target_only,0.5036823567082933,0.5784,0,50,0,1000,0.01,0.7455720749838397,budget_cv,0.05
1f7f2e0f41,main,clothing,books,svm,self_training,2,100,transfer,0.8356818801199122,0.836,2000,100,0,1000,10.0,0.7635474400404161,budget_cv,0.31
1f7f2e0f41,main,clothing,books,svm,self_training,2,100,target_only,0.48431313837042955,0.566,0,100,0,1000,0.01,0.6661274549205584,budget_cv,0.051
1f7f2e0f41,main,clothing,books,svm,self_training,2,250,transfer,0.8466545303536748,0.8468,2000,250,0,1000,10.0,0.8895041247303128,budget_cv,0.354
1f7f2e0f41,main,clothing,books,svm,self_training,2,250,target_only,0.7983787046287046,0.8016,0,250,0,1000,1.0,0.786965338312268,budget_cv,0.063
1f7f2e0f41,main,clothing,books,svm,self_training,2,500,transfer,0.8647895293011492,0.8648,2000,500,0,1000,10.0,0.8887961842871243,budget_cv,0.383
1f7f2e0f41,main,clothing,books,svm,self_training,2,500,target_only,0.6833086442200735,0.6968,0,500,0,1000,0.01,0.854025453157639,budget_cv,0.069
1f7f2e0f41,main,clothing,books,svm,self_training,2,1000,transfer,0.8863941106706972,0.8864,2000,1000,0,1000,1.0,0.8973442989894305,budget_cv,0.352
1f7f2e0f41,main,clothing,books,svm,self_training,2,1000,target_only,0.8707974986395737,0.8708,0,1000,0,1000,1.0,0.8974635765831386,budget_cv,0.119
1f7f2e0f41,main,clothing,books,svm,self_training,2,2000,transfer,0.9007603041216486,0.9008,2000,2000,0,1000,1.0,0.90626810240558,budget_cv,0.454
1f7f2e0f41,main,clothing,books,svm,self_training,2,2000,target_only,0.8891640891648894,0.8892,0,2000,0,1000,1.0,0.9028217265664161,budget_cv,0.19
1f7f2e0f41,main,clothing,books,svm,self_training,3,0,uda_self_training,0.793240965769821,0.7968,2000,0,0,1000,1.0,0.9105965743809814,source_val_fallback,0.077
1f7f2e0f41,main,clothing,books,svm,self_training,3,50,transfer,0.8314562928935727,0.8316,2000,50,0,1000,10.0,0.7964556155345628,budget_cv,0.263
1f7f2e0f41,main,clothing,books,svm,self_training,3,50,target_only,0.5715321492072496,0.6164,0,50,0,1000,0.01,0.5274542010239951,budget_cv,0.052
1f7f2e0f41,main,clothing,books,svm,self_training,3,100,transfer,0.8235938663064928,0.8244,2000,100,0,1000,10.0,0.8134401217413627,budget_cv,0.303
1f7f2e0f41,main,clothing,books,svm,self_training,3,100,target_only,0.6177573436055013,0.6368,0,100,0,1000,0.1,0.706933105654036,budget_cv,0.061
1f7f2e0f41,main,clothing,books,svm,self_training,3,250,transfer,0.8486945461508854,0.8488,2000,250,0,1000,10.0,0.8292050338433894,budget_cv,0.35
1f7f2e0f41,main,clothing,books,svm,self_training,3,250,target_only,0.7751101072220099,0.7772,0,250,0,1000,1.0,0.7732474103988497,budget_cv,0.077
1f7f2e0f41,main,clothing,books,svm,self_training,3,500,transfer,0.8691455436094285,0.8692,2000,500,0,1000,1.0,0.8742271407905181,budget_cv,0.266
1f7f2e0f41,main,clothing,books,svm,self_training,3,500,target_only,0.8571149319458833,0.8572,0,500,0,1000,10.0,0.8361782835033057,budget_cv,0.089
1f7f2e0f41,main,clothing,books,svm,self_training,3,1000,transfer,0.8795995183980736,0.8796,2000,1000,0,1000,1.0,0.874322852274613,budget_cv,0.332
1f7f2e0f41,main,clothing,books,svm,self_training,3,1000,target_only,0.8691907701007383,0.8692,0,1000,0,1000,1.0,0.8732887825678141,budget_cv,0.119
1f7f2e0f41,main,clothing,books,svm,self_training,3,2000,transfer,0.9007603041216486,0.9008,2000,2000,0,1000,1.0,0.9017836536109799,budget_cv,0.453
1f7f2e0f41,main,clothing,books,svm,self_training,3,2000,target_only,0.8859407074173438,0.886,0,2000,0,1000,10.0,0.903798255567675,budget_cv,0.324
1f7f2e0f41,main,clothing,books,svm,self_training,4,0,uda_self_training,0.793240965769821,0.7968,2000,0,0,1000,1.0,0.9105965743809814,source_val_fallback,0.098
1f7f2e0f41,main,clothing,books,svm,self_training,4,50,transfer,0.8290841920813781,0.83,2000,50,0,1000,1.0,0.8585511982570807,budget_cv,0.215
1f7f2e0f41,main,clothing,books,svm,self_training,4,50,target_only,0.6315016150423547,0.6472,0,50,0,1000,0.01,0.6093304843304843,budget_cv,0.052
1f7f2e0f41,main,clothing,books,svm,self_training,4,100,transfer,0.8421933913965283,0.8428,2000,100,0,1000,1.0,0.849741656193269,budget_cv,0.24
1f7f2e0f41,main,clothing,books,svm,self_training,4,100,target_only,0.5972774962318459,0.612,0,100,0,1000,0.01,0.7632256482831196,budget_cv,0.059
1f7f2e0f41,main,clothing,books,svm,self_training,4,250,transfer,0.8506273251879173,0.8508,2000,250,0,1000,10.0,0.8425148775335213,budget_cv,0.358
1f7f2e0f41,main,clothing,books,svm,self_training,4,250,target_only,0.8196758204028874,0.82,0,250,0,1000,1.0,0.8065235056196359,budget_cv,0.069
1f7f2e0f41,main,clothing,books,svm,self_training,4,500,transfer,0.8682404338950642,0.8684,2000,500,0,1000,1.0,0.8696512815156111,budget_cv,0.292
1f7f2e0f41,main,clothing,books,svm,self_training,4,500,target_only,0.8514516655751767,0.8516,0,500,0,1000,10.0,0.850260348665271,budget_cv,0.106
1f7f2e0f41,main,clothing,books,svm,self_training,4,1000,transfer,0.8843985018045835,0.8844,2000,1000,0,1000,1.0,0.9056197859144718,budget_cv,0.339
1f7f2e0f41,main,clothing,books,svm,self_training,4,1000,target_only,0.8731624763870143,0.8732,0,1000,0,1000,10.0,0.8867268226075468,budget_cv,0.15
1f7f2e0f41,main,clothing,books,svm,self_training,4,2000,transfer,0.8939486711568398,0.894,2000,2000,0,1000,10.0,0.9033254138321976,budget_cv,0.648
1f7f2e0f41,main,clothing,books,svm,self_training,4,2000,target_only,0.8891640891648894,0.8892,0,2000,0,1000,1.0,0.8948167744109868,budget_cv,0.187
1f7f2e0f41,main,clothing,music,logreg,random,0,0,source_only,0.7737606822528404,0.7784,2000,0,0,0,1.0,0.9092810792349727,source_val_fallback,0.077
1f7f2e0f41,main,clothing,music,logreg,random,0,50,transfer,0.7782364944403444,0.7812,2000,50,0,0,0.01,0.7968712631251331,budget_cv,0.238
1f7f2e0f41,main,clothing,music,logreg,random,0,50,target_only,0.7243724372437244,0.7244,0,50,0,0,0.1,0.7773692810457516,budget_cv,0.092
1f7f2e0f41,main,clothing,music,logreg,random,0,100,transfer,0.8299680917479344,0.8304,2000,100,0,0,10.0,0.8391253275503749,budget_cv,0.262
1f7f2e0f41,main,clothing,music,logreg,random,0,100,target_only,0.7703153290428983,0.7704,0,100,0,0,10.0,0.8363615486680502,budget_cv,0.106
1f7f2e0f41,main,clothing,music,logreg,random,0,250,transfer,0.8288270101655861,0.8296,2000,250,0,0,1.0,0.8470999951392107,budget_cv,0.264
1f7f2e0f41,main,clothing,music,logreg,random,0,250,target_only,0.8070514905856434,0.8084,0,250,0,0,0.1,0.8269922387981582,budget_cv,0.114
1f7f2e0f41,main,clothing,music,logreg,random,0,500,transfer,0.859198558193236,0.8592,2000,500,0,0,10.0,0.8492474232403389,budget_cv,0.278
1f7f2e0f41,main,clothing,music,logreg,random,0,500,target_only,0.8559976959631355,0.856,0,500,0,0,10.0,0.8434874675647954,budget_cv,0.146
1f7f2e0f41,main,clothing,music,logreg,random,0,1000,transfer,0.8823756094063666,0.8824,2000,1000,0,0,10.0,0.8759444899263235,budget_cv,0.305
1f7f2e0f41,main,clothing,music,logreg,random,0,1000,target_only,0.8851020333977563,0.8852,0,1000,0,0,10.0,0.8607976372378383,budget_cv,0.18
1f7f2e0f41,main,clothing,music,logreg,random,0,2000,transfer,0.8943610572601484,0.8944,2000,2000,0,0,10.0,0.8854489617182605,budget_cv,0.369
1f7f2e0f41,main,clothing,music,logreg,random,0,2000,target_only,0.8963568678741345,0.8964,0,2000,0,0,10.0,0.8858899223283646,budget_cv,0.234
1f7f2e0f41,main,clothing,music,logreg,random,1,0,source_only,0.7737606822528404,0.7784,2000,0,0,0,1.0,0.9092810792349727,source_val_fallback,0.077
1f7f2e0f41,main,clothing,music,logreg,random,1,50,transfer,0.8058678387072351,0.808,2000,50,0,0,10.0,0.8972527472527473,budget_cv,0.262
1f7f2e0f41,main,clothing,music,logreg,random,1,50,target_only,0.6761278199648602,0.6956,0,50,0,0,0.1,0.8309553191906133,budget_cv,0.093
1f7f2e0f41,main,clothing,music,logreg,random,1,100,transfer,0.7840954152967541,0.7884,2000,100,0,0,1.0,0.852844370324045,budget_cv,0.248
1f7f2e0f41,main,clothing,music,logreg,random,1,100,target_only,0.7120152256298102,0.724,0,100,0,0,0.01,0.8501933412938337,budget_cv,0.101
1f7f2e0f41,main,clothing,music,logreg,random,1,250,transfer,0.8367911106308643,0.8376,2000,250,0,0,10.0,0.8774664911736366,budget_cv,0.269
1f7f2e0f41,main,clothing,music,logreg,random,1,250,target_only,0.8070318094105368,0.8092,0,250,0,0,10.0,0.8267471492865557,budget_cv,0.116
1f7f2e0f41,main,clothing,music,logreg,random,1,500,transfer,0.8618087654419693,0.862,2000,500,0,0,10.0,0.8509674297024752,budget_cv,0.287
1f7f2e0f41,main,clothing,music,logreg,random,1,500,target_only,0.8575073401782258,0.858,0,500,0,0,10.0,0.8191100033098432,budget_cv,0.133
1f7f2e0f41,main,clothing,music,logreg,random,1,1000,transfer,0.8751500600240096,0.8752,2000,1000,0,0,10.0,0.8687069744024599,budget_cv,0.308
1f7f2e0f41,main,clothing,music,logreg,random,1,1000,target_only,0.8823366688886627,0.8824,0,1000,0,0,10.0,0.8683176871329042,budget_cv,0.174
1f7f2e0f41,main,clothing,music,logreg,random,1,2000,transfer,0.8943610572601484,0.8944,2000,2000,0,0,10.0,0.8879139762780528,budget_cv,0.374
1f7f2e0f41,main,clothing,music,logreg,random,1,2000,target_only,0.8963568678741345,0.8964,0,2000,0,0,10.0,0.8838730579591694,budget_cv,0.24
1f7f2e0f41,main,clothing,music,logreg,random,2,0,source_only,0.7737606822528404,0.7784,2000,0,0,0,1.0,0.9092810792349727,source_val_fallback,0.081
1f7f2e0f41,main,clothing,music,logreg,random,2,50,transfer,0.8134965347414466,0.8148,2000,50,0,0,10.0,0.6896568343936765,budget_cv,0.26
1f7f2e0f41,main,clothing,music,logreg,random,2,50,target_only,0.685258823966886,0.698,0,50,0,0,0.1,0.6091637830768266,budget_cv,0.098
1f7f2e0f41,main,clothing,music,logreg,random,2,100,transfer,0.834966682497047,0.8352,2000,100,0,0,10.0,0.7988436354676621,budget_cv,0.263
1f7f2e0f41,main,clothing,music,logreg,random,2,100,target_only,0.7758875493367552,0.776,0,100,0,0,1.0,0.7747413405308142,budget_cv,0.111
1f7f2e0f41,main,clothing,music,logreg,random,2,250,transfer,0.8505363461145461,0.8508,2000,250,0,0,10.0,0.8346101871599964,budget_cv,0.272
1f7f2e0f41,main,clothing,music,logreg,random,2,250,target_only,0.8149938684838776,0.8172,0,250,0,0,0.1,0.774726045385287,budget_cv,0.114
1f7f2e0f41,main,clothing,music,logreg,random,2,500,transfer,0.8691220805218596,0.8692,2000,500,0,0,10.0,0.8414526115477209,budget_cv,0.283
1f7f2e0f41,main,clothing,music,logreg,random,2,500,target_only,0.8540637629097441,0.8544,0,500,0,0,10.0,0.8229182282041844,budget_cv,0.142
1f7f2e0f41,main,clothing,music,logreg,random,2,1000,transfer,0.8766329313809934,0.8768,2000,1000,0,0,10.0,0.8738053828326521,budget_cv,0.301
1f7f2e0f41,main,clothing,music,logreg,random,2,1000,target_only,0.8729584991886177,0.8732,0,1000,0,0,10.0,0.865130187395506,budget_cv,0.181
1f7f2e0f41,main,clothing,music,logreg,random,2,2000,transfer,0.8943610572601484,0.8944,2000,2000,0,0,10.0,0.8819613110486407,budget_cv,0.376
1f7f2e0f41,main,clothing,music,logreg,random,2,2000,target_only,0.8963568678741345,0.8964,0,2000,0,0,10.0,0.887383886799921,budget_cv,0.244
1f7f2e0f41,main,clothing,music,logreg,random,3,0,source_only,0.7737606822528404,0.7784,2000,0,0,0,1.0,0.9092810792349727,source_val_fallback,0.077
1f7f2e0f41,main,clothing,music,logreg,random,3,50,transfer,0.7840395551686614,0.7876,2000,50,0,0,1.0,0.7966533982013857,budget_cv,0.244
1f7f2e0f41,main,clothing,music,logreg,random,3,50,target_only,0.6947774599355896,0.6988,0,50,0,0,0.1,0.6702111613876319,budget_cv,0.096
1f7f2e0f41,main,clothing,music,logreg,random,3,100,transfer,0.8218571917375119,0.8224,2000,100,0,0,10.0,0.7692286807680547,budget_cv,0.264
1f7f2e0f41,main,clothing,music,logreg,random,3,100,target_only,0.7426754549201814,0.7428,0,100,0,0,0.1,0.7356765074450834,budget_cv,0.107
1f7f2e0f41,main,clothing,music,logreg,random,3,250,transfer,0.8331825947140992,0.834,2000,250,0,0,10.0,0.8125117655862549,budget_cv,0.275
1f7f2e0f41,main,clothing,music,logreg,random,3,250,target_only,0.7912124125913587,0.7928,0,250,0,0,10.0,0.821974812345437,budget_cv,0.121
1f7f2e0f41,main,clothing,music,logreg,random,3,500,transfer,0.8622134038800705,0.8624,2000,500,0,0,10.0,0.8539416527936009,budget_cv,0.28
1f7f2e0f41,main,clothing,music,logreg,random,3,500,target_only,0.8433543545646541,0.8436,0,500,0,0,10.0,0.831659536411553,budget_cv,0.14
1f7f2e0f41,main,clothing,music,logreg,random,3,1000,transfer,0.8819428603444066,0.882,2000,1000,0,0,10.0,0.8649375846855515,budget_cv,0.307
1f7f2e0f41,main,clothing,music,logreg,random,3,1000,target_only,0.8830802742007816,0.8832,0,1000,0,0,10.0,0.8398764213287656,budget_cv,0.183
1f7f2e0f41,main,clothing,music,logreg,random,3,2000,transfer,0.8943610572601484,0.8944,2000,2000,0,0,10.0,0.8863917927193615,budget_cv,0.371
1f7f2e0f41,main,clothing,music,logreg,random,3,2000,target_only,0.8963568678741345,0.8964,0,2000,0,0,10.0,0.8822871537929209,budget_cv,0.24
1f7f2e0f41,main,clothing,music,logreg,random,4,0,source_only,0.7737606822528404,0.7784,2000,0,0,0,1.0,0.9092810792349727,source_val_fallback,0.079
1f7f2e0f41,main,clothing,music,logreg,random,4,50,transfer,0.8245768689708837,0.8252,2000,50,0,0,10.0,0.779016167870657,budget_cv,0.26
1f7f2e0f41,main,clothing,music,logreg,random,4,50,target_only,0.667209887698464,0.6832,0,50,0,0,1.0,0.8951963241436927,budget_cv,0.102
1f7f2e0f41,main,clothing,music,logreg,random,4,100,transfer,0.8254911321413241,0.826,2000,100,0,0,10.0,0.8695959835547122,budget_cv,0.259
1f7f2e0f41,main,clothing,music,logreg,random,4,100,target_only,0.7655945992995679,0.7656,0,100,0,0,0.1,0.814992008894448,budget_cv,0.105
1f7f2e0f41,main,clothing,music,logreg,random,4,250,transfer,0.8443979833978648,0.8444,2000,250,0,0,10.0,0.8597225873551796,budget_cv,0.271
1f7f2e0f41,main,clothing,music,logreg,random,4,250,target_only,0.8163816381638164,0.8164,0,250,0,0,1.0,0.850612854392658,budget_cv,0.11
1f7f2e0f41,main,clothing,music,logreg,random,4,500,transfer,0.861933175657018,0.862,2000,500,0,0,10.0,0.8538010288621827,budget_cv,0.285
1f7f2e0f41,main,clothing,music,logreg,random,4,500,target_only,0.8546760910222492,0.8548,0,500,0,0,10.0,0.8617694878637638,budget_cv,0.135
1f7f2e0f41,main,clothing,music,logreg,random,4,1000,transfer,0.883953581432573,0.884,2000,1000,0,0,10.0,0.8649372012456119,budget_cv,0.311
1f7f2e0f41,main,clothing,music,logreg,random,4,1000,target_only,0.8799480607289938,0.88,0,1000,0,0,10.0,0.8699893156528603,budget_cv,0.179
1f7f2e0f41,main,clothing,music,logreg,random,4,2000,transfer,0.8943610572601484,0.8944,2000,2000,0,0,10.0,0.8794274919853583,budget_cv,0.364
1f7f2e0f41,main,clothing,music,logreg,random,4,2000,target_only,0.8963568678741345,0.8964,0,2000,0,0,10.0,0.8783969834266827,budget_cv,0.24
1f7f2e0f41,main,clothing,music,logreg,uncertainty,0,0,source_only,0.7737606822528404,0.7784,2000,0,0,0,1.0,0.9092810792349727,source_val_fallback,0.078
1f7f2e0f41,main,clothing,music,logreg,uncertainty,0,50,transfer,0.8292449387558514,0.8296,2000,50,0,0,10.0,0.6874758896498028,budget_cv,0.261
1f7f2e0f41,main,clothing,music,logreg,uncertainty,0,50,target_only,0.6841531305102446,0.6948,0,50,0,0,0.01,0.5927182838947546,budget_cv,0.101
1f7f2e0f41,main,clothing,music,logreg,uncertainty,0,100,transfer,0.8355083847499702,0.8356,2000,100,0,0,10.0,0.6003072897378896,budget_cv,0.271
1f7f2e0f41,main,clothing,music,logreg,uncertainty,0,100,target_only,0.6748139342938804,0.6884,0,100,0,0,0.01,0.647033526455106,budget_cv,0.109
1f7f2e0f41,main,clothing,music,logreg,uncertainty,0,250,transfer,0.8607643556750528,0.8608,2000,250,0,0,10.0,0.7034543834252983,budget_cv,0.278
1f7f2e0f41,main,clothing,music,logreg,uncertainty,0,250,target_only,0.7129772961816305,0.7152,0,250,0,0,0.1,0.6461472605417589,budget_cv,0.113
1f7f2e0f41,main,clothing,music,logreg,uncertainty,0,500,transfer,0.8751741161047155,0.8752,2000,500,0,0,10.0,0.6369254760892616,budget_cv,0.292
1f7f2e0f41,main,clothing,music,logreg,uncertainty,0,500,target_only,0.731762720278304,0.7332,0,500,0,0,10.0,0.6416234693017442,budget_cv,0.132
1f7f2e0f41,main,clothing,music,logreg,uncertainty,0,1000,transfer,0.8859824686643818,0.886,2000,1000,0,0,10.0,0.7557652637304884,budget_cv,0.323
1f7f2e0f41,main,clothing,music,logreg,uncertainty,0,1000,target_only,0.8599870964108052,0.86,0,1000,0,0,10.0,0.69106965106424,budget_cv,0.169
1f7f2e0f41,main,clothing,music,logreg,uncertainty,0,2000,transfer,0.8943610572601484,0.8944,2000,2000,0,0,10.0,0.8878986390739927,budget_cv,0.373
1f7f2e0f41,main,clothing,music,logreg,uncertainty,0,2000,target_only,0.8963568678741345,0.8964,0,2000,0,0,10.0,0.8798436567495663,budget_cv,0.24
1f7f2e0f41,main,clothing,music,logreg,uncertainty,1,0,source_only,0.7737606822528404,0.7784,2000,0,0,0,1.0,0.9092810792349727,source_val_fallback,0.076
1f7f2e0f41,main,clothing,music,logreg,uncertainty,1,50,transfer,0.7682384903324088,0.7724,2000,50,0,0,0.01,0.7773692810457516,budget_cv,0.24
1f7f2e0f41,main,clothing,music,logreg,uncertainty,1,50,target_only,0.6844372700841259,0.6936,0,50,0,0,1.0,0.7755665874086927,budget_cv,0.09
1f7f2e0f41,main,clothing,music,logreg,uncertainty,1,100,transfer,0.8288746976452357,0.8292,2000,100,0,0,10.0,0.6610671936758893,budget_cv,0.265
1f7f2e0f41,main,clothing,music,logreg,uncertainty,1,100,target_only,0.660114859091228,0.6676,0,100,0,0,0.1,0.665803586190466,budget_cv,0.106
1f7f2e0f41,main,clothing,music,logreg,uncertainty,1,250,transfer,0.853118192708611,0.8532,2000,250,0,0,10.0,0.6061662944566927,budget_cv,0.273
1f7f2e0f41,main,clothing,music,logreg,uncertainty,1,250,target_only,0.7187391001327488,0.7208,0,250,0,0,0.1,0.6725639677518543,budget_cv,0.116
1f7f2e0f41,main,clothing,music,logreg,uncertainty,1,500,transfer,0.8731429853833508,0.8732,2000,500,0,0,10.0,0.6554681427358903,budget_cv,0.292
1f7f2e0f41,main,clothing,music,logreg,uncertainty,1,500,target_only,0.7206208767494913,0.7216,0,500,0,0,0.1,0.6222249698759156,budget_cv,0.132
1f7f2e0f41,main,clothing,music,logreg,uncertainty,1,1000,transfer,0.8871766049408005,0.8872,2000,1000,0,0,10.0,0.7664294593964698,budget_cv,0.326
1f7f2e0f41,main,clothing,music,logreg,uncertainty,1,1000,target_only,0.8635903749368555,0.8636,0,1000,0,0,10.0,0.7148177634641671,budget_cv,0.168
1f7f2e0f41,main,clothing,music,logreg,uncertainty,1,2000,transfer,0.8943610572601484,0.8944,2000,2000,0,0,10.0,0.8888759283345994,budget_cv,0.364
1f7f2e0f41,main,clothing,music,logreg,uncertainty,1,2000,target_only,0.8963568678741345,0.8964,0,2000,0,0,10.0,0.8868857767506767,budget_cv,0.238
1f7f2e0f41,main,clothing,music,logreg,uncertainty,2,0,source_only,0.7737606822528404,0.7784,2000,0,0,0,1.0,0.9092810792349727,source_val_fallback,0.075
1f7f2e0f41,main,clothing,music,logreg,uncertainty,2,50,transfer,0.7771421230227917,0.7824,2000,50,0,0,1.0,0.6770343183386661,budget_cv,0.244
1f7f2e0f41,main,clothing,music,logreg,uncertainty,2,50,target_only,0.6416194317680765,0.6624,0,50,0,0,0.01,0.6688346543419007,budget_cv,0.099
1f7f2e0f41,main,clothing,music,logreg,uncertainty,2,100,transfer,0.8216877781911622,0.8224,2000,100,0,0,10.0,0.685950648980174,budget_cv,0.268
1f7f2e0f41,main,clothing,music,logreg,uncertainty,2,100,target_only,0.6985396779664178,0.7,0,100,0,0,0.01,0.5868223425948383,budget_cv,0.093
1f7f2e0f41,main,clothing,music,logreg,uncertainty,2,250,transfer,0.8603273925917649,0.8604,2000,250,0,0,10.0,0.6940673159279024,budget_cv,0.278
1f7f2e0f41,main,clothing,music,logreg,uncertainty,2,250,target_only,0.7320301332917418,0.7328,0,250,0,0,0.1,0.6445983396417408,budget_cv,0.117
1f7f2e0f41,main,clothing,music,logreg,uncertainty,2,500,transfer,0.8743678381665706,0.8744,2000,500,0,0,10.0,0.666367431354435,budget_cv,0.289
1f7f2e0f41,main,clothing,music,logreg,uncertainty,2,500,target_only,0.7437504016451384,0.7448,0,500,0,0,10.0,0.6708504549673323,budget_cv,0.135
1f7f2e0f41,main,clothing,music,logreg,uncertainty,2,1000,transfer,0.8895795766384951,0.8896,2000,1000,0,0,10.0,0.7804360770942468,budget_cv,0.322
1f7f2e0f41,main,clothing,music,logreg,uncertainty,2,1000,target_only,0.868390713648755,0.8684,0,1000,0,0,10.0,0.7059474661281021,budget_cv,0.167
1f7f2e0f41,main,clothing,music,logreg,uncertainty,2,2000,transfer,0.8943610572601484,0.8944,2000,2000,0,0,10.0,0.8894588648920655,budget_cv,0.367
1f7f2e0f41,main,clothing,music,logreg,uncertainty,2,2000,target_only,0.8963568678741345,0.8964,0,2000,0,0,10.0,0.8863741312357725,budget_cv,0.239
1f7f2e0f41,main,clothing,music,logreg,uncertainty,3,0,source_only,0.7737606822528404,0.7784,2000,0,0,0,1.0,0.9092810792349727,source_val_fallback,0.077
1f7f2e0f41,main,clothing,music,logreg,uncertainty,3,50,transfer,0.7943600184809338,0.7964,2000,50,0,0,1.0,0.6772977022977024,budget_cv,0.25
1f7f2e0f41,main,clothing,music,logreg,uncertainty,3,50,target_only,0.6089292421476924,0.642,0,50,0,0,0.01,0.6926099227569816,budget_cv,0.108
1f7f2e0f41,main,clothing,music,logreg,uncertainty,3,100,transfer,0.8305852905738618,0.8308,2000,100,0,0,10.0,0.6145899993726082,budget_cv,0.269
1f7f2e0f41,main,clothing,music,logreg,uncertainty,3,100,target_only,0.6600201872457707,0.676,0,100,0,0,0.01,0.5571693420958127,budget_cv,0.106
1f7f2e0f41,main,clothing,music,logreg,uncertainty,3,250,transfer,0.8551866540020328,0.8552,2000,250,0,0,10.0,0.6369642163749091,budget_cv,0.277
1f7f2e0f41,main,clothing,music,logreg,uncertainty,3,250,target_only,0.7136397058584936,0.7176,0,250,0,0,0.01,0.6340238875268013,budget_cv,0.115
1f7f2e0f41,main,clothing,music,logreg,uncertainty,3,500,transfer,0.8771877187718772,0.8772,2000,500,0,0,10.0,0.6494642146830475,budget_cv,0.292
1f7f2e0f41,main,clothing,music,logreg,uncertainty,3,500,target_only,0.7390966559921768,0.7408,0,500,0,0,10.0,0.6431274022178142,budget_cv,0.135
1f7f2e0f41,main,clothing,music,logreg,uncertainty,3,1000,transfer,0.887181515819552,0.8872,2000,1000,0,0,10.0,0.7708663161921468,budget_cv,0.322
1f7f2e0f41,main,clothing,music,logreg,uncertainty,3,1000,target_only,0.8619628735344658,0.862,0,1000,0,0,10.0,0.7088123752325961,budget_cv,0.164
1f7f2e0f41,main,clothing,music,logreg,uncertainty,3,2000,transfer,0.8943610572601484,0.8944,2000,2000,0,0,10.0,0.8869135101632596,budget_cv,0.366
1f7f2e0f41,main,clothing,music,logreg,uncertainty,3,2000,target_only,0.8963568678741345,0.8964,0,2000,0,0,10.0,0.8822876198862207,budget_cv,0.236
1f7f2e0f41,main,clothing,music,logreg,uncertainty,4,0,source_only,0.7737606822528404,0.7784,2000,0,0,0,1.0,0.9092810792349727,source_val_fallback,0.075
1f7f2e0f41,main,clothing,music,logreg,uncertainty,4,50,transfer,0.82654180246195,0.8272,2000,50,0,0,10.0,0.6965944272445821,budget_cv,0.261
1f7f2e0f41,main,clothing,music,logreg,uncertainty,4,50,target_only,0.7187977953747158,0.7188,0,50,0,0,0.1,0.7652616389458494,budget_cv,0.094
1f7f2e0f41,main,clothing,music,logreg,uncertainty,4,100,transfer,0.8313765807143834,0.8316,2000,100,0,0,10.0,0.6795911187182048,budget_cv,0.263
1f7f2e0f41,main,clothing,music,logreg,uncertainty,4,100,target_only,0.6686427607480239,0.6832,0,100,0,0,10.0,0.6330115622331501,budget_cv,0.101
1f7f2e0f41,main,clothing,music,logreg,uncertainty,4,250,transfer,0.8587412137435115,0.8588,2000,250,0,0,10.0,0.6918688460232577,budget_cv,0.279
1f7f2e0f41,main,clothing,music,logreg,uncertainty,4,250,target_only,0.7283358471964981,0.7292,0,250,0,0,0.1,0.676048110232829,budget_cv,0.119
1f7f2e0f41,main,clothing,music,logreg,uncertainty,4,500,transfer,0.8659793929914663,0.866,2000,500,0,0,10.0,0.6426555727952233,budget_cv,0.29
1f7f2e0f41,main,clothing,music,logreg,uncertainty,4,500,target_only,0.7453829985882813,0.7464,0,500,0,0,1.0,0.6308649201060864,budget_cv,0.132
1f7f2e0f41,main,clothing,music,logreg,uncertainty,4,1000,transfer,0.8871766049408005,0.8872,2000,1000,0,0,10.0,0.7666874512669679,budget_cv,0.324
1f7f2e0f41,main,clothing,music,logreg,uncertainty,4,1000,target_only,0.8647875388195776,0.8648,0,1000,0,0,10.0,0.6986366799531277,budget_cv,0.174
1f7f2e0f41,main,clothing,music,logreg,uncertainty,4,2000,transfer,0.8943610572601484,0.8944,2000,2000,0,0,10.0,0.8864441621102204,budget_cv,0.367
1f7f2e0f41,main,clothing,music,logreg,uncertainty,4,2000,target_only,0.8963568678741345,0.8964,0,2000,0,0,10.0,0.8858966939272411,budget_cv,0.248
1f7f2e0f41,main,clothing,music,logreg,self_training,0,0,uda_self_training,0.7219765478543106,0.7372,2000,0,0,1000,1.0,0.9092810792349727,source_val_fallback,0.13
1f7f2e0f41,main,clothing,music,logreg,self_training,0,50,transfer,0.7095669498431492,0.7272,2000,50,0,1000,0.01,0.7968712631251331,budget_cv,0.264
1f7f2e0f41,main,clothing,music,logreg,self_training,0,50,target_only,0.5747956781337559,0.6276,0,50,0,1000,0.1,0.7773692810457516,budget_cv,0.117
1f7f2e0f41,main,clothing,music,logreg,self_training,0,100,transfer,0.8305043530186087,0.8316,2000,100,0,1000,10.0,0.8391253275503749,budget_cv,0.336
1f7f2e0f41,main,clothing,music,logreg,self_training,0,100,target_only,0.8031017632901478,0.8044,0,100,0,1000,10.0,0.8363615486680502,budget_cv,0.151
1f7f2e0f41,main,clothing,music,logreg,self_training,0,250,transfer,0.8321292914371088,0.8336,2000,250,0,1000,1.0,0.8470999951392107,budget_cv,0.308
1f7f2e0f41,main,clothing,music,logreg,self_training,0,250,target_only,0.6192697894906448,0.6552,0,250,0,1000,0.1,0.8269922387981582,budget_cv,0.143
1f7f2e0f41,main,clothing,music,logreg,self_training,0,500,transfer,0.8643791469376332,0.8644,2000,500,0,1000,10.0,0.8492474232403389,budget_cv,0.366
1f7f2e0f41,main,clothing,music,logreg,self_training,0,500,target_only,0.8601438058292703,0.8604,0,500,0,1000,10.0,0.8434874675647954,budget_cv,0.196
1f7f2e0f41,main,clothing,music,logreg,self_training,0,1000,transfer,0.8827549591451052,0.8828,2000,1000,0,1000,10.0,0.8759444899263235,budget_cv,0.396
1f7f2e0f41,main,clothing,music,logreg,self_training,0,1000,target_only,0.8789482899161201,0.8792,0,1000,0,1000,10.0,0.8607976372378383,budget_cv,0.246
1f7f2e0f41,main,clothing,music,logreg,self_training,0,2000,transfer,0.8943542934415145,0.8944,2000,2000,0,1000,10.0,0.8854489617182605,budget_cv,0.507
1f7f2e0f41,main,clothing,music,logreg,self_training,0,2000,target_only,0.8963016275759836,0.8964,0,2000,0,1000,10.0,0.8858899223283646,budget_cv,0.323
1f7f2e0f41,main,clothing,music,logreg,self_training,1,0,uda_self_training,0.7219765478543106,0.7372,2000,0,0,1000,1.0,0.9092810792349727,source_val_fallback,0.13
1f7f2e0f41,main,clothing,music,logreg,self_training,1,50,transfer,0.788823145768998,0.7936,2000,50,0,1000,10.0,0.8972527472527473,budget_cv,0.333
1f7f2e0f41,main,clothing,music,logreg,self_training,1,50,target_only,0.4825718007718811,0.5716,0,50,0,1000,0.1,0.8309553191906133,budget_cv,0.127
1f7f2e0f41,main,clothing,music,logreg,self_training,1,100,transfer,0.7570675052829499,0.7664,2000,100,0,1000,1.0,0.852844370324045,budget_cv,0.302
1f7f2e0f41,main,clothing,music,logreg,self_training,1,100,target_only,0.4583388083453783,0.5548,0,100,0,1000,0.01,0.8501933412938337,budget_cv,0.124
1f7f2e0f41,main,clothing,music,logreg,self_training,1,250,transfer,0.8298091733339528,0.8312,2000,250,0,1000,10.0,0.8774664911736366,budget_cv,0.346
1f7f2e0f41,main,clothing,music,logreg,self_training,1,250,target_only,0.7795694591878828,0.786,0,250,0,1000,10.0,0.8267471492865557,budget_cv,0.17
1f7f2e0f41,main,clothing,music,logreg,self_training,1,500,transfer,0.8633207588431469,0.8636,2000,500,0,1000,10.0,0.8509674297024752,budget_cv,0.37
1f7f2e0f41,main,clothing,music,logreg,self_training,1,500,target_only,0.8484898304440022,0.8496,0,500,0,1000,10.0,0.8191100033098432,budget_cv,0.19
1f7f2e0f41,main,clothing,music,logreg,self_training,1,1000,transfer,0.8779451436653689,0.878,2000,1000,0,1000,10.0,0.8687069744024599,budget_cv,0.407
1f7f2e0f41,main,clothing,music,logreg,self_training,1,1000,target_only,0.8817914801710216,0.882,0,1000,0,1000,10.0,0.8683176871329042,budget_cv,0.236
1f7f2e0f41,main,clothing,music,logreg,self_training,1,2000,transfer,0.8943542934415145,0.8944,2000,2000,0,1000,10.0,0.8879139762780528,budget_cv,0.511
1f7f2e0f41,main,clothing,music,logreg,self_training,1,2000,target_only,0.8963016275759836,0.8964,0,2000,0,1000,10.0,0.8838730579591694,budget_cv,0.332
1f7f2e0f41,main,clothing,music,logreg,self_training,2,0,uda_self_training,0.7219765478543106,0.7372,2000,0,0,1000,1.0,0.9092810792349727,source_val_fallback,0.129
1f7f2e0f41,main,clothing,music,logreg,self_training,2,50,transfer,0.8080950079331572,0.8112,2000,50,0,1000,10.0,0.6896568343936765,budget_cv,0.344
1f7f2e0f41,main,clothing,music,logreg,self_training,2,50,target_only,0.4444206763450368,0.5512,0,50,0,1000,0.1,0.6091637830768266,budget_cv,0.122
1f7f2e0f41,main,clothing,music,logreg,self_training,2,100,transfer,0.8372563003510924,0.838,2000,100,0,1000,10.0,0.7988436354676621,budget_cv,0.346
1f7f2e0f41,main,clothing,music,logreg,self_training,2,100,target_only,0.7687982643907858,0.7752,0,100,0,1000,1.0,0.7747413405308142,budget_cv,0.14
1f7f2e0f41,main,clothing,music,logreg,self_training,2,250,transfer,0.8507046739390078,0.8512,2000,250,0,1000,10.0,0.8346101871599964,budget_cv,0.363
1f7f2e0f41,main,clothing,music,logreg,self_training,2,250,target_only,0.5784072959667541,0.6268,0,250,0,1000,0.1,0.774726045385287,budget_cv,0.143
1f7f2e0f41,main,clothing,music,logreg,self_training,2,500,transfer,0.8690414039017813,0.8692,2000,500,0,1000,10.0,0.8414526115477209,budget_cv,0.377
1f7f2e0f41,main,clothing,music,logreg,self_training,2,500,target_only,0.8486506399501771,0.8496,0,500,0,1000,10.0,0.8229182282041844,budget_cv,0.197
1f7f2e0f41,main,clothing,music,logreg,self_training,2,1000,transfer,0.8794184717441025,0.8796,2000,1000,0,1000,10.0,0.8738053828326521,budget_cv,0.409
1f7f2e0f41,main,clothing,music,logreg,self_training,2,1000,target_only,0.8642578131275065,0.8648,0,1000,0,1000,10.0,0.865130187395506,budget_cv,0.247
1f7f2e0f41,main,clothing,music,logreg,self_training,2,2000,transfer,0.8943542934415145,0.8944,2000,2000,0,1000,10.0,0.8819613110486407,budget_cv,0.503
1f7f2e0f41,main,clothing,music,logreg,self_training,2,2000,target_only,0.8963016275759836,0.8964,0,2000,0,1000,10.0,0.887383886799921,budget_cv,0.331
1f7f2e0f41,main,clothing,music,logreg,self_training,3,0,uda_self_training,0.7219765478543106,0.7372,2000,0,0,1000,1.0,0.9092810792349727,source_val_fallback,0.13
1f7f2e0f41,main,clothing,music,logreg,self_training,3,50,transfer,0.752988095523246,0.7624,2000,50,0,1000,1.0,0.7966533982013857,budget_cv,0.296
1f7f2e0f41,main,clothing,music,logreg,self_training,3,50,target_only,0.4674535281107635,0.5568,0,50,0,1000,0.1,0.6702111613876319,budget_cv,0.126
1f7f2e0f41,main,clothing,music,logreg,self_training,3,100,transfer,0.8293294450501997,0.8304,2000,100,0,1000,10.0,0.7692286807680547,budget_cv,0.35
1f7f2e0f41,main,clothing,music,logreg,self_training,3,100,target_only,0.5564352770758465,0.6104,0,100,0,1000,0.1,0.7356765074450834,budget_cv,0.136
1f7f2e0f41,main,clothing,music,logreg,self_training,3,250,transfer,0.837295273959318,0.8384,2000,250,0,1000,10.0,0.8125117655862549,budget_cv,0.359
1f7f2e0f41,main,clothing,music,logreg,self_training,3,250,target_only,0.7812273890502708,0.7868,0,250,0,1000,10.0,0.821974812345437,budget_cv,0.171
1f7f2e0f41,main,clothing,music,logreg,self_training,3,500,transfer,0.8629628489879446,0.8632,2000,500,0,1000,10.0,0.8539416527936009,budget_cv,0.37
1f7f2e0f41,main,clothing,music,logreg,self_training,3,500,target_only,0.8365114013566171,0.8376,0,500,0,1000,10.0,0.831659536411553,budget_cv,0.195
1f7f2e0f41,main,clothing,music,logreg,self_training,3,1000,transfer,0.8790997204721485,0.8792,2000,1000,0,1000,10.0,0.8649375846855515,budget_cv,0.41
1f7f2e0f41,main,clothing,music,logreg,self_training,3,1000,target_only,0.8784662976213569,0.8788,0,1000,0,1000,10.0,0.8398764213287656,budget_cv,0.244
1f7f2e0f41,main,clothing,music,logreg,self_training,3,2000,transfer,0.8943542934415145,0.8944,2000,2000,0,1000,10.0,0.8863917927193615,budget_cv,0.493
1f7f2e0f41,main,clothing,music,logreg,self_training,3,2000,target_only,0.8963016275759836,0.8964,0,2000,0,1000,10.0,0.8822871537929209,budget_cv,0.322
1f7f2e0f41,main,clothing,music,logreg,self_training,4,0,uda_self_training,0.7219765478543106,0.7372,2000,0,0,1000,1.0,0.9092810792349727,source_val_fallback,0.128
1f7f2e0f41,main,clothing,music,logreg,self_training,4,50,transfer,0.8215554550739617,0.8232,2000,50,0,1000,10.0,0.779016167870657,budget_cv,0.334
1f7f2e0f41,main,clothing,music,logreg,self_training,4,50,target_only,0.6515319865932019,0.678,0,50,0,1000,1.0,0.8951963241436927,budget_cv,0.129
1f7f2e0f41,main,clothing,music,logreg,self_training,4,100,transfer,0.8320708443574596,0.8332,2000,100,0,1000,10.0,0.8695959835547122,budget_cv,0.337
1f7f2e0f41,main,clothing,music,logreg,self_training,4,100,target_only,0.586468229202783,0.6336,0,100,0,1000,0.1,0.814992008894448,budget_cv,0.123
1f7f2e0f41,main,clothing,music,logreg,self_training,4,250,transfer,0.855580566921085,0.8556,2000,250,0,1000,10.0,0.8597225873551796,budget_cv,0.349
1f7f2e0f41,main,clothing,music,logreg,self_training,4,250,target_only,0.816235122112771,0.818,0,250,0,1000,1.0,0.850612854392658,budget_cv,0.143
1f7f2e0f41,main,clothing,music,logreg,self_training,4,500,transfer,0.8671073791589787,0.8672,2000,500,0,1000,10.0,0.8538010288621827,budget_cv,0.378
1f7f2e0f41,main,clothing,music,logreg,self_training,4,500,target_only,0.851769867778722,0.8524,0,500,0,1000,10.0,0.8617694878637638,budget_cv,0.187
1f7f2e0f41,main,clothing,music,logreg,self_training,4,1000,transfer,0.8839239283857068,0.884,2000,1000,0,1000,10.0,0.8649372012456119,budget_cv,0.412
1f7f2e0f41,main,clothing,music,logreg,self_training,4,1000,target_only,0.8773267035231771,0.8776,0,1000,0,1000,10.0,0.8699893156528603,budget_cv,0.236
1f7f2e0f41,main,clothing,music,logreg,self_training,4,2000,transfer,0.8943542934415145,0.8944,2000,2000,0,1000,10.0,0.8794274919853583,budget_cv,0.497
1f7f2e0f41,main,clothing,music,logreg,self_training,4,2000,target_only,0.8963016275759836,0.8964,0,2000,0,1000,10.0,0.8783969834266827,budget_cv,0.323
1f7f2e0f41,main,clothing,music,svm,random,0,0,source_only,0.7747457161213878,0.7796,2000,0,0,0,0.1,0.9099615435748335,source_val_fallback,0.051
1f7f2e0f41,main,clothing,music,svm,random,0,50,transfer,0.8252492682914316,0.8256,2000,50,0,0,1.0,0.8355158730158729,budget_cv,0.179
1f7f2e0f41,main,clothing,music,svm,random,0,50,target_only,0.71342319279477,0.7172,0,50,0,0,0.1,0.7942479060900114,budget_cv,0.038
1f7f2e0f41,main,clothing,music,svm,random,0,100,transfer,0.832187320923045,0.8324,2000,100,0,0,1.0,0.8787717864923748,budget_cv,0.183
1f7f2e0f41,main,clothing,music,svm,random,0,100,target_only,0.7731328836322938,0.7732,0,100,0,0,1.0,0.8363615486680502,budget_cv,0.04
1f7f2e0f41,main,clothing,music,svm,random,0,250,transfer,0.8511884760355841,0.8512,2000,250,0,0,10.0,0.8593900669126757,budget_cv,0.209
1f7f2e0f41,main,clothing,music,svm,random,0,250,target_only,0.8056676035477193,0.8072,0,250,0,0,0.01,0.8347356436275944,budget_cv,0.044
1f7f2e0f41,main,clothing,music,svm,random,0,500,transfer,0.8639999129599443,0.864,2000,500,0,0,10.0,0.8531272416289647,budget_cv,0.216
1f7f2e0f41,main,clothing,music,svm,random,0,500,target_only,0.8575967190284064,0.8576,0,500,0,0,1.0,0.8454703116506649,budget_cv,0.053
1f7f2e0f41,main,clothing,music,svm,random,0,1000,transfer,0.8847786886662558,0.8848,2000,1000,0,0,1.0,0.8829467373742865,budget_cv,0.229
1f7f2e0f41,main,clothing,music,svm,random,0,1000,target_only,0.8843480213747267,0.8844,0,1000,0,0,10.0,0.8688628485558265,budget_cv,0.088
1f7f2e0f41,main,clothing,music,svm,random,0,2000,transfer,0.8931712673440648,0.8932,2000,2000,0,0,1.0,0.8874832898170874,budget_cv,0.269
1f7f2e0f41,main,clothing,music,svm,random,0,2000,target_only,0.8991715421760638,0.8992,0,2000,0,0,1.0,0.8869071443072958,budget_cv,0.109
1f7f2e0f41,main,clothing,music,svm,random,1,0,source_only,0.7747457161213878,0.7796,2000,0,0,0,0.1,0.9099615435748335,source_val_fallback,0.062
1f7f2e0f41,main,clothing,music,svm,random,1,50,transfer,0.8146283261750111,0.8156,2000,50,0,0,10.0,0.8981325863678805,budget_cv,0.212
1f7f2e0f41,main,clothing,music,svm,random,1,50,target_only,0.6762627327441231,0.6956,0,50,0,0,0.01,0.8309553191906133,budget_cv,0.039
1f7f2e0f41,main,clothing,music,svm,random,1,100,transfer,0.8218453404737076,0.8232,2000,100,0,0,1.0,0.8433194853926561,budget_cv,0.19
1f7f2e0f41,main,clothing,music,svm,random,1,100,target_only,0.711081896425031,0.7232,0,100,0,0,0.01,0.8400698051940668,budget_cv,0.04
1f7f2e0f41,main,clothing,music,svm,random,1,250,transfer,0.8377185738001297,0.8384,2000,250,0,0,1.0,0.881847067731186,budget_cv,0.214
1f7f2e0f41,main,clothing,music,svm,random,1,250,target_only,0.8091033747287812,0.8112,0,250,0,0,1.0,0.8351159006478156,budget_cv,0.044
1f7f2e0f41,main,clothing,music,svm,random,1,500,transfer,0.8666309734304869,0.8668,2000,500,0,0,1.0,0.8631354819742049,budget_cv,0.22
1f7f2e0f41,main,clothing,music,svm,random,1,500,target_only,0.8571520287621983,0.8576,0,500,0,0,1.0,0.8210477179668562,budget_cv,0.053
1f7f2e0f41,main,clothing,music,svm,random,1,1000,transfer,0.8767582752816794,0.8768,2000,1000,0,0,10.0,0.8818008426121468,budget_cv,0.251
1f7f2e0f41,main,clothing,music,svm,random,1,1000,target_only,0.8851522049416085,0.8852,0,1000,0,0,1.0,0.8693236191802424,budget_cv,0.072
1f7f2e0f41,main,clothing,music,svm,random,1,2000,transfer,0.8931712673440648,0.8932,2000,2000,0,0,1.0,0.8943999336134499,budget_cv,0.275
1f7f2e0f41,main,clothing,music,svm,random,1,2000,target_only,0.8991715421760638,0.8992,0,2000,0,0,1.0,0.8873905200639775,budget_cv,0.117
1f7f2e0f41,main,clothing,music,svm,random,2,0,source_only,0.7747457161213878,0.7796,2000,0,0,0,0.1,0.9099615435748335,source_val_fallback,0.061
1f7f2e0f41,main,clothing,music,svm,random,2,50,transfer,0.8226438109912686,0.8232,2000,50,0,0,10.0,0.7357687519452224,budget_cv,0.2
1f7f2e0f41,main,clothing,music,svm,random,2,50,target_only,0.6873213932460425,0.6988,0,50,0,0,0.01,0.6091637830768266,budget_cv,0.039
1f7f2e0f41,main,clothing,music,svm,random,2,100,transfer,0.8403169903842813,0.8404,2000,100,0,0,1.0,0.7988436354676621,budget_cv,0.196
1f7f2e0f41,main,clothing,music,svm,random,2,100,target_only,0.7665881247738071,0.7672,0,100,0,0,10.0,0.7794747929253069,budget_cv,0.04
1f7f2e0f41,main,clothing,music,svm,random,2,250,transfer,0.8515228156204722,0.8516,2000,250,0,0,10.0,0.835277387871939,budget_cv,0.214
1f7f2e0f41,main,clothing,music,svm,random,2,250,target_only,0.812464325692193,0.8148,0,250,0,0,0.01,0.774726045385287,budget_cv,0.044
1f7f2e0f41,main,clothing,music,svm,random,2,500,transfer,0.8526766840098725,0.8532,2000,500,0,0,0.1,0.8347091768513284,budget_cv,0.193
1f7f2e0f41,main,clothing,music,svm,random,2,500,target_only,0.8557307589716232,0.856,0,500,0,0,1.0,0.8249495040244909,budget_cv,0.052
1f7f2e0f41,main,clothing,music,svm,random,2,1000,transfer,0.8774616591146741,0.8776,2000,1000,0,0,1.0,0.8790766577618229,budget_cv,0.241
1f7f2e0f41,main,clothing,music,svm,random,2,1000,target_only,0.8777761053808809,0.878,0,1000,0,0,1.0,0.865270125127172,budget_cv,0.068
1f7f2e0f41,main,clothing,music,svm,random,2,2000,transfer,0.8931712673440648,0.8932,2000,2000,0,0,1.0,0.88796208778196,budget_cv,0.281
1f7f2e0f41,main,clothing,music,svm,random,2,2000,target_only,0.8951828267543354,0.8952,0,2000,0,0,10.0,0.8864492782797563,budget_cv,0.118
1f7f2e0f41,main,clothing,music,svm,random,3,0,source_only,0.7747457161213878,0.7796,2000,0,0,0,0.1,0.9099615435748335,source_val_fallback,0.055
1f7f2e0f41,main,clothing,music,svm,random,3,50,transfer,0.8188865723466402,0.8192,2000,50,0,0,10.0,0.819980506822612,budget_cv,0.217
1f7f2e0f41,main,clothing,music,svm,random,3,50,target_only,0.6886736291994672,0.694,0,50,0,0,0.01,0.6702111613876319,budget_cv,0.039
1f7f2e0f41,main,clothing,music,svm,random,3,100,transfer,0.8265495375321965,0.8268,2000,100,0,0,10.0,0.8071930634036678,budget_cv,0.199
1f7f2e0f41,main,clothing,music,svm,random,3,100,target_only,0.7451589823284583,0.7456,0,100,0,0,0.01,0.7365954715219422,budget_cv,0.039
1f7f2e0f41,main,clothing,music,svm,random,3,250,transfer,0.8356212714093271,0.836,2000,250,0,0,10.0,0.8384621877351554,budget_cv,0.197
1f7f2e0f41,main,clothing,music,svm,random,3,250,target_only,0.7943228601406719,0.7956,0,250,0,0,10.0,0.8220074953240114,budget_cv,0.044
1f7f2e0f41,main,clothing,music,svm,random,3,500,transfer,0.8643478878846098,0.8644,2000,500,0,0,10.0,0.8619616255179086,budget_cv,0.211
1f7f2e0f41,main,clothing,music,svm,random,3,500,target_only,0.8498921865640778,0.85,0,500,0,0,10.0,0.8357869812295343,budget_cv,0.053
1f7f2e0f41,main,clothing,music,svm,random,3,1000,transfer,0.8835476616610569,0.8836,2000,1000,0,0,1.0,0.8689594079389998,budget_cv,0.245
1f7f2e0f41,main,clothing,music,svm,random,3,1000,target_only,0.8831326844262295,0.8832,0,1000,0,0,10.0,0.8469352185401986,budget_cv,0.074
1f7f2e0f41,main,clothing,music,svm,random,3,2000,transfer,0.8891806908435727,0.8892,2000,2000,0,0,10.0,0.8899254459436339,budget_cv,0.328
1f7f2e0f41,main,clothing,music,svm,random,3,2000,target_only,0.8951828267543354,0.8952,0,2000,0,0,10.0,0.889437059322917,budget_cv,0.174
1f7f2e0f41,main,clothing,music,svm,random,4,0,source_only,0.7747457161213878,0.7796,2000,0,0,0,0.1,0.9099615435748335,source_val_fallback,0.058
1f7f2e0f41,main,clothing,music,svm,random,4,50,transfer,0.8288746976452357,0.8292,2000,50,0,0,1.0,0.7997276688453159,budget_cv,0.198
1f7f2e0f41,main,clothing,music,svm,random,4,50,target_only,0.6706926897468721,0.686,0,50,0,0,0.1,0.8951963241436927,budget_cv,0.038
1f7f2e0f41,main,clothing,music,svm,random,4,100,transfer,0.8357371794871795,0.836,2000,100,0,0,1.0,0.8893055707837655,budget_cv,0.2
1f7f2e0f41,main,clothing,music,svm,random,4,100,target_only,0.7651990607962432,0.7652,0,100,0,0,0.01,0.814992008894448,budget_cv,0.041
1f7f2e0f41,main,clothing,music,svm,random,4,250,transfer,0.8479937738249759,0.848,2000,250,0,0,10.0,0.8795413839368087,budget_cv,0.243
1f7f2e0f41,main,clothing,music,svm,random,4,250,target_only,0.8159882232462878,0.816,0,250,0,0,0.1,0.850612854392658,budget_cv,0.043
1f7f2e0f41,main,clothing,music,svm,random,4,500,transfer,0.8595755324407726,0.8596,2000,500,0,0,10.0,0.8759003955061587,budget_cv,0.234
1f7f2e0f41,main,clothing,music,svm,random,4,500,target_only,0.854341736694678,0.8544,0,500,0,0,10.0,0.8697847400135917,budget_cv,0.06
1f7f2e0f41,main,clothing,music,svm,random,4,1000,transfer,0.8843773379582398,0.8844,2000,1000,0,0,10.0,0.8789199895564194,budget_cv,0.287
1f7f2e0f41,main,clothing,music,svm,random,4,1000,target_only,0.8779896730459267,0.878,0,1000,0,0,10.0,0.8759758036407748,budget_cv,0.07
1f7f2e0f41,main,clothing,music,svm,random,4,2000,transfer,0.8891806908435727,0.8892,2000,2000,0,0,10.0,0.8844638195819821,budget_cv,0.31
1f7f2e0f41,main,clothing,music,svm,random,4,2000,target_only,0.8991715421760638,0.8992,0,2000,0,0,1.0,0.8844374854297566,budget_cv,0.121
1f7f2e0f41,main,clothing,music,svm,uncertainty,0,0,source_only,0.7747457161213878,0.7796,2000,0,0,0,0.1,0.9099615435748335,source_val_fallback,0.06
1f7f2e0f41,main,clothing,music,svm,uncertainty,0,50,transfer,0.8315061556684611,0.8316,2000,50,0,0,10.0,0.7602175373073207,budget_cv,0.205
1f7f2e0f41,main,clothing,music,svm,uncertainty,0,50,target_only,0.7107832948431101,0.7108,0,50,0,0,0.01,0.6451943524311945,budget_cv,0.038
1f7f2e0f41,main,clothing,music,svm,uncertainty,0,100,transfer,0.8411887942813245,0.8412,2000,100,0,0,1.0,0.7394993894993895,budget_cv,0.197
1f7f2e0f41,main,clothing,music,svm,uncertainty,0,100,target_only,0.6567875878570213,0.6668,0,100,0,0,0.01,0.7017636684303351,budget_cv,0.041
1f7f2e0f41,main,clothing,music,svm,uncertainty,0,250,transfer,0.8499798132836754,0.85,2000,250,0,0,10.0,0.6230793322749382,budget_cv,0.21
1f7f2e0f41,main,clothing,music,svm,uncertainty,0,250,target_only,0.7146469417680621,0.718,0,250,0,0,1.0,0.6450065152925494,budget_cv,0.045
1f7f2e0f41,main,clothing,music,svm,uncertainty,0,500,transfer,0.8707940255157398,0.8708,2000,500,0,0,10.0,0.5968567822301699,budget_cv,0.227
1f7f2e0f41,main,clothing,music,svm,uncertainty,0,500,target_only,0.7469661562429535,0.7472,0,500,0,0,0.01,0.5737293614534994,budget_cv,0.058
1f7f2e0f41,main,clothing,music,svm,uncertainty,0,1000,transfer,0.8863836392440512,0.8864,2000,1000,0,0,10.0,0.761314021653169,budget_cv,0.288
1f7f2e0f41,main,clothing,music,svm,uncertainty,0,1000,target_only,0.8763983981232397,0.8764,0,1000,0,0,10.0,0.7115402172734604,budget_cv,0.079
1f7f2e0f41,main,clothing,music,svm,uncertainty,0,2000,transfer,0.8931712673440648,0.8932,2000,2000,0,0,1.0,0.885964475720639,budget_cv,0.277
1f7f2e0f41,main,clothing,music,svm,uncertainty,0,2000,target_only,0.8951828267543354,0.8952,0,2000,0,0,10.0,0.880965076613676,budget_cv,0.116
1f7f2e0f41,main,clothing,music,svm,uncertainty,1,0,source_only,0.7747457161213878,0.7796,2000,0,0,0,0.1,0.9099615435748335,source_val_fallback,0.064
1f7f2e0f41,main,clothing,music,svm,uncertainty,1,50,transfer,0.8297436893396796,0.83,2000,50,0,0,1.0,0.842785234089582,budget_cv,0.182
1f7f2e0f41,main,clothing,music,svm,uncertainty,1,50,target_only,0.6451954891102811,0.6528,0,50,0,0,0.01,0.6486111111111111,budget_cv,0.041
1f7f2e0f41,main,clothing,music,svm,uncertainty,1,100,transfer,0.8358318918572618,0.836,2000,100,0,0,1.0,0.7740363871210357,budget_cv,0.196
1f7f2e0f41,main,clothing,music,svm,uncertainty,1,100,target_only,0.6874380886983383,0.688,0,100,0,0,0.01,0.6864738808287196,budget_cv,0.041
1f7f2e0f41,main,clothing,music,svm,uncertainty,1,250,transfer,0.8311048829026025,0.832,2000,250,0,0,0.1,0.5698199637466798,budget_cv,0.198
1f7f2e0f41,main,clothing,music,svm,uncertainty,1,250,target_only,0.7367892188864056,0.7368,0,250,0,0,0.01,0.5797888936671705,budget_cv,0.045
1f7f2e0f41,main,clothing,music,svm,uncertainty,1,500,transfer,0.8723720443725993,0.8724,2000,500,0,0,1.0,0.6232920661411271,budget_cv,0.217
1f7f2e0f41,main,clothing,music,svm,uncertainty,1,500,target_only,0.7695652754414816,0.7708,0,500,0,0,1.0,0.5826828168073726,budget_cv,0.055
1f7f2e0f41,main,clothing,music,svm,uncertainty,1,1000,transfer,0.888786049322027,0.8888,2000,1000,0,0,10.0,0.7484933793440779,budget_cv,0.279
1f7f2e0f41,main,clothing,music,svm,uncertainty,1,1000,target_only,0.8755975915693728,0.8756,0,1000,0,0,10.0,0.6852280129484981,budget_cv,0.08
1f7f2e0f41,main,clothing,music,svm,uncertainty,1,2000,transfer,0.8931712673440648,0.8932,2000,2000,0,0,1.0,0.89093946662505,budget_cv,0.29
1f7f2e0f41,main,clothing,music,svm,uncertainty,1,2000,target_only,0.8951828267543354,0.8952,0,2000,0,0,10.0,0.8894186165006163,budget_cv,0.118
1f7f2e0f41,main,clothing,music,svm,uncertainty,2,0,source_only,0.7747457161213878,0.7796,2000,0,0,0,0.1,0.9099615435748335,source_val_fallback,0.054
1f7f2e0f41,main,clothing,music,svm,uncertainty,2,50,transfer,0.8206737027052078,0.822,2000,50,0,0,1.0,0.6993464052287582,budget_cv,0.197
1f7f2e0f41,main,clothing,music,svm,uncertainty,2,50,target_only,0.6279404478655085,0.6524,0,50,0,0,0.01,0.5332996632996633,budget_cv,0.038
1f7f2e0f41,main,clothing,music,svm,uncertainty,2,100,transfer,0.837115326031084,0.8372,2000,100,0,0,10.0,0.6906329713646787,budget_cv,0.207
1f7f2e0f41,main,clothing,music,svm,uncertainty,2,100,target_only,0.6629342804057943,0.672,0,100,0,0,0.01,0.6200673009616099,budget_cv,0.04
1f7f2e0f41,main,clothing,music,svm,uncertainty,2,250,transfer,0.8547746959430211,0.8548,2000,250,0,0,10.0,0.5995078995078995,budget_cv,0.229
1f7f2e0f41,main,clothing,music,svm,uncertainty,2,250,target_only,0.7325528360289446,0.7328,0,250,0,0,0.1,0.610225084914526,budget_cv,0.046
1f7f2e0f41,main,clothing,music,svm,uncertainty,2,500,transfer,0.8703899629987346,0.8704,2000,500,0,0,10.0,0.5956252118731377,budget_cv,0.234
1f7f2e0f41,main,clothing,music,svm,uncertainty,2,500,target_only,0.7576399589111453,0.7584,0,500,0,0,0.1,0.616877054078876,budget_cv,0.054
1f7f2e0f41,main,clothing,music,svm,uncertainty,2,1000,transfer,0.887577965281195,0.8876,2000,1000,0,0,1.0,0.7581921695848909,budget_cv,0.259
1f7f2e0f41,main,clothing,music,svm,uncertainty,2,1000,target_only,0.8759971429741742,0.876,0,1000,0,0,10.0,0.703596643145077,budget_cv,0.08
1f7f2e0f41,main,clothing,music,svm,uncertainty,2,2000,transfer,0.8931712673440648,0.8932,2000,2000,0,0,1.0,0.8859728680930683,budget_cv,0.301
1f7f2e0f41,main,clothing,music,svm,uncertainty,2,2000,target_only,0.8991715421760638,0.8992,0,2000,0,0,1.0,0.8879016277768562,budget_cv,0.121
1f7f2e0f41,main,clothing,music,svm,uncertainty,3,0,source_only,0.7747457161213878,0.7796,2000,0,0,0,0.1,0.9099615435748335,source_val_fallback,0.053
1f7f2e0f41,main,clothing,music,svm,uncertainty,3,50,transfer,0.8243824382438243,0.8244,2000,50,0,0,10.0,0.7313131313131312,budget_cv,0.187
1f7f2e0f41,main,clothing,music,svm,uncertainty,3,50,target_only,0.6336719464318985,0.6464,0,50,0,0,0.01,0.7410304607673028,budget_cv,0.039
1f7f2e0f41,main,clothing,music,svm,uncertainty,3,100,transfer,0.8327330932372949,0.8328,2000,100,0,0,10.0,0.7010740442195447,budget_cv,0.199
1f7f2e0f41,main,clothing,music,svm,uncertainty,3,100,target_only,0.6878402320508133,0.6892,0,100,0,0,0.01,0.6896336638272121,budget_cv,0.04
1f7f2e0f41,main,clothing,music,svm,uncertainty,3,250,transfer,0.8470272999405408,0.8472,2000,250,0,0,1.0,0.5933269744633068,budget_cv,0.203
1f7f2e0f41,main,clothing,music,svm,uncertainty,3,250,target_only,0.719432961608023,0.7196,0,250,0,0,0.01,0.577661160806907,budget_cv,0.044
1f7f2e0f41,main,clothing,music,svm,uncertainty,3,500,transfer,0.8727791561369415,0.8728,2000,500,0,0,1.0,0.5966993102369337,budget_cv,0.207
1f7f2e0f41,main,clothing,music,svm,uncertainty,3,500,target_only,0.7384045716754597,0.7396,0,500,0,0,0.01,0.6151141854009397,budget_cv,0.052
1f7f2e0f41,main,clothing,music,svm,uncertainty,3,1000,transfer,0.8863764390183948,0.8864,2000,1000,0,0,1.0,0.7482498864098551,budget_cv,0.227
1f7f2e0f41,main,clothing,music,svm,uncertainty,3,1000,target_only,0.8823993226200983,0.8824,0,1000,0,0,1.0,0.6710130867502894,budget_cv,0.075
1f7f2e0f41,main,clothing,music,svm,uncertainty,3,2000,transfer,0.8931712673440648,0.8932,2000,2000,0,0,1.0,0.8959157530478193,budget_cv,0.28
1f7f2e0f41,main,clothing,music,svm,uncertainty,3,2000,target_only,0.8951828267543354,0.8952,0,2000,0,0,10.0,0.8869004922110385,budget_cv,0.117
1f7f2e0f41,main,clothing,music,svm,uncertainty,4,0,source_only,0.7747457161213878,0.7796,2000,0,0,0,0.1,0.9099615435748335,source_val_fallback,0.056
1f7f2e0f41,main,clothing,music,svm,uncertainty,4,50,transfer,0.823430343912745,0.824,2000,50,0,0,1.0,0.6794662309368192,budget_cv,0.181
1f7f2e0f41,main,clothing,music,svm,uncertainty,4,50,target_only,0.6915457405006975,0.694,0,50,0,0,0.01,0.7020710770710771,budget_cv,0.041
1f7f2e0f41,main,clothing,music,svm,uncertainty,4,100,transfer,0.8314483034731258,0.8316,2000,100,0,0,10.0,0.6033023774959259,budget_cv,0.208
1f7f2e0f41,main,clothing,music,svm,uncertainty,4,100,target_only,0.7145855140282824,0.7152,0,100,0,0,0.01,0.5846716706931762,budget_cv,0.04
1f7f2e0f41,main,clothing,music,svm,uncertainty,4,250,transfer,0.8591674620504322,0.8592,2000,250,0,0,1.0,0.6305132247856281,budget_cv,0.195
1f7f2e0f41,main,clothing,music,svm,uncertainty,4,250,target_only,0.7263177959116387,0.728,0,250,0,0,1.0,0.621742314455147,budget_cv,0.045
1f7f2e0f41,main,clothing,music,svm,uncertainty,4,500,transfer,0.8671468587434974,0.8672,2000,500,0,0,10.0,0.6216730215576837,budget_cv,0.233
1f7f2e0f41,main,clothing,music,svm,uncertainty,4,500,target_only,0.7687224032826,0.7696,0,500,0,0,1.0,0.5909907437901195,budget_cv,0.055
1f7f2e0f41,main,clothing,music,svm,uncertainty,4,1000,transfer,0.8859824686643818,0.886,2000,1000,0,0,10.0,0.755333335833608,budget_cv,0.267
1f7f2e0f41,main,clothing,music,svm,uncertainty,4,1000,target_only,0.8755999800959968,0.8756,0,1000,0,0,1.0,0.6947474399297956,budget_cv,0.078
1f7f2e0f41,main,clothing,music,svm,uncertainty,4,2000,transfer,0.8931712673440648,0.8932,2000,2000,0,0,1.0,0.8914824147458997,budget_cv,0.315
1f7f2e0f41,main,clothing,music,svm,uncertainty,4,2000,target_only,0.8951828267543354,0.8952,0,2000,0,0,10.0,0.8854910973960083,budget_cv,0.124
1f7f2e0f41,main,clothing,music,svm,self_training,0,0,uda_self_training,0.7227128722696108,0.738,2000,0,0,1000,0.1,0.9099615435748335,source_val_fallback,0.076
1f7f2e0f41,main,clothing,music,svm,self_training,0,50,transfer,0.8323596794234653,0.8332,2000,50,0,1000,1.0,0.8355158730158729,budget_cv,0.213
1f7f2e0f41,main,clothing,music,svm,self_training,0,50,target_only,0.7771072409493935,0.7772,0,50,0,1000,0.1,0.7942479060900114,budget_cv,0.047
1f7f2e0f41,main,clothing,music,svm,self_training,0,100,transfer,0.8395390019711029,0.84,2000,100,0,1000,1.0,0.8787717864923748,budget_cv,0.222
1f7f2e0f41,main,clothing,music,svm,self_training,0,100,target_only,0.8038793779726283,0.804,0,100,0,1000,1.0,0.8363615486680502,budget_cv,0.051
1f7f2e0f41,main,clothing,music,svm,self_training,0,250,transfer,0.8499873029253195,0.85,2000,250,0,1000,10.0,0.8593900669126757,budget_cv,0.275
1f7f2e0f41,main,clothing,music,svm,self_training,0,250,target_only,0.5994642376487185,0.6412,0,250,0,1000,0.01,0.8347356436275944,budget_cv,0.054
1f7f2e0f41,main,clothing,music,svm,self_training,0,500,transfer,0.8639996518391087,0.864,2000,500,0,1000,10.0,0.8531272416289647,budget_cv,0.304
1f7f2e0f41,main,clothing,music,svm,self_training,0,500,target_only,0.863098714953271,0.8632,0,500,0,1000,1.0,0.8454703116506649,budget_cv,0.07
1f7f2e0f41,main,clothing,music,svm,self_training,0,1000,transfer,0.885573562915976,0.8856,2000,1000,0,1000,1.0,0.8829467373742865,budget_cv,0.268
1f7f2e0f41,main,clothing,music,svm,self_training,0,1000,target_only,0.8859364711769868,0.886,0,1000,0,1000,10.0,0.8688628485558265,budget_cv,0.134
1f7f2e0f41,main,clothing,music,svm,self_training,0,2000,transfer,0.8931712673440648,0.8932,2000,2000,0,1000,1.0,0.8874832898170874,budget_cv,0.332
1f7f2e0f41,main,clothing,music,svm,self_training,0,2000,target_only,0.8979608006211666,0.898,0,2000,0,1000,1.0,0.8869071443072958,budget_cv,0.143
1f7f2e0f41,main,clothing,music,svm,self_training,1,0,uda_self_training,0.7227128722696108,0.738,2000,0,0,1000,0.1,0.9099615435748335,source_val_fallback,0.075
1f7f2e0f41,main,clothing,music,svm,self_training,1,50,transfer,0.8140396888516914,0.8156,2000,50,0,1000,10.0,0.8981325863678805,budget_cv,0.312
1f7f2e0f41,main,clothing,music,svm,self_training,1,50,target_only,0.47450218552695483,0.5672,0,50,0,1000,0.01,0.8309553191906133,budget_cv,0.055
1f7f2e0f41,main,clothing,music,svm,self_training,1,100,transfer,0.8119387750469991,0.8144,2000,100,0,1000,1.0,0.8433194853926561,budget_cv,0.231
1f7f2e0f41,main,clothing,music,svm,self_training,1,100,target_only,0.47493019774458745,0.5672,0,100,0,1000,0.01,0.8400698051940668,budget_cv,0.054
1f7f2e0f41,main,clothing,music,svm,self_training,1,250,transfer,0.8398945975449004,0.8408,2000,250,0,1000,1.0,0.881847067731186,budget_cv,0.241
1f7f2e0f41,main,clothing,music,svm,self_training,1,250,target_only,0.7983102572448346,0.8028,0,250,0,1000,1.0,0.8351159006478156,budget_cv,0.06
1f7f2e0f41,main,clothing,music,svm,self_training,1,500,transfer,0.8657721562889711,0.866,2000,500,0,1000,1.0,0.8631354819742049,budget_cv,0.248
1f7f2e0f41,main,clothing,music,svm,self_training,1,500,target_only,0.8560029243473151,0.8568,0,500,0,1000,1.0,0.8210477179668562,budget_cv,0.068
1f7f2e0f41,main,clothing,music,svm,self_training,1,1000,transfer,0.8767582752816794,0.8768,2000,1000,0,1000,10.0,0.8818008426121468,budget_cv,0.333
1f7f2e0f41,main,clothing,music,svm,self_training,1,1000,target_only,0.8879017840270932,0.888,0,1000,0,1000,1.0,0.8693236191802424,budget_cv,0.09
1f7f2e0f41,main,clothing,music,svm,self_training,1,2000,transfer,0.8931712673440648,0.8932,2000,2000,0,1000,1.0,0.8943999336134499,budget_cv,0.316
1f7f2e0f41,main,clothing,music,svm,self_training,1,2000,target_only,0.8979608006211666,0.898,0,2000,0,1000,1.0,0.8873905200639775,budget_cv,0.138
1f7f2e0f41,main,clothing,music,svm,self_training,2,0,uda_self_training,0.7227128722696108,0.738,2000,0,0,1000,0.1,0.9099615435748335,source_val_fallback,0.074
1f7f2e0f41,main,clothing,music,svm,self_training,2,50,transfer,0.8271037056098817,0.828,2000,50,0,1000,10.0,0.7357687519452224,budget_cv,0.299
1f7f2e0f41,main,clothing,music,svm,self_training,2,50,target_only,0.4431992866604432,0.5508,0,50,0,1000,0.01,0.6091637830768266,budget_cv,0.052
1f7f2e0f41,main,clothing,music,svm,self_training,2,100,transfer,0.8465495443042317,0.8468,2000,100,0,1000,1.0,0.7988436354676621,budget_cv,0.212
1f7f2e0f41,main,clothing,music,svm,self_training,2,100,target_only,0.7998303461697014,0.8008,0,100,0,1000,10.0,0.7794747929253069,budget_cv,0.054
1f7f2e0f41,main,clothing,music,svm,self_training,2,250,transfer,0.8550927918511231,0.8552,2000,250,0,1000,10.0,0.835277387871939,budget_cv,0.277
1f7f2e0f41,main,clothing,music,svm,self_training,2,250,target_only,0.5586684103071669,0.6136,0,250,0,1000,0.01,0.774726045385287,budget_cv,0.054
1f7f2e0f41,main,clothing,music,svm,self_training,2,500,transfer,0.8495852090942553,0.8504,2000,500,0,1000,0.1,0.8347091768513284,budget_cv,0.218
1f7f2e0f41,main,clothing,music,svm,self_training,2,500,target_only,0.8530710558008832,0.8536,0,500,0,1000,1.0,0.8249495040244909,budget_cv,0.064
1f7f2e0f41,main,clothing,music,svm,self_training,2,1000,transfer,0.8790361859644805,0.8792,2000,1000,0,1000,1.0,0.8790766577618229,budget_cv,0.275
1f7f2e0f41,main,clothing,music,svm,self_training,2,1000,target_only,0.8800807076890647,0.8804,0,1000,0,1000,1.0,0.865270125127172,budget_cv,0.087
1f7f2e0f41,main,clothing,music,svm,self_training,2,2000,transfer,0.8931712673440648,0.8932,2000,2000,0,1000,1.0,0.88796208778196,budget_cv,0.333
1f7f2e0f41,main,clothing,music,svm,self_training,2,2000,target_only,0.8947816667576158,0.8948,0,2000,0,1000,10.0,0.8864492782797563,budget_cv,0.157
1f7f2e0f41,main,clothing,music,svm,self_training,3,0,uda_self_training,0.7227128722696108,0.738,2000,0,0,1000,0.1,0.9099615435748335,source_val_fallback,0.072
1f7f2e0f41,main,clothing,music,svm,self_training,3,50,transfer,0.8259437219103647,0.8264,2000,50,0,1000,10.0,0.819980506822612,budget_cv,0.258
1f7f2e0f41,main,clothing,music,svm,self_training,3,50,target_only,0.45904756567512806,0.5552,0,50,0,1000,0.01,0.6702111613876319,budget_cv,0.05
1f7f2e0f41,main,clothing,music,svm,self_training,3,100,transfer,0.8288503343871664,0.8292,2000,100,0,1000,10.0,0.8071930634036678,budget_cv,0.304
1f7f2e0f41,main,clothing,music,svm,self_training,3,100,target_only,0.5195282186529677,0.5876,0,100,0,1000,0.01,0.7365954715219422,budget_cv,0.051
1f7f2e0f41,main,clothing,music,svm,self_training,3,250,transfer,0.8334852429406169,0.834,2000,250,0,1000,10.0,0.8384621877351554,budget_cv,0.267
1f7f2e0f41,main,clothing,music,svm,self_training,3,250,target_only,0.8037223329595947,0.8064,0,250,0,1000,10.0,0.8220074953240114,budget_cv,0.062
1f7f2e0f41,main,clothing,music,svm,self_training,3,500,transfer,0.8667257715857424,0.8668,2000,500,0,1000,10.0,0.8619616255179086,budget_cv,0.282
1f7f2e0f41,main,clothing,music,svm,self_training,3,500,target_only,0.8578356580206719,0.858,0,500,0,1000,10.0,0.8357869812295343,budget_cv,0.069
1f7f2e0f41,main,clothing,music,svm,self_training,3,1000,transfer,0.8811337962791757,0.8812,2000,1000,0,1000,1.0,0.8689594079389998,budget_cv,0.273
1f7f2e0f41,main,clothing,music,svm,self_training,3,1000,target_only,0.8859320885282262,0.886,0,1000,0,1000,10.0,0.8469352185401986,budget_cv,0.099
1f7f2e0f41,main,clothing,music,svm,self_training,3,2000,transfer,0.8891806908435727,0.8892,2000,2000,0,1000,10.0,0.8899254459436339,budget_cv,0.432
1f7f2e0f41,main,clothing,music,svm,self_training,3,2000,target_only,0.8947816667576158,0.8948,0,2000,0,1000,10.0,0.889437059322917,budget_cv,0.148
1f7f2e0f41,main,clothing,music,svm,self_training,4,0,uda_self_training,0.7227128722696108,0.738,2000,0,0,1000,0.1,0.9099615435748335,source_val_fallback,0.081
1f7f2e0f41,main,clothing,music,svm,self_training,4,50,transfer,0.8339100501873157,0.8348,2000,50,0,1000,1.0,0.7997276688453159,budget_cv,0.21
1f7f2e0f41,main,clothing,music,svm,self_training,4,50,target_only,0.6662000020173315,0.6876,0,50,0,1000,0.1,0.8951963241436927,budget_cv,0.046
1f7f2e0f41,main,clothing,music,svm,self_training,4,100,transfer,0.8333086710499658,0.834,2000,100,0,1000,1.0,0.8893055707837655,budget_cv,0.224
1f7f2e0f41,main,clothing,music,svm,self_training,4,100,target_only,0.5545709131397619,0.6132,0,100,0,1000,0.01,0.814992008894448,budget_cv,0.048
1f7f2e0f41,main,clothing,music,svm,self_training,4,250,transfer,0.8479975679610874,0.848,2000,250,0,1000,10.0,0.8795413839368087,budget_cv,0.313
1f7f2e0f41,main,clothing,music,svm,self_training,4,250,target_only,0.8175811634390262,0.8196,0,250,0,1000,0.1,0.850612854392658,budget_cv,0.052
1f7f2e0f41,main,clothing,music,svm,self_training,4,500,transfer,0.8607742488050589,0.8608,2000,500,0,1000,10.0,0.8759003955061587,budget_cv,0.326
1f7f2e0f41,main,clothing,music,svm,self_training,4,500,target_only,0.8642842833513567,0.8644,0,500,0,1000,10.0,0.8697847400135917,budget_cv,0.071
1f7f2e0f41,main,clothing,music,svm,self_training,4,1000,transfer,0.8843773379582398,0.8844,2000,1000,0,1000,10.0,0.8789199895564194,budget_cv,0.402
1f7f2e0f41,main,clothing,music,svm,self_training,4,1000,target_only,0.8807850456761297,0.8808,0,1000,0,1000,10.0,0.8759758036407748,budget_cv,0.095
1f7f2e0f41,main,clothing,music,svm,self_training,4,2000,transfer,0.8891806908435727,0.8892,2000,2000,0,1000,10.0,0.8844638195819821,budget_cv,0.429
1f7f2e0f41,main,clothing,music,svm,self_training,4,2000,target_only,0.8979608006211666,0.898,0,2000,0,1000,1.0,0.8844374854297566,budget_cv,0.156
1f7f2e0f41,main,clothing,electronics,logreg,random,0,0,source_only,0.8656748471620344,0.866,2000,0,0,0,10.0,0.9112850329623907,source_val_fallback,0.079
1f7f2e0f41,main,clothing,electronics,logreg,random,0,50,transfer,0.8467193117616847,0.8472,2000,50,0,0,0.01,0.7800770308123249,budget_cv,0.241
1f7f2e0f41,main,clothing,electronics,logreg,random,0,50,target_only,0.7563452818187414,0.7568,0,50,0,0,0.01,0.6979497354497354,budget_cv,0.096
1f7f2e0f41,main,clothing,electronics,logreg,random,0,100,transfer,0.8807358072408893,0.8808,2000,100,0,0,10.0,0.8388872743711454,budget_cv,0.269
1f7f2e0f41,main,clothing,electronics,logreg,random,0,100,target_only,0.7971168459415992,0.7976,0,100,0,0,1.0,0.7691368788142983,budget_cv,0.102
1f7f2e0f41,main,clothing,electronics,logreg,random,0,250,transfer,0.8899759003212064,0.89,2000,250,0,0,10.0,0.8958206574695007,budget_cv,0.275
1f7f2e0f41,main,clothing,electronics,logreg,random,0,250,target_only,0.8491959222577379,0.8492,0,250,0,0,0.1,0.8268831179645059,budget_cv,0.112
1f7f2e0f41,main,clothing,electronics,logreg,random,0,500,transfer,0.8955986469584646,0.8956,2000,500,0,0,10.0,0.8959652679194724,budget_cv,0.288
1f7f2e0f41,main,clothing,electronics,logreg,random,0,500,target_only,0.8807358072408893,0.8808,0,500,0,0,10.0,0.865974594993701,budget_cv,0.133
1f7f2e0f41,main,clothing,electronics,logreg,random,0,1000,transfer,0.9039984639754236,0.904,2000,1000,0,0,10.0,0.8936786501275478,budget_cv,0.314
1f7f2e0f41,main,clothing,electronics,logreg,random,0,1000,target_only,0.8943902670070074,0.8944,0,1000,0,0,10.0,0.8896719654498684,budget_cv,0.173
1f7f2e0f41,main,clothing,electronics,logreg,random,0,2000,transfer,0.913596460911039,0.9136,2000,2000,0,0,10.0,0.9079182319406449,budget_cv,0.379
1f7f2e0f41,main,clothing,electronics,logreg,random,0,2000,target_only,0.907173800733519,0.9072,0,2000,0,0,10.0,0.9054648210773549,budget_cv,0.234
1f7f2e0f41,main,clothing,electronics,logreg,random,1,0,source_only,0.8656748471620344,0.866,2000,0,0,0,10.0,0.9112850329623907,source_val_fallback,0.078
1f7f2e0f41,main,clothing,electronics,logreg,random,1,50,transfer,0.8541174798766518,0.8548,2000,50,0,0,1.0,0.9585245164192533,budget_cv,0.249
1f7f2e0f41,main,clothing,electronics,logreg,random,1,50,target_only,0.7314981073256903,0.7356,0,50,0,0,0.1,0.8220779220779221,budget_cv,0.095
1f7f2e0f41,main,clothing,electronics,logreg,random,1,100,transfer,0.8725794911642292,0.8728,2000,100,0,0,10.0,0.9386959578810173,budget_cv,0.269
1f7f2e0f41,main,clothing,electronics,logreg,random,1,100,target_only,0.8143941794014661,0.8144,0,100,0,0,1.0,0.7655279771520038,budget_cv,0.105
1f7f2e0f41,main,clothing,electronics,logreg,random,1,250,transfer,0.8798301086143546,0.88,2000,250,0,0,10.0,0.9109414826945136,budget_cv,0.276
1f7f2e0f41,main,clothing,electronics,logreg,random,1,250,target_only,0.8461020535757227,0.8464,0,250,0,0,0.01,0.8337344812227361,budget_cv,0.117
1f7f2e0f41,main,clothing,electronics,logreg,random,1,500,transfer,0.8915873547490579,0.8916,2000,500,0,0,10.0,0.9158116257198862,budget_cv,0.289
1f7f2e0f41,main,clothing,electronics,logreg,random,1,500,target_only,0.8811976999874718,0.8812,0,500,0,0,1.0,0.8717390792179236,budget_cv,0.13
1f7f2e0f41,main,clothing,electronics,logreg,random,1,1000,transfer,0.9039999385599606,0.904,2000,1000,0,0,10.0,0.9088820404819439,budget_cv,0.315
1f7f2e0f41,main,clothing,electronics,logreg,random,1,1000,target_only,0.8939893989398939,0.894,0,1000,0,0,10.0,0.9008746500041357,budget_cv,0.168
1f7f2e0f41,main,clothing,electronics,logreg,random,1,2000,transfer,0.913596460911039,0.9136,2000,2000,0,0,10.0,0.907432263461693,budget_cv,0.383
1f7f2e0f41,main,clothing,electronics,logreg,random,1,2000,target_only,0.907173800733519,0.9072,0,2000,0,0,10.0,0.9044471702533112,budget_cv,0.233
1f7f2e0f41,main,clothing,electronics,logreg,random,2,0,source_only,0.8656748471620344,0.866,2000,0,0,0,10.0,0.9112850329623907,source_val_fallback,0.078
1f7f2e0f41,main,clothing,electronics,logreg,random,2,50,transfer,0.8705354988455615,0.8708,2000,50,0,0,10.0,0.8964387464387465,budget_cv,0.265
1f7f2e0f41,main,clothing,electronics,logreg,random,2,50,target_only,0.7531220442777217,0.7536,0,50,0,0,0.01,0.7774198568316214,budget_cv,0.097
1f7f2e0f41,main,clothing,electronics,logreg,random,2,100,transfer,0.8741099493232407,0.8744,2000,100,0,0,10.0,0.9000721385090457,budget_cv,0.268
1f7f2e0f41,main,clothing,electronics,logreg,random,2,100,target_only,0.7752923470900928,0.7784,0,100,0,0,10.0,0.7932200510445071,budget_cv,0.104
1f7f2e0f41,main,clothing,electronics,logreg,random,2,250,transfer,0.8899344713868849,0.89,2000,250,0,0,10.0,0.8872671855548395,budget_cv,0.278
1f7f2e0f41,main,clothing,electronics,logreg,random,2,250,target_only,0.8583672771757187,0.8584,0,250,0,0,10.0,0.8387838046265013,budget_cv,0.117
1f7f2e0f41,main,clothing,electronics,logreg,random,2,500,transfer,0.894297104573476,0.8944,2000,500,0,0,10.0,0.8875506151374987,budget_cv,0.288
1f7f2e0f41,main,clothing,electronics,logreg,random,2,500,target_only,0.8706052038981564,0.8708,0,500,0,0,10.0,0.8486851868870641,budget_cv,0.134
1f7f2e0f41,main,clothing,electronics,logreg,random,2,1000,transfer,0.9031960349095899,0.9032,2000,1000,0,0,10.0,0.8918148030380172,budget_cv,0.314
1f7f2e0f41,main,clothing,electronics,logreg,random,2,1000,target_only,0.9019943391930317,0.902,0,1000,0,0,10.0,0.8709131465418496,budget_cv,0.167
1f7f2e0f41,main,clothing,electronics,logreg,random,2,2000,transfer,0.9043998623358018,0.9044,2000,2000,0,0,1.0,0.9078079110899419,budget_cv,0.362
1f7f2e0f41,main,clothing,electronics,logreg,random,2,2000,target_only,0.8991834822217272,0.8992,0,2000,0,0,1.0,0.9029116796232041,budget_cv,0.215
1f7f2e0f41,main,clothing,electronics,logreg,random,3,0,source_only,0.8656748471620344,0.866,2000,0,0,0,10.0,0.9112850329623907,source_val_fallback,0.078
1f7f2e0f41,main,clothing,electronics,logreg,random,3,50,transfer,0.8668829898272943,0.8672,2000,50,0,0,10.0,0.9194358445132439,budget_cv,0.262
1f7f2e0f41,main,clothing,electronics,logreg,random,3,50,target_only,0.7404212142241289,0.7472,0,50,0,0,0.1,0.6391414141414141,budget_cv,0.092
1f7f2e0f41,main,clothing,electronics,logreg,random,3,100,transfer,0.8766673137628387,0.8768,2000,100,0,0,10.0,0.9395233613253634,budget_cv,0.265
1f7f2e0f41,main,clothing,electronics,logreg,random,3,100,target_only,0.8121593582207735,0.8128,0,100,0,0,0.1,0.6899677012000504,budget_cv,0.105
1f7f2e0f41,main,clothing,electronics,logreg,random,3,250,transfer,0.8823635609366357,0.8824,2000,250,0,0,10.0,0.9239589553003807,budget_cv,0.276
1f7f2e0f41,main,clothing,electronics,logreg,random,3,250,target_only,0.8627973437565751,0.8628,0,250,0,0,10.0,0.8518716769457764,budget_cv,0.119
1f7f2e0f41,main,clothing,electronics,logreg,random,3,500,transfer,0.8939950983333469,0.894,2000,500,0,0,10.0,0.9219786882070161,budget_cv,0.293
1f7f2e0f41,main,clothing,electronics,logreg,random,3,500,target_only,0.8782559329408048,0.8784,0,500,0,0,0.01,0.8999482970712567,budget_cv,0.125
1f7f2e0f41,main,clothing,electronics,logreg,random,3,1000,transfer,0.9039911518245523,0.904,2000,1000,0,0,10.0,0.9158127870501219,budget_cv,0.321
1f7f2e0f41,main,clothing,electronics,logreg,random,3,1000,target_only,0.8951903407418027,0.8952,0,1000,0,0,1.0,0.888825832363087,budget_cv,0.159
1f7f2e0f41,main,clothing,electronics,logreg,random,3,2000,transfer,0.913596460911039,0.9136,2000,2000,0,0,10.0,0.9078685988395144,budget_cv,0.378
1f7f2e0f41,main,clothing,electronics,logreg,random,3,2000,target_only,0.907173800733519,0.9072,0,2000,0,0,10.0,0.9069128912844575,budget_cv,0.238
1f7f2e0f41,main,clothing,electronics,logreg,random,4,0,source_only,0.8656748471620344,0.866,2000,0,0,0,10.0,0.9112850329623907,source_val_fallback,0.077
1f7f2e0f41,main,clothing,electronics,logreg,random,4,50,transfer,0.8754938410686488,0.8756,2000,50,0,0,10.0,0.8761904761904762,budget_cv,0.264
1f7f2e0f41,main,clothing,electronics,logreg,random,4,50,target_only,0.736861779148829,0.7432,0,50,0,0,0.01,0.6840519256995229,budget_cv,0.097
1f7f2e0f41,main,clothing,electronics,logreg,random,4,100,transfer,0.8815563369280451,0.8816,2000,100,0,0,10.0,0.8979236174778648,budget_cv,0.266
1f7f2e0f41,main,clothing,electronics,logreg,random,4,100,target_only,0.7891248535993236,0.7912,0,100,0,0,0.01,0.8971780832477569,budget_cv,0.106
1f7f2e0f41,main,clothing,electronics,logreg,random,4,250,transfer,0.888378122111934,0.8884,2000,250,0,0,10.0,0.867652526461375,budget_cv,0.276
1f7f2e0f41,main,clothing,electronics,logreg,random,4,250,target_only,0.8376434760314233,0.8388,0,250,0,0,1.0,0.8415302250920885,budget_cv,0.114
1f7f2e0f41,main,clothing,electronics,logreg,random,4,500,transfer,0.8952,0.8952,2000,500,0,0,10.0,0.8740037359163679,budget_cv,0.286
1f7f2e0f41,main,clothing,electronics,logreg,random,4,500,target_only,0.8741822648602766,0.8744,0,500,0,0,1.0,0.8575886841667263,budget_cv,0.13
1f7f2e0f41,main,clothing,electronics,logreg,random,4,1000,transfer,0.9027981181715679,0.9028,2000,1000,0,0,10.0,0.8969604009919704,budget_cv,0.308
1f7f2e0f41,main,clothing,electronics,logreg,random,4,1000,target_only,0.8947413751563071,0.8948,0,1000,0,0,10.0,0.892935887780471,budget_cv,0.162
1f7f2e0f41,main,clothing,electronics,logreg,random,4,2000,transfer,0.9043998623358018,0.9044,2000,2000,0,0,1.0,0.9088615989697667,budget_cv,0.357
1f7f2e0f41,main,clothing,electronics,logreg,random,4,2000,target_only,0.907173800733519,0.9072,0,2000,0,0,10.0,0.9074549519081768,budget_cv,0.226
1f7f2e0f41,main,clothing,electronics,logreg,uncertainty,0,0,source_only,0.8656748471620344,0.866,2000,0,0,0,10.0,0.9112850329623907,source_val_fallback,0.078
1f7f2e0f41,main,clothing,electronics,logreg,uncertainty,0,50,transfer,0.8795763969738069,0.8796,2000,50,0,0,10.0,0.8252525252525252,budget_cv,0.263
1f7f2e0f41,main,clothing,electronics,logreg,uncertainty,0,50,target_only,0.5650432401446547,0.6228,0,50,0,0,0.01,0.561025641025641,budget_cv,0.103
1f7f2e0f41,main,clothing,electronics,logreg,uncertainty,0,100,transfer,0.8759742820271211,0.876,2000,100,0,0,1.0,0.6754128404013988,budget_cv,0.255
1f7f2e0f41,main,clothing,electronics,logreg,uncertainty,0,100,target_only,0.6989410036502489,0.7036,0,100,0,0,0.01,0.5569509090185782,budget_cv,0.108
1f7f2e0f41,main,clothing,electronics,logreg,uncertainty,0,250,transfer,0.8903862500512064,0.8904,2000,250,0,0,10.0,0.6614946081267022,budget_cv,0.276
1f7f2e0f41,main,clothing,electronics,logreg,uncertainty,0,250,target_only,0.7264049287170675,0.7268,0,250,0,0,0.01,0.6358803555186175,budget_cv,0.113
1f7f2e0f41,main,clothing,electronics,logreg,uncertainty,0,500,transfer,0.9007977143793393,0.9008,2000,500,0,0,10.0,0.7024617944912027,budget_cv,0.299
1f7f2e0f41,main,clothing,electronics,logreg,uncertainty,0,500,target_only,0.7326952907209249,0.7352,0,500,0,0,0.1,0.6227605431769,budget_cv,0.127
1f7f2e0f41,main,clothing,electronics,logreg,uncertainty,0,1000,transfer,0.9103990824866046,0.9104,2000,1000,0,0,10.0,0.8178770900192097,budget_cv,0.329
1f7f2e0f41,main,clothing,electronics,logreg,uncertainty,0,1000,target_only,0.8842533072715035,0.8844,0,1000,0,0,10.0,0.7487359886585994,budget_cv,0.17
1f7f2e0f41,main,clothing,electronics,logreg,uncertainty,0,2000,transfer,0.913596460911039,0.9136,2000,2000,0,0,10.0,0.908431721326601,budget_cv,0.376
1f7f2e0f41,main,clothing,electronics,logreg,uncertainty,0,2000,target_only,0.907173800733519,0.9072,0,2000,0,0,10.0,0.9064335997747547,budget_cv,0.229
1f7f2e0f41,main,clothing,electronics,logreg,uncertainty,1,0,source_only,0.8656748471620344,0.866,2000,0,0,0,10.0,0.9112850329623907,source_val_fallback,0.076
1f7f2e0f41,main,clothing,electronics,logreg,uncertainty,1,50,transfer,0.8734638673670682,0.8736,2000,50,0,0,10.0,0.8096413390531038,budget_cv,0.263
1f7f2e0f41,main,clothing,electronics,logreg,uncertainty,1,50,target_only,0.6911493979173549,0.6912,0,50,0,0,0.01,0.6361240110079119,budget_cv,0.094
1f7f2e0f41,main,clothing,electronics,logreg,uncertainty,1,100,transfer,0.8690556679194075,0.8692,2000,100,0,0,1.0,0.6757964257964257,budget_cv,0.255
1f7f2e0f41,main,clothing,electronics,logreg,uncertainty,1,100,target_only,0.6451108760161353,0.6588,0,100,0,0,0.01,0.5371287662954329,budget_cv,0.106
1f7f2e0f41,main,clothing,electronics,logreg,uncertainty,1,250,transfer,0.8899784357734115,0.89,2000,250,0,0,10.0,0.6753945711645043,budget_cv,0.277
1f7f2e0f41,main,clothing,electronics,logreg,uncertainty,1,250,target_only,0.7147798748679707,0.7148,0,250,0,0,0.01,0.6010017028741023,budget_cv,0.113
1f7f2e0f41,main,clothing,electronics,logreg,uncertainty,1,500,transfer,0.8995998554237918,0.8996,2000,500,0,0,10.0,0.7223986638603752,budget_cv,0.298
1f7f2e0f41,main,clothing,electronics,logreg,uncertainty,1,500,target_only,0.7329692801093448,0.7348,0,500,0,0,0.1,0.6254560647870747,budget_cv,0.132
1f7f2e0f41,main,clothing,electronics,logreg,uncertainty,1,1000,transfer,0.9104,0.9104,2000,1000,0,0,10.0,0.8277915145242677,budget_cv,0.326
1f7f2e0f41,main,clothing,electronics,logreg,uncertainty,1,1000,target_only,0.8854885299545989,0.8856,0,1000,0,0,10.0,0.7542088352599964,budget_cv,0.17
1f7f2e0f41,main,clothing,electronics,logreg,uncertainty,1,2000,transfer,0.913596460911039,0.9136,2000,2000,0,0,10.0,0.9059090978708499,budget_cv,0.376
1f7f2e0f41,main,clothing,electronics,logreg,uncertainty,1,2000,target_only,0.907173800733519,0.9072,0,2000,0,0,10.0,0.9074683856679631,budget_cv,0.23
1f7f2e0f41,main,clothing,electronics,logreg,uncertainty,2,0,source_only,0.8656748471620344,0.866,2000,0,0,0,10.0,0.9112850329623907,source_val_fallback,0.076
1f7f2e0f41,main,clothing,electronics,logreg,uncertainty,2,50,transfer,0.8759027077228547,0.876,2000,50,0,0,10.0,0.7701363451363452,budget_cv,0.266
1f7f2e0f41,main,clothing,electronics,logreg,uncertainty,2,50,target_only,0.6683575577915266,0.672,0,50,0,0,0.01,0.6182063550484603,budget_cv,0.097
1f7f2e0f41,main,clothing,electronics,logreg,uncertainty,2,100,transfer,0.8799778006940164,0.88,2000,100,0,0,10.0,0.7271313559748842,budget_cv,0.269
1f7f2e0f41,main,clothing,electronics,logreg,uncertainty,2,100,target_only,0.5724373561525782,0.61,0,100,0,0,0.01,0.6675910364145657,budget_cv,0.106
1f7f2e0f41,main,clothing,electronics,logreg,uncertainty,2,250,transfer,0.8903862500512064,0.8904,2000,250,0,0,10.0,0.6675344465359863,budget_cv,0.276
1f7f2e0f41,main,clothing,electronics,logreg,uncertainty,2,250,target_only,0.7102552265128057,0.712,0,250,0,0,0.01,0.5918901901976619,budget_cv,0.114
1f7f2e0f41,main,clothing,electronics,logreg,uncertainty,2,500,transfer,0.8983947327829475,0.8984,2000,500,0,0,10.0,0.6804937678662273,budget_cv,0.294
1f7f2e0f41,main,clothing,electronics,logreg,uncertainty,2,500,target_only,0.7326630803378753,0.7336,0,500,0,0,0.01,0.5996595090951894,budget_cv,0.127
1f7f2e0f41,main,clothing,electronics,logreg,uncertainty,2,1000,transfer,0.9099992943944681,0.91,2000,1000,0,0,10.0,0.8218565982368528,budget_cv,0.329
1f7f2e0f41,main,clothing,electronics,logreg,uncertainty,2,1000,target_only,0.8846570855152368,0.8848,0,1000,0,0,10.0,0.7484289716164079,budget_cv,0.17
1f7f2e0f41,main,clothing,electronics,logreg,uncertainty,2,2000,transfer,0.913596460911039,0.9136,2000,2000,0,0,10.0,0.9119614765686057,budget_cv,0.377
1f7f2e0f41,main,clothing,electronics,logreg,uncertainty,2,2000,target_only,0.907173800733519,0.9072,0,2000,0,0,10.0,0.9124582910481243,budget_cv,0.229
1f7f2e0f41,main,clothing,electronics,logreg,uncertainty,3,0,source_only,0.8656748471620344,0.866,2000,0,0,0,10.0,0.9112850329623907,source_val_fallback,0.076
1f7f2e0f41,main,clothing,electronics,logreg,uncertainty,3,50,transfer,0.8771405360194334,0.8772,2000,50,0,0,10.0,0.9156787656787656,budget_cv,0.265
1f7f2e0f41,main,clothing,electronics,logreg,uncertainty,3,50,target_only,0.647145073637523,0.6664,0,50,0,0,0.01,0.650805152979066,budget_cv,0.098
1f7f2e0f41,main,clothing,electronics,logreg,uncertainty,3,100,transfer,0.8827900793523163,0.8828,2000,100,0,0,10.0,0.7543056514071007,budget_cv,0.269
1f7f2e0f41,main,clothing,electronics,logreg,uncertainty,3,100,target_only,0.6428327877795963,0.6648,0,100,0,0,0.01,0.6055608890871298,budget_cv,0.107
1f7f2e0f41,main,clothing,electronics,logreg,uncertainty,3,250,transfer,0.8879620684378904,0.888,2000,250,0,0,10.0,0.6697362819564875,budget_cv,0.282
1f7f2e0f41,main,clothing,electronics,logreg,uncertainty,3,250,target_only,0.7167535929086621,0.7168,0,250,0,0,0.01,0.5884830481647931,budget_cv,0.114
1f7f2e0f41,main,clothing,electronics,logreg,uncertainty,3,500,transfer,0.8999983999743996,0.9,2000,500,0,0,10.0,0.704517772252326,budget_cv,0.295
1f7f2e0f41,main,clothing,electronics,logreg,uncertainty,3,500,target_only,0.749569722630406,0.7532,0,500,0,0,1.0,0.6143853220148238,budget_cv,0.132
1f7f2e0f41,main,clothing,electronics,logreg,uncertainty,3,1000,transfer,0.9099992943944681,0.91,2000,1000,0,0,10.0,0.8158606291602881,budget_cv,0.332
1f7f2e0f41,main,clothing,electronics,logreg,uncertainty,3,1000,target_only,0.8842724404547668,0.8844,0,1000,0,0,10.0,0.7788172894132108,budget_cv,0.166
1f7f2e0f41,main,clothing,electronics,logreg,uncertainty,3,2000,transfer,0.913596460911039,0.9136,2000,2000,0,0,10.0,0.9094357101249205,budget_cv,0.381
1f7f2e0f41,main,clothing,electronics,logreg,uncertainty,3,2000,target_only,0.907173800733519,0.9072,0,2000,0,0,10.0,0.902968460691504,budget_cv,0.23
1f7f2e0f41,main,clothing,electronics,logreg,uncertainty,4,0,source_only,0.8656748471620344,0.866,2000,0,0,0,10.0,0.9112850329623907,source_val_fallback,0.075
1f7f2e0f41,main,clothing,electronics,logreg,uncertainty,4,50,transfer,0.8791303790983607,0.8792,2000,50,0,0,10.0,0.7795454545454547,budget_cv,0.263
1f7f2e0f41,main,clothing,electronics,logreg,uncertainty,4,50,target_only,0.6916264090177133,0.6936,0,50,0,0,0.01,0.615592903828198,budget_cv,0.099
1f7f2e0f41,main,clothing,electronics,logreg,uncertainty,4,100,transfer,0.8787990497845504,0.8788,2000,100,0,0,10.0,0.6662348272642391,budget_cv,0.268
1f7f2e0f41,main,clothing,electronics,logreg,uncertainty,4,100,target_only,0.6941662083194537,0.6968,0,100,0,0,0.01,0.5415970481759956,budget_cv,0.106
1f7f2e0f41,main,clothing,electronics,logreg,uncertainty,4,250,transfer,0.8867920120443699,0.8868,2000,250,0,0,10.0,0.6472073294329506,budget_cv,0.278
1f7f2e0f41,main,clothing,electronics,logreg,uncertainty,4,250,target_only,0.6243500656466465,0.6492,0,250,0,0,0.1,0.5604491876022375,budget_cv,0.117
1f7f2e0f41,main,clothing,electronics,logreg,uncertainty,4,500,transfer,0.8987980407300685,0.8988,2000,500,0,0,10.0,0.6839931826396141,budget_cv,0.298
1f7f2e0f41,main,clothing,electronics,logreg,uncertainty,4,500,target_only,0.7315408455751786,0.7344,0,500,0,0,0.1,0.5824015646604952,budget_cv,0.129
1f7f2e0f41,main,clothing,electronics,logreg,uncertainty,4,1000,transfer,0.9103994839010272,0.9104,2000,1000,0,0,10.0,0.8258484952247298,budget_cv,0.325
1f7f2e0f41,main,clothing,electronics,logreg,uncertainty,4,1000,target_only,0.8854767913512073,0.8856,0,1000,0,0,10.0,0.7451555595099596,budget_cv,0.165
1f7f2e0f41,main,clothing,electronics,logreg,uncertainty,4,2000,transfer,0.913596460911039,0.9136,2000,2000,0,0,10.0,0.9079237718566672,budget_cv,0.384
1f7f2e0f41,main,clothing,electronics,logreg,uncertainty,4,2000,target_only,0.907173800733519,0.9072,0,2000,0,0,10.0,0.9039534946394227,budget_cv,0.227
1f7f2e0f41,main,clothing,electronics,logreg,self_training,0,0,uda_self_training,0.8740488683972727,0.8744,2000,0,0,1000,10.0,0.9112850329623907,source_val_fallback,0.149
1f7f2e0f41,main,clothing,electronics,logreg,self_training,0,50,transfer,0.8274326619615191,0.8292,2000,50,0,1000,0.01,0.7800770308123249,budget_cv,0.265
1f7f2e0f41,main,clothing,electronics,logreg,self_training,0,50,target_only,0.6673014983366792,0.69,0,50,0,1000,0.01,0.6979497354497354,budget_cv,0.111
1f7f2e0f41,main,clothing,electronics,logreg,self_training,0,100,transfer,0.8855249776493523,0.8856,2000,100,0,1000,10.0,0.8388872743711454,budget_cv,0.346
1f7f2e0f41,main,clothing,electronics,logreg,self_training,0,100,target_only,0.8159249686109963,0.8164,0,100,0,1000,1.0,0.7691368788142983,budget_cv,0.131
1f7f2e0f41,main,clothing,electronics,logreg,self_training,0,250,transfer,0.8863679284841354,0.8864,2000,250,0,1000,10.0,0.8958206574695007,budget_cv,0.352
1f7f2e0f41,main,clothing,electronics,logreg,self_training,0,250,target_only,0.7762109275714018,0.7808,0,250,0,1000,0.1,0.8268831179645059,budget_cv,0.135
1f7f2e0f41,main,clothing,electronics,logreg,self_training,0,500,transfer,0.896795772754852,0.8968,2000,500,0,1000,10.0,0.8959652679194724,budget_cv,0.373
1f7f2e0f41,main,clothing,electronics,logreg,self_training,0,500,target_only,0.8859776516197175,0.886,0,500,0,1000,10.0,0.865974594993701,budget_cv,0.181
1f7f2e0f41,main,clothing,electronics,logreg,self_training,0,1000,transfer,0.9035955422578741,0.9036,2000,1000,0,1000,10.0,0.8936786501275478,budget_cv,0.416
1f7f2e0f41,main,clothing,electronics,logreg,self_training,0,1000,target_only,0.8919955761387987,0.892,0,1000,0,1000,10.0,0.8896719654498684,budget_cv,0.232
1f7f2e0f41,main,clothing,electronics,logreg,self_training,0,2000,transfer,0.9127991070628563,0.9128,2000,2000,0,1000,10.0,0.9079182319406449,budget_cv,0.505
1f7f2e0f41,main,clothing,electronics,logreg,self_training,0,2000,target_only,0.905584530969554,0.9056,0,2000,0,1000,10.0,0.9054648210773549,budget_cv,0.316
1f7f2e0f41,main,clothing,electronics,logreg,self_training,1,0,uda_self_training,0.8740488683972727,0.8744,2000,0,0,1000,10.0,0.9112850329623907,source_val_fallback,0.151
1f7f2e0f41,main,clothing,electronics,logreg,self_training,1,50,transfer,0.8621088010605482,0.8628,2000,50,0,1000,1.0,0.9585245164192533,budget_cv,0.298
1f7f2e0f41,main,clothing,electronics,logreg,self_training,1,50,target_only,0.4857142857142857,0.568,0,50,0,1000,0.1,0.8220779220779221,budget_cv,0.116
1f7f2e0f41,main,clothing,electronics,logreg,self_training,1,100,transfer,0.879021610105397,0.8792,2000,100,0,1000,10.0,0.9386959578810173,budget_cv,0.338
1f7f2e0f41,main,clothing,electronics,logreg,self_training,1,100,target_only,0.7972440998839252,0.7988,0,100,0,1000,1.0,0.7655279771520038,budget_cv,0.131
1f7f2e0f41,main,clothing,electronics,logreg,self_training,1,250,transfer,0.8842724404547668,0.8844,2000,250,0,1000,10.0,0.9109414826945136,budget_cv,0.355
1f7f2e0f41,main,clothing,electronics,logreg,self_training,1,250,target_only,0.7128012060333917,0.7264,0,250,0,1000,0.01,0.8337344812227361,budget_cv,0.129
1f7f2e0f41,main,clothing,electronics,logreg,self_training,1,500,transfer,0.8955859500454382,0.8956,2000,500,0,1000,10.0,0.9158116257198862,budget_cv,0.377
1f7f2e0f41,main,clothing,electronics,logreg,self_training,1,500,target_only,0.8698950625616597,0.87,0,500,0,1000,1.0,0.8717390792179236,budget_cv,0.164
1f7f2e0f41,main,clothing,electronics,logreg,self_training,1,1000,transfer,0.9043998623358018,0.9044,2000,1000,0,1000,10.0,0.9088820404819439,budget_cv,0.406
1f7f2e0f41,main,clothing,electronics,logreg,self_training,1,1000,target_only,0.896391230553754,0.8964,0,1000,0,1000,10.0,0.9008746500041357,budget_cv,0.227
1f7f2e0f41,main,clothing,electronics,logreg,self_training,1,2000,transfer,0.9127991070628563,0.9128,2000,2000,0,1000,10.0,0.907432263461693,budget_cv,0.503
1f7f2e0f41,main,clothing,electronics,logreg,self_training,1,2000,target_only,0.905584530969554,0.9056,0,2000,0,1000,10.0,0.9044471702533112,budget_cv,0.31
1f7f2e0f41,main,clothing,electronics,logreg,self_training,2,0,uda_self_training,0.8740488683972727,0.8744,2000,0,0,1000,10.0,0.9112850329623907,source_val_fallback,0.149
1f7f2e0f41,main,clothing,electronics,logreg,self_training,2,50,transfer,0.8741290047821357,0.8744,2000,50,0,1000,10.0,0.8964387464387465,budget_cv,0.335
1f7f2e0f41,main,clothing,electronics,logreg,self_training,2,50,target_only,0.5612677722961533,0.6144,0,50,0,1000,0.01,0.7774198568316214,budget_cv,0.116
1f7f2e0f41,main,clothing,electronics,logreg,self_training,2,100,transfer,0.8777322041828894,0.878,2000,100,0,1000,10.0,0.9000721385090457,budget_cv,0.342
1f7f2e0f41,main,clothing,electronics,logreg,self_training,2,100,target_only,0.7427168929843593,0.7524,0,100,0,1000,10.0,0.7932200510445071,budget_cv,0.152
1f7f2e0f41,main,clothing,electronics,logreg,self_training,2,250,transfer,0.887523966201152,0.8876,2000,250,0,1000,10.0,0.8872671855548395,budget_cv,0.355
1f7f2e0f41,main,clothing,electronics,logreg,self_training,2,250,target_only,0.8522127002878368,0.8524,0,250,0,1000,10.0,0.8387838046265013,budget_cv,0.164
1f7f2e0f41,main,clothing,electronics,logreg,self_training,2,500,transfer,0.8939095430327715,0.894,2000,500,0,1000,10.0,0.8875506151374987,budget_cv,0.376
1f7f2e0f41,main,clothing,electronics,logreg,self_training,2,500,target_only,0.8673192475277687,0.8676,0,500,0,1000,10.0,0.8486851868870641,budget_cv,0.185
1f7f2e0f41,main,clothing,electronics,logreg,self_training,2,1000,transfer,0.9019987299035395,0.902,2000,1000,0,1000,10.0,0.8918148030380172,budget_cv,0.409
1f7f2e0f41,main,clothing,electronics,logreg,self_training,2,1000,target_only,0.8995972851105893,0.8996,0,1000,0,1000,10.0,0.8709131465418496,budget_cv,0.226
1f7f2e0f41,main,clothing,electronics,logreg,self_training,2,2000,transfer,0.905198771376077,0.9052,2000,2000,0,1000,1.0,0.9078079110899419,budget_cv,0.445
1f7f2e0f41,main,clothing,electronics,logreg,self_training,2,2000,target_only,0.8983968137240783,0.8984,0,2000,0,1000,1.0,0.9029116796232041,budget_cv,0.264
1f7f2e0f41,main,clothing,electronics,logreg,self_training,3,0,uda_self_training,0.8740488683972727,0.8744,2000,0,0,1000,10.0,0.9112850329623907,source_val_fallback,0.151
1f7f2e0f41,main,clothing,electronics,logreg,self_training,3,50,transfer,0.8748821807201781,0.8752,2000,50,0,1000,10.0,0.9194358445132439,budget_cv,0.34
1f7f2e0f41,main,clothing,electronics,logreg,self_training,3,50,target_only,0.4982717829565386,0.576,0,50,0,1000,0.1,0.6391414141414141,budget_cv,0.12
1f7f2e0f41,main,clothing,electronics,logreg,self_training,3,100,transfer,0.883495145631068,0.8836,2000,100,0,1000,10.0,0.9395233613253634,budget_cv,0.349
1f7f2e0f41,main,clothing,electronics,logreg,self_training,3,100,target_only,0.7912705642818967,0.7928,0,100,0,1000,0.1,0.6899677012000504,budget_cv,0.129
1f7f2e0f41,main,clothing,electronics,logreg,self_training,3,250,transfer,0.8899704064405163,0.89,2000,250,0,1000,10.0,0.9239589553003807,budget_cv,0.377
1f7f2e0f41,main,clothing,electronics,logreg,self_training,3,250,target_only,0.8723965496027013,0.8724,0,250,0,1000,10.0,0.8518716769457764,budget_cv,0.17
1f7f2e0f41,main,clothing,electronics,logreg,self_training,3,500,transfer,0.8951932923707118,0.8952,2000,500,0,1000,10.0,0.9219786882070161,budget_cv,0.378
1f7f2e0f41,main,clothing,electronics,logreg,self_training,3,500,target_only,0.8247113848829812,0.8256,0,500,0,1000,0.01,0.8999482970712567,budget_cv,0.142
1f7f2e0f41,main,clothing,electronics,logreg,self_training,3,1000,transfer,0.9043871343327958,0.9044,2000,1000,0,1000,10.0,0.9158127870501219,budget_cv,0.418
1f7f2e0f41,main,clothing,electronics,logreg,self_training,3,1000,target_only,0.8855953139840609,0.8856,0,1000,0,1000,1.0,0.888825832363087,budget_cv,0.201
1f7f2e0f41,main,clothing,electronics,logreg,self_training,3,2000,transfer,0.9127991070628563,0.9128,2000,2000,0,1000,10.0,0.9078685988395144,budget_cv,0.501
1f7f2e0f41,main,clothing,electronics,logreg,self_training,3,2000,target_only,0.905584530969554,0.9056,0,2000,0,1000,10.0,0.9069128912844575,budget_cv,0.321
1f7f2e0f41,main,clothing,electronics,logreg,self_training,4,0,uda_self_training,0.8740488683972727,0.8744,2000,0,0,1000,10.0,0.9112850329623907,source_val_fallback,0.148
1f7f2e0f41,main,clothing,electronics,logreg,self_training,4,50,transfer,0.88229121825226,0.8824,2000,50,0,1000,10.0,0.8761904761904762,budget_cv,0.336
1f7f2e0f41,main,clothing,electronics,logreg,self_training,4,50,target_only,0.6813543172833418,0.7072,0,50,0,1000,0.01,0.6840519256995229,budget_cv,0.115
1f7f2e0f41,main,clothing,electronics,logreg,self_training,4,100,transfer,0.8859630520288574,0.886,2000,100,0,1000,10.0,0.8979236174778648,budget_cv,0.343
1f7f2e0f41,main,clothing,electronics,logreg,self_training,4,100,target_only,0.8091675890233196,0.8112,0,100,0,1000,0.01,0.8971780832477569,budget_cv,0.122
1f7f2e0f41,main,clothing,electronics,logreg,self_training,4,250,transfer,0.8935917597458747,0.8936,2000,250,0,1000,10.0,0.867652526461375,budget_cv,0.356
1f7f2e0f41,main,clothing,electronics,logreg,self_training,4,250,target_only,0.8331348065390618,0.8336,0,250,0,1000,1.0,0.8415302250920885,budget_cv,0.151
1f7f2e0f41,main,clothing,electronics,logreg,self_training,4,500,transfer,0.8983999349759584,0.8984,2000,500,0,1000,10.0,0.8740037359163679,budget_cv,0.375
1f7f2e0f41,main,clothing,electronics,logreg,self_training,4,500,target_only,0.8643989368876652,0.8644,0,500,0,1000,1.0,0.8575886841667263,budget_cv,0.17
1f7f2e0f41,main,clothing,electronics,logreg,self_training,4,1000,transfer,0.9051981646364673,0.9052,2000,1000,0,1000,10.0,0.8969604009919704,budget_cv,0.403
1f7f2e0f41,main,clothing,electronics,logreg,self_training,4,1000,target_only,0.8947925765642024,0.8948,0,1000,0,1000,10.0,0.892935887780471,budget_cv,0.224
1f7f2e0f41,main,clothing,electronics,logreg,self_training,4,2000,transfer,0.905198771376077,0.9052,2000,2000,0,1000,1.0,0.9088615989697667,budget_cv,0.438
1f7f2e0f41,main,clothing,electronics,logreg,self_training,4,2000,target_only,0.905584530969554,0.9056,0,2000,0,1000,10.0,0.9074549519081768,budget_cv,0.313
1f7f2e0f41,main,clothing,electronics,svm,random,0,0,source_only,0.864924034399239,0.8652,2000,0,0,0,1.0,0.9139583558442286,source_val_fallback,0.062
1f7f2e0f41,main,clothing,electronics,svm,random,0,50,transfer,0.880319095708699,0.8804,2000,50,0,0,1.0,0.7980230553759965,budget_cv,0.203
1f7f2e0f41,main,clothing,electronics,svm,random,0,50,target_only,0.6990332072299286,0.7136,0,50,0,0,0.01,0.5994588744588745,budget_cv,0.038
1f7f2e0f41,main,clothing,electronics,svm,random,0,100,transfer,0.8747831508207744,0.8748,2000,100,0,0,10.0,0.8392986575624146,budget_cv,0.229
1f7f2e0f41,main,clothing,electronics,svm,random,0,100,target_only,0.7963462921234443,0.7968,0,100,0,0,0.1,0.7691368788142983,budget_cv,0.042
1f7f2e0f41,main,clothing,electronics,svm,random,0,250,transfer,0.8887839848938247,0.8888,2000,250,0,0,1.0,0.89582994524855,budget_cv,0.202
1f7f2e0f41,main,clothing,electronics,svm,random,0,250,target_only,0.8483893023491738,0.8484,0,250,0,0,0.01,0.8268831179645059,budget_cv,0.043
1f7f2e0f41,main,clothing,electronics,svm,random,0,500,transfer,0.8995986987991365,0.8996,2000,500,0,0,1.0,0.8940069681729517,budget_cv,0.241
1f7f2e0f41,main,clothing,electronics,svm,random,0,500,target_only,0.8795458630927084,0.8796,0,500,0,0,1.0,0.8639828646765456,budget_cv,0.051
1f7f2e0f41,main,clothing,electronics,svm,random,0,1000,transfer,0.897599934463958,0.8976,2000,1000,0,0,10.0,0.8957748779451853,budget_cv,0.326
1f7f2e0f41,main,clothing,electronics,svm,random,0,1000,target_only,0.8923924072082526,0.8924,0,1000,0,0,1.0,0.884723359944755,budget_cv,0.072
1f7f2e0f41,main,clothing,electronics,svm,random,0,2000,transfer,0.9119943676395289,0.912,2000,2000,0,0,1.0,0.9104167920068967,budget_cv,0.368
1f7f2e0f41,main,clothing,electronics,svm,random,0,2000,target_only,0.9095666626545209,0.9096,0,2000,0,0,1.0,0.9094687740943538,budget_cv,0.115
1f7f2e0f41,main,clothing,electronics,svm,random,1,0,source_only,0.864924034399239,0.8652,2000,0,0,0,1.0,0.9139583558442286,source_val_fallback,0.052
1f7f2e0f41,main,clothing,electronics,svm,random,1,50,transfer,0.85360699494735,0.8544,2000,50,0,0,0.1,0.9585245164192533,budget_cv,0.203
1f7f2e0f41,main,clothing,electronics,svm,random,1,50,target_only,0.7346806041298303,0.7384,0,50,0,0,0.01,0.8029049897470949,budget_cv,0.04
1f7f2e0f41,main,clothing,electronics,svm,random,1,100,transfer,0.867933734430588,0.868,2000,100,0,0,10.0,0.9702539080148188,budget_cv,0.233
1f7f2e0f41,main,clothing,electronics,svm,random,1,100,target_only,0.8143970303524857,0.8144,0,100,0,0,0.1,0.7655279771520038,budget_cv,0.04
1f7f2e0f41,main,clothing,electronics,svm,random,1,250,transfer,0.8818697921597101,0.882,2000,250,0,0,1.0,0.9150893707730926,budget_cv,0.208
1f7f2e0f41,main,clothing,electronics,svm,random,1,250,target_only,0.8376314381546186,0.8384,0,250,0,0,0.01,0.8277259295078444,budget_cv,0.045
1f7f2e0f41,main,clothing,electronics,svm,random,1,500,transfer,0.893981527341324,0.894,2000,500,0,0,1.0,0.9198044824362764,budget_cv,0.238
1f7f2e0f41,main,clothing,electronics,svm,random,1,500,target_only,0.8839999257599525,0.884,0,500,0,0,1.0,0.8737230138975738,budget_cv,0.053
1f7f2e0f41,main,clothing,electronics,svm,random,1,1000,transfer,0.9055951060502976,0.9056,2000,1000,0,0,1.0,0.9149039783760182,budget_cv,0.272
1f7f2e0f41,main,clothing,electronics,svm,random,1,1000,target_only,0.8907985847496583,0.8908,0,1000,0,0,0.1,0.8927810679002287,budget_cv,0.067
1f7f2e0f41,main,clothing,electronics,svm,random,1,2000,transfer,0.9075996303985217,0.9076,2000,2000,0,0,0.1,0.9093430399214012,budget_cv,0.346
1f7f2e0f41,main,clothing,electronics,svm,random,1,2000,target_only,0.9095666626545209,0.9096,0,2000,0,0,1.0,0.9044421014477217,budget_cv,0.11
1f7f2e0f41,main,clothing,electronics,svm,random,2,0,source_only,0.864924034399239,0.8652,2000,0,0,0,1.0,0.9139583558442286,source_val_fallback,0.064
1f7f2e0f41,main,clothing,electronics,svm,random,2,50,transfer,0.8713371366236076,0.8716,2000,50,0,0,1.0,0.8964387464387465,budget_cv,0.203
1f7f2e0f41,main,clothing,electronics,svm,random,2,50,target_only,0.673807875111263,0.69,0,50,0,0,0.01,0.7758171779910911,budget_cv,0.038
1f7f2e0f41,main,clothing,electronics,svm,random,2,100,transfer,0.8761469632918839,0.8764,2000,100,0,0,1.0,0.9000721385090457,budget_cv,0.188
1f7f2e0f41,main,clothing,electronics,svm,random,2,100,target_only,0.7746903270781955,0.778,0,100,0,0,1.0,0.7932200510445071,budget_cv,0.04
1f7f2e0f41,main,clothing,electronics,svm,random,2,250,transfer,0.8827585621862191,0.8828,2000,250,0,0,10.0,0.883584798731023,budget_cv,0.24
1f7f2e0f41,main,clothing,electronics,svm,random,2,250,target_only,0.8591639459701683,0.8592,0,250,0,0,1.0,0.8427160598631044,budget_cv,0.045
1f7f2e0f41,main,clothing,electronics,svm,random,2,500,transfer,0.8930705041032893,0.8932,2000,500,0,0,1.0,0.894027213947992,budget_cv,0.216
1f7f2e0f41,main,clothing,electronics,svm,random,2,500,target_only,0.87180300737325,0.872,0,500,0,0,1.0,0.8566346388734404,budget_cv,0.053
1f7f2e0f41,main,clothing,electronics,svm,random,2,1000,transfer,0.8963995855983424,0.8964,2000,1000,0,0,10.0,0.8908487705310103,budget_cv,0.285
1f7f2e0f41,main,clothing,electronics,svm,random,2,1000,target_only,0.9027917722956071,0.9028,0,1000,0,0,1.0,0.8719368736865881,budget_cv,0.071
1f7f2e0f41,main,clothing,electronics,svm,random,2,2000,transfer,0.9075996303985217,0.9076,2000,2000,0,0,0.1,0.9098145607494336,budget_cv,0.341
1f7f2e0f41,main,clothing,electronics,svm,random,2,2000,target_only,0.900787554790873,0.9008,0,2000,0,0,0.1,0.9013946919560233,budget_cv,0.109
1f7f2e0f41,main,clothing,electronics,svm,random,3,0,source_only,0.864924034399239,0.8652,2000,0,0,0,1.0,0.9139583558442286,source_val_fallback,0.069
1f7f2e0f41,main,clothing,electronics,svm,random,3,50,transfer,0.869337755649098,0.8696,2000,50,0,0,1.0,0.9592019263845889,budget_cv,0.218
1f7f2e0f41,main,clothing,electronics,svm,random,3,50,target_only,0.7472047068271118,0.7532,0,50,0,0,0.01,0.6213276489592279,budget_cv,0.043
1f7f2e0f41,main,clothing,electronics,svm,random,3,100,transfer,0.8762945237627411,0.8764,2000,100,0,0,1.0,0.9497175196338482,budget_cv,0.312
1f7f2e0f41,main,clothing,electronics,svm,random,3,100,target_only,0.8167564332926855,0.8172,0,100,0,0,0.01,0.6940305562205138,budget_cv,0.109
1f7f2e0f41,main,clothing,electronics,svm,random,3,250,transfer,0.8835622741768333,0.8836,2000,250,0,0,1.0,0.9239202817181438,budget_cv,0.314
1f7f2e0f41,main,clothing,electronics,svm,random,3,250,target_only,0.8675643801156759,0.8676,0,250,0,0,10.0,0.8676904293701004,budget_cv,0.049
1f7f2e0f41,main,clothing,electronics,svm,random,3,500,transfer,0.8963991877696321,0.8964,2000,500,0,0,1.0,0.9299817669975489,budget_cv,0.268
1f7f2e0f41,main,clothing,electronics,svm,random,3,500,target_only,0.8847786886662558,0.8848,0,500,0,0,0.1,0.8979955004189688,budget_cv,0.055
1f7f2e0f41,main,clothing,electronics,svm,random,3,1000,transfer,0.8999976959469146,0.9,2000,1000,0,0,1.0,0.9158754957404714,budget_cv,0.295
1f7f2e0f41,main,clothing,electronics,svm,random,3,1000,target_only,0.896391230553754,0.8964,0,1000,0,0,0.1,0.8878071347785289,budget_cv,0.081
1f7f2e0f41,main,clothing,electronics,svm,random,3,2000,transfer,0.9075996303985217,0.9076,2000,2000,0,0,0.1,0.9082884813450084,budget_cv,0.335
1f7f2e0f41,main,clothing,electronics,svm,random,3,2000,target_only,0.9095666626545209,0.9096,0,2000,0,0,1.0,0.9049222925090645,budget_cv,0.118
1f7f2e0f41,main,clothing,electronics,svm,random,4,0,source_only,0.864924034399239,0.8652,2000,0,0,0,1.0,0.9139583558442286,source_val_fallback,0.06
1f7f2e0f41,main,clothing,electronics,svm,random,4,50,transfer,0.8691576070646889,0.8692,2000,50,0,0,10.0,0.9369149369149369,budget_cv,0.239
1f7f2e0f41,main,clothing,electronics,svm,random,4,50,target_only,0.6242730197934228,0.6644,0,50,0,0,0.01,0.6267340067340067,budget_cv,0.041
1f7f2e0f41,main,clothing,electronics,svm,random,4,100,transfer,0.8831638088214204,0.8832,2000,100,0,0,1.0,0.907880237190582,budget_cv,0.218
1f7f2e0f41,main,clothing,electronics,svm,random,4,100,target_only,0.7180000325189152,0.7336,0,100,0,0,0.01,0.7750541219145267,budget_cv,0.042
1f7f2e0f41,main,clothing,electronics,svm,random,4,250,transfer,0.8899808302598644,0.89,2000,250,0,0,1.0,0.8717189765490385,budget_cv,0.233
1f7f2e0f41,main,clothing,electronics,svm,random,4,250,target_only,0.8442688696360259,0.8448,0,250,0,0,0.01,0.8427322278156781,budget_cv,0.046
1f7f2e0f41,main,clothing,electronics,svm,random,4,500,transfer,0.893996183862619,0.894,2000,500,0,0,10.0,0.8759705652226534,budget_cv,0.272
1f7f2e0f41,main,clothing,electronics,svm,random,4,500,target_only,0.8746112347372228,0.8748,0,500,0,0,0.1,0.8595989050151381,budget_cv,0.053
1f7f2e0f41,main,clothing,electronics,svm,random,4,1000,transfer,0.9031895289794545,0.9032,2000,1000,0,0,1.0,0.8989647329563044,budget_cv,0.294
1f7f2e0f41,main,clothing,electronics,svm,random,4,1000,target_only,0.892705993283075,0.8928,0,1000,0,0,10.0,0.8959445636902933,budget_cv,0.077
1f7f2e0f41,main,clothing,electronics,svm,random,4,2000,transfer,0.9075996303985217,0.9076,2000,2000,0,0,0.1,0.9078452802785898,budget_cv,0.377
1f7f2e0f41,main,clothing,electronics,svm,random,4,2000,target_only,0.9095666626545209,0.9096,0,2000,0,0,1.0,0.9084623991086828,budget_cv,0.122
1f7f2e0f41,main,clothing,electronics,svm,uncertainty,0,0,source_only,0.864924034399239,0.8652,2000,0,0,0,1.0,0.9139583558442286,source_val_fallback,0.058
1f7f2e0f41,main,clothing,electronics,svm,uncertainty,0,50,transfer,0.8656853598966796,0.866,2000,50,0,0,0.1,0.7402011974380395,budget_cv,0.195
1f7f2e0f41,main,clothing,electronics,svm,uncertainty,0,50,target_only,0.5065565808644974,0.5936,0,50,0,0,0.01,0.3901098901098901,budget_cv,0.041
1f7f2e0f41,main,clothing,electronics,svm,uncertainty,0,100,transfer,0.8839993318361514,0.884,2000,100,0,0,1.0,0.6764632694068178,budget_cv,0.222
1f7f2e0f41,main,clothing,electronics,svm,uncertainty,0,100,target_only,0.6022657102347954,0.646,0,100,0,0,0.01,0.49021978021978024,budget_cv,0.041
1f7f2e0f41,main,clothing,electronics,svm,uncertainty,0,250,transfer,0.8863964373922766,0.8864,2000,250,0,0,1.0,0.5659304493947414,budget_cv,0.225
1f7f2e0f41,main,clothing,electronics,svm,uncertainty,0,250,target_only,0.7251803503950532,0.7312,0,250,0,0,10.0,0.5093788908827445,budget_cv,0.048
1f7f2e0f41,main,clothing,electronics,svm,uncertainty,0,500,transfer,0.8995998554237918,0.8996,2000,500,0,0,1.0,0.6753970848517054,budget_cv,0.252
1f7f2e0f41,main,clothing,electronics,svm,uncertainty,0,500,target_only,0.8260605765533513,0.8268,0,500,0,0,10.0,0.514728884792266,budget_cv,0.059
1f7f2e0f41,main,clothing,electronics,svm,uncertainty,0,1000,transfer,0.9095994792930007,0.9096,2000,1000,0,0,1.0,0.806869415565664,budget_cv,0.322
1f7f2e0f41,main,clothing,electronics,svm,uncertainty,0,1000,target_only,0.8935503348442249,0.8936,0,1000,0,0,10.0,0.7257471551130448,budget_cv,0.085
1f7f2e0f41,main,clothing,electronics,svm,uncertainty,0,2000,transfer,0.9119943676395289,0.912,2000,2000,0,0,1.0,0.9089532143338471,budget_cv,0.345
1f7f2e0f41,main,clothing,electronics,svm,uncertainty,0,2000,target_only,0.9083676134492975,0.9084,0,2000,0,0,10.0,0.9094607684689596,budget_cv,0.119
1f7f2e0f41,main,clothing,electronics,svm,uncertainty,1,0,source_only,0.864924034399239,0.8652,2000,0,0,0,1.0,0.9139583558442286,source_val_fallback,0.065
1f7f2e0f41,main,clothing,electronics,svm,uncertainty,1,50,transfer,0.8731472089424734,0.8732,2000,50,0,0,1.0,0.796869845554056,budget_cv,0.208
1f7f2e0f41,main,clothing,electronics,svm,uncertainty,1,50,target_only,0.6143017275719572,0.6536,0,50,0,0,0.01,0.5282051282051282,budget_cv,0.039
1f7f2e0f41,main,clothing,electronics,svm,uncertainty,1,100,transfer,0.8811990686006979,0.8812,2000,100,0,0,1.0,0.7117875383800562,budget_cv,0.202
1f7f2e0f41,main,clothing,electronics,svm,uncertainty,1,100,target_only,0.6077325050923534,0.6476,0,100,0,0,0.01,0.5374109392184547,budget_cv,0.041
1f7f2e0f41,main,clothing,electronics,svm,uncertainty,1,250,transfer,0.8867985329089865,0.8868,2000,250,0,0,1.0,0.5951512516154633,budget_cv,0.22
1f7f2e0f41,main,clothing,electronics,svm,uncertainty,1,250,target_only,0.7337588451452561,0.7364,0,250,0,0,0.01,0.4828436543815253,budget_cv,0.046
1f7f2e0f41,main,clothing,electronics,svm,uncertainty,1,500,transfer,0.8983999349759584,0.8984,2000,500,0,0,1.0,0.6487807232042309,budget_cv,0.247
1f7f2e0f41,main,clothing,electronics,svm,uncertainty,1,500,target_only,0.8202786477041744,0.8212,0,500,0,0,1.0,0.5093049483465822,budget_cv,0.057
1f7f2e0f41,main,clothing,electronics,svm,uncertainty,1,1000,transfer,0.9099992943944681,0.91,2000,1000,0,0,1.0,0.7984653804703387,budget_cv,0.302
1f7f2e0f41,main,clothing,electronics,svm,uncertainty,1,1000,target_only,0.8919665355540531,0.892,0,1000,0,0,10.0,0.7203442382904001,budget_cv,0.082
1f7f2e0f41,main,clothing,electronics,svm,uncertainty,1,2000,transfer,0.9075996303985217,0.9076,2000,2000,0,0,0.1,0.9073250203509665,budget_cv,0.338
1f7f2e0f41,main,clothing,electronics,svm,uncertainty,1,2000,target_only,0.900787554790873,0.9008,0,2000,0,0,0.1,0.9014290495910734,budget_cv,0.135
1f7f2e0f41,main,clothing,electronics,svm,uncertainty,2,0,source_only,0.864924034399239,0.8652,2000,0,0,0,1.0,0.9139583558442286,source_val_fallback,0.072
1f7f2e0f41,main,clothing,electronics,svm,uncertainty,2,50,transfer,0.8322289481206738,0.8336,2000,50,0,0,0.01,0.6547340573656363,budget_cv,0.202
1f7f2e0f41,main,clothing,electronics,svm,uncertainty,2,50,target_only,0.691095417264469,0.6912,0,50,0,0,0.01,0.5369408369408369,budget_cv,0.041
1f7f2e0f41,main,clothing,electronics,svm,uncertainty,2,100,transfer,0.868950880866492,0.8692,2000,100,0,0,0.1,0.5889271658484182,budget_cv,0.194
1f7f2e0f41,main,clothing,electronics,svm,uncertainty,2,100,target_only,0.640555956077562,0.6636,0,100,0,0,0.01,0.4539742664742665,budget_cv,0.041
1f7f2e0f41,main,clothing,electronics,svm,uncertainty,2,250,transfer,0.8787369626226498,0.8788,2000,250,0,0,0.1,0.5563564096172792,budget_cv,0.226
1f7f2e0f41,main,clothing,electronics,svm,uncertainty,2,250,target_only,0.6832835826361827,0.6956,0,250,0,0,1.0,0.514544192624097,budget_cv,0.047
1f7f2e0f41,main,clothing,electronics,svm,uncertainty,2,500,transfer,0.8987972634780045,0.8988,2000,500,0,0,1.0,0.6798453553596789,budget_cv,0.247
1f7f2e0f41,main,clothing,electronics,svm,uncertainty,2,500,target_only,0.8283198715205423,0.8292,0,500,0,0,10.0,0.5825829120821407,budget_cv,0.055
1f7f2e0f41,main,clothing,electronics,svm,uncertainty,2,1000,transfer,0.9091998692478117,0.9092,2000,1000,0,0,1.0,0.8006760983590708,budget_cv,0.314
1f7f2e0f41,main,clothing,electronics,svm,uncertainty,2,1000,target_only,0.8759421195552998,0.876,0,1000,0,0,0.01,0.7227946787061672,budget_cv,0.076
1f7f2e0f41,main,clothing,electronics,svm,uncertainty,2,2000,transfer,0.9119943676395289,0.912,2000,2000,0,0,1.0,0.9114395407089853,budget_cv,0.355
1f7f2e0f41,main,clothing,electronics,svm,uncertainty,2,2000,target_only,0.9095666626545209,0.9096,0,2000,0,0,1.0,0.9099492884267716,budget_cv,0.117
1f7f2e0f41,main,clothing,electronics,svm,uncertainty,3,0,source_only,0.864924034399239,0.8652,2000,0,0,0,1.0,0.9139583558442286,source_val_fallback,0.065
1f7f2e0f41,main,clothing,electronics,svm,uncertainty,3,50,transfer,0.8577880106133531,0.8584,2000,50,0,0,0.1,0.7164332399626518,budget_cv,0.207
1f7f2e0f41,main,clothing,electronics,svm,uncertainty,3,50,target_only,0.7275763989253714,0.7292,0,50,0,0,0.1,0.5700779727095516,budget_cv,0.039
1f7f2e0f41,main,clothing,electronics,svm,uncertainty,3,100,transfer,0.880394469440267,0.8804,2000,100,0,0,1.0,0.6607753357753358,budget_cv,0.219
1f7f2e0f41,main,clothing,electronics,svm,uncertainty,3,100,target_only,0.7041985753401215,0.7168,0,100,0,0,0.01,0.4917187481053027,budget_cv,0.041
1f7f2e0f41,main,clothing,electronics,svm,uncertainty,3,250,transfer,0.8899991375932388,0.89,2000,250,0,0,1.0,0.6057832571458431,budget_cv,0.226
1f7f2e0f41,main,clothing,electronics,svm,uncertainty,3,250,target_only,0.7141457903637123,0.7188,0,250,0,0,0.01,0.6017132173382174,budget_cv,0.046
1f7f2e0f41,main,clothing,electronics,svm,uncertainty,3,500,transfer,0.8979986780628677,0.898,2000,500,0,0,1.0,0.6738042093730305,budget_cv,0.225
1f7f2e0f41,main,clothing,electronics,svm,uncertainty,3,500,target_only,0.8089538311795392,0.81,0,500,0,0,0.01,0.541701584658949,budget_cv,0.054
1f7f2e0f41,main,clothing,electronics,svm,uncertainty,3,1000,transfer,0.9103985663770621,0.9104,2000,1000,0,0,1.0,0.8077179003818915,budget_cv,0.325
1f7f2e0f41,main,clothing,electronics,svm,uncertainty,3,1000,target_only,0.8803612370408012,0.8804,0,1000,0,0,0.1,0.7246490291643309,budget_cv,0.085
1f7f2e0f41,main,clothing,electronics,svm,uncertainty,3,2000,transfer,0.9075996303985217,0.9076,2000,2000,0,0,0.1,0.9003504945298605,budget_cv,0.328
1f7f2e0f41,main,clothing,electronics,svm,uncertainty,3,2000,target_only,0.9095666626545209,0.9096,0,2000,0,0,1.0,0.9024526146832458,budget_cv,0.118
1f7f2e0f41,main,clothing,electronics,svm,uncertainty,4,0,source_only,0.864924034399239,0.8652,2000,0,0,0,1.0,0.9139583558442286,source_val_fallback,0.064
1f7f2e0f41,main,clothing,electronics,svm,uncertainty,4,50,transfer,0.8779224758890887,0.878,2000,50,0,0,1.0,0.7558201058201058,budget_cv,0.189
1f7f2e0f41,main,clothing,electronics,svm,uncertainty,4,50,target_only,0.6660240800865801,0.684,0,50,0,0,0.01,0.5976671476671477,budget_cv,0.039
1f7f2e0f41,main,clothing,electronics,svm,uncertainty,4,100,transfer,0.877590520609916,0.8776,2000,100,0,0,1.0,0.6658261491594826,budget_cv,0.177
1f7f2e0f41,main,clothing,electronics,svm,uncertainty,4,100,target_only,0.6256348536388989,0.656,0,100,0,0,0.01,0.5280678279216825,budget_cv,0.04
1f7f2e0f41,main,clothing,electronics,svm,uncertainty,4,250,transfer,0.886398836724088,0.8864,2000,250,0,0,1.0,0.5773637060915445,budget_cv,0.228
1f7f2e0f41,main,clothing,electronics,svm,uncertainty,4,250,target_only,0.7040109444392764,0.7088,0,250,0,0,0.01,0.5143983225038706,budget_cv,0.045
1f7f2e0f41,main,clothing,electronics,svm,uncertainty,4,500,transfer,0.8999989759895142,0.9,2000,500,0,0,1.0,0.6817052187402691,budget_cv,0.242
1f7f2e0f41,main,clothing,electronics,svm,uncertainty,4,500,target_only,0.8195755033521988,0.8204,0,500,0,0,10.0,0.5349377158977782,budget_cv,0.057
1f7f2e0f41,main,clothing,electronics,svm,uncertainty,4,1000,transfer,0.9091992881224189,0.9092,2000,1000,0,0,1.0,0.8016210957780099,budget_cv,0.262
1f7f2e0f41,main,clothing,electronics,svm,uncertainty,4,1000,target_only,0.8927571028411365,0.8928,0,1000,0,0,10.0,0.718915434006767,budget_cv,0.079
1f7f2e0f41,main,clothing,electronics,svm,uncertainty,4,2000,transfer,0.9119943676395289,0.912,2000,2000,0,0,1.0,0.9099457801593998,budget_cv,0.314
1f7f2e0f41,main,clothing,electronics,svm,uncertainty,4,2000,target_only,0.9095666626545209,0.9096,0,2000,0,0,1.0,0.9024506000245819,budget_cv,0.111
1f7f2e0f41,main,clothing,electronics,svm,self_training,0,0,uda_self_training,0.8708925383264722,0.8712,2000,0,0,1000,1.0,0.9139583558442286,source_val_fallback,0.092
1f7f2e0f41,main,clothing,electronics,svm,self_training,0,50,transfer,0.886723425035324,0.8868,2000,50,0,1000,1.0,0.7980230553759965,budget_cv,0.219
1f7f2e0f41,main,clothing,electronics,svm,self_training,0,50,target_only,0.6143214275346933,0.662,0,50,0,1000,0.01,0.5994588744588745,budget_cv,0.046
1f7f2e0f41,main,clothing,electronics,svm,self_training,0,100,transfer,0.8755854882913543,0.8756,2000,100,0,1000,10.0,0.8392986575624146,budget_cv,0.309
1f7f2e0f41,main,clothing,electronics,svm,self_training,0,100,target_only,0.8137294259333601,0.8144,0,100,0,1000,0.1,0.7691368788142983,budget_cv,0.05
1f7f2e0f41,main,clothing,electronics,svm,self_training,0,250,transfer,0.891573613354546,0.8916,2000,250,0,1000,1.0,0.89582994524855,budget_cv,0.244
1f7f2e0f41,main,clothing,electronics,svm,self_training,0,250,target_only,0.7679529018186588,0.7736,0,250,0,1000,0.01,0.8268831179645059,budget_cv,0.052
1f7f2e0f41,main,clothing,electronics,svm,self_training,0,500,transfer,0.8995986987991365,0.8996,2000,500,0,1000,1.0,0.8940069681729517,budget_cv,0.242
1f7f2e0f41,main,clothing,electronics,svm,self_training,0,500,target_only,0.8875697607628548,0.8876,0,500,0,1000,1.0,0.8639828646765456,budget_cv,0.068
1f7f2e0f41,main,clothing,electronics,svm,self_training,0,1000,transfer,0.8979999836799974,0.898,2000,1000,0,1000,10.0,0.8957748779451853,budget_cv,0.398
1f7f2e0f41,main,clothing,electronics,svm,self_training,0,1000,target_only,0.8927865511449756,0.8928,0,1000,0,1000,1.0,0.884723359944755,budget_cv,0.091
1f7f2e0f41,main,clothing,electronics,svm,self_training,0,2000,transfer,0.9123959491886904,0.9124,2000,2000,0,1000,1.0,0.9104167920068967,budget_cv,0.397
1f7f2e0f41,main,clothing,electronics,svm,self_training,0,2000,target_only,0.9103747041565011,0.9104,0,2000,0,1000,1.0,0.9094687740943538,budget_cv,0.14
1f7f2e0f41,main,clothing,electronics,svm,self_training,1,0,uda_self_training,0.8708925383264722,0.8712,2000,0,0,1000,1.0,0.9139583558442286,source_val_fallback,0.081
1f7f2e0f41,main,clothing,electronics,svm,self_training,1,50,transfer,0.8578996293152823,0.8588,2000,50,0,1000,0.1,0.9585245164192533,budget_cv,0.206
1f7f2e0f41,main,clothing,electronics,svm,self_training,1,50,target_only,0.4809920872063165,0.5652,0,50,0,1000,0.01,0.8029049897470949,budget_cv,0.05
1f7f2e0f41,main,clothing,electronics,svm,self_training,1,100,transfer,0.869127109034648,0.8692,2000,100,0,1000,10.0,0.9702539080148188,budget_cv,0.331
1f7f2e0f41,main,clothing,electronics,svm,self_training,1,100,target_only,0.7948132671479562,0.7968,0,100,0,1000,0.1,0.7655279771520038,budget_cv,0.05
1f7f2e0f41,main,clothing,electronics,svm,self_training,1,250,transfer,0.886252583348019,0.8864,2000,250,0,1000,1.0,0.9150893707730926,budget_cv,0.25
1f7f2e0f41,main,clothing,electronics,svm,self_training,1,250,target_only,0.7142170832214961,0.7276,0,250,0,1000,0.01,0.8277259295078444,budget_cv,0.054
1f7f2e0f41,main,clothing,electronics,svm,self_training,1,500,transfer,0.8931813879250321,0.8932,2000,500,0,1000,1.0,0.9198044824362764,budget_cv,0.254
1f7f2e0f41,main,clothing,electronics,svm,self_training,1,500,target_only,0.8851998346877619,0.8852,0,500,0,1000,1.0,0.8737230138975738,budget_cv,0.069
1f7f2e0f41,main,clothing,electronics,svm,self_training,1,1000,transfer,0.9047970144343727,0.9048,2000,1000,0,1000,1.0,0.9149039783760182,budget_cv,0.302
1f7f2e0f41,main,clothing,electronics,svm,self_training,1,1000,target_only,0.8815665733496623,0.8816,0,1000,0,1000,0.1,0.8927810679002287,budget_cv,0.081
1f7f2e0f41,main,clothing,electronics,svm,self_training,1,2000,transfer,0.907598211101367,0.9076,2000,2000,0,1000,0.1,0.9093430399214012,budget_cv,0.345
1f7f2e0f41,main,clothing,electronics,svm,self_training,1,2000,target_only,0.9103747041565011,0.9104,0,2000,0,1000,1.0,0.9044421014477217,budget_cv,0.14
1f7f2e0f41,main,clothing,electronics,svm,self_training,2,0,uda_self_training,0.8708925383264722,0.8712,2000,0,0,1000,1.0,0.9139583558442286,source_val_fallback,0.093
1f7f2e0f41,main,clothing,electronics,svm,self_training,2,50,transfer,0.8721102324803447,0.8724,2000,50,0,1000,1.0,0.8964387464387465,budget_cv,0.246
1f7f2e0f41,main,clothing,electronics,svm,self_training,2,50,target_only,0.3830542871638762,0.5136,0,50,0,1000,0.01,0.7758171779910911,budget_cv,0.053
1f7f2e0f41,main,clothing,electronics,svm,self_training,2,100,transfer,0.8781191866059401,0.8784,2000,100,0,1000,1.0,0.9000721385090457,budget_cv,0.257
1f7f2e0f41,main,clothing,electronics,svm,self_training,2,100,target_only,0.758883309613186,0.7668,0,100,0,1000,1.0,0.7932200510445071,budget_cv,0.056
1f7f2e0f41,main,clothing,electronics,svm,self_training,2,250,transfer,0.8811543442528882,0.8812,2000,250,0,1000,10.0,0.883584798731023,budget_cv,0.298
1f7f2e0f41,main,clothing,electronics,svm,self_training,2,250,target_only,0.8570572631006418,0.8572,0,250,0,1000,1.0,0.8427160598631044,budget_cv,0.057
1f7f2e0f41,main,clothing,electronics,svm,self_training,2,500,transfer,0.8930763963141392,0.8932,2000,500,0,1000,1.0,0.894027213947992,budget_cv,0.262
1f7f2e0f41,main,clothing,electronics,svm,self_training,2,500,target_only,0.8704966305869477,0.8708,0,500,0,1000,1.0,0.8566346388734404,budget_cv,0.069
1f7f2e0f41,main,clothing,electronics,svm,self_training,2,1000,transfer,0.8963995855983424,0.8964,2000,1000,0,1000,10.0,0.8908487705310103,budget_cv,0.422
1f7f2e0f41,main,clothing,electronics,svm,self_training,2,1000,target_only,0.8995915014246806,0.8996,0,1000,0,1000,1.0,0.8719368736865881,budget_cv,0.093
1f7f2e0f41,main,clothing,electronics,svm,self_training,2,2000,transfer,0.907598211101367,0.9076,2000,2000,0,1000,0.1,0.9098145607494336,budget_cv,0.346
1f7f2e0f41,main,clothing,electronics,svm,self_training,2,2000,target_only,0.8991983871741948,0.8992,0,2000,0,1000,0.1,0.9013946919560233,budget_cv,0.131
1f7f2e0f41,main,clothing,electronics,svm,self_training,3,0,uda_self_training,0.8708925383264722,0.8712,2000,0,0,1000,1.0,0.9139583558442286,source_val_fallback,0.093
1f7f2e0f41,main,clothing,electronics,svm,self_training,3,50,transfer,0.8712985090353258,0.8716,2000,50,0,1000,1.0,0.9592019263845889,budget_cv,0.239
1f7f2e0f41,main,clothing,electronics,svm,self_training,3,50,target_only,0.49363306459343814,0.5732,0,50,0,1000,0.01,0.6213276489592279,budget_cv,0.05
1f7f2e0f41,main,clothing,electronics,svm,self_training,3,100,transfer,0.8774681753617812,0.8776,2000,100,0,1000,1.0,0.9497175196338482,budget_cv,0.238
1f7f2e0f41,main,clothing,electronics,svm,self_training,3,100,target_only,0.7801596608715347,0.7832,0,100,0,1000,0.01,0.6940305562205138,budget_cv,0.049
1f7f2e0f41,main,clothing,electronics,svm,self_training,3,250,transfer,0.8871650482453445,0.8872,2000,250,0,1000,1.0,0.9239202817181438,budget_cv,0.254
1f7f2e0f41,main,clothing,electronics,svm,self_training,3,250,target_only,0.8859525380082175,0.886,0,250,0,1000,10.0,0.8676904293701004,budget_cv,0.063
1f7f2e0f41,main,clothing,electronics,svm,self_training,3,500,transfer,0.8975946913087975,0.8976,2000,500,0,1000,1.0,0.9299817669975489,budget_cv,0.256
1f7f2e0f41,main,clothing,electronics,svm,self_training,3,500,target_only,0.8743902727827243,0.8744,0,500,0,1000,0.1,0.8979955004189688,budget_cv,0.066
1f7f2e0f41,main,clothing,electronics,svm,self_training,3,1000,transfer,0.8983947327829475,0.8984,2000,1000,0,1000,1.0,0.9158754957404714,budget_cv,0.297
1f7f2e0f41,main,clothing,electronics,svm,self_training,3,1000,target_only,0.8879964875698503,0.888,0,1000,0,1000,0.1,0.8878071347785289,budget_cv,0.081
1f7f2e0f41,main,clothing,electronics,svm,self_training,3,2000,transfer,0.907598211101367,0.9076,2000,2000,0,1000,0.1,0.9082884813450084,budget_cv,0.351
1f7f2e0f41,main,clothing,electronics,svm,self_training,3,2000,target_only,0.9103747041565011,0.9104,0,2000,0,1000,1.0,0.9049222925090645,budget_cv,0.143
1f7f2e0f41,main,clothing,electronics,svm,self_training,4,0,uda_self_training,0.8708925383264722,0.8712,2000,0,0,1000,1.0,0.9139583558442286,source_val_fallback,0.092
1f7f2e0f41,main,clothing,electronics,svm,self_training,4,50,transfer,0.8711702351711339,0.8712,2000,50,0,1000,10.0,0.9369149369149369,budget_cv,0.325
1f7f2e0f41,main,clothing,electronics,svm,self_training,4,50,target_only,0.42006155300389525,0.5508,0,50,0,1000,0.01,0.6267340067340067,budget_cv,0.049
1f7f2e0f41,main,clothing,electronics,svm,self_training,4,100,transfer,0.8859630520288574,0.886,2000,100,0,1000,1.0,0.907880237190582,budget_cv,0.231
1f7f2e0f41,main,clothing,electronics,svm,self_training,4,100,target_only,0.530527633066555,0.6096,0,100,0,1000,0.01,0.7750541219145267,budget_cv,0.049
1f7f2e0f41,main,clothing,electronics,svm,self_training,4,250,transfer,0.8907809696761564,0.8908,2000,250,0,1000,1.0,0.8717189765490385,budget_cv,0.243
1f7f2e0f41,main,clothing,electronics,svm,self_training,4,250,target_only,0.8090936728120094,0.8092,0,250,0,1000,0.01,0.8427322278156781,budget_cv,0.054
1f7f2e0f41,main,clothing,electronics,svm,self_training,4,500,transfer,0.8935975484875172,0.8936,2000,500,0,1000,10.0,0.8759705652226534,budget_cv,0.348
1f7f2e0f41,main,clothing,electronics,svm,self_training,4,500,target_only,0.8647957599950334,0.8648,0,500,0,1000,0.1,0.8595989050151381,budget_cv,0.065
1f7f2e0f41,main,clothing,electronics,svm,self_training,4,1000,transfer,0.9035955422578741,0.9036,2000,1000,0,1000,1.0,0.8989647329563044,budget_cv,0.305
1f7f2e0f41,main,clothing,electronics,svm,self_training,4,1000,target_only,0.8951224073618627,0.8952,0,1000,0,1000,10.0,0.8959445636902933,budget_cv,0.096
1f7f2e0f41,main,clothing,electronics,svm,self_training,4,2000,transfer,0.907598211101367,0.9076,2000,2000,0,1000,0.1,0.9078452802785898,budget_cv,0.365
1f7f2e0f41,main,clothing,electronics,svm,self_training,4,2000,target_only,0.9103747041565011,0.9104,0,2000,0,1000,1.0,0.9084623991086828,budget_cv,0.141
